,id,OBJECTID,Narrative,DOCUMENT_NBR,CRASH_YR,CRASH_SEVERITY_CD,CRASH_MONTH_YEAR,DISTRICT_NBR,NLFID,NLF_JUR_CD,NLF_COUNTY_CD,COUNTY_LOG_NBR,ODOT_LATITUDE_NBR,ODOT_LONGITUDE_NBR,ODOT_FIPS_CD,AREA_CODE,CRASH_DATE,CRASH_TYPE_CD,DAY_IN_WEEK_CD,DISTRACTED_DRIVER_IND,FACILITY_TYPE_CD,FHWA_RDWY_DEPARTURE_IND,FREEWAY_IND,FUNCTIONAL_CLASS_CD,HOUR_OF_CRASH,INCAPAC_INJURIES_NBR,INTERCHANGE_ID,INTERSECTION_ID_CURRENT,INTERSECTION_LEG_ID,INTERSTATE_IND,INV_LOG_NBR,INV_NLFID,IS_COMMERCIAL_RELATED,LIGHT_COND_PRIMARY_CD,LOCAL_REPORT_NUMBER_ID,MAINTENANCE_AUTHORITY_CD,MONTH_OF_CRASH,NHS_CD,NO_INJURY_REPORTED_NBR,NON_INCAPAC_INJURIES_NBR,NUMBER_OF_UNITS_NBR,ODOT_CITY_VILLAGE_TWP_NME,ODOT_CRASH_LOCATION_CD,ODOT_DIR_FROM_REF_CD,ODOT_DIV_UNDIV_IND,ODOT_INTERSECTION_REL_IND,ODOT_LANES_NBR,ODOT_MAINTAINED_HWY_IND,ODOT_MILES_FROM_REF_NBR,ODOT_REF_ROUTE_PREFIX_CD,ODOT_YOUNG_DRIVER_IND,ODPS_ADDRESS_REFERENCE,ODPS_ALCOHOL_IND,ODPS_CITY_VILLAGE_TWP_NME,ODPS_DRUG_IND,ODPS_LOC_DIR_SUFFIX_CD,ODPS_LOC_IN_WORK_ZONE_CD,ODPS_LOC_ROAD_DIRECTION_CD,ODPS_LOC_ROAD_NME,ODPS_LOC_ROAD_SUFFIX_CD,ODPS_LOC_ROUTE_ID,ODPS_LOC_ROUTE_PREFIX_CD,ODPS_LOC_ROUTE_SUFFIX_CD,ODPS_MILEPOST_REFERENCE,ODPS_MOTORCYCLE_IND,ODPS_REF_DIR_SUFFIX_CD,ODPS_REF_DIRECTION_CD,ODPS_REF_GIVEN,ODPS_REF_POINT_USED_CD,ODPS_REF_ROUTE_ID,ODPS_REF_ROUTE_PREFIX_CD,ODPS_REF_ROUTE_SUFFIX_CD,ODPS_REF_SUFFIX_CD,ODPS_SCHOOL_ZONE_IND,ODPS_SENIOR_DRIVER_IND,ODPS_SPEED_IND,ODPS_TOTAL_FATALITIES_NBR,ODPS_TYPE_OF_WORK_ZONE_CD,ODPS_WORK_ZONE_IND,OPER_ACCESS_CONTROL_CD,POSSIBLE_INJURIES_NBR,ROAD_COND_PRIMARY_CD,ROAD_CONTOUR_CD,SA_RAMP_ID,SA_SEGMENT_ID,SECONDARY_CRASH,STATE_TRUE_LOG_NBR,U1_AGE_NBR,U1_AT_FAULT_IND,U1_CONT_CIR_PRIMARY_CD,U1_DIRECTION_FROM_CD,U1_DIRECTION_TO_CD,U1_DISTRACTED_BY_1_CD,U1_GENDER_CD,U1_IS_ALCOHOL_SUSPECTED,U1_IS_MARIJUANA_SUSPECTED,U1_IS_OTHER_DRUG_SUSPECTED,U1_NON_MOTORIST_LOC_CD,U1_NUMBER_OF_THRU_LANES,U1_OBJECT_STRUCK,U1_ODPS_UNIT_NBR,U1_OPERATINGIN_AUTONOMOUS_MODE,U1_POSTED_SPEED_NBR,U1_PRECRASH_ACTION_CD,U1_SEQ_OF_EVENTS_1_CD,U1_SEQ_OF_EVENTS_2_CD,U1_SEQ_OF_EVENTS_3_CD,U1_SEQ_OF_EVENTS_4_CD,U1_SEQ_OF_EVENTS_5_CD,U1_SEQ_OF_EVENTS_6_CD,U1_SPECIAL_FUNCTION_CD,U1_TRAFFIC_CONTROL_CD,U1_TURN_CD,U1_TYPE_OF_UNIT_CD,U1_UNIT_SPEED_NBR,U2_AGE_NBR,U2_CONT_CIR_PRIMARY_CD,U2_DIRECTION_FROM_CD,U2_DIRECTION_TO_CD,U2_DISTRACTED_BY_1_CD,U2_GENDER_CD,U2_NON_MOTORIST_LOC_CD,U2_ODPS_UNIT_NBR,U2_POSTED_SPEED_NBR,U2_PRECRASH_ACTION_CD,U2_SEQ_OF_EVENTS_1_CD,U2_SEQ_OF_EVENTS_2_CD,U2_SEQ_OF_EVENTS_3_CD,U2_SEQ_OF_EVENTS_4_CD,U2_SEQ_OF_EVENTS_5_CD,U2_SEQ_OF_EVENTS_6_CD,U2_SPECIAL_FUNCTION_CD,U2_TRAFFIC_CONTROL_CD,U2_TURN_CD,U2_TYPE_OF_UNIT_CD,U2_UNIT_SPEED_NBR,U3_CONT_CIR_PRIMARY_CD,U3_ODPS_UNIT_NBR,U3_PRECRASH_ACTION_CD,U3_SEQ_OF_EVENTS_1_CD,U3_SEQ_OF_EVENTS_2_CD,U3_SEQ_OF_EVENTS_3_CD,U3_SEQ_OF_EVENTS_4_CD,U3_SEQ_OF_EVENTS_5_CD,U3_SEQ_OF_EVENTS_6_CD,U3_SPECIAL_FUNCTION_CD,U3_TRAFFIC_CONTROL_CD,U3_TYPE_OF_UNIT_CD,UNRESTRAIN_OCCUPANTS,WEATHER_COND_CD,V1,clean_Narrative,BERT_predictions,BERT_prediction_probabilities,RoBERTa_predictions,RoBERTa_predictions_probabilities,distilBERT_predictions,distilBERT_predictions_probabilities
17,17,176057966,driver of unit #1 was on the on ramp from 315 south bound to 70 east when unit #1 drove through standing water which caused her vehicle to hydroplane and hit the concrete barrier. no injuries and no damage to the barrier. there was minor damage to unit #1 and it was able to be driven from the scene. no cites were issued.,20176057966,2017,O,4/1/2017 0:00,6,SFRASR00315**C,S,FRA,0.31,39.951199,-83.01662,18000,19234.0,4/27/2017 0:00,13,5,N,2.0,Y,Y,2.0,13,0,,,,N,0.31,SFRASR00315**C,N,1,170347810,4,4,N,2,0,1,COLUMBUS,7,,Y,N,4.0,N,0.0,IR,N,,N,COLUMBUS,N,,0,,,,315,SR,,,N,,,,1,70,IR,,,N,N,N,0,0,N,1.0,0,2,4,,329316.0,N,0.31,34,Y,15,2,3,1,F,N,N,N,0,2,35,1,2,35,13,35,0,0,0,0,0,1,6,RT,3,30,,,,,,,,,,,,,,,,,,,,,,,,,,,,,,,,,,0,2,,driver unit1 ramp unit1 drove standing water caused vehicle hydroplane hit concrete barrier . injuries damage barrier . minor damage unit1 able driven scene . cites issued .,O,"[0.9999998807907104, 6.883836078941385e-08, 1.715785380440593e-08]",O,"[1.0, 1.2653295945741494e-11, 9.644979517202217e-15]",O,"[1.0, 0.0, 0.0]"
18,18,176062085,"driver of unit #1 was n/b on 315 south of bethel road. driver was in #2 lane and attempted to merge to the right to take the bethel road exit. driver of unit #1 stated when he attempted to change lane, he hydroplaned and lost control of the vehicle. the vehicle came to a stop after striking the concrete median. driver of unit #1 was cited for failure to control 2131.33a on citation # 1572645. his vehicle was towed to woody's at the driver's request.",20176062085,2017,O,5/1/2017 0:00,6,SFRASR00315**C,S,FRA,8.58,40.063105,-83.031608,71787,19234.0,5/5/2017 0:00,13,6,N,2.0,Y,Y,2.0,0,0,34600.0,,,N,8.58,SFRASR00315**C,N,3,170372518,1,5,N,1,0,1,SHARON TOWNSHIP,1,N,Y,N,6.0,Y,0.019,,N,,N,COLUMBUS,N,,0,,,,315,SR,,,N,,,BETHTEL,1,,,,RD,N,N,N,0,0,N,1.0,0,2,3,,179919.0,N,8.58,36,Y,99,2,1,1,M,N,N,N,0,2,51,1,2,65,3,51,0,0,0,0,0,1,6,NT,1,60,,,,,,,,,,,,,,,,,,,,,,,,,,,,,,,,,,0,4,,"driver unit1 bethel . driver attempted merge take bethel exit . driver unit1 stated attempted change , hydroplaned lost control vehicle . vehicle came stop striking concrete median . driver unit1 cited failure control .33a citation . vehicle towed woody 's driver 's request .",O,"[0.9999911785125732, 8.40947268443415e-06, 3.180555268045282e-07]",O,"[0.9534184336662292, 0.04652915522456169, 5.23617236467544e-05]",O,"[1.0, 5.960464477539063e-08, 0.0]"
19,19,176063895,unit #1 was attempting to enter 480 east via the tiedeman road entrance ramp. the driver accelerated quickly and hydroplaned causing the vehicle to run off the road to the right. unit #1 crashed into a ditch and flipped upside down. the driver refused transport from bfd.,20176063895,2017,C,5/1/2017 0:00,12,SCUYIR00480**C,S,CUY,11.866,41.425592,-81.756634,9246,17668.0,5/5/2017 0:00,13,6,N,2.0,Y,Y,1.0,1,0,19800.0,,,Y,11.866,SCUYIR00480**C,N,3,170042772,1,5,N,0,0,1,BROOKLYN,7,E,Y,N,8.0,Y,0.038,,Y,,N,BROOKLYN,N,,4,,,HWY,480,IR,,14.0,N,,,,2,,,,,N,N,N,0,4,Y,1.0,1,2,1,,35024.0,N,14.17,22,Y,99,4,3,1,M,N,N,N,0,2,44,1,2,60,8,8,44,0,0,0,0,1,6,NT,1,60,,,,,,,,,,,,,,,,,,,,,,,,,,,,,,,,,,0,4,,unit1 attempting enter via tiedeman entrance ramp . driver accelerated quickly hydroplaned causing vehicle run . unit1 crashed ditch flipped upside . driver refused transport bfd .,C,"[1.8617605746840127e-05, 0.9999736547470093, 7.77507830207469e-06]",C,"[3.923799340554979e-06, 0.9999960660934448, 1.512642278100884e-08]",C,"[2.5033950805664062e-06, 1.0, 7.748603820800781e-07]"
20,20,176070153,"unit #1 was driving west on i-90 in the far left lane. as they were driving along at approximately 60-65 mph, the driver of unit #1 drove through some standing water, causing his car to hydroplane and spin out of control. the right front corner of his car struck the concrete median first. the right rear corner of the car then spun around and struck the median. the car came to a stop on the far left side of the interstate.as a result of the collision, there was very heavy front end damage as well as damage to the left rear. the plastic bumper cover was torn away from the car.",20176070153,2017,O,5/1/2017 0:00,12,SCUYIR00090**N,S,CUY,8.097,41.470952,-81.816535,41664,17668.0,5/21/2017 0:00,13,1,N,2.0,Y,Y,1.0,11,0,16300.0,,,Y,8.084,SCUYIR00090**C,N,1,17  002379,1,5,N,2,0,1,LAKEWOOD,1,,Y,N,8.0,Y,0.0,,Y,,N,LAKEWOOD,N,,0,,,,90,IR,,164.0,N,,,,2,,,,,N,N,Y,0,0,N,1.0,0,2,1,,91353.0,N,163.916,25,Y,5,3,4,1,M,N,N,N,0,2,35,1,2,60,1,35,35,0,0,0,0,1,6,NT,1,65,,,,,,,,,,,,,,,,,,,,,,,,,,,,,,,,,,0,4,,"unit1 driving far left . driving along approximately mph , driver unit1 drove standing water , causing car hydroplane spin control . front corner car struck concrete median first . rear corner car spun around struck median . car came stop far left side interstate.as result collision , heavy front end damage well damage left rear . plastic bumper cover torn away car .",O,"[0.9990109205245972, 0.0009443829185329378, 4.465910387807526e-05]",C,"[0.03085261955857277, 0.9640037417411804, 0.005143603775650263]",O,"[1.0, 1.0848045349121094e-05, 7.152557373046875e-07]"
21,21,176070914,"unit #1 was south on i77s in the right lane. unit #2 was south on i77s ahead of unit #1. according to the driver of unit #2, her vehicle started to hydroplane and going towards the left. unit #2 went to the left across lanes and struck the center concrete median. unit #2 then came back across lanes to the right and struck the left front corner of unit #1. unit #1 was then pushed to the right shoulder and struck the concrete curb. unit #2 flipped over onto its roof and came to rest in the grassy area on the side of the highway.",20176070914,2017,AB,5/1/2017 0:00,4,SSUMIR00077**N,S,SUM,10.581,41.040833,-81.50512,1000,766.0,5/19/2017 0:00,5,6,N,2.0,Y,Y,1.0,20,0,85500.0,,,Y,10.58,SSUMIR00077**C,N,2,T17002914,1,5,N,2,1,2,AKRON,1,,Y,N,6.0,Y,0.0,,Y,,N,AKRON,N,,0,,,,77,IR,,,N,E,,,1,764,SR,,,N,N,N,0,0,N,1.0,0,2,4,,56826.0,N,124.103,24,Y,99,1,2,1,F,N,N,N,0,2,35,2,2,55,1,35,20,0,0,0,0,1,6,NT,1,0,19.0,1.0,1.0,2.0,1.0,M,,1.0,55.0,1.0,20.0,43.0,1.0,,,,1.0,6.0,NT,1.0,,,,,,,,,,,,,,0,4,,"unit1 . unit2 ahead unit1 . according driver unit2 , vehicle started hydroplane going towards left . unit2 went left across lanes struck center concrete median . unit2 came back across lanes struck left front corner unit1 . unit1 pushed shoulder struck concrete curb . unit2 flipped onto roof came rest grassy area side .",AB,"[1.4510697837977204e-05, 0.0005578103009611368, 0.9994276165962219]",C,"[0.017802197486162186, 0.8420305252075195, 0.14016728103160858]",AB,"[5.65648078918457e-05, 0.013946533203125, 0.9853515625]"
22,22,176071398,unit #1 was westbound on i-70 approaching e. livingston ave. in the middle lane. driver #1 stated that while changing lanes his vehicle hydroplaned and he lost control and struck the guardrail on the far right side of the roadway. cfd did respond but driver #1 chose not to be transported and will seek treatment on his own. driver #1 was cited for failure to control.,20176071398,2017,C,5/1/2017 0:00,6,SFRAIR00070**N,S,FRA,17.398,39.945593,-82.942791,18000,19234.0,5/21/2017 0:00,13,1,N,2.0,Y,Y,1.0,9,0,,,,Y,17.39,SFRAIR00070**C,N,1,170425343,1,5,N,0,0,1,COLUMBUS,1,E,Y,N,7.0,Y,0.2,,Y,,N,COLUMBUS,N,,0,,,,70,IR,,,N,,,LIVINGSTON,1,,,,AVE,N,N,N,0,0,N,1.0,1,2,1,,39413.0,N,103.425,21,Y,99,3,4,1,M,N,N,N,0,2,31,1,2,55,3,31,30,0,0,0,0,1,6,NT,1,55,,,,,,,,,,,,,,,,,,,,,,,,,,,,,,,,,,0,4,,unit1 approaching livingston . middle . driver stated changing lanes vehicle hydroplaned lost control struck guardrail far side roadway . cfd respond driver chose transported seek treatment . driver cited failure control .,C,"[5.503203510670573e-07, 0.9999992847442627, 1.7271523233830521e-07]",C,"[1.8382626194579643e-06, 0.9999963045120239, 1.937690967679373e-06]",C,"[2.7418136596679688e-06, 1.0, 4.172325134277344e-07]"
23,23,176072731,"unit 1 was traveling northbound on state route 315. the driver of unit 1 indicated that he began to hydroplane, striking a curb.",20176072731,2017,O,5/1/2017 0:00,6,SDELSR00315**C,S,DEL,2.73,40.17526,-83.046554,43106,19234.0,5/19/2017 0:00,13,6,N,2.0,Y,N,4.0,3,0,,b0f92b37-696c-45bb-94a5-ec69ddc5df0d,a4581efa-b2ff-4c66-a89e-61f98d77b76d,N,2.73,SDELSR00315**C,N,4,21-0652-21,1,5,,3,0,1,LIBERTY TOWNSHIP,5,,Y,Y,2.0,Y,0.0,TR,Y,,N,ORANGE TOWNSHIP,N,,0,,,,315,SR,,,N,,,,1,114,TR,,,N,N,Y,0,0,N,3.0,0,2,1,,329315.0,N,16.53,23,Y,5,2,1,1,M,N,N,N,0,2,43,1,2,45,1,43,0,0,0,0,0,1,6,NT,1,45,,,,,,,,,,,,,,,,,,,,,,,,,,,,,,,,,,0,4,,"unit1 traveling state . driver unit1 indicated began hydroplane , striking curb .",O,"[0.9999994039535522, 4.794590608980798e-07, 7.109206023869774e-08]",O,"[0.9999967813491821, 3.195902309016674e-06, 5.461251717520099e-08]",O,"[0.9560546875, 0.040557861328125, 0.00330352783203125]"
24,24,176074024,"unit #2 stated she was stopped behind traffic s/b i270s trying to exit to us33wb when she was struck by unit #1 from behind. driver of unit #1 stated she was travelling behind unit #2 when she didn't realize traffic had stopped. she applied her breaks and hydroplaned, striking unit #2 from behind. driver of unit #1 was transported to mce as a precaution because she was pregnant. unit #1 driver did complain of back pain. driver of unit #1 was cited for acda. no other injuries reported at scene.",20176074024,2017,C,5/1/2017 0:00,6,SFRAIR00270**C,S,FRA,46.13,39.902401,-82.898231,18000,19234.0,5/25/2017 0:00,2,5,N,2.0,N,Y,1.0,20,0,27900.0,287d3c8d-4367-4ae0-9cb2-e0dcf58bcee9,47448245-1143-4943-89d0-88483ef94c14,Y,46.13,SFRAIR00270**C,N,2,170439870,1,5,N,1,0,2,COLUMBUS,8,S,Y,N,5.0,Y,0.009,RA,Y,,N,COLUMBUS,N,,0,S,270TH,HWY,270,IR,,,N,,E,33RD,1,33,US,,HWY,N,N,N,0,0,N,1.0,1,2,1,,56923.0,N,46.13,23,Y,8,1,2,1,F,N,N,N,0,2,0,1,2,65,1,20,0,0,0,0,0,1,6,NT,1,40,24.0,1.0,1.0,2.0,1.0,F,,2.0,65.0,11.0,20.0,,,,,,1.0,6.0,NT,1.0,,,,,,,,,,,,,,0,4,,"unit2 stated stopped behind traffic 7s trying exit struck unit1 behind . driver unit1 stated travelling behind unit2 n't realize traffic stopped . applied breaks hydroplaned , striking unit2 behind . driver unit1 transported mce precaution pregnant . unit1 driver complain back pain . driver unit1 cited acda . injuries reported scene .",C,"[4.1740460687833547e-07, 0.9999991655349731, 3.3396824505871336e-07]",C,"[4.29811223057186e-07, 0.9999980926513672, 1.4402482975128805e-06]",C,"[3.5762786865234375e-07, 1.0, 5.960464477539063e-08]"
25,25,176074729,"the driver of unit 2 was traveling w/b on 480 in lane 4. the driver of unit 1 was traveling w/b on 480 in lane 3. the driver of unit 1 hydroplaned causing the vehicle to lose control. unit 1 then traveled into lane 4, causing unit 2 to strike unit 1 on the driver side with the front bumper of unit 2. the driver of unit 1 then struck the median before coming to a rest on the shoulder.",20176074729,2017,O,5/1/2017 0:00,12,SCUYIR00480**N,S,CUY,23.854,41.424937,-81.537601,80990,17668.0,5/25/2017 0:00,5,5,N,2.0,N,Y,1.0,20,0,20600.0,,,Y,23.866,SCUYIR00480**C,N,3,20171806,1,5,N,2,0,2,WARRENSVILLE HEIGHTS,1,E,Y,N,7.0,Y,0.004,,Y,,N,WARRENSVILLE HEIGHTS,N,,0,,,,480,IR,,,N,,,WARRENSVILLE CENTER,1,,,,RD,N,N,N,0,0,N,1.0,0,2,1,,54083.0,N,26.158,23,Y,99,3,4,1,M,N,N,N,0,2,0,1,2,60,1,20,0,0,0,0,0,1,6,NT,3,60,49.0,1.0,3.0,4.0,1.0,M,,2.0,60.0,1.0,20.0,,,,,,1.0,6.0,NT,4.0,60.0,,,,,,,,,,,,,0,4,,"driver unit2 traveling . driver unit1 traveling . driver unit1 hydroplaned causing vehicle lose control . unit1 traveled , causing unit2 strike unit1 driver side front bumper unit2 . driver unit1 struck median coming rest shoulder .",C,"[0.029035119339823723, 0.8314260244369507, 0.13953877985477448]",C,"[0.041153568774461746, 0.9184297919273376, 0.0404166616499424]",C,"[0.056915283203125, 0.890625, 0.0528564453125]"
26,26,176074930,"unit #1 was traveling eastbound on the ohio turnpike in the middle lane. unit #1 lost control of his vehicle due to standing water, hydroplaning, striking the median wall.",20176074930,2017,O,5/1/2017 0:00,3,SERIIR00080*KC,S,ERI,12.8,41.324136,-82.601847,50148,99999.0,5/28/2017 0:00,13,1,N,2.0,Y,Y,1.0,16,0,,,,Y,12.8,SERIIR00080*KC,N,1,90-0338-22,31,5,N,2,0,1,MILAN TOWNSHIP,1,W,Y,N,6.0,N,0.1,,Y,,N,MILAN TOWNSHIP,N,,0,,,,80,IR,K,119.0,N,,,,2,,,,,N,N,Y,0,0,N,1.0,0,2,1,,34687.0,N,118.916,21,Y,5,4,3,1,M,N,N,N,0,2,35,1,2,70,1,35,0,0,0,0,0,1,6,NT,1,73,,,,,,,,,,,,,,,,,,,,,,,,,,,,,,,,,,0,4,,"unit1 traveling ohio turnpike middle . unit1 lost control vehicle due standing water , hydroplaning , striking median wall .",O,"[0.9817264676094055, 0.017613912001252174, 0.0006597026949748397]",O,"[0.9152143001556396, 0.08362500369548798, 0.001160778570920229]",O,"[0.83251953125, 0.1658935546875, 0.0014581680297851562]"
27,27,176075343,"unit 1 was driving westbound on ir 70 when it hydroplaned in standing water. unit 1 went off the left side of the roadway, striking a median barrier, then off the right side of the roadway striking a cement wall.",20176075343,2017,O,5/1/2017 0:00,7,SCLAIR00070**N,S,CLA,6.454,39.88774,-83.938099,46788,99999.0,5/24/2017 0:00,13,4,N,2.0,Y,Y,1.0,23,0,8600.0,,,Y,6.459,SCLAIR00070**C,N,4,12-0576-12,1,5,N,1,0,1,MAD RIVER TOWNSHIP,1,W,Y,N,6.0,Y,0.3,,N,,N,MAD RIVER TOWNSHIP,N,,0,,,,70,IR,,48.0,N,,,,2,,,,,N,N,N,0,0,N,1.0,0,6,2,,42759.0,N,47.658,27,Y,1,3,4,1,M,N,N,N,0,2,35,1,2,70,1,9,30,8,35,0,0,1,6,NT,1,55,,,,,,,,,,,,,,,,,,,,,,,,,,,,,,,,,,0,4,,"unit1 driving hydroplaned standing water . unit1 went left side roadway , striking median barrier , side roadway striking cement wall .",O,"[0.9398261308670044, 0.057312238961458206, 0.0028616792988032103]",O,"[0.9503947496414185, 0.049376554787158966, 0.00022857759904582053]",O,"[0.9697265625, 0.0294036865234375, 0.0011854171752929688]"
28,28,176075654,unit #1 was traveling ir-480 eastbound. unit #1 states that the vehicle started to hydroplane and she lost control of the vehicle. unit #1 slid around 180 degrees and struck the concrete median on the right side of the vehcle. the vehicle then slid back around 180 degrees after striking the wall.,20176075654,2017,C,5/1/2017 0:00,12,SCUYIR00480**C,S,CUY,11.224,41.424752,-81.76872,9246,17668.0,5/30/2017 0:00,13,3,N,2.0,Y,Y,1.0,0,0,,,,Y,11.224,SCUYIR00480**C,N,3,170052078,1,5,N,1,0,1,BROOKLYN,1,W,Y,N,8.0,Y,0.028,,Y,,N,BROOKLYN,N,,0,,,,480,IR,,13.4,N,,,,2,,,,,N,N,Y,0,0,N,1.0,1,2,4,,56981.0,N,13.528,20,Y,99,4,3,1,F,N,N,N,0,2,35,1,2,60,1,9,35,0,0,0,0,1,6,NT,1,65,,,,,,,,,,,,,,,,,,,,,,,,,,,,,,,,,,0,4,,unit1 traveling ir . unit1 states vehicle started hydroplane lost control vehicle . unit1 slid around degrees struck concrete median side vehcle . vehicle slid back around degrees striking wall .,C,"[0.011469967663288116, 0.985980212688446, 0.0025498357135802507]",O,"[0.997984766960144, 0.001994283637031913, 2.0973890059394762e-05]",C,"[0.0335693359375, 0.96240234375, 0.004302978515625]"
29,29,176075928,"unit 1 was traveling south on wayne madison rd, when the driver lost control due to hydroplaning. unit 1 then crossed the center line and unit 2, which was traveling north on wayne madison rd, struck unit 1. unit 1 then continued to travel of the roadway and into the yard of 3056 wayne madison rd.",20176075928,2017,O,3/1/2017 0:00,8,CBUTCR00148**C,C,BUT,2.74,39.469277,-84.477242,69498,56926.0,3/20/2017 0:00,6,2,N,,Y,N,5.0,17,0,,c5278b2f-cd4d-49be-b920-ee7399f95c58,c9ecab49-bdda-43de-9ee9-105bc26ad963,N,2.74,CBUTCR00148**C,N,1,000000017-0440,2,3,,2,0,2,SAINT CLAIR TOWNSHIP,1,,N,N,2.0,N,0.0,,Y,RIVERSIDEDR,N,TRENTON,N,,0,,WAYNE MADISON,RD,,,,,N,,,,3,,,,,N,N,N,0,0,N,,0,2,1,,68442.0,N,2.74,17,Y,99,1,2,1,M,N,N,N,0,2,0,1,2,35,1,11,20,0,0,0,0,1,6,NT,1,35,46.0,1.0,2.0,1.0,1.0,F,,2.0,35.0,1.0,20.0,,,,,,1.0,6.0,NT,2.0,10.0,,,,,,,,,,,,,0,4,,"unit1 traveling wayne madison , driver lost control due hydroplaning . unit1 crossed center line unit2 , traveling wayne madison , struck unit1 . unit1 continued travel roadway yard wayne madison .",O,"[0.9284260869026184, 0.06293994933366776, 0.008633994497358799]",O,"[0.9963828325271606, 0.003301439341157675, 0.0003156617167405784]",O,"[0.9970703125, 0.0015344619750976562, 0.0009641647338867188]"
30,30,176076054,unit #2 was northbound on sr-8 n. unit #1 was northbound further behind unit #2. the driver of unit #2 stated that he was originally traveling in the middle lane. he stated that he was attempting to change lanes to the left when his vehicle started to hydroplane on the wet roadway. he admitted that he lost control of his vehicle and it spun around. the driver of unit #1 stated that she braked but she was unable to avoid hitting unit #1. both drivers stated that unit #2 was facing to the west when it got struck.,20176076054,2017,C,5/1/2017 0:00,4,SSUMSR00008**C,S,SUM,2.72,41.096829,-81.499891,1000,766.0,5/28/2017 0:00,5,1,N,2.0,N,Y,2.0,18,0,,,,N,2.72,SSUMSR00008**C,N,1,T17003110,4,5,N,2,0,2,AKRON,1,S,Y,N,6.0,N,0.019,,Y,,N,AKRON,N,,0,,,,8,SR,,,N,,E,GLENWOOD,1,,,,AVE,N,N,N,0,0,N,1.0,1,2,3,,180751.0,N,2.72,24,Y,99,2,1,1,M,N,N,N,0,2,0,2,2,55,99,20,0,0,0,0,0,1,6,NT,1,5,28.0,1.0,2.0,1.0,1.0,F,,1.0,55.0,1.0,20.0,,,,,,1.0,6.0,NT,2.0,30.0,,,,,,,,,,,,,0,4,,unit2 sr unit1 behind unit2 . driver unit2 stated originally traveling middle . stated attempting change lanes left vehicle started hydroplane wet roadway . admitted lost control vehicle spun around . driver unit1 stated braked unable avoid hitting unit1 . drivers stated unit2 facing got struck .,O,"[0.9979625940322876, 0.0019670678302645683, 7.033137808321044e-05]",O,"[0.9880349040031433, 0.011269028298556805, 0.0006960970931686461]",O,"[1.0, 0.00030541419982910156, 1.6450881958007812e-05]"
31,31,176076115,"unit #1 was southbound on ir 77. unit #1 hydroplaned, lost control, ran off the road right and struck the guardrail face.",20176076115,2017,AB,5/1/2017 0:00,11,STUSIR00077**N,S,TUS,26.746,40.57321,-81.513933,28462,99723.0,5/24/2017 0:00,13,4,N,2.0,Y,Y,1.0,19,0,,,,Y,26.767,STUSIR00077**C,N,4,79-0526-79,1,5,N,1,1,1,FRANKLIN TOWNSHIP,1,N,Y,N,4.0,Y,0.7,,Y,,N,DOVER TOWNSHIP,N,,0,,,,77,IR,,86.0,N,,,,2,,,,,N,N,Y,0,0,N,1.0,0,2,1,,56839.0,N,86.747,18,Y,5,1,2,1,M,N,N,N,0,2,30,1,2,70,1,8,30,0,0,0,0,1,6,NT,1,63,,,,,,,,,,,,,,,,,,,,,,,,,,,,,,,,,,0,4,,"unit1 . unit1 hydroplaned , lost control , ran struck guardrail face .",O,"[0.9981106519699097, 0.0018040374852716923, 8.527567842975259e-05]",C,"[0.20948544144630432, 0.7873631715774536, 0.0031513809226453304]",O,"[0.99609375, 0.0037059783935546875, 0.00011730194091796875]"