,id,OBJECTID,Narrative,DOCUMENT_NBR,CRASH_YR,CRASH_SEVERITY_CD,CRASH_MONTH_YEAR,DISTRICT_NBR,NLFID,NLF_JUR_CD,NLF_COUNTY_CD,COUNTY_LOG_NBR,ODOT_LATITUDE_NBR,ODOT_LONGITUDE_NBR,ODOT_FIPS_CD,AREA_CODE,CRASH_DATE,CRASH_TYPE_CD,DAY_IN_WEEK_CD,DISTRACTED_DRIVER_IND,FACILITY_TYPE_CD,FHWA_RDWY_DEPARTURE_IND,FREEWAY_IND,FUNCTIONAL_CLASS_CD,HOUR_OF_CRASH,INCAPAC_INJURIES_NBR,INTERCHANGE_ID,INTERSECTION_ID_CURRENT,INTERSECTION_LEG_ID,INTERSTATE_IND,INV_LOG_NBR,INV_NLFID,IS_COMMERCIAL_RELATED,LIGHT_COND_PRIMARY_CD,LOCAL_REPORT_NUMBER_ID,MAINTENANCE_AUTHORITY_CD,MONTH_OF_CRASH,NHS_CD,NO_INJURY_REPORTED_NBR,NON_INCAPAC_INJURIES_NBR,NUMBER_OF_UNITS_NBR,ODOT_CITY_VILLAGE_TWP_NME,ODOT_CRASH_LOCATION_CD,ODOT_DIR_FROM_REF_CD,ODOT_DIV_UNDIV_IND,ODOT_INTERSECTION_REL_IND,ODOT_LANES_NBR,ODOT_MAINTAINED_HWY_IND,ODOT_MILES_FROM_REF_NBR,ODOT_REF_ROUTE_PREFIX_CD,ODOT_YOUNG_DRIVER_IND,ODPS_ADDRESS_REFERENCE,ODPS_ALCOHOL_IND,ODPS_CITY_VILLAGE_TWP_NME,ODPS_DRUG_IND,ODPS_LOC_DIR_SUFFIX_CD,ODPS_LOC_IN_WORK_ZONE_CD,ODPS_LOC_ROAD_DIRECTION_CD,ODPS_LOC_ROAD_NME,ODPS_LOC_ROAD_SUFFIX_CD,ODPS_LOC_ROUTE_ID,ODPS_LOC_ROUTE_PREFIX_CD,ODPS_LOC_ROUTE_SUFFIX_CD,ODPS_MILEPOST_REFERENCE,ODPS_MOTORCYCLE_IND,ODPS_REF_DIR_SUFFIX_CD,ODPS_REF_DIRECTION_CD,ODPS_REF_GIVEN,ODPS_REF_POINT_USED_CD,ODPS_REF_ROUTE_ID,ODPS_REF_ROUTE_PREFIX_CD,ODPS_REF_ROUTE_SUFFIX_CD,ODPS_REF_SUFFIX_CD,ODPS_SCHOOL_ZONE_IND,ODPS_SENIOR_DRIVER_IND,ODPS_SPEED_IND,ODPS_TOTAL_FATALITIES_NBR,ODPS_TYPE_OF_WORK_ZONE_CD,ODPS_WORK_ZONE_IND,OPER_ACCESS_CONTROL_CD,POSSIBLE_INJURIES_NBR,ROAD_COND_PRIMARY_CD,ROAD_CONTOUR_CD,SA_RAMP_ID,SA_SEGMENT_ID,SECONDARY_CRASH,STATE_TRUE_LOG_NBR,U1_AGE_NBR,U1_AT_FAULT_IND,U1_CONT_CIR_PRIMARY_CD,U1_DIRECTION_FROM_CD,U1_DIRECTION_TO_CD,U1_DISTRACTED_BY_1_CD,U1_GENDER_CD,U1_IS_ALCOHOL_SUSPECTED,U1_IS_MARIJUANA_SUSPECTED,U1_IS_OTHER_DRUG_SUSPECTED,U1_NON_MOTORIST_LOC_CD,U1_NUMBER_OF_THRU_LANES,U1_OBJECT_STRUCK,U1_ODPS_UNIT_NBR,U1_OPERATINGIN_AUTONOMOUS_MODE,U1_POSTED_SPEED_NBR,U1_PRECRASH_ACTION_CD,U1_SEQ_OF_EVENTS_1_CD,U1_SEQ_OF_EVENTS_2_CD,U1_SEQ_OF_EVENTS_3_CD,U1_SEQ_OF_EVENTS_4_CD,U1_SEQ_OF_EVENTS_5_CD,U1_SEQ_OF_EVENTS_6_CD,U1_SPECIAL_FUNCTION_CD,U1_TRAFFIC_CONTROL_CD,U1_TURN_CD,U1_TYPE_OF_UNIT_CD,U1_UNIT_SPEED_NBR,U2_AGE_NBR,U2_CONT_CIR_PRIMARY_CD,U2_DIRECTION_FROM_CD,U2_DIRECTION_TO_CD,U2_DISTRACTED_BY_1_CD,U2_GENDER_CD,U2_NON_MOTORIST_LOC_CD,U2_ODPS_UNIT_NBR,U2_POSTED_SPEED_NBR,U2_PRECRASH_ACTION_CD,U2_SEQ_OF_EVENTS_1_CD,U2_SEQ_OF_EVENTS_2_CD,U2_SEQ_OF_EVENTS_3_CD,U2_SEQ_OF_EVENTS_4_CD,U2_SEQ_OF_EVENTS_5_CD,U2_SEQ_OF_EVENTS_6_CD,U2_SPECIAL_FUNCTION_CD,U2_TRAFFIC_CONTROL_CD,U2_TURN_CD,U2_TYPE_OF_UNIT_CD,U2_UNIT_SPEED_NBR,U3_CONT_CIR_PRIMARY_CD,U3_ODPS_UNIT_NBR,U3_PRECRASH_ACTION_CD,U3_SEQ_OF_EVENTS_1_CD,U3_SEQ_OF_EVENTS_2_CD,U3_SEQ_OF_EVENTS_3_CD,U3_SEQ_OF_EVENTS_4_CD,U3_SEQ_OF_EVENTS_5_CD,U3_SEQ_OF_EVENTS_6_CD,U3_SPECIAL_FUNCTION_CD,U3_TRAFFIC_CONTROL_CD,U3_TYPE_OF_UNIT_CD,UNRESTRAIN_OCCUPANTS,WEATHER_COND_CD,V1,clean_Narrative,BERT_predictions,BERT_prediction_probabilities,RoBERTa_predictions,RoBERTa_predictions_probabilities,distilBERT_predictions,distilBERT_predictions_probabilities
32,32,176076415,"units #1 and #2 were traveling east on ir 74 when unit #1 hydroplaned and struck unit #2. after being drug for a short distance, unit #1 spun out from under unit #2, traveled off the left side of the roadway and struck unit #3 and #4. unit #1 then traveled back on the roadway.",20176076415,2017,AB,5/1/2017 0:00,8,SHAMIR00074**C,S,HAM,8.59,39.210914,-84.694546,49364,16885.0,5/24/2017 0:00,5,4,N,2.0,N,Y,1.0,17,0,,,,Y,8.59,SHAMIR00074**C,Y,1,31-0132-31,1,5,N,2,1,4,MIAMI TOWNSHIP,1,W,Y,N,6.0,Y,0.4,,Y,,N,COLERAIN TOWNSHIP,N,,0,,,,74,IR,,9.0,N,,,,2,,,,,N,N,Y,0,0,N,1.0,0,2,1,,91068.0,N,8.59,23,Y,5,4,3,1,F,N,N,N,0,2,0,1,2,65,1,20,9,21,21,0,0,1,6,NT,1,60,47.0,1.0,4.0,3.0,1.0,M,,2.0,65.0,1.0,20.0,,,,,,1.0,6.0,NT,15.0,50.0,1.0,3.0,10.0,20.0,30.0,,,,,1.0,6.0,3.0,0,4,,"units traveling unit1 hydroplaned struck unit2 . drug short distance , unit1 spun unit2 , traveled left side roadway struck unit3 . unit1 traveled back roadway .",C,"[0.1351793110370636, 0.8289333581924438, 0.03588741272687912]",C,"[0.0880388468503952, 0.898254930973053, 0.01370613370090723]",C,"[0.1788330078125, 0.78271484375, 0.03851318359375]"
33,33,176076955,"unit #1 was traveling east on ir74 in the left lane of travel. unit #1 lost control, hydroplaning from the left lane to the far right lane and back to the left shoulder making contact with the guard rail.- supplementing ticket number.",20176076955,2017,O,5/1/2017 0:00,8,SHAMIR00074**C,S,HAM,8.59,39.210914,-84.694546,49364,16885.0,5/24/2017 0:00,13,4,N,2.0,Y,Y,1.0,16,0,,,,Y,8.59,SHAMIR00074**C,N,1,31-0131-31,1,5,N,1,0,1,MIAMI TOWNSHIP,1,W,Y,N,6.0,Y,0.4,,N,,N,COLERAIN TOWNSHIP,N,,0,,,,74,IR,,9.0,N,,,,2,,,,,N,N,Y,0,0,N,1.0,0,2,1,,91068.0,N,8.59,26,Y,5,4,3,1,F,N,N,N,0,2,30,1,2,65,1,9,30,0,0,0,0,1,6,NT,3,50,,,,,,,,,,,,,,,,,,,,,,,,,,,,,,,,,,0,4,,"unit1 traveling left travel . unit1 lost control , hydroplaning left far back left shoulder making contact guard rail . supplementing ticket number .",O,"[0.9966267347335815, 0.0030539599247276783, 0.0003194053715560585]",O,"[0.6225892901420593, 0.35013267397880554, 0.027278022840619087]",O,"[0.998046875, 0.0015125274658203125, 3.36766242980957e-05]"
34,34,176089410,"unit 1 was traveling northbound on n i 75 at the 2-5 mm in the far left lane before hydroplaning to the right, and sideswiping unit 2, which was traveling in the same direction. unit 1 then ran off the roadway to the left, and struck a road sign before coming to rest. driver of unit 1 was not cited due to unavoidable flood conditions which contributed to the crash.",20176089410,2017,O,6/1/2017 0:00,8,SHAMIR00075**C,S,HAM,2.522,39.124067,-84.535029,15000,16885.0,6/23/2017 0:00,5,6,N,2.0,N,Y,1.0,17,0,41000.0,,,Y,2.522,SHAMIR00075**C,N,1,175009400,1,6,N,2,0,2,CINCINNATI,1,,Y,N,8.0,Y,0.0,,N,,N,CINCINNATI,N,,0,N,75,HWY,75,IR,,2.5,N,,,,2,,,,,N,Y,N,0,0,N,1.0,0,2,1,,110977.0,N,2.522,31,Y,99,2,1,1,M,N,N,N,0,2,37,1,2,55,1,20,9,37,0,0,0,1,6,NT,1,55,65.0,1.0,2.0,1.0,1.0,F,,2.0,55.0,1.0,20.0,,,,,,1.0,6.0,NT,1.0,55.0,,,,,,,,,,,,,0,4,,"unit1 traveling mm far left hydroplaning , sideswiping unit2 , traveling direction . unit1 ran roadway left , struck sign coming rest . driver unit1 cited due unavoidable flood conditions contributed crash .",O,"[0.9999998807907104, 6.601382551707502e-08, 2.1875981914831755e-08]",O,"[0.9698932766914368, 0.026593590155243874, 0.0035130856558680534]",O,"[0.99609375, 0.00392913818359375, 0.00012099742889404297]"
35,35,176090581,"unit 1 was moving westbound on fort washington way in the passing lane, as unit 1 entered the curve the vehicle hydroplaned losing control striking the concrete portion of the bridge parapet.",20176090581,2017,O,6/1/2017 0:00,8,SHAMRA31465**C,S,HAM,0.068,39.100395,-84.503231,15000,16885.0,6/22/2017 0:00,13,5,N,4.0,Y,Y,1.0,21,0,38400.0,,,Y,0.068,SHAMRA31465**C,N,3,175009339,1,6,,1,0,1,CINCINNATI,1,,N,N,,Y,0.0,,N,,N,CINCINNATI,N,W,0,,FORT WASHINGTON,WAY,,,,0.8,N,,,,2,,,,,N,N,N,0,0,N,1.0,0,2,4,,,N,0.068,34,Y,99,3,4,1,M,N,N,N,0,2,28,1,2,45,13,28,0,0,0,0,0,1,6,NT,2,45,,,,,,,,,,,,,,,,,,,,,,,,,,,,,,,,,,0,4,,"unit1 moving fort washington passing , unit1 entered curve vehicle hydroplaned losing control striking concrete portion bridge parapet .",O,"[0.9983256459236145, 0.0015679489588364959, 0.00010634461068548262]",O,"[0.9959341287612915, 0.0040297131054103374, 3.6144785553915426e-05]",O,"[1.0, 7.748603820800781e-06, 2.384185791015625e-07]"
36,36,176091120,"unit 1 was westbound on i-90, passing the canterbury rd. overpass, in the left lane. unit 2 was westbound on i-90, passing the canterbury rd. overpass, in the right lane. unit 3 was disabled in the center median of i-90 west, just west of the canterbury rd. overpass, after striking the center median wall (see westlake police dept. report #1719194). unit 1 hydroplaned on some standing water, struck the center median wall, struck unit 2, then struck unit 3. unit 2 was forced onto the right shoulder, struck the guard rail, and continued along the guard rail for several hundred feet before coming to a stop.",20176091120,2017,C,6/1/2017 0:00,12,SCUYIR00090**N,S,CUY,2.99,41.470528,-81.912489,83622,17668.0,6/23/2017 0:00,5,6,N,2.0,Y,Y,1.0,6,0,,,,Y,2.991,SCUYIR00090**C,Y,1,1719193,1,6,N,2,0,3,WESTLAKE,1,W,Y,N,6.0,Y,0.038,,Y,,N,WESTLAKE,N,,0,,,HWY,90,IR,,,N,,,CANTERBURY,1,,,,RD,N,N,N,0,0,N,1.0,1,2,1,,47172.0,N,158.809,20,Y,99,3,4,1,F,N,N,N,0,2,35,1,2,60,1,9,35,20,20,0,0,1,6,NT,3,60,54.0,1.0,3.0,4.0,1.0,M,,2.0,60.0,1.0,20.0,8.0,30.0,,,,1.0,6.0,NT,15.0,55.0,1.0,3.0,11.0,20.0,,,,,,1.0,6.0,3.0,0,4,,"unit1 , passing canterbury overpass , left . unit2 , passing canterbury overpass , . unit3 disabled center median , canterbury overpass , striking center median wall . unit1 hydroplaned standing water , struck center median wall , struck unit2 , struck unit3 . unit2 forced onto shoulder , struck guard rail , continued along guard rail several hundred feet coming stop .",C,"[0.0037344128359109163, 0.9242514967918396, 0.07201412320137024]",AB,"[0.000731038162484765, 0.015887754037976265, 0.9833812713623047]",AB,"[0.0008845329284667969, 0.25537109375, 0.74365234375]"
37,37,176095557,"units 1, 2 and 3 were all northbound on colerain ave approaching byrneside dr. unit 1 hydroplaned on wet asphalt and struck a stopped unit 2 in the rear and sideswiped unit 3 who was slowing to stop for the red light. the operator of unit 1 was found at fault and cited for reasonable control. the operator of unit 1 also admitted to not having insurance at the time of the crash.",20176095557,2017,O,6/1/2017 0:00,8,SHAMUS00027**C,S,HAM,10.534,39.206923,-84.583257,16616,16885.0,6/23/2017 0:00,2,6,N,2.0,N,N,3.0,16,0,,d3580010-c0e9-41a3-9341-400e8a890745,1d388f06-ea6f-44c8-9b97-6cfcefd92347,N,10.534,SHAMUS00027**C,N,1,2017-23340,1,6,N,4,0,3,COLERAIN TOWNSHIP,2,,N,Y,4.0,Y,0.0,TR,Y,,N,COLERAIN TOWNSHIP,N,,0,,COLERAIN,AVE,27,US,,,N,,,BYRNESIDE,1,,,,DR,N,N,N,0,0,N,3.0,0,2,1,,261590.0,N,10.534,18,Y,99,2,1,1,M,N,N,N,0,2,0,1,2,35,1,20,20,0,0,0,0,1,2,NT,1,15,32.0,1.0,2.0,1.0,1.0,F,,2.0,35.0,11.0,20.0,,,,,,1.0,2.0,NT,1.0,,1.0,3.0,11.0,20.0,,,,,,1.0,2.0,1.0,0,2,,"units , colerain approaching byrneside . unit1 hydroplaned wet asphalt struck stopped unit2 rear sideswiped unit3 slowing stop red light . operator unit1 found fault cited reasonable control . operator unit1 also admitted insurance time crash .",O,"[0.9999973773956299, 2.516640961403027e-06, 1.6833274685268407e-07]",O,"[0.9898436069488525, 0.010100631043314934, 5.565326864598319e-05]",O,"[1.0, 1.4722347259521484e-05, 5.364418029785156e-07]"
38,38,176096762,"all units involved were traveling eastbound on us-33. unit 1 hydroplaned, spun out, and struck the left concrete barrier. unit 2 rear ended unit 4, then was struck by unit 3, causing unit 2 to strike the right concrete barrier. unit 3 struck the right guardrail.",20176096762,2017,AB,6/1/2017 0:00,7,SLOGUS00033**C,S,LOG,20.586,40.334254,-83.685379,38682,99999.0,6/30/2017 0:00,2,6,Y,2.0,N,Y,2.0,5,0,,,,N,20.586,SLOGUS00033**C,N,4,80-0320-46,1,6,N,3,1,4,JEFFERSON TOWNSHIP,1,E,Y,N,4.0,Y,0.6,,Y,,N,JEFFERSON TOWNSHIP,N,,0,,,,33,US,,20.0,N,,,,2,,,,,N,Y,N,0,0,N,1.0,0,2,2,,285010.0,N,72.072,18,Y,99,6,7,1,F,N,N,N,0,2,35,1,2,70,1,13,35,20,0,0,0,1,6,NT,1,65,31.0,8.0,6.0,7.0,1.0,M,,2.0,70.0,1.0,20.0,7.0,20.0,7.0,20.0,35.0,1.0,6.0,NT,1.0,60.0,8.0,3.0,1.0,20.0,34.0,,,,,1.0,6.0,4.0,0,4,,"units involved traveling us . unit1 hydroplaned , spun , struck left concrete barrier . unit2 rear ended unit4 , struck unit3 , causing unit2 strike concrete barrier . unit3 struck guardrail .",C,"[0.031162025406956673, 0.5026043057441711, 0.46623367071151733]",AB,"[0.08167214691638947, 0.28849413990974426, 0.6298336982727051]",C,"[0.0994873046875, 0.8173828125, 0.08349609375]"
39,39,176099626,"unit 1 was northeast on ir71 in the left lane. unit 2 was northeast on ir71 in the right lane. unit 3 was northeast on ir71 in the middle lane. unit 1 hydroplaned and then spun out on the wet roadway. it then traveled partially off the right side of the roadway where it struck the guardrail face. unit 1 entered back onto the roadway where it struck unit 2 on the right side of its trailer. unit 1 then traveled a second time partially off the right side of the roadway striking the guardrail face before coming to rest on the right shoulder. the impact with unit 1 caused unit 2 to jackknife. the left rear corner of unit 2's trailer struck the right side of unit 3's trailer. after impact with unit 3, unit 2 traveled off the right side of the roadway striking the guardrail end.",20176099626,2017,AB,7/1/2017 0:00,3,SASDIR00071**C,S,ASD,15.89,40.918295,-82.131228,61756,99999.0,7/10/2017 0:00,5,2,N,2.0,Y,Y,1.0,8,0,,,,Y,15.89,SASDIR00071**C,Y,1,03-0507-03,1,7,N,2,1,3,PERRY TOWNSHIP,1,N,Y,N,6.0,Y,0.6,,Y,,N,PERRY TOWNSHIP,N,,0,,I 71,,71,IR,,194.0,N,,,,2,,,,,N,N,Y,0,0,N,1.0,0,2,2,,81125.0,N,194.617,21,Y,5,8,5,1,F,N,N,N,0,2,30,1,2,70,1,8,30,20,30,0,0,1,6,NT,1,68,47.0,1.0,8.0,5.0,1.0,M,,2.0,70.0,1.0,20.0,4.0,20.0,8.0,31.0,,1.0,6.0,NT,15.0,65.0,1.0,3.0,1.0,20.0,,,,,,1.0,6.0,15.0,0,4,,"unit1 left . unit2 . unit3 middle . unit1 hydroplaned spun wet roadway . traveled partially side roadway struck guardrail face . unit1 entered back onto roadway struck unit2 side trailer . unit1 traveled second time partially side roadway striking guardrail face coming rest shoulder . impact unit1 caused unit2 jackknife . left rear corner unit2 's trailer struck side unit3 's trailer . impact unit3 , unit2 traveled side roadway striking guardrail end .",O,"[0.9996520280838013, 0.000324144319165498, 2.389291512372438e-05]",C,"[0.021797968074679375, 0.8491441011428833, 0.12905794382095337]",C,"[0.281982421875, 0.68408203125, 0.0340576171875]"
40,40,176108656,the driver of unit #1 stated that she hydroplaned and lost control of her vehicle striking the median wall on the left.,20176108656,2017,AB,6/1/2017 0:00,6,SFRAIR00670**C,S,FRA,3.46,39.973593,-83.004265,18000,19234.0,6/23/2017 0:00,17,6,N,2.0,Y,Y,1.0,19,1,,,,Y,3.46,SFRAIR00670**C,N,1,170535141,1,6,N,0,0,1,COLUMBUS,1,E,Y,N,6.0,Y,0.038,,N,,N,COLUMBUS,N,,0,,,,670,IR,,,N,,,PARK,1,,,,ST,N,N,N,0,0,N,1.0,0,2,1,,39787.0,N,3.46,30,Y,99,4,3,1,F,N,N,N,0,2,0,1,2,55,1,9,0,0,0,0,0,1,6,NT,1,48,,,,,,,,,,,,,,,,,,,,,,,,,,,,,,,,,,0,4,,driver unit1 stated hydroplaned lost control vehicle striking median wall left .,C,"[0.017496297135949135, 0.9760265946388245, 0.006477103568613529]",C,"[0.25027886033058167, 0.7482264637947083, 0.0014946821611374617]",O,"[0.8076171875, 0.1884765625, 0.004138946533203125]"
41,41,176111972,"driver of unit # 2 stated he was e/b i-270 just e/o i-71 in the # 2 lane when unit # 1 lost control on the ramp from i-71 n/b to i- 270 e/b and began to spin and struck the right rear of unit # 2 with the left front of unit # 1 causing the trailer on unit # 2 to jack-knife and spin the truck and trailer off of the road onto the right shoulder, causing the trailer to separate from the truck and the tractor to come off the trailer and striking the guardrail on the right shoulder. driver of unit # 1 stated he was on the ramp from i-71 n/b to i-270 e/b when unit # 2 hydroplaned and he lost control striking unit # 2. driver of unit # 1 was transported to st. anns hospital by cfd medic # 33 for pain to left shoulder and treated by p.a. jaime szippl. passenger from unit # 2 was transported to st. anns hospital by cfd medic # 33 for pain in left wrist and treated by p.a. milin amin. no other injuries were reported or observed. driver of unit # 1 was cited for fail to control , 2131.33 of the c.c.c.",20176111972,2017,C,7/1/2017 0:00,6,SFRAIR00270**C,S,FRA,26.07,40.109986,-82.973725,18000,19234.0,7/10/2017 0:00,5,2,N,2.0,N,Y,1.0,13,0,27900.0,,,Y,26.07,SFRAIR00270**C,N,1,170589049,1,7,N,1,0,2,COLUMBUS,1,E,Y,N,8.0,Y,0.256,IR,N,,N,COLUMBUS,N,,0,,,,270,IR,,,N,,,,1,71,IR,,,N,N,N,0,0,N,1.0,2,2,1,,56907.0,N,26.07,35,Y,99,4,3,1,M,N,N,N,0,2,0,1,2,65,13,20,0,0,0,0,0,1,6,NT,1,50,36.0,1.0,4.0,3.0,1.0,M,,2.0,65.0,1.0,20.0,,,,,,1.0,6.0,NT,4.0,55.0,,,,,,,,,,,,,0,4,,"driver unit2 stated e unit1 lost control ramp began spin struck rear unit2 left front unit1 causing trailer unit2 jackknife spin truck trailer onto shoulder , causing trailer separate truck tractor come trailer striking guardrail shoulder . driver unit1 stated ramp unit2 hydroplaned lost control striking unit2 . driver unit1 transported anns hospital cfd medic pain left shoulder treated p.a . jaime szippl . passenger unit2 transported anns hospital cfd medic pain left wrist treated p.a . milin amin . injuries reported observed . driver unit1 cited fail control , . c.c.c .",C,"[5.773338216386037e-07, 0.9999980926513672, 1.2851841120209428e-06]",C,"[1.0495550668565556e-06, 0.9996557235717773, 0.000343169056577608]",C,"[4.172325134277344e-07, 1.0, 8.940696716308594e-07]"
42,42,176112008,"unit 1 stated she was east bound on u.s. 20 and lost control of her vehicle. in the process she ended up striking unit 2, which was driving next to her. driver of unit 2 stated the same. unit 1 driver stated she must have hydroplaned while driving in the curb lane and veered to the left striking unit 2. a witness to the accident, who was w/b on u.s. 20 stated it looked like unit 2 struck unit 1 as she was passing in the opposite direction.",20176112008,2017,O,8/1/2017 0:00,12,SLAKUS00020**C,S,LAK,6.28,41.64457,-81.393315,85484,17668.0,8/3/2017 0:00,5,5,N,2.0,N,N,3.0,18,0,,,,N,6.28,SLAKUS00020**C,N,1,1722713,4,8,N,5,0,2,WILLOUGHBY,1,,N,N,3.0,N,0.0,,Y,38750 MENTOR,N,WILLOUGHBY,N,,0,,,AVE,20,US,,,N,,,,3,,,,,N,N,N,0,0,N,3.0,0,2,1,,270930.0,N,208.795,48,Y,99,4,3,1,F,N,N,N,0,2,0,1,2,35,1,20,0,0,0,0,0,1,6,NT,4,35,18.0,1.0,4.0,3.0,1.0,M,,2.0,35.0,1.0,20.0,,,,,,1.0,6.0,NT,1.0,35.0,,,,,,,,,,,,,0,4,,"unit1 stated u.s. lost control vehicle . process ended striking unit2 , driving next . driver unit2 stated . unit1 driver stated must hydroplaned driving curb veered left striking unit2 . witness accident , u.s. stated looked like unit2 struck unit1 passing opposite direction .",C,"[0.010965617373585701, 0.9849042892456055, 0.004130138084292412]",C,"[0.4041159749031067, 0.5870051980018616, 0.008878902532160282]",O,"[0.99609375, 0.003635406494140625, 0.00015783309936523438]"
43,43,176117405,vehicle # 1 was traveling westbound on ir 90 in the # 2 lane of travel approaching mile marker 182b. driver # 1 advised he lost control of his vehicle due to hydroplaning. vehicle # 1 struck the guardrail with it's center front bumper causing moderate damage to his vehicle. the guardrail sustained no damage as a result of the accident. the vehicle was removed from 3s towing. driver # 1 was unable to provide me with valid insurance information at the time of the accident.,20176117405,2017,O,8/1/2017 0:00,12,SCUYIR00090**N,S,CUY,25.993,41.577285,-81.551148,16000,17668.0,8/11/2017 0:00,13,6,N,2.0,Y,Y,1.0,19,0,17700.0,,,Y,26.106,SCUYIR00090**C,N,2,1790909,1,8,N,1,0,1,CLEVELAND,1,,Y,N,8.0,Y,0.0,,N,,N,EUCLID,N,,0,,,,90,IR,,182.0,N,,,,2,,,,,N,N,N,0,0,N,1.0,0,2,1,,81458.0,N,181.812,58,Y,99,3,4,1,M,N,N,N,0,2,35,1,2,65,1,35,0,0,0,0,0,1,6,NT,4,65,,,,,,,,,,,,,,,,,,,,,,,,,,,,,,,,,,0,4,,vehicle traveling travel approaching mile marker 182b . driver advised lost control vehicle due hydroplaning . vehicle struck guardrail 's center front bumper causing moderate damage vehicle . guardrail sustained damage result accident . vehicle removed 3s towing . driver unable provide valid insurance information time accident .,O,"[0.9999997615814209, 2.640220486682665e-07, 3.080256405496584e-08]",O,"[1.0, 5.4367326612903e-11, 2.8680595225150096e-13]",O,"[1.0, 7.867813110351562e-06, 6.556510925292969e-07]"
44,44,176119647,unit 1 was traveling in the center lane on the ohio turnpike at the 119.4 milepost. it was raining very hard and unit 1 began to hydroplane. unit 1 traveled off the left side of the roadway and struck the median barrier with its rear end. unit 1 came to final rest on the north shoulder facing the wrong direction.,20176119647,2017,O,8/1/2017 0:00,3,SERIIR00080*KC,S,ERI,13.301,41.323986,-82.592294,50148,99999.0,8/21/2017 0:00,13,2,N,2.0,Y,Y,1.0,16,0,,,,Y,13.301,SERIIR00080*KC,N,1,90-0608-22,31,8,N,2,0,1,MILAN TOWNSHIP,1,E,Y,N,6.0,N,0.4,,N,,N,MILAN TOWNSHIP,N,,0,,,,80,IR,K,119.0,N,,,,2,,,,,N,N,N,0,0,N,1.0,0,2,2,,34687.0,N,119.417,34,Y,18,4,3,1,M,N,N,N,0,2,35,1,2,70,1,9,35,0,0,0,0,1,6,NT,1,60,,,,,,,,,,,,,,,,,,,,,,,,,,,,,,,,,,0,4,,unit1 traveling center ohio turnpike . milepost . raining hard unit1 began hydroplane . unit1 traveled left side roadway struck median barrier rear end . unit1 came final rest shoulder facing wrong direction .,O,"[0.9288527965545654, 0.06866374611854553, 0.002483552787452936]",O,"[0.9999998807907104, 1.4237124901228526e-07, 5.899528088271211e-10]",O,"[1.0, 0.0002378225326538086, 1.9550323486328125e-05]"
45,45,176119652,"unit 1 was traveling eastbound on the ohio turnpike in the center lane at the 116.9 mile post. unit 1 began to hydroplane and traveled off the left side of the roadway. unit 1 struck the median barrier, traveled to the right going off the highway again, and striking the guardrail before coming to final rest.",20176119652,2017,AB,8/1/2017 0:00,3,SERIIR00080*KC,S,ERI,10.82,41.327124,-82.639004,59276,99999.0,8/21/2017 0:00,13,2,N,2.0,Y,Y,1.0,16,0,,,,Y,10.82,SERIIR00080*KC,N,1,90-0611-22,31,8,N,0,1,1,OXFORD TOWNSHIP,1,W,Y,N,6.0,N,0.1,,N,,N,MILAN TOWNSHIP,N,,0,,,,80,IR,K,117.0,N,,,,2,,,,,N,Y,N,0,0,N,1.0,0,2,2,,34686.0,N,116.936,79,Y,99,4,3,1,F,N,N,N,0,2,30,1,2,70,1,9,35,8,30,0,0,1,6,NT,3,60,,,,,,,,,,,,,,,,,,,,,,,,,,,,,,,,,,0,4,,"unit1 traveling ohio turnpike center . mile post . unit1 began hydroplane traveled left side roadway . unit1 struck median barrier , traveled going , striking guardrail coming final rest .",O,"[0.9891660809516907, 0.01024975161999464, 0.0005841291276738048]",O,"[0.9998359680175781, 0.00016153739125002176, 2.454196192047675e-06]",O,"[0.98291015625, 0.016387939453125, 0.0009098052978515625]"
46,46,176119708,"unit #1 was traveling east bound on i-480 in lane #1. unit #1 started to hydroplane, causing unit #1 to strike the positive median. unit #1 then veered to the right, crossing over into lane #2, side swiping unit #2. unit #2 was then forced into lane #4, striking unit #3 in the left rear of the vehicle.",20176119708,2017,O,8/1/2017 0:00,12,SCUYIR00480**C,S,CUY,13.07,41.421818,-81.734072,16000,17668.0,8/22/2017 0:00,5,3,N,2.0,Y,Y,1.0,19,0,19900.0,,,Y,13.07,SCUYIR00480**C,N,1,170084464,1,8,N,3,0,3,CLEVELAND,1,E,Y,N,8.0,Y,0.011,,N,,N,BROOKLYN,N,,0,,,HWY,480,IR,,15.2,N,,,,2,,,,,N,N,Y,0,0,N,1.0,0,2,1,,54054.0,N,15.374,29,Y,99,4,3,1,F,N,N,N,0,2,35,1,2,60,1,9,35,20,0,0,0,1,6,NT,3,60,44.0,1.0,4.0,3.0,1.0,M,,2.0,60.0,1.0,20.0,7.0,20.0,,,,1.0,6.0,NT,3.0,64.0,1.0,3.0,1.0,20.0,,,,,,1.0,6.0,1.0,0,4,,"unit1 traveling . unit1 started hydroplane , causing unit1 strike positive median . unit1 veered , crossing , side swiping unit2 . unit2 forced , striking unit3 left rear vehicle .",C,"[0.013036915101110935, 0.9628066420555115, 0.0241564754396677]",C,"[0.1873432993888855, 0.8052728176116943, 0.0073839514516294]",O,"[0.93603515625, 0.056640625, 0.00728607177734375]"