,id,OBJECTID,Narrative,DOCUMENT_NBR,CRASH_YR,CRASH_SEVERITY_CD,CRASH_MONTH_YEAR,DISTRICT_NBR,NLFID,NLF_JUR_CD,NLF_COUNTY_CD,COUNTY_LOG_NBR,ODOT_LATITUDE_NBR,ODOT_LONGITUDE_NBR,ODOT_FIPS_CD,AREA_CODE,CRASH_DATE,CRASH_TYPE_CD,DAY_IN_WEEK_CD,DISTRACTED_DRIVER_IND,FACILITY_TYPE_CD,FHWA_RDWY_DEPARTURE_IND,FREEWAY_IND,FUNCTIONAL_CLASS_CD,HOUR_OF_CRASH,INCAPAC_INJURIES_NBR,INTERCHANGE_ID,INTERSECTION_ID_CURRENT,INTERSECTION_LEG_ID,INTERSTATE_IND,INV_LOG_NBR,INV_NLFID,IS_COMMERCIAL_RELATED,LIGHT_COND_PRIMARY_CD,LOCAL_REPORT_NUMBER_ID,MAINTENANCE_AUTHORITY_CD,MONTH_OF_CRASH,NHS_CD,NO_INJURY_REPORTED_NBR,NON_INCAPAC_INJURIES_NBR,NUMBER_OF_UNITS_NBR,ODOT_CITY_VILLAGE_TWP_NME,ODOT_CRASH_LOCATION_CD,ODOT_DIR_FROM_REF_CD,ODOT_DIV_UNDIV_IND,ODOT_INTERSECTION_REL_IND,ODOT_LANES_NBR,ODOT_MAINTAINED_HWY_IND,ODOT_MILES_FROM_REF_NBR,ODOT_REF_ROUTE_PREFIX_CD,ODOT_YOUNG_DRIVER_IND,ODPS_ADDRESS_REFERENCE,ODPS_ALCOHOL_IND,ODPS_CITY_VILLAGE_TWP_NME,ODPS_DRUG_IND,ODPS_LOC_DIR_SUFFIX_CD,ODPS_LOC_IN_WORK_ZONE_CD,ODPS_LOC_ROAD_DIRECTION_CD,ODPS_LOC_ROAD_NME,ODPS_LOC_ROAD_SUFFIX_CD,ODPS_LOC_ROUTE_ID,ODPS_LOC_ROUTE_PREFIX_CD,ODPS_LOC_ROUTE_SUFFIX_CD,ODPS_MILEPOST_REFERENCE,ODPS_MOTORCYCLE_IND,ODPS_REF_DIR_SUFFIX_CD,ODPS_REF_DIRECTION_CD,ODPS_REF_GIVEN,ODPS_REF_POINT_USED_CD,ODPS_REF_ROUTE_ID,ODPS_REF_ROUTE_PREFIX_CD,ODPS_REF_ROUTE_SUFFIX_CD,ODPS_REF_SUFFIX_CD,ODPS_SCHOOL_ZONE_IND,ODPS_SENIOR_DRIVER_IND,ODPS_SPEED_IND,ODPS_TOTAL_FATALITIES_NBR,ODPS_TYPE_OF_WORK_ZONE_CD,ODPS_WORK_ZONE_IND,OPER_ACCESS_CONTROL_CD,POSSIBLE_INJURIES_NBR,ROAD_COND_PRIMARY_CD,ROAD_CONTOUR_CD,SA_RAMP_ID,SA_SEGMENT_ID,SECONDARY_CRASH,STATE_TRUE_LOG_NBR,U1_AGE_NBR,U1_AT_FAULT_IND,U1_CONT_CIR_PRIMARY_CD,U1_DIRECTION_FROM_CD,U1_DIRECTION_TO_CD,U1_DISTRACTED_BY_1_CD,U1_GENDER_CD,U1_IS_ALCOHOL_SUSPECTED,U1_IS_MARIJUANA_SUSPECTED,U1_IS_OTHER_DRUG_SUSPECTED,U1_NON_MOTORIST_LOC_CD,U1_NUMBER_OF_THRU_LANES,U1_OBJECT_STRUCK,U1_ODPS_UNIT_NBR,U1_OPERATINGIN_AUTONOMOUS_MODE,U1_POSTED_SPEED_NBR,U1_PRECRASH_ACTION_CD,U1_SEQ_OF_EVENTS_1_CD,U1_SEQ_OF_EVENTS_2_CD,U1_SEQ_OF_EVENTS_3_CD,U1_SEQ_OF_EVENTS_4_CD,U1_SEQ_OF_EVENTS_5_CD,U1_SEQ_OF_EVENTS_6_CD,U1_SPECIAL_FUNCTION_CD,U1_TRAFFIC_CONTROL_CD,U1_TURN_CD,U1_TYPE_OF_UNIT_CD,U1_UNIT_SPEED_NBR,U2_AGE_NBR,U2_CONT_CIR_PRIMARY_CD,U2_DIRECTION_FROM_CD,U2_DIRECTION_TO_CD,U2_DISTRACTED_BY_1_CD,U2_GENDER_CD,U2_NON_MOTORIST_LOC_CD,U2_ODPS_UNIT_NBR,U2_POSTED_SPEED_NBR,U2_PRECRASH_ACTION_CD,U2_SEQ_OF_EVENTS_1_CD,U2_SEQ_OF_EVENTS_2_CD,U2_SEQ_OF_EVENTS_3_CD,U2_SEQ_OF_EVENTS_4_CD,U2_SEQ_OF_EVENTS_5_CD,U2_SEQ_OF_EVENTS_6_CD,U2_SPECIAL_FUNCTION_CD,U2_TRAFFIC_CONTROL_CD,U2_TURN_CD,U2_TYPE_OF_UNIT_CD,U2_UNIT_SPEED_NBR,U3_CONT_CIR_PRIMARY_CD,U3_ODPS_UNIT_NBR,U3_PRECRASH_ACTION_CD,U3_SEQ_OF_EVENTS_1_CD,U3_SEQ_OF_EVENTS_2_CD,U3_SEQ_OF_EVENTS_3_CD,U3_SEQ_OF_EVENTS_4_CD,U3_SEQ_OF_EVENTS_5_CD,U3_SEQ_OF_EVENTS_6_CD,U3_SPECIAL_FUNCTION_CD,U3_TRAFFIC_CONTROL_CD,U3_TYPE_OF_UNIT_CD,UNRESTRAIN_OCCUPANTS,WEATHER_COND_CD,V1,clean_Narrative,BERT_predictions,BERT_prediction_probabilities,RoBERTa_predictions,RoBERTa_predictions_probabilities,distilBERT_predictions,distilBERT_predictions_probabilities
47,47,176127565,"unit #1 was traveling eastbound on the ohio turnpike in the middle lane. unit #1 hydroplaned due to heavy rainfall and standing water, striking the concrete median wall.",20176127565,2017,O,9/1/2017 0:00,12,SCUYIR00080*KC,S,CUY,4.509,41.356742,-81.888383,58422,17668.0,9/6/2017 0:00,13,4,N,2.0,Y,Y,1.0,16,0,,,,Y,4.509,SCUYIR00080*KC,N,1,90-0647-18,31,9,N,1,0,1,OLMSTED FALLS,1,W,Y,N,6.0,N,0.2,,N,,N,BEREA,N,,0,,,,80,IR,K,158.0,N,,,,2,,,,,N,N,Y,0,0,N,1.0,0,2,1,,47122.0,N,157.8,39,Y,5,4,3,1,M,N,N,N,0,2,35,1,2,70,1,35,0,0,0,0,0,1,6,NT,1,72,,,,,,,,,,,,,,,,,,,,,,,,,,,,,,,,,,0,4,,"unit1 traveling ohio turnpike middle . unit1 hydroplaned due heavy rainfall standing water , striking concrete median wall .",O,"[0.9998517036437988, 0.00014246877981349826, 5.8947689467458986e-06]",O,"[0.5579370260238647, 0.44105467200279236, 0.0010083370143547654]",O,"[1.0, 0.0, 0.0]"
48,48,176128518,unit 2 was traveling e/b in lane 3 on ir 90 in the area of milepost 154.8. unit 1 was entering ir 90 via the nagel rd on ramp for east bound travel. unit 1 failed to maintain reasonable control with unit 1 hydroplaning and entering lane 3 where unit 1 was struck in the rear by unit 2.,20176128518,2017,O,9/1/2017 0:00,3,SLORIR00090**C,S,LOR,22.141,41.464151,-81.99135,3352,17668.0,9/6/2017 0:00,2,4,N,2.0,N,Y,1.0,17,0,57950.0,,,Y,22.141,SLORIR00090**C,N,1,868,1,9,N,3,0,2,AVON,1,,Y,N,6.0,Y,0.0,,N,,N,AVON,N,,0,,,,90,IR,,154.8,N,,,,2,,,,,N,N,N,0,0,N,1.0,0,2,1,,56901.0,N,154.629,50,Y,99,4,3,1,F,N,N,N,0,2,0,1,2,65,8,20,0,0,0,0,0,1,6,NT,4,40,29.0,1.0,4.0,3.0,1.0,M,,2.0,65.0,1.0,20.0,,,,,,1.0,6.0,NT,5.0,60.0,,,,,,,,,,,,,0,2,,unit2 traveling area milepost .. unit1 entering via nagel ramp travel . unit1 failed maintain reasonable control unit1 hydroplaning entering unit1 struck rear unit2 .,O,"[0.9999960660934448, 3.5519603898137575e-06, 3.215835420178337e-07]",O,"[0.9932004809379578, 0.006548477336764336, 0.0002509727783035487]",O,"[1.0, 4.470348358154297e-05, 2.205371856689453e-06]"
49,49,176139241,"the driver of unit #2 stated she was traveling eastbound and was stopped at the intersection of schrock rd and ambleside dr, when the rear of her vehicle was struck by unit #1. the driver of unit #1 stated he was traveling eastbound on schrock rd and was approaching the intersection of schrock rd and ambleside dr when he attempted to break, but hydroplaned into the rear of unit #2 due to the rain and wet roads. the driver of unit #1 was cited for acda. (citation #1665318)",20176139241,2017,O,9/1/2017 0:00,6,SFRASR00710**C,S,FRA,1.85,40.105384,-82.978359,18000,19234.0,9/12/2017 0:00,2,3,N,2.0,N,N,4.0,19,0,,be40ec38-89c9-45c9-8b3e-2cfb6c5d32ca,5ebce4b3-c085-4d7d-b351-40609221dcd5,N,1.85,SFRASR00710**C,N,3,170797118,4,9,,4,0,2,COLUMBUS,3,,Y,Y,4.0,N,0.0,SR,Y,,N,COLUMBUS,N,,0,,SCHROCK,RD,,,,,N,,,AMBLESIDE,1,,,,DR,N,N,N,0,0,N,2.0,0,2,1,,195165.0,N,1.85,17,Y,8,4,3,1,M,N,N,N,0,2,0,1,2,40,11,20,0,0,0,0,0,1,2,NT,1,20,40.0,1.0,4.0,3.0,1.0,F,,2.0,40.0,11.0,20.0,,,,,,1.0,2.0,NT,3.0,,,,,,,,,,,,,,0,4,,"driver unit2 stated traveling stopped intersection schrock ambleside , rear vehicle struck unit1 . driver unit1 stated traveling schrock approaching intersection schrock ambleside attempted break , hydroplaned rear unit2 due rain wet roads . driver unit1 cited acda .",O,"[0.999998927116394, 9.721248943606042e-07, 7.709758165219682e-08]",O,"[0.9999961853027344, 3.656232593129971e-06, 7.941159196889203e-08]",O,"[1.0, 0.0, 0.0]"
50,50,176144226,"<p>unit 1 was traveling eastbound on us rt 24. unit 1 hydroplaned and spun going off the roadway on the right side, striking a guardrail.</p>",20176144226,2017,O,9/1/2017 0:00,2,SHENUS00024**C,S,HEN,4.977,41.396069,-84.148326,53564,99750.0,9/19/2017 0:00,13,3,N,2.0,Y,N,3.0,11,0,47500.0,,,N,4.977,SHENUS00024**C,N,1,IR17-02478,1,9,H,1,0,1,NAPOLEON TOWNSHIP,1,,Y,N,4.0,Y,0.0,,Y,,N,NAPOLEON TOWNSHIP,N,,0,,US 24,,24,US,,39.0,N,,,,2,,,,,N,N,N,0,0,N,2.0,0,2,1,,345941.0,N,39.003,23,Y,99,4,3,1,F,N,N,N,0,2,34,1,2,70,1,8,34,0,0,0,0,1,6,NT,1,45,,,,,,,,,,,,,,,,,,,,,,,,,,,,,,,,,,0,4,,"< p > unit1 traveling us . unit1 hydroplaned spun going roadway side , striking guardrail. < p >",O,"[0.9999995231628418, 3.911619330665417e-07, 6.688119924547209e-08]",O,"[0.9275811314582825, 0.07133513689041138, 0.0010837821755558252]",O,"[1.0, 0.0, 0.0]"
51,51,176144374,"at about 1025 hours on 10-05-2017, unit #1 was traveling north on ir75nb in the third lane from the eastern curb at about 50mph and when at milepost 54.2 apparently lost control due to hydroplaning and collided with unit #2, which was northbound on ir75nb in the second lane from the eastern curb at about 45mph.",20176144374,2017,O,10/1/2017 0:00,7,SMOTIR00075**C,S,MOT,13.25,39.768649,-84.197689,21000,22528.0,10/5/2017 0:00,5,5,N,2.0,N,Y,1.0,10,0,70200.0,,,Y,13.25,SMOTIR00075**C,Y,1,1710050038,1,10,N,2,0,2,DAYTON,1,,Y,N,6.0,Y,0.0,,N,,N,DAYTON,N,,0,,I 75,,75,IR,,54.2,N,,,,2,,,,,N,N,N,0,0,N,1.0,0,2,3,,56767.0,N,54.22,26,Y,99,2,1,1,M,N,N,N,0,2,0,1,2,55,13,20,0,0,0,0,0,1,6,NT,1,50,41.0,1.0,2.0,1.0,1.0,M,,2.0,55.0,1.0,20.0,,,,,,1.0,6.0,NT,15.0,45.0,,,,,,,,,,,,,0,4,,", unit1 traveling third eastern curb 5mph milepost . apparently lost control due hydroplaning collided unit2 , second eastern curb 45mph .",O,"[0.9999638795852661, 3.45075641234871e-05, 1.6115841390274e-06]",O,"[0.9819625020027161, 0.017215464264154434, 0.0008221611496992409]",O,"[1.0, 7.724761962890625e-05, 2.9206275939941406e-06]"
52,52,176144601,"unit 1 was traveling southbound on interstate 270 in the area of milepost 36.8. unit 1 attempted to change lanes from the number 4 to number 5 lane of travel. unit 1 began to hydroplane and ran off the right side of the roadway, into the ditch to the embankment and into a small tree before coming to a stop. the operator stated he was not injured.",20176144601,2017,O,10/1/2017 0:00,6,SFRAIR00270**C,S,FRA,36.8,40.007357,-82.877731,29106,19234.0,10/5/2017 0:00,13,5,N,2.0,Y,Y,1.0,11,0,27900.0,,,Y,36.8,SFRAIR00270**C,N,9,17GAH-25070-AC,1,10,N,1,0,1,GAHANNA,1,N,Y,N,8.0,Y,0.001,,N,,N,GAHANNA,N,,0,,JACK NICKLAUS,FWY,270,IR,,36.8,N,,,,2,,,,,N,N,N,0,0,N,1.0,0,2,2,,47260.0,N,36.8,42,Y,99,6,7,1,M,N,N,N,0,2,48,1,2,65,3,8,44,45,48,0,0,1,6,NT,1,65,,,,,,,,,,,,,,,,,,,,,,,,,,,,,,,,,,0,4,,"unit1 traveling interstate area milepost .. unit1 attempted change lanes number number travel . unit1 began hydroplane ran side roadway , ditch embankment small tree coming stop . operator stated injured .",O,"[0.9999998807907104, 9.92278614830866e-08, 1.88458315619755e-08]",O,"[1.0, 1.8578310764794104e-11, 7.0805779520274024e-15]",O,"[1.0, 0.0, 0.0]"
53,53,176146201,unit 1 was traveling west on ir 275 at the 39.4 mile post in the high speed lane. unit 1 began to hydroplane and went off the roadway left and struck the cable guardrail with the center front causing disabling damage.,20176146201,2017,O,10/1/2017 0:00,8,SHAMIR00275**N,S,HAM,21.714,39.300354,-84.519804,27706,16885.0,10/8/2017 0:00,13,1,N,2.0,Y,Y,1.0,17,0,,,,Y,21.497,SHAMIR00275**C,N,1,2.017E+12,1,10,N,1,0,1,FOREST PARK,1,,Y,N,6.0,Y,0.0,,Y,,N,FOREST PARK,N,,0,,,,275,IR,,39.4,N,,,,2,,,,,N,N,N,0,0,N,1.0,0,2,4,,91417.0,N,39.314,24,Y,99,3,4,1,M,N,N,N,0,2,33,1,2,65,1,9,33,0,0,0,0,1,6,NT,1,45,,,,,,,,,,,,,,,,,,,,,,,,,,,,,,,,,,0,4,,unit1 traveling . mile post high speed . unit1 began hydroplane went roadway left struck cable guardrail center front causing disabling damage .,O,"[0.9999957084655762, 3.901629042957211e-06, 3.6338147424430645e-07]",O,"[0.9999823570251465, 1.740312291076407e-05, 2.95925019599963e-07]",O,"[0.99609375, 0.004055023193359375, 0.0002313852310180664]"
54,54,176146295,both unit #1 and unit #2 stated the following: unit #1 was traveling southbound on cleveland ave. north of oakland park ave. in the right southbound lane while unit #2 was traveling westbound on oakland park ave. at the intersection of oakland park ave. and cleveland ave. the traffic signal turned red for the north and south bound lanes and green for the east and west lanes. unit #1 was slowing down at the light and hit standing water causing unit #1 to hydroplane. at the same time unit #2 had entered the intersection traveling west. unit #1 was unable to stop due to hydroplaning and struck unit #2 in the right rear with the right front of unit #1,20176146295,2017,O,10/1/2017 0:00,6,CFRACR00322**C,C,FRA,1.362,40.031294,-82.96404,18000,19234.0,10/9/2017 0:00,6,2,N,,N,N,4.0,0,0,,1591f75d-1dfd-4658-918d-633f0ea0cef1,42c07a9b-6a6a-4535-8fde-74d88e05a9d1,N,1.362,CFRACR00322**C,N,3,170879712,4,10,,2,0,2,COLUMBUS,2,W,N,Y,2.0,N,0.002,CR,Y,,N,COLUMBUS,N,,0,,OAKLAND PARK,AVE,,,,,N,,,CLEVELAND,1,,,,AVE,N,N,N,0,0,N,,0,2,1,,103313.0,N,1.362,23,Y,99,1,2,1,M,N,N,N,0,2,0,1,2,35,1,20,0,0,0,0,0,1,2,NT,1,25,63.0,1.0,3.0,4.0,1.0,M,,2.0,35.0,1.0,20.0,,,,,,1.0,2.0,NT,1.0,15.0,,,,,,,,,,,,,0,4,,unit1 unit2 stated following : unit1 traveling cleveland . oakland park . unit2 traveling oakland park . intersection oakland park . cleveland . traffic signal turned red lanes green lanes . unit1 slowing light hit standing water causing unit1 hydroplane . time unit2 entered intersection traveling . unit1 unable stop due hydroplaning struck unit2 rear front unit1,O,"[0.9999990463256836, 9.738165545059019e-07, 5.710608164122277e-08]",O,"[0.9969266057014465, 0.002892521908506751, 0.00018090559751726687]",O,"[1.0, 5.602836608886719e-06, 3.5762786865234375e-07]"
55,55,176146484,"unit #1 traveling from south bound i-75 to west bound i-74. unit #1 failed to maintain control on wet pavement, hydroplaned and struck the left barrier.",20176146484,2017,O,10/1/2017 0:00,8,SHAMIR00074**N,S,HAM,18.081,39.16181,-84.558663,15000,16885.0,10/8/2017 0:00,13,1,N,2.0,Y,Y,1.0,16,0,40700.0,,,Y,18.028,SHAMIR00074**C,N,1,175015233,1,10,N,1,0,1,CINCINNATI,1,,Y,N,6.0,Y,0.0,,Y,,N,CINCINNATI,N,,0,,,,74,IR,,18.0,N,,,,2,,,,,N,N,N,0,0,N,1.0,0,2,2,,39517.0,N,18.081,19,Y,99,3,4,1,F,N,N,N,0,2,35,1,2,55,1,35,0,0,0,0,0,1,6,NT,3,25,,,,,,,,,,,,,,,,,,,,,,,,,,,,,,,,,,0,4,,"unit1 traveling i. unit1 failed maintain control wet pavement , hydroplaned struck left barrier .",O,"[0.8740789294242859, 0.12424294650554657, 0.0016781153390184045]",O,"[0.8952956795692444, 0.10414785891771317, 0.0005564684397540987]",O,"[0.9990234375, 0.0006985664367675781, 4.607439041137695e-05]"
56,56,176146665,"on the above date and time, unit number one was traveling southbound on i-75 sb and when approaching the stanley avenue, when the driver lost control due to the vehicle hydroplaning. the driver of unit number one stated the car spun in a clockwise manner 180 degrees, at which point it made contact with the concrete wall over stanley avenue on the drivers side of the car. there were no injuries from the accident and only one unit involved.",20176146665,2017,O,10/1/2017 0:00,7,SMOTIR00075**N,S,MOT,14.993,39.788066,-84.18389,21000,22528.0,10/8/2017 0:00,13,1,N,2.0,Y,Y,1.0,18,0,,,,Y,14.974,SMOTIR00075**C,N,1,1710080067,1,10,N,2,0,1,DAYTON,7,,Y,N,6.0,Y,0.0,,Y,,N,DAYTON,N,,0,,,,57063,RA,,,N,,,STANLEY,1,,,,AVE,N,N,N,0,0,N,1.0,0,2,1,,39552.0,N,55.963,23,Y,99,1,2,1,F,N,N,N,0,2,29,1,2,55,1,8,29,0,0,0,0,1,6,NT,1,55,,,,,,,,,,,,,,,,,,,,,,,,,,,,,,,,,,0,4,,"date time , unit number one traveling approaching stanley , driver lost control due vehicle hydroplaning . driver unit number one stated car spun clockwise manner degrees , point made contact concrete wall stanley drivers side car . injuries accident one unit involved .",O,"[0.9999998807907104, 1.459157630279151e-07, 3.390357861121629e-08]",O,"[1.0, 1.4043572971189633e-09, 1.1180234255753208e-12]",O,"[1.0, 0.0, 0.0]"
57,57,176146752,"unit 1 was travelling southbound interstate 71 in the center lane in active rainfall. unit 1 hydroplaned and began to spin in a counterclockwise direction. unit 1 crossed over the right lane of travel, ran off road right and became disabled in the wood line along the interstate. unit 1 suffered heavy front and rear end damage.",20176146752,2017,AB,10/1/2017 0:00,8,SHAMIR00071**N,S,HAM,17.42,39.269001,-84.353682,51716,16885.0,10/8/2017 0:00,13,1,N,2.0,Y,Y,1.0,22,0,39700.0,,,Y,17.324,SHAMIR00071**C,N,3,2.017E+12,1,10,N,0,1,1,MONTGOMERY,1,,Y,N,7.0,Y,0.0,,Y,,N,MONTGOMERY,N,,0,,,,71,IR,,17.3,N,,,,2,,,,,N,N,N,0,0,N,2.0,0,2,1,,56692.0,N,17.42,24,Y,99,1,2,1,M,N,N,N,0,2,45,1,2,65,1,8,45,0,0,0,0,1,6,NT,1,65,,,,,,,,,,,,,,,,,,,,,,,,,,,,,,,,,,0,4,,"unit1 travelling interstate center active rainfall . unit1 hydroplaned began spin counterclockwise direction . unit1 crossed travel , ran became disabled wood line along interstate . unit1 suffered heavy front rear end damage .",O,"[0.9984304308891296, 0.0014496248913928866, 0.00011998429545201361]",O,"[0.6200950741767883, 0.37925007939338684, 0.0006547944503836334]",O,"[0.9990234375, 0.0008831024169921875, 0.000362396240234375]"
58,58,176146798,"the driver of unit #1 states that she was traveling west on ir 670, just east of the dublin rd exit when it felt like her vehicle was, """"lifted up"""" due to the heavy rain and pooling water on the roadway. the driver of unit #1 states that she lost control of the vehicle and that it struck the median as well as unit #2. the driver of unit #1 complained of a soar right arm, was scene by grandview medic 51 and stated that she may later seek medical attention. the driver of unit #2 states that she was westbound on ir 670 behind unit #1 when unit #1 lost control, spun out and struck her vehicle. witness #1 states that unit #1 was westbound on ir 670, just east of the dublin rd exit, when she hydroplaned, traveled left, struck the concrete median, traveled back right and then struck the guardrail and unit #2.",20176146798,2017,C,10/1/2017 0:00,6,SFRAIR00670**C,S,FRA,2.27,39.967458,-83.024078,18000,19234.0,10/8/2017 0:00,5,1,N,2.0,Y,Y,1.0,22,0,31400.0,3260a39c-698c-4293-b23f-8596259a662e,3b1bab47-a88d-4601-a216-a1062b0a52c3,Y,2.27,SFRAIR00670**C,N,3,170879491,1,10,N,1,0,2,COLUMBUS,1,E,Y,N,6.0,Y,0.038,RA,Y,,N,COLUMBUS,N,,0,,,,670,IR,,,N,,,DUBLIN,1,,,,RD,N,N,N,0,0,N,1.0,1,2,3,,81553.0,N,2.27,23,Y,99,3,4,1,F,N,N,N,0,2,35,1,2,65,1,35,30,20,0,0,0,1,6,NT,3,60,45.0,1.0,3.0,4.0,1.0,F,,2.0,65.0,3.0,20.0,,,,,,1.0,6.0,NT,1.0,57.0,,,,,,,,,,,,,0,4,,"driver unit1 states traveling , dublin exit felt like vehicle , `` '' lifted '' '' due heavy rain pooling water roadway . driver unit1 states lost control vehicle struck median well unit2 . driver unit1 complained soar arm , scene grandview medic stated may later seek medical attention . driver unit2 states behind unit1 unit1 lost control , spun struck vehicle . witness states unit1 , dublin exit , hydroplaned , traveled left , struck concrete median , traveled back struck guardrail unit2 .",C,"[3.26380472870369e-07, 0.9999995231628418, 1.5463238867141627e-07]",C,"[2.901066693539178e-07, 0.9999423027038574, 5.7437733630649745e-05]",C,"[2.980232238769531e-07, 1.0, 5.960464477539063e-08]"
59,59,176148426,"on the listed date and time, the listed driver of unit #1 stated that he was traveling northbound in the middle lane of i-71 when he hydroplaned due to the wet roadway and rain. victim #1 stated that when he lost control of the vehicle he traveled off to the right side of i-71, hit the curb and ended up down in the embankment. no injuries were reported and no other vehicles were involved. the vehicle was disabled and towed from the location. there was no citation issued.",20176148426,2017,O,10/1/2017 0:00,6,SFRAIR00071**C,S,FRA,21.25,40.014699,-82.993985,18000,19234.0,10/9/2017 0:00,17,2,N,2.0,Y,Y,1.0,1,0,28500.0,,,Y,21.25,SFRAIR00071**C,N,3,170879798,1,10,N,1,0,1,COLUMBUS,1,S,Y,N,6.0,Y,0.019,,N,,N,COLUMBUS,N,,0,,,,71,IR,,,N,,,HUDSON,1,,,,ST,N,N,N,0,0,N,1.0,0,2,1,,39473.0,N,112.294,48,Y,99,2,1,1,M,N,N,N,0,2,0,1,2,65,1,8,0,0,0,0,0,1,6,NT,1,50,,,,,,,,,,,,,,,,,,,,,,,,,,,,,,,,,,0,4,,"listed date time , listed driver unit1 stated traveling middle hydroplaned due wet roadway rain . victim stated lost control vehicle traveled side , hit curb ended embankment . injuries reported vehicles involved . vehicle disabled towed location . citation issued .",O,"[0.9999998807907104, 6.334578017685999e-08, 1.368982083249648e-08]",O,"[1.0, 1.0524506960374325e-10, 3.2066000923329854e-14]",O,"[1.0, 0.0, 0.0]"
60,60,176156116,"unit #1 and unit #2 were southbound on buckwheat road. unit #2 was stopped. unit #1 failed to maintain an assured clear distance ahead and struck the rear of unit #2. the driver of unit #1 advised he hydroplaned, which caused the crash.",20176156116,2017,O,10/1/2017 0:00,8,SCLESR00131**C,S,CLE,3.32,39.175911,-84.213631,49322,16885.0,10/23/2017 0:00,2,2,N,2.0,N,N,4.0,14,0,,effee9b9-36c5-49ae-af24-74b1722401d0,20a17f0b-b6ad-4cce-8a9e-88576e9549c9,N,3.32,SCLESR00131**C,N,1,00000017-13723,1,10,,3,0,2,MIAMI TOWNSHIP,1,N,N,N,2.0,Y,0.009,CR,Y,,N,MIAMI TOWNSHIP,N,,0,,BUCKWHEAT,RD,,,,,N,,,,1,131,SR,,,N,Y,N,0,0,N,3.0,0,2,1,,328458.0,N,3.32,17,Y,8,1,2,1,M,N,N,N,0,2,0,1,2,40,1,20,0,0,0,0,0,1,6,NT,1,10,67.0,1.0,1.0,2.0,1.0,F,,2.0,40.0,11.0,20.0,,,,,,1.0,6.0,NT,3.0,,,,,,,,,,,,,,0,4,,"unit1 unit2 buckwheat . unit2 stopped . unit1 failed maintain assured clear distance ahead struck rear unit2 . driver unit1 advised hydroplaned , caused crash .",C,"[0.0067241801880300045, 0.9916610717773438, 0.001614689826965332]",C,"[0.14789268374443054, 0.8476518988609314, 0.004455454181879759]",O,"[1.0, 0.0003743171691894531, 3.3974647521972656e-05]"
61,61,176156662,unit #1 driver stated to po her vehicle hydroplaned on wet pavement and struck unit #2 in left rear side. unit #1 was nb on i-75 in the left center lane at the 2-5 milepost at time of accident. unit #2 was nb i-75 in right center lane at time of accident. unit #1 driver failed to control mv on wet pavement causing accident.,20176156662,2017,O,10/1/2017 0:00,8,SHAMIR00075**C,S,HAM,2.522,39.124067,-84.535029,15000,16885.0,10/23/2017 0:00,5,2,N,2.0,N,Y,1.0,9,0,41000.0,,,Y,2.522,SHAMIR00075**C,N,1,175016097,1,10,N,2,0,2,CINCINNATI,1,,Y,N,8.0,Y,0.0,,Y,,N,CINCINNATI,N,,0,,MILL CREEK,EXPY,75,IR,,2.5,N,,,,2,,,,,N,N,N,0,0,N,1.0,0,2,1,,110977.0,N,2.522,36,Y,99,2,1,1,F,N,N,N,0,2,0,1,2,55,1,20,0,0,0,0,0,1,6,NT,3,45,18.0,1.0,2.0,1.0,1.0,M,,2.0,55.0,1.0,20.0,,,,,,1.0,6.0,NT,1.0,50.0,,,,,,,,,,,,,0,4,,unit1 driver stated po vehicle hydroplaned wet pavement struck unit2 left rear side . unit1 left center milepost time accident . unit2 center time accident . unit1 driver failed control mv wet pavement causing accident .,O,"[0.9998922348022461, 0.00010361173190176487, 4.172176886640955e-06]",O,"[0.9820207953453064, 0.017806576564908028, 0.0001726265181787312]",O,"[1.0, 2.980232238769531e-07, 5.960464477539063e-08]"
62,62,176156923,unit #1 was travelling n/b on crocker rd. and approaching the intersection of schwartz rd. unit #1 was in the center lane and stopped for a red light at the intersection. unit #2 was travelling directly behind unit #1. unit #2 attempted to stop and hydroplaned due to the water on the roadway. unit #2 then struck unit #1.,20176156923,2017,C,10/1/2017 0:00,12,CCUYCR00450**C,C,CUY,2.341,41.439469,-81.947487,83622,17668.0,10/24/2017 0:00,2,3,N,,N,N,3.0,13,0,,124ad91e-671b-4753-9739-74fa17e790aa,112a702d-a226-42b3-821b-0ad326769248,N,2.341,CCUYCR00450**C,Y,1,1732152,4,10,N,1,0,2,WESTLAKE,1,S,N,Y,4.0,N,0.005,MR,Y,,N,WESTLAKE,N,,0,,CROCKER,RD,,,,,N,,,SCHWARTZ,1,,,,RD,N,N,N,0,0,N,,1,2,1,,38070.0,N,2.341,23,Y,8,2,1,1,F,N,N,N,0,2,0,2,2,35,11,20,0,0,0,0,0,1,2,NT,1,25,60.0,1.0,2.0,1.0,1.0,M,,1.0,35.0,11.0,20.0,,,,,,1.0,2.0,NT,2.0,,,,,,,,,,,,,,0,4,,unit1 travelling crocker approaching intersection schwartz unit1 center stopped red light intersection . unit2 travelling directly behind unit1 . unit2 attempted stop hydroplaned due water roadway . unit2 struck unit1 .,O,"[0.9976466298103333, 0.0022667860612273216, 8.661580068292096e-05]",O,"[0.9299202561378479, 0.06808975338935852, 0.001990003976970911]",O,"[1.0, 1.4960765838623047e-05, 1.1920928955078125e-06]"