,id,OBJECTID,Narrative,DOCUMENT_NBR,CRASH_YR,CRASH_SEVERITY_CD,CRASH_MONTH_YEAR,DISTRICT_NBR,NLFID,NLF_JUR_CD,NLF_COUNTY_CD,COUNTY_LOG_NBR,ODOT_LATITUDE_NBR,ODOT_LONGITUDE_NBR,ODOT_FIPS_CD,AREA_CODE,CRASH_DATE,CRASH_TYPE_CD,DAY_IN_WEEK_CD,DISTRACTED_DRIVER_IND,FACILITY_TYPE_CD,FHWA_RDWY_DEPARTURE_IND,FREEWAY_IND,FUNCTIONAL_CLASS_CD,HOUR_OF_CRASH,INCAPAC_INJURIES_NBR,INTERCHANGE_ID,INTERSECTION_ID_CURRENT,INTERSECTION_LEG_ID,INTERSTATE_IND,INV_LOG_NBR,INV_NLFID,IS_COMMERCIAL_RELATED,LIGHT_COND_PRIMARY_CD,LOCAL_REPORT_NUMBER_ID,MAINTENANCE_AUTHORITY_CD,MONTH_OF_CRASH,NHS_CD,NO_INJURY_REPORTED_NBR,NON_INCAPAC_INJURIES_NBR,NUMBER_OF_UNITS_NBR,ODOT_CITY_VILLAGE_TWP_NME,ODOT_CRASH_LOCATION_CD,ODOT_DIR_FROM_REF_CD,ODOT_DIV_UNDIV_IND,ODOT_INTERSECTION_REL_IND,ODOT_LANES_NBR,ODOT_MAINTAINED_HWY_IND,ODOT_MILES_FROM_REF_NBR,ODOT_REF_ROUTE_PREFIX_CD,ODOT_YOUNG_DRIVER_IND,ODPS_ADDRESS_REFERENCE,ODPS_ALCOHOL_IND,ODPS_CITY_VILLAGE_TWP_NME,ODPS_DRUG_IND,ODPS_LOC_DIR_SUFFIX_CD,ODPS_LOC_IN_WORK_ZONE_CD,ODPS_LOC_ROAD_DIRECTION_CD,ODPS_LOC_ROAD_NME,ODPS_LOC_ROAD_SUFFIX_CD,ODPS_LOC_ROUTE_ID,ODPS_LOC_ROUTE_PREFIX_CD,ODPS_LOC_ROUTE_SUFFIX_CD,ODPS_MILEPOST_REFERENCE,ODPS_MOTORCYCLE_IND,ODPS_REF_DIR_SUFFIX_CD,ODPS_REF_DIRECTION_CD,ODPS_REF_GIVEN,ODPS_REF_POINT_USED_CD,ODPS_REF_ROUTE_ID,ODPS_REF_ROUTE_PREFIX_CD,ODPS_REF_ROUTE_SUFFIX_CD,ODPS_REF_SUFFIX_CD,ODPS_SCHOOL_ZONE_IND,ODPS_SENIOR_DRIVER_IND,ODPS_SPEED_IND,ODPS_TOTAL_FATALITIES_NBR,ODPS_TYPE_OF_WORK_ZONE_CD,ODPS_WORK_ZONE_IND,OPER_ACCESS_CONTROL_CD,POSSIBLE_INJURIES_NBR,ROAD_COND_PRIMARY_CD,ROAD_CONTOUR_CD,SA_RAMP_ID,SA_SEGMENT_ID,SECONDARY_CRASH,STATE_TRUE_LOG_NBR,U1_AGE_NBR,U1_AT_FAULT_IND,U1_CONT_CIR_PRIMARY_CD,U1_DIRECTION_FROM_CD,U1_DIRECTION_TO_CD,U1_DISTRACTED_BY_1_CD,U1_GENDER_CD,U1_IS_ALCOHOL_SUSPECTED,U1_IS_MARIJUANA_SUSPECTED,U1_IS_OTHER_DRUG_SUSPECTED,U1_NON_MOTORIST_LOC_CD,U1_NUMBER_OF_THRU_LANES,U1_OBJECT_STRUCK,U1_ODPS_UNIT_NBR,U1_OPERATINGIN_AUTONOMOUS_MODE,U1_POSTED_SPEED_NBR,U1_PRECRASH_ACTION_CD,U1_SEQ_OF_EVENTS_1_CD,U1_SEQ_OF_EVENTS_2_CD,U1_SEQ_OF_EVENTS_3_CD,U1_SEQ_OF_EVENTS_4_CD,U1_SEQ_OF_EVENTS_5_CD,U1_SEQ_OF_EVENTS_6_CD,U1_SPECIAL_FUNCTION_CD,U1_TRAFFIC_CONTROL_CD,U1_TURN_CD,U1_TYPE_OF_UNIT_CD,U1_UNIT_SPEED_NBR,U2_AGE_NBR,U2_CONT_CIR_PRIMARY_CD,U2_DIRECTION_FROM_CD,U2_DIRECTION_TO_CD,U2_DISTRACTED_BY_1_CD,U2_GENDER_CD,U2_NON_MOTORIST_LOC_CD,U2_ODPS_UNIT_NBR,U2_POSTED_SPEED_NBR,U2_PRECRASH_ACTION_CD,U2_SEQ_OF_EVENTS_1_CD,U2_SEQ_OF_EVENTS_2_CD,U2_SEQ_OF_EVENTS_3_CD,U2_SEQ_OF_EVENTS_4_CD,U2_SEQ_OF_EVENTS_5_CD,U2_SEQ_OF_EVENTS_6_CD,U2_SPECIAL_FUNCTION_CD,U2_TRAFFIC_CONTROL_CD,U2_TURN_CD,U2_TYPE_OF_UNIT_CD,U2_UNIT_SPEED_NBR,U3_CONT_CIR_PRIMARY_CD,U3_ODPS_UNIT_NBR,U3_PRECRASH_ACTION_CD,U3_SEQ_OF_EVENTS_1_CD,U3_SEQ_OF_EVENTS_2_CD,U3_SEQ_OF_EVENTS_3_CD,U3_SEQ_OF_EVENTS_4_CD,U3_SEQ_OF_EVENTS_5_CD,U3_SEQ_OF_EVENTS_6_CD,U3_SPECIAL_FUNCTION_CD,U3_TRAFFIC_CONTROL_CD,U3_TYPE_OF_UNIT_CD,UNRESTRAIN_OCCUPANTS,WEATHER_COND_CD,V1,clean_Narrative,BERT_predictions,BERT_prediction_probabilities,RoBERTa_predictions,RoBERTa_predictions_probabilities,distilBERT_predictions,distilBERT_predictions_probabilities
63,63,176166345,unit 1 was traveling eastbound on i-90 and had just crossed the sr 57 overpass. unit 1 began to hydroplane and the driver was unable to maintain control of the vehicle. unit 1 struck the center median and then left the roadway to the right (south). unit 1 came to rest out of the roadway and sustained disabling damage (front and left side).,20176166345,2017,O,11/1/2017 0:00,3,SLORIR00090**C,S,LOR,13.401,41.404706,-82.113629,25256,51364.0,11/3/2017 0:00,13,6,N,2.0,Y,Y,1.0,2,0,57600.0,,,Y,13.401,SLORIR00090**C,N,3,2017-00033019,1,11,N,1,0,1,ELYRIA,1,E,Y,N,4.0,Y,0.5,,Y,,N,ELYRIA,N,,4,,,,90,IR,,,N,,,LORAIN,1,57,SR,,BLVD,N,N,N,0,3,Y,1.0,0,2,1,,34856.0,N,145.889,24,Y,99,4,3,1,M,N,N,N,0,2,35,1,2,60,1,35,8,0,0,0,0,1,6,NT,1,45,,,,,,,,,,,,,,,,,,,,,,,,,,,,,,,,,,0,4,,unit1 traveling crossed overpass . unit1 began hydroplane driver unable maintain control vehicle . unit1 struck center median left roadway . unit1 came rest roadway sustained disabling damage .,O,"[0.9973352551460266, 0.0025225915014743805, 0.00014203095634002239]",O,"[0.9978362917900085, 0.0020567746832966805, 0.00010693882359191775]",O,"[0.85205078125, 0.12744140625, 0.021087646484375]"
64,64,176167141,unit 1 was westbound on ir 70 when it hydroplaned on the wet roadway. unit 1 traveled off of the left side of the roadway and struck a median cable barrier.,20176167141,2017,O,11/1/2017 0:00,5,SMUSIR00070**N,S,MUS,0.652,39.947108,-82.221356,36372,99999.0,11/5/2017 0:00,13,1,N,2.0,Y,Y,1.0,19,0,,,,Y,0.66,SMUSIR00070**C,N,4,60-1006-60,1,11,N,2,0,1,HOPEWELL TOWNSHIP,1,E,Y,N,4.0,Y,0.028,,N,,N,HOPEWELL TOWNSHIP,N,,0,,,,70,IR,,143.0,N,,,,2,,,,,N,N,Y,0,0,N,1.0,0,2,1,,39440.0,N,142.947,38,Y,5,3,4,1,F,N,N,N,0,2,33,1,2,70,1,9,33,0,0,0,0,1,6,NT,1,0,,,,,,,,,,,,,,,,,,,,,,,,,,,,,,,,,,0,4,,unit1 hydroplaned wet roadway . unit1 traveled left side roadway struck median cable barrier .,O,"[0.9994052648544312, 0.0005634753033518791, 3.127117088297382e-05]",O,"[0.9999994039535522, 6.537142667184526e-07, 3.781838397998172e-09]",O,"[1.0, 2.384185791015625e-07, 5.960464477539063e-08]"
65,65,176169974,"unit 1 was on the on ramp to oh - 11 southbound from oh - 82 west when unit 1 began to hydroplane on the wet roadway, causing the vehicle to loose control and go off the west side of the roadway. the vehicle spun around and hit the rear end into a tree causing the vehicle to stop. unit 1 sustained disabling damage and was towed by sorice towing. the driver of unit 1 was evaluated by vienna fd on scene and signed off on receiving medical treatment.",20176169974,2017,O,11/1/2017 0:00,4,STRURA78109**C,S,TRU,0.0,41.220078,-80.710435,80052,99775.0,11/5/2017 0:00,13,1,N,4.0,Y,N,3.0,8,0,91000.0,f72a1b56-5e78-4159-8526-51de47283324,c2709bd8-6438-4b04-a14f-d1826fddaec0,N,0.0,STRURA78109**C,N,1,17-03877,1,11,,1,0,1,VIENNA TOWNSHIP,7,S,N,N,,Y,0.414,SR,N,,N,VIENNA TOWNSHIP,N,,0,,,,11,SR,,,N,,,,1,82,SR,,,N,N,N,0,0,N,1.0,0,2,4,,,N,0.0,59,Y,99,6,2,1,M,N,N,N,0,2,48,1,2,65,8,8,48,0,0,0,0,1,6,RT,3,60,,,,,,,,,,,,,,,,,,,,,,,,,,,,,,,,,,0,4,,"unit1 ramp oh oh unit1 began hydroplane wet roadway , causing vehicle loose control go side roadway . vehicle spun around hit rear end tree causing vehicle stop . unit1 sustained disabling damage towed sorice towing . driver unit1 evaluated vienna fd scene signed receiving medical treatment .",C,"[1.3919844832344097e-07, 0.9999997615814209, 1.2318217557094613e-07]",C,"[8.85927329363767e-06, 0.9999911785125732, 2.702288703915201e-08]",C,"[0.0006384849548339844, 0.9990234375, 5.4717063903808594e-05]"
66,66,176171033,"unit #1, westbound, failed to control her vehicle and hydroplaned as she came around the curve. she overcorrected to attempt to gain control, the vehicle spun around one time and struck the concrete barrier facing the wrong direction.",20176171033,2017,O,11/1/2017 0:00,8,SHAMIR00071**N,S,HAM,1.331,39.099468,-84.505702,15000,16885.0,11/7/2017 0:00,13,3,N,2.0,Y,Y,1.0,7,0,38400.0,,,Y,1.218,SHAMIR00071**C,N,1,175017080,1,11,N,1,0,1,CINCINNATI,1,,Y,N,4.0,Y,0.0,,Y,,N,CINCINNATI,N,,0,,,,71,IR,,1.2,N,,,,2,,,,,N,N,N,0,0,N,2.0,0,2,3,,33886.0,N,1.331,25,Y,99,3,4,1,F,N,N,N,0,2,35,1,2,55,1,35,0,0,0,0,0,1,6,NT,1,35,,,,,,,,,,,,,,,,,,,,,,,,,,,,,,,,,,0,4,,"unit1 , , failed control vehicle hydroplaned came around curve . overcorrected attempt gain control , vehicle spun around one time struck concrete barrier facing wrong direction .",O,"[0.9999072551727295, 8.761008939472958e-05, 5.07333379573538e-06]",O,"[0.9871686697006226, 0.012604868970811367, 0.0002263665373902768]",O,"[1.0, 0.0001767873764038086, 1.1146068572998047e-05]"
67,67,176171971,unit 1 stated he was traveling westbound on five points pike when unit 1 hydroplaned due to water on the roadway. unit 1 ran off the left side of the road striking a ditch in front of 15399 five points pike. unit 1 vehicle was stuck in the ditch. unit 1 was unoccupied upon arrival. unit 1 sustained minor damage on the front left side of the vehicle. unit 1 was towed by fletcher's towing. contact with unit 1 was made by phone.,20176171971,2017,O,11/1/2017 0:00,6,CPICCR00021**C,C,PIC,6.891,39.719445,-83.201587,20156,99999.0,11/6/2017 0:00,13,2,N,,Y,N,7.0,7,0,,,,N,6.891,CPICCR00021**C,N,2,AC11170013,2,11,,1,0,1,DARBY TOWNSHIP,1,,N,N,2.0,N,0.0,,N,15399,N,MONROE TOWNSHIP,N,,0,,FIVE POINTS,PIKE,,,,,N,,,,3,,,,,N,N,N,0,0,N,,0,2,1,,51416.0,N,6.891,31,Y,1,3,4,1,M,N,N,N,0,2,44,1,2,55,1,9,44,0,0,0,0,1,6,NT,4,55,,,,,,,,,,,,,,,,,,,,,,,,,,,,,,,,,,0,1,,unit1 stated traveling five points pike unit1 hydroplaned due water roadway . unit1 ran left side striking ditch front five points pike . unit1 vehicle stuck ditch . unit1 unoccupied upon arrival . unit1 sustained minor damage front left side vehicle . unit1 towed fletcher 's towing . contact unit1 made phone .,O,"[1.0, 3.994041009036664e-08, 1.577198460722684e-08]",O,"[0.9999995231628418, 5.179144295652804e-07, 4.007497889091383e-09]",O,"[1.0, 0.0, 0.0]"
68,68,176172072,unit 1 stated she was traveling eastbound on tarlton road when turning into a curve. unit 1 stated she hydroplaned due to wet roads when she lost control of the back end of the vehicle. unit 1 stated she tried gaining control of the vehicle and was unable to. unit 1 went off the right side of the road striking a pole on the rear right side of the vehicle. unit 1 vehicle sustained minor damage to the right rear end and unit 1 sustained no injuries.,20176172072,2017,O,11/1/2017 0:00,6,CPICCR00016**C,C,PIC,2.16,39.565184,-82.914479,62484,99999.0,11/12/2017 0:00,13,1,N,,Y,N,6.0,20,0,,,,N,2.16,CPICCR00016**C,N,4,AC11170027,2,11,,1,0,1,PICKAWAY TOWNSHIP,1,,N,N,2.0,N,0.0,,Y,6339,N,PICKAWAY TOWNSHIP,N,,0,,TARTON,RD,,,,,N,,,,3,,,,,N,N,N,0,0,N,,0,2,3,,49356.0,N,2.16,16,Y,99,4,3,1,F,N,N,N,0,2,40,1,2,55,13,8,40,0,0,0,0,1,6,NT,3,50,,,,,,,,,,,,,,,,,,,,,,,,,,,,,,,,,,0,4,,unit1 stated traveling tarlton turning curve . unit1 stated hydroplaned due wet roads lost control back end vehicle . unit1 stated tried gaining control vehicle unable . unit1 went side striking pole rear side vehicle . unit1 vehicle sustained minor damage rear end unit1 sustained injuries .,O,"[0.9999892711639404, 1.0160674719372764e-05, 5.463677439365711e-07]",O,"[1.0, 5.517340473382149e-10, 1.628664217379061e-12]",O,"[1.0, 0.0, 0.0]"
69,69,176172107,unit one was traveling n/b on yactangee parkway and failed to yield to the red light at the intersection of yoctangee and mill. unit one struck unit two who was traveling e/b on mill st. unit two was in the intersection and was rotated 90 degrees. unit one stated that he attempted to stop and hydroplaned into the intersection. unit one also didn't have a valid driver license.,20176172107,2017,C,11/1/2017 0:00,9,CROSCR02011**C,C,ROS,0.66,39.338888,-82.988291,14184,99713.0,11/6/2017 0:00,6,2,N,,N,N,5.0,7,0,,308e4c54-0dcc-4519-8208-a21112c591a4,19ff5654-f3e4-4b06-8017-176fe146641b,N,0.66,CROSCR02011**C,N,1,17  24274,4,11,,3,0,2,CHILLICOTHE,2,,Y,Y,4.0,N,0.0,MR,N,,N,CHILLICOTHE,N,,0,,YOCTANGEE,PKWY,,,,,N,,,MILL,1,,,,ST,Y,N,N,0,0,N,,1,2,1,,68825.0,N,0.66,27,Y,3,2,1,1,M,N,N,N,0,2,0,1,2,20,1,20,0,0,0,0,0,1,2,NT,1,0,41.0,1.0,4.0,3.0,1.0,F,,2.0,20.0,1.0,20.0,99.0,,,,,1.0,2.0,NT,1.0,,,,,,,,,,,,,,0,2,,unit1 traveling yactangee failed yield red light intersection yoctangee mill . unit1 struck unit2 traveling mill unit2 intersection rotated degrees . unit1 stated attempted stop hydroplaned intersection . unit1 also n't valid driver license .,C,"[0.37304818630218506, 0.5566139221191406, 0.0703379437327385]",C,"[0.006529145408421755, 0.9898518919944763, 0.003618937451392412]",O,"[0.91845703125, 0.06524658203125, 0.0164337158203125]"
70,70,176174285,"the accident occurred on state route 315 northbound between henderson rd and bethel rd. the driver of unit 1 stated she was traveling n/b on s.r. 315 in the left hammer lane. the driver of unit 1 stated she hydroplaned, lost control striking the concrete center median wall. the driver of unit 1 stated she had possible injury from whiplash. cfd medic 19 responded and treated at scene.",20176174285,2017,C,11/1/2017 0:00,6,SFRASR00315**C,S,FRA,8.4,40.060646,-83.030762,18000,19234.0,11/18/2017 0:00,13,7,N,2.0,Y,Y,2.0,18,0,34600.0,,,N,8.4,SFRASR00315**C,N,3,171001724,4,11,N,2,0,1,COLUMBUS,1,S,Y,N,6.0,N,0.17,,N,,N,COLUMBUS,N,,0,N,315TH,HWY,315,SR,,,N,,,BETHEL,1,,,,RD,N,N,N,0,0,N,1.0,1,2,3,,329321.0,N,8.4,42,Y,99,2,1,1,F,N,N,N,0,2,35,1,2,65,1,9,35,0,0,0,0,1,6,NT,1,65,,,,,,,,,,,,,,,,,,,,,,,,,,,,,,,,,,0,4,,"accident occurred state henderson bethel driver unit1 stated traveling s.r . left hammer . driver unit1 stated hydroplaned , lost control striking concrete center median wall . driver unit1 stated possible injury whiplash . cfd medic responded treated scene .",C,"[9.192390848511423e-07, 0.9999986886978149, 3.6937365166522795e-07]",C,"[2.6176820711043547e-07, 0.9999992847442627, 4.606380628047191e-07]",C,"[3.993511199951172e-06, 1.0, 1.7881393432617188e-07]"
71,71,176174394,"unit #1 was headed ir-480 eastbound in the #3 lane. unit #1 states that she hydroplaned on the wet roadway, causing her to lose control of the vehicle. unit #1 ran off the right side of the roadway and struck a tree.",20176174394,2017,O,11/1/2017 0:00,12,SCUYIR00480**C,S,CUY,11.836,41.42567,-81.757205,9246,17668.0,11/18/2017 0:00,13,7,N,2.0,Y,Y,1.0,4,0,19800.0,,,Y,11.836,SCUYIR00480**C,N,3,170115384,1,11,N,3,0,1,BROOKLYN,1,W,Y,N,8.0,Y,0.009,,N,,N,BROOKLYN,N,,0,,SENATOR JOHN GLENN,HWY,480,IR,,14.0,N,,,,2,,,,,N,N,N,0,0,N,1.0,0,2,4,,35024.0,N,14.14,41,Y,99,4,3,1,F,N,N,N,0,2,48,1,2,60,1,8,45,48,0,0,0,1,6,NT,4,60,,,,,,,,,,,,,,,,,,,,,,,,,,,,,,,,,,0,4,,"unit1 headed ir . unit1 states hydroplaned wet roadway , causing lose control vehicle . unit1 ran side roadway struck tree .",O,"[0.8740972280502319, 0.10757481306791306, 0.01832788810133934]",C,"[0.11184971779584885, 0.8819583058357239, 0.006191970314830542]",O,"[0.47412109375, 0.447021484375, 0.0789794921875]"
72,72,176174515,unit #1 was eastbound on the ohio turnpike (ir 80). unit #1 hydroplaned and drove off the right side of the roadway. unit #1 struck a mile post marker and went into the ditch.,20176174515,2017,O,11/1/2017 0:00,4,STRUIR00080*KC,S,TRU,6.51,41.177037,-80.9215,55636,99999.0,11/18/2017 0:00,13,7,N,2.0,Y,Y,1.0,9,0,,,,Y,6.51,STRUIR00080*KC,N,1,91-0709-78,31,11,N,1,0,1,NEWTON TOWNSHIP,1,W,Y,N,6.0,N,0.4,,Y,,N,NEWTON TOWNSHIP,N,,0,,I 80,,80,IR,K,213.0,N,,,,2,,,,,N,N,Y,0,0,N,1.0,0,2,1,,91342.0,N,212.543,22,Y,5,4,3,1,F,N,N,N,0,2,41,1,2,70,1,8,41,44,0,0,0,1,6,NT,1,65,,,,,,,,,,,,,,,,,,,,,,,,,,,,,,,,,,0,4,,unit1 ohio turnpike . unit1 hydroplaned drove side roadway . unit1 struck mile post marker went ditch .,O,"[0.7743597030639648, 0.2074035406112671, 0.01823672652244568]",O,"[0.9978700876235962, 0.002039518905803561, 9.044291073223576e-05]",O,"[1.0, 1.430511474609375e-06, 1.1920928955078125e-07]"
73,73,176174586,"at about 1711 on november 18, 2017 unit number one was traveling northbound on i-75 at approximately 50 mph and when near mile post 54 apparently hydroplaned right and collided with unit 2, then over-corrected and collided into the concrete jersey wall in the middle of the highway.",20176174586,2017,O,11/1/2017 0:00,7,SMOTIR00075**C,S,MOT,13.05,39.765949,-84.19896,21000,22528.0,11/18/2017 0:00,2,7,N,2.0,N,Y,1.0,17,0,,fd07a47b-48f3-475b-9416-a867650461fb,d90d3b8f-762f-49b2-b59c-11eb7b1839bd,Y,13.05,SMOTIR00075**C,Y,2,1711180071,1,11,N,3,0,2,DAYTON,1,,Y,N,6.0,Y,0.0,,N,,N,DAYTON,N,,0,,I 75,,75,IR,,54.0,N,,,,2,,,,,N,N,N,0,0,N,1.0,0,2,1,,91192.0,N,54.02,28,Y,99,2,1,1,F,N,N,N,0,2,35,1,2,55,1,20,35,0,0,0,0,1,6,NT,4,50,48.0,1.0,2.0,1.0,1.0,M,,2.0,55.0,1.0,20.0,,,,,,1.0,6.0,NT,15.0,45.0,,,,,,,,,,,,,0,4,,"november , unit number one traveling approximately mph near mile post apparently hydroplaned collided unit2 , overcorrected collided concrete jersey wall middle .",C,"[0.02867504581809044, 0.9536250829696655, 0.01769988238811493]",C,"[0.061942532658576965, 0.932358980178833, 0.005698482505977154]",O,"[0.60400390625, 0.38427734375, 0.01153564453125]"
74,74,176174772,unit 1 was southwest on ir71 in the left lane when it hydroplaned on the wet roadway. unit 1 spun out and traveled off the left side of the roadway into the grassy median where it struck the metal median cable barrier.,20176174772,2017,O,11/1/2017 0:00,3,SASDIR00071**N,S,ASD,5.186,40.835749,-82.300775,51688,99999.0,11/18/2017 0:00,13,7,N,2.0,Y,Y,1.0,7,0,,,,Y,5.176,SASDIR00071**C,N,1,03-0871-03,1,11,N,1,0,1,MONTGOMERY TOWNSHIP,1,S,Y,N,6.0,Y,0.1,,N,,N,MONTGOMERY TOWNSHIP,N,,0,,,,71,IR,,184.0,N,,,,2,,,,,N,N,Y,0,0,N,1.0,0,2,1,,42800.0,N,183.913,28,Y,5,5,8,1,M,N,N,N,0,2,33,1,2,70,1,9,33,0,0,0,0,1,6,NT,1,78,,,,,,,,,,,,,,,,,,,,,,,,,,,,,,,,,,0,4,,unit1 left hydroplaned wet roadway . unit1 spun traveled left side roadway grassy median struck metal median cable barrier .,O,"[0.9999504089355469, 4.692871880251914e-05, 2.5869690034596715e-06]",O,"[0.9999843835830688, 1.5335122952819802e-05, 2.2012893907685793e-07]",O,"[1.0, 0.0, 0.0]"
75,75,176174815,"unit #2 was traveling east on oakland park ave and came to a stop preparing to turn left (north) onto oaklawn st. unit #1 was directly behind unit #2. unit #1 failed to maintain assured clear distance ahead, striking unit #2 in the rear. the driver of unit #1 stated due to the rainy and wet conditions her vehicle hydroplaned. the driver of unit #1 was determined to be at fault and was cited for 2133.03(a) acda. the driver of unit #1 also had a suspended license and was cited accordingly. the front passenger of unit #2 was transported to children's hospital by cfd medic 16 where she was treated by er staff for neck pain. no other injuries reported. unit #2 was towed per the owner by a&e towing. unit #1 was impounded to the cpd impount lot by maynard's towing.",20176174815,2017,C,11/1/2017 0:00,6,CFRACR00322**C,C,FRA,1.128,40.031496,-82.968453,18000,19234.0,11/18/2017 0:00,2,7,N,,N,N,4.0,17,0,,520842ba-1cb6-4246-8cbc-8c8646f6b734,84a74ece-bfb6-4905-aad3-0ff42831170a,N,1.128,CFRACR00322**C,N,3,171001641,4,11,,2,0,2,COLUMBUS,2,,N,Y,4.0,N,0.0,MR,Y,,N,COLUMBUS,N,,0,,OAKLAND PARK,AVE,,,,,N,,,OAKLAWN,1,,,,ST,N,N,N,0,0,N,,1,2,1,,103312.0,N,1.128,24,Y,8,4,3,1,F,N,N,N,0,2,0,1,2,35,1,20,0,0,0,0,0,1,6,NT,1,27,22.0,1.0,4.0,1.0,1.0,F,,2.0,35.0,6.0,20.0,,,,,,1.0,6.0,LT,1.0,,,,,,,,,,,,,,0,4,,"unit2 traveling oakland park came stop preparing turn left onto oaklawn unit1 directly behind unit2 . unit1 failed maintain assured clear distance ahead , striking unit2 rear . driver unit1 stated due rainy wet conditions vehicle hydroplaned . driver unit1 determined fault cited . acda . driver unit1 also suspended license cited accordingly . front passenger unit2 transported children 's hospital cfd medic treated staff neck pain . injuries reported . unit2 towed per owner & e towing . unit1 impounded cpd impount lot maynard 's towing .",C,"[7.688713026254845e-07, 0.9999983310699463, 1.0084363566420507e-06]",C,"[3.7552783282990276e-07, 0.9999991655349731, 4.3387774439906934e-07]",C,"[4.76837158203125e-07, 1.0, 8.940696716308594e-07]"
76,76,176175132,unit #1 was driving northbound on i-77 when it began to hydroplane and struck the median on the west side of the roadway then spun out of control until it came to rest on the east side of the roadway.,20176175132,2017,O,11/1/2017 0:00,4,SSUMRA77062**C,S,SUM,0.003,41.031972,-81.504824,1000,99747.0,11/18/2017 0:00,13,7,N,4.0,Y,Y,2.0,19,0,85400.0,c3cfc9a6-53cf-4835-a921-a3d3dc74e1a9,fbaa8b0a-aee9-4fef-b43d-3f0cc9a69da2,N,0.003,SSUMRA77062**C,N,3,T17006951,4,11,,1,0,1,AKRON,7,,N,N,,N,0.0,MR,Y,,N,AKRON,N,,0,,,,77140,RA,,,N,E,,,1,764,SR,,,N,N,N,0,0,N,1.0,0,2,1,,,N,0.003,21,Y,99,2,1,1,F,N,N,N,0,2,36,1,2,55,8,36,0,0,0,0,0,1,6,NT,1,0,,,,,,,,,,,,,,,,,,,,,,,,,,,,,,,,,,0,4,,unit1 driving began hydroplane struck median side roadway spun control came rest side roadway .,O,"[0.9996887445449829, 0.0002919054822996259, 1.947426062542945e-05]",O,"[0.6877456307411194, 0.30328622460365295, 0.008968181908130646]",O,"[0.9970703125, 0.0030040740966796875, 0.000354766845703125]"
77,77,176175229,unit 1 was traveling eastbound on smith rd. approaching the round-a-bout. unit 1 hydroplaned and slid off the road onto the railroad tracks causing damage to the front bumper of the vehicle,20176175229,2017,O,11/1/2017 0:00,4,CSUMCR00116**C,C,SUM,3.295,41.1409,-81.565121,19778,766.0,11/18/2017 0:00,0,7,N,,Y,N,3.0,18,0,,5007d60a-485a-417d-a004-35e540e82425,5a92858f-57e7-4bad-a61e-5fa1363bb916,N,3.295,CSUMCR00116**C,N,3,T17006948,4,11,,1,0,1,CUYAHOGA FALLS,1,,N,N,2.0,N,0.0,CR,N,,N,AKRON,N,,0,,SMITH,RD,,,,,N,,,CVSRR,1,,,,RD,N,N,N,0,0,N,,0,2,2,,24777.0,N,3.295,48,Y,99,4,3,1,F,N,N,N,0,2,54,1,2,0,1,54,0,0,0,0,0,1,6,NT,1,0,,,,,,,,,,,,,,,,,,,,,,,,,,,,,,,,,,0,4,,unit1 traveling smith approaching roundabout . unit1 hydroplaned slid onto railroad tracks causing damage front bumper vehicle,O,"[0.9999998807907104, 9.827517999383417e-08, 2.6408061515326153e-08]",O,"[0.9999974966049194, 2.460522409819532e-06, 1.3159541012441878e-08]",O,"[1.0, 0.0, 0.0]"
78,78,176175420,"unit #1 was east on us224e. unit #2 was entering us224e from manchester rd. according to the driver of unit #1, she changed lanes to the center lane as unit #2 was getting on the highway. according to the driver of unit #2, she felt the car hydroplaning as she was getting on the highway. unit #2 lost control and spun into the right side of unit #1.",20176175420,2017,O,11/1/2017 0:00,4,SSUMIR00277**C,S,SUM,1.616,41.027131,-81.542632,1000,766.0,11/18/2017 0:00,5,7,N,2.0,N,Y,1.0,18,0,,,,Y,1.616,SSUMIR00277**C,N,3,T17006945,1,11,N,3,0,2,AKRON,1,,Y,N,6.0,Y,0.0,,Y,,N,AKRON,N,,0,,,,224,US,,,N,,,MANCHESTER,1,,,,RD,N,N,N,0,0,N,1.0,0,2,2,,47372.0,N,1.616,25,Y,99,4,3,1,F,N,N,N,0,2,0,2,2,60,1,20,0,0,0,0,0,1,6,NT,1,0,29.0,1.0,4.0,3.0,1.0,F,,1.0,60.0,1.0,20.0,,,,,,1.0,6.0,NT,1.0,,,,,,,,,,,,,,0,4,,"unit1 us224e . unit2 entering us224e manchester according driver unit1 , changed lanes center unit2 getting . according driver unit2 , felt car hydroplaning getting . unit2 lost control spun side unit1 .",O,"[0.5342251658439636, 0.4330531358718872, 0.03272169828414917]",O,"[0.9999604225158691, 3.836902396869846e-05, 1.21807840969268e-06]",O,"[0.9931640625, 0.006237030029296875, 0.00016748905181884766]"