,id,OBJECTID,Narrative,DOCUMENT_NBR,CRASH_YR,CRASH_SEVERITY_CD,CRASH_MONTH_YEAR,DISTRICT_NBR,NLFID,NLF_JUR_CD,NLF_COUNTY_CD,COUNTY_LOG_NBR,ODOT_LATITUDE_NBR,ODOT_LONGITUDE_NBR,ODOT_FIPS_CD,AREA_CODE,CRASH_DATE,CRASH_TYPE_CD,DAY_IN_WEEK_CD,DISTRACTED_DRIVER_IND,FACILITY_TYPE_CD,FHWA_RDWY_DEPARTURE_IND,FREEWAY_IND,FUNCTIONAL_CLASS_CD,HOUR_OF_CRASH,INCAPAC_INJURIES_NBR,INTERCHANGE_ID,INTERSECTION_ID_CURRENT,INTERSECTION_LEG_ID,INTERSTATE_IND,INV_LOG_NBR,INV_NLFID,IS_COMMERCIAL_RELATED,LIGHT_COND_PRIMARY_CD,LOCAL_REPORT_NUMBER_ID,MAINTENANCE_AUTHORITY_CD,MONTH_OF_CRASH,NHS_CD,NO_INJURY_REPORTED_NBR,NON_INCAPAC_INJURIES_NBR,NUMBER_OF_UNITS_NBR,ODOT_CITY_VILLAGE_TWP_NME,ODOT_CRASH_LOCATION_CD,ODOT_DIR_FROM_REF_CD,ODOT_DIV_UNDIV_IND,ODOT_INTERSECTION_REL_IND,ODOT_LANES_NBR,ODOT_MAINTAINED_HWY_IND,ODOT_MILES_FROM_REF_NBR,ODOT_REF_ROUTE_PREFIX_CD,ODOT_YOUNG_DRIVER_IND,ODPS_ADDRESS_REFERENCE,ODPS_ALCOHOL_IND,ODPS_CITY_VILLAGE_TWP_NME,ODPS_DRUG_IND,ODPS_LOC_DIR_SUFFIX_CD,ODPS_LOC_IN_WORK_ZONE_CD,ODPS_LOC_ROAD_DIRECTION_CD,ODPS_LOC_ROAD_NME,ODPS_LOC_ROAD_SUFFIX_CD,ODPS_LOC_ROUTE_ID,ODPS_LOC_ROUTE_PREFIX_CD,ODPS_LOC_ROUTE_SUFFIX_CD,ODPS_MILEPOST_REFERENCE,ODPS_MOTORCYCLE_IND,ODPS_REF_DIR_SUFFIX_CD,ODPS_REF_DIRECTION_CD,ODPS_REF_GIVEN,ODPS_REF_POINT_USED_CD,ODPS_REF_ROUTE_ID,ODPS_REF_ROUTE_PREFIX_CD,ODPS_REF_ROUTE_SUFFIX_CD,ODPS_REF_SUFFIX_CD,ODPS_SCHOOL_ZONE_IND,ODPS_SENIOR_DRIVER_IND,ODPS_SPEED_IND,ODPS_TOTAL_FATALITIES_NBR,ODPS_TYPE_OF_WORK_ZONE_CD,ODPS_WORK_ZONE_IND,OPER_ACCESS_CONTROL_CD,POSSIBLE_INJURIES_NBR,ROAD_COND_PRIMARY_CD,ROAD_CONTOUR_CD,SA_RAMP_ID,SA_SEGMENT_ID,SECONDARY_CRASH,STATE_TRUE_LOG_NBR,U1_AGE_NBR,U1_AT_FAULT_IND,U1_CONT_CIR_PRIMARY_CD,U1_DIRECTION_FROM_CD,U1_DIRECTION_TO_CD,U1_DISTRACTED_BY_1_CD,U1_GENDER_CD,U1_IS_ALCOHOL_SUSPECTED,U1_IS_MARIJUANA_SUSPECTED,U1_IS_OTHER_DRUG_SUSPECTED,U1_NON_MOTORIST_LOC_CD,U1_NUMBER_OF_THRU_LANES,U1_OBJECT_STRUCK,U1_ODPS_UNIT_NBR,U1_OPERATINGIN_AUTONOMOUS_MODE,U1_POSTED_SPEED_NBR,U1_PRECRASH_ACTION_CD,U1_SEQ_OF_EVENTS_1_CD,U1_SEQ_OF_EVENTS_2_CD,U1_SEQ_OF_EVENTS_3_CD,U1_SEQ_OF_EVENTS_4_CD,U1_SEQ_OF_EVENTS_5_CD,U1_SEQ_OF_EVENTS_6_CD,U1_SPECIAL_FUNCTION_CD,U1_TRAFFIC_CONTROL_CD,U1_TURN_CD,U1_TYPE_OF_UNIT_CD,U1_UNIT_SPEED_NBR,U2_AGE_NBR,U2_CONT_CIR_PRIMARY_CD,U2_DIRECTION_FROM_CD,U2_DIRECTION_TO_CD,U2_DISTRACTED_BY_1_CD,U2_GENDER_CD,U2_NON_MOTORIST_LOC_CD,U2_ODPS_UNIT_NBR,U2_POSTED_SPEED_NBR,U2_PRECRASH_ACTION_CD,U2_SEQ_OF_EVENTS_1_CD,U2_SEQ_OF_EVENTS_2_CD,U2_SEQ_OF_EVENTS_3_CD,U2_SEQ_OF_EVENTS_4_CD,U2_SEQ_OF_EVENTS_5_CD,U2_SEQ_OF_EVENTS_6_CD,U2_SPECIAL_FUNCTION_CD,U2_TRAFFIC_CONTROL_CD,U2_TURN_CD,U2_TYPE_OF_UNIT_CD,U2_UNIT_SPEED_NBR,U3_CONT_CIR_PRIMARY_CD,U3_ODPS_UNIT_NBR,U3_PRECRASH_ACTION_CD,U3_SEQ_OF_EVENTS_1_CD,U3_SEQ_OF_EVENTS_2_CD,U3_SEQ_OF_EVENTS_3_CD,U3_SEQ_OF_EVENTS_4_CD,U3_SEQ_OF_EVENTS_5_CD,U3_SEQ_OF_EVENTS_6_CD,U3_SPECIAL_FUNCTION_CD,U3_TRAFFIC_CONTROL_CD,U3_TYPE_OF_UNIT_CD,UNRESTRAIN_OCCUPANTS,WEATHER_COND_CD,V1,clean_Narrative,BERT_predictions,BERT_prediction_probabilities,RoBERTa_predictions,RoBERTa_predictions_probabilities,distilBERT_predictions,distilBERT_predictions_probabilities
110,110,186032520,"unit #1 was traveling west bound 670 at goodale rd and due to the rain could not see and hydroplaned and struck the rear of unit #2. unit #2 was also traveling same direction, directly in front of unit #1. both drivers were transported to osu main hospital, treated by doctor aziz for entire body soreness, and in stable condition. both vehicles were disabled and transported to city of columbus police impound lot for safe keeping. ohio drivers licenses and vehicle registration were verified by ohleg. driver of unit #1 cited acda.",20186032520,2018,AB,2/1/2018 0:00,6,SFRAIR00670**N,S,FRA,2.735,39.968921,-83.022261,18000,19234.0,2/24/2018 0:00,2,7,N,2.0,N,Y,1.0,22,0,,,,Y,2.418,SFRAIR00670**C,N,3,180154258,1,2,N,1,2,2,COLUMBUS,9,N,Y,N,6.0,Y,0.009,,N,,N,COLUMBUS,N,,0,,I 670 W,,670,IR,,,N,,,GOODALE,1,,,,RD,N,N,N,0,0,N,1.0,0,2,4,,81554.0,N,2.735,30,Y,8,3,4,1,F,N,N,N,0,2,0,1,2,0,11,20,0,0,0,0,0,1,6,NT,1,0,38.0,1.0,3.0,4.0,1.0,M,,2.0,,1.0,20.0,,,,,,1.0,6.0,NT,1.0,,,,,,,,,,,,,,0,4,,"unit1 traveling goodale due rain could see hydroplaned struck rear unit2 . unit2 also traveling direction , directly front unit1 . drivers transported osu main hospital , treated doctor aziz entire body soreness , stable condition . vehicles disabled transported city columbus police impound lot safe keeping . ohio drivers licenses vehicle registration verified ohleg . driver unit1 cited acda .",C,"[1.026587938213197e-06, 0.9999946355819702, 4.2660308281483594e-06]",C,"[5.683270956069464e-07, 0.9999339580535889, 6.549813406309113e-05]",C,"[2.980232238769531e-07, 1.0, 2.384185791015625e-07]"
111,111,186032702,"unit #1 was eb on 76 and exited to continue eb on sr 59 e. unit #1 struck standing water, hydroplaned and lost control striking left concrete median wall, then rotated and struck right concrete guard wall. unit #1 is a city of akron",20186032702,2018,O,2/1/2018 0:00,4,SSUMSR00059**C,S,SUM,0.263,41.061946,-81.539481,1000,766.0,2/19/2018 0:00,13,2,N,2.0,N,Y,2.0,15,0,84400.0,,,N,0.263,SSUMSR00059**C,N,1,T18001407,4,2,N,1,0,1,AKRON,1,W,Y,N,4.0,N,0.038,IR,N,,N,AKRON,N,,0,,STATE ROUTE 59 E,,59,SR,,,N,E,,I 76 E,1,76,IR,,,N,N,N,0,0,N,1.0,0,2,2,,296460.0,N,0.263,60,N,99,4,3,1,M,N,N,N,0,2,35,1,2,55,1,13,9,35,8,35,0,13,6,NT,1,55,,,,,,,,,,,,,,,,,,,,,,,,,,,,,,,,,,0,4,,"unit1 exited continue unit1 struck standing water , hydroplaned lost control striking left concrete median wall , rotated struck concrete guard wall . unit1 city akron",C,"[0.43926066160202026, 0.5266947746276855, 0.034044574946165085]",C,"[0.029702050611376762, 0.9685225486755371, 0.0017754314467310905]",C,"[0.178466796875, 0.80419921875, 0.01708984375]"
112,112,186036595,unit 1 was northbound on interestate 270 at mile post 36.8 when it hydroplaned and spun into the center median. unit 1 spun 180 degrees and struck two concrete drains in the median causing disabling damage. the driver was not injured. she was cited for fail to control. the driver and owner of unit 1 stated that she has car insurance but did not have any information with her at the time of the crash.,20186036595,2018,O,3/1/2018 0:00,6,SFRAIR00270**N,S,FRA,36.782,40.007643,-82.877631,29106,19234.0,3/1/2018 0:00,13,5,N,2.0,N,Y,1.0,11,0,27900.0,,,Y,36.8,SFRAIR00270**C,N,1,18GAH-4641-AC,1,3,N,1,0,1,GAHANNA,1,,Y,N,8.0,Y,0.0,,N,,N,GAHANNA,N,,0,,IR 270 NB,HWY,270,IR,,36.8,N,,,,2,,,,,N,N,N,0,0,N,1.0,0,1,3,,47260.0,N,36.782,30,Y,99,3,4,1,F,N,N,N,0,2,54,1,2,65,1,13,9,42,54,0,0,1,6,NT,1,65,,,,,,,,,,,,,,,,,,,,,,,,,,,,,,,,,,0,4,,unit1 interestate mile post . hydroplaned spun center median . unit1 spun degrees struck two concrete drains median causing disabling damage . driver injured . cited fail control . driver owner unit1 stated car insurance information time crash .,O,"[0.9999998807907104, 1.0059573440912573e-07, 2.3582668262633888e-08]",O,"[1.0, 3.847910079457506e-08, 1.4770006051545437e-10]",O,"[1.0, 0.0, 0.0]"
113,113,186036997,"driver stated that he was w/b i 670 going n/b n. 4th st. when unit 1 hydroplaned, spun out, and struck two concrete barriers. unit 1 was towed. no injuries were reported.",20186036997,2018,O,3/1/2018 0:00,6,SFRARA25516**C,S,FRA,0.0,39.976311,-82.997329,18000,19234.0,3/1/2018 0:00,13,5,N,4.0,Y,Y,1.0,11,0,31700.0,accfa636-851d-4853-a559-f31f0f3c799e,9403c1d1-c18a-44ae-8654-013327b92e1e,Y,0.0,SFRARA25516**C,N,1,180167188,1,3,,1,0,1,COLUMBUS,8,W,N,N,,Y,0.017,,Y,,N,COLUMBUS,N,,0,,,,670,IR,,4.3,N,,,,2,,,,,N,N,N,0,0,N,1.0,0,2,4,,,N,0.0,22,Y,99,3,4,1,M,N,N,N,0,2,35,1,2,55,1,35,35,0,0,0,0,1,6,NT,1,40,,,,,,,,,,,,,,,,,,,,,,,,,,,,,,,,,,0,4,,"driver stated going unit1 hydroplaned , spun , struck two concrete barriers . unit1 towed . injuries reported .",O,"[0.9999998807907104, 1.6772504807249788e-07, 3.1049427917650974e-08]",O,"[0.9999996423721313, 3.418416554268333e-07, 6.363464200020985e-10]",O,"[1.0, 0.0, 0.0]"
114,114,186037746,unit #1 was traveling west bound when his vehicle hydroplaned causing him to strike barrier wall. no injuries.,20186037746,2018,O,2/1/2018 0:00,8,SHAMUS00050**C,S,HAM,23.827,39.122921,-84.474929,15000,16885.0,2/11/2018 0:00,13,1,N,2.0,Y,N,3.0,2,0,,,,N,23.827,SHAMUS00050**C,N,3,185002113,4,2,N,1,0,1,CINCINNATI,1,,N,N,5.0,N,0.0,,N,2052,N,CINCINNATI,N,,0,,COLUMBIA,PKWY,,,,,N,,,,3,,,,,N,N,Y,0,0,N,3.0,0,2,1,,263494.0,N,23.827,44,Y,1,3,4,1,M,N,N,N,0,2,42,1,2,45,1,42,0,0,0,0,0,1,6,NT,1,50,,,,,,,,,,,,,,,,,,,,,,,,,,,,,,,,,,0,4,,unit1 traveling vehicle hydroplaned causing strike barrier wall . injuries .,O,"[0.9999992847442627, 5.36893310254527e-07, 7.787023292848971e-08]",O,"[0.9999474287033081, 4.973687100573443e-05, 2.8297047265368747e-06]",O,"[1.0, 0.0, 0.0]"
115,115,186040998,unit 1 was traveling east on sr 16 when he began hydroplaning. unit 1 lost control and went off the right side of the road and into a ditch.,20186040998,2018,O,2/1/2018 0:00,5,SCOSSR00016**C,S,COS,1.162,40.165905,-81.920579,80220,99999.0,2/16/2018 0:00,13,6,N,2.0,Y,N,3.0,0,0,,eb5f289a-4e0d-4afc-a4f4-d2a93dfc1659,ec3aff0f-9ced-4f4b-aeac-8fce2a4818f8,N,1.162,SCOSSR00016**C,N,4,118000423,1,2,N,1,0,1,VIRGINIA TOWNSHIP,1,W,N,N,2.0,Y,0.038,CR,N,,N,VIRGINIA TOWNSHIP,N,,0,,,,16,SR,,,N,,,,1,75,CR,,,N,N,N,0,0,N,2.0,0,2,1,,295823.0,N,61.572,35,Y,99,4,3,1,M,N,N,N,0,2,44,1,2,55,1,8,44,0,0,0,0,1,6,NT,1,35,,,,,,,,,,,,,,,,,,,,,,,,,,,,,,,,,,0,4,,unit1 traveling began hydroplaning . unit1 lost control went side ditch .,O,"[0.9686207175254822, 0.02606833726167679, 0.0053109657019376755]",O,"[0.9999992847442627, 7.618460244884773e-07, 2.7618654030447942e-08]",O,"[1.0, 1.6093254089355469e-06, 2.384185791015625e-07]"
116,116,186043080,"the non injury accident occurred on w. 5th ave. e/o delashmut ave. driver of unit #1 stated he was e/b on w. 5th ave. when unit #2 stopped abruptly in front of him and he didn't have enough time to stop hydroplaning because the pavement was wet and his vehicle struck unit #2 in the rear. driver of unit #2 stated she was also e/b on w. 5th ave. and traffic stopped abruptly in front of her so she stopped and her vehicle was rear ended by unit #1. based on the cirumstances, driver of unit #1 was cited for acda citation #1715582.",20186043080,2018,O,3/1/2018 0:00,6,MFRAMR04268**C,M,FRA,2.502,39.98811,-83.030777,18000,19234.0,3/13/2018 0:00,2,3,N,,N,N,4.0,17,0,,7de6916b-17c1-4e2a-8636-596a5b7ea8d4,45480632-20ef-4380-bf00-a4c10f43f9b4,N,2.502,MFRAMR04268**C,N,1,180201685,4,3,,2,0,2,COLUMBUS,1,E,N,N,2.0,N,0.002,MR,N,,N,COLUMBUS,N,,0,W,5TH,AVE,,,,,N,,,DELASHMUT,1,,,,AVE,N,N,N,0,0,N,,0,2,1,,123552.0,N,2.502,33,Y,8,4,3,1,M,N,N,N,0,2,0,1,2,25,1,20,0,0,0,0,0,1,6,NT,1,10,44.0,1.0,4.0,3.0,1.0,F,,2.0,25.0,11.0,20.0,,,,,,1.0,6.0,NT,1.0,,,,,,,,,,,,,,0,2,,"non injury accident occurred . e delashmut . driver unit1 stated . unit2 stopped abruptly front n't enough time stop hydroplaning pavement wet vehicle struck unit2 rear . driver unit2 stated also . traffic stopped abruptly front stopped vehicle rear ended unit1 . based cirumstances , driver unit1 cited acda citation .",O,"[1.0, 5.8974308103643125e-08, 1.850555442217683e-08]",O,"[1.0, 9.853847515728376e-09, 7.405183410913452e-11]",O,"[1.0, 0.0, 0.0]"
117,117,186047330,unit 1 while traveling north bound i 71 hydroplaned and lost control striking the highway median.,20186047330,2018,O,2/1/2018 0:00,8,SHAMIR00071**C,S,HAM,4.423,39.140204,-84.484317,15000,16885.0,2/24/2018 0:00,17,7,N,2.0,Y,Y,1.0,21,0,38600.0,,,Y,4.423,SHAMIR00071**C,N,3,185002755,1,2,N,1,0,1,CINCINNATI,1,,Y,N,8.0,Y,0.0,,N,,N,CINCINNATI,N,,0,,,,71,IR,,4.4,N,,,,2,,,,,N,N,N,0,0,N,2.0,0,2,3,,56684.0,N,4.423,26,Y,99,2,1,1,M,N,N,N,0,2,0,1,2,65,1,9,0,0,0,0,0,1,6,NT,1,65,,,,,,,,,,,,,,,,,,,,,,,,,,,,,,,,,,0,4,,unit1 traveling hydroplaned lost control striking median .,O,"[0.48583826422691345, 0.44873422384262085, 0.06542754918336868]",C,"[0.36916661262512207, 0.6294783353805542, 0.0013550323201343417]",O,"[0.9951171875, 0.004608154296875, 0.000583648681640625]"
118,118,186049327,unit 1 was traveling on i-71 north near mile post 242/8 in lane four. unit 2 was traveling next to unit 1 in lane three. unit 2 hydroplaned and lost control striking unit 1.,20186049327,2018,O,3/1/2018 0:00,12,SCUYIR00071**C,S,CUY,14.207,41.445948,-81.759733,9246,17668.0,3/27/2018 0:00,5,3,N,2.0,N,Y,1.0,6,0,,,,Y,14.207,SCUYIR00071**C,N,2,180027599,1,3,N,2,0,2,BROOKLYN,1,,Y,N,8.0,Y,0.0,,Y,,N,BROOKLYN,N,,0,,,,71,IR,,242.8,N,,,,2,,,,,N,N,N,0,0,N,1.0,0,2,1,,33786.0,N,242.898,20,Y,99,2,1,1,M,N,N,N,0,2,0,2,2,60,1,20,0,0,0,0,0,1,6,NT,1,15,37.0,1.0,2.0,1.0,1.0,F,,1.0,60.0,1.0,20.0,,,,,,1.0,6.0,NT,1.0,30.0,,,,,,,,,,,,,0,4,,unit1 traveling near mile post four . unit2 traveling next unit1 three . unit2 hydroplaned lost control striking unit1 .,O,"[0.8785295486450195, 0.11398430168628693, 0.007486157584935427]",O,"[0.9420681595802307, 0.05720466375350952, 0.0007271782378666103]",O,"[0.9853515625, 0.0120697021484375, 0.0021724700927734375]"
119,119,186049369,unit #1 stated he was traveling in the #1 lane when his vehicle hydroplaned causing him to lose control. the vehicle then went off the right side of the road striking protective barriers causing disabling damage.,20186049369,2018,O,3/1/2018 0:00,12,SCUYIR00071**N,S,CUY,14.965,41.448173,-81.746392,9246,17668.0,3/27/2018 0:00,13,3,N,2.0,Y,Y,1.0,6,0,,7873cd68-f233-4bd2-9bb3-1256a179a12a,172b02ac-4ee7-47b4-9e5c-8aa40fff7054,Y,14.95,SCUYIR00071**C,N,3,180027595,1,3,N,1,0,1,BROOKLYN,1,W,Y,N,8.0,Y,0.076,,N,,N,BROOKLYN,N,,0,,,,71,IR,,243.6,N,,,,2,,,,,N,N,Y,0,0,N,1.0,0,2,1,,42808.0,N,243.656,36,Y,99,2,1,1,M,N,N,N,0,2,25,1,2,60,1,8,25,0,0,0,0,1,6,NT,1,65,,,,,,,,,,,,,,,,,,,,,,,,,,,,,,,,,,0,4,,unit1 stated traveling vehicle hydroplaned causing lose control . vehicle went side striking protective barriers causing disabling damage .,C,"[0.06718306988477707, 0.9245811104774475, 0.008235732093453407]",C,"[0.22741276025772095, 0.7718321084976196, 0.0007550955633632839]",C,"[0.27392578125, 0.71826171875, 0.007701873779296875]"
120,120,186050296,driver of unit #1 states that he was eastbound on ir 270 n/b when he hydroplaned and spun out. he states that he hit the median cable barrier. driver of unit #1 was cited.,20186050296,2018,O,3/1/2018 0:00,6,SFRAIR00270**N,S,FRA,45.957,39.904178,-82.896076,18000,19234.0,3/29/2018 0:00,13,5,N,2.0,Y,Y,1.0,6,0,27900.0,,,Y,45.96,SFRAIR00270**C,N,3,180245051,1,3,N,1,0,1,COLUMBUS,1,E,Y,N,5.0,Y,0.014,,Y,,N,COLUMBUS,N,,0,,OUTERBELT N,,270,IR,,,N,,,US ROUTE 33 N,1,33,US,,,N,N,N,0,0,N,1.0,0,2,1,,56923.0,N,45.957,25,Y,99,4,3,1,M,N,N,N,0,2,33,1,2,65,1,33,0,0,0,0,0,1,6,NT,1,65,,,,,,,,,,,,,,,,,,,,,,,,,,,,,,,,,,0,4,,driver unit1 states hydroplaned spun . states hit median cable barrier . driver unit1 cited .,O,"[0.9999997615814209, 1.811373948612527e-07, 2.5623311472600108e-08]",O,"[0.999855637550354, 0.00014405720867216587, 2.0272867118364957e-07]",O,"[1.0, 0.0, 0.0]"
121,121,186050509,"on 3/29/18 unit #1 was north on kenwood rd in the right lane. as unit #1 came to stop, the vehicle hydroplaned into the rear of unit #2.",20186050509,2018,O,3/1/2018 0:00,8,CHAMCR00269**C,C,HAM,4.568,39.224432,-84.377795,7300,16885.0,3/29/2018 0:00,2,5,N,,N,N,4.0,14,0,,71ec56f1-cfbc-421b-90e9-3fb70ffeb653,a31ddf6d-b09f-42cc-8ab4-a1ac9accb0c5,N,4.568,CHAMCR00269**C,N,1,2.018E+12,4,3,,2,0,2,BLUE ASH,2,S,Y,Y,4.0,N,0.002,RA,Y,,N,BLUE ASH,N,,0,,KENWOOD,RD,,,,,N,,,YMCA,1,,,,DR,N,N,N,0,0,N,,0,2,1,,31025.0,N,4.568,24,Y,8,2,1,1,F,N,N,N,0,2,0,1,2,25,1,20,0,0,0,0,0,1,2,NT,1,10,20.0,1.0,2.0,1.0,1.0,F,,2.0,25.0,1.0,20.0,,,,,,1.0,2.0,NT,1.0,,,,,,,,,,,,,,0,4,,"unit1 kenwood . unit1 came stop , vehicle hydroplaned rear unit2 .",O,"[0.9999899864196777, 9.454968676436692e-06, 6.0888851294294e-07]",O,"[0.9614740014076233, 0.03838188946247101, 0.00014410079165827483]",O,"[0.97705078125, 0.0220489501953125, 0.0006995201110839844]"
122,122,186050830,"unit #1 was eastbound on i-277 e. the driver of unit #1 lost control of his vehicle, swerved to the right, and smashed into the right side guardrail. the driver of unit #1 stated the turn signal handle broke off and he reached to retrieve it. he stated his vehicle then hydroplaned and spun to the right.",20186050830,2018,AB,3/1/2018 0:00,4,SSUMIR00277**C,S,SUM,0.81,41.034888,-81.553157,1000,766.0,3/29/2018 0:00,13,5,N,2.0,Y,Y,1.0,15,0,,,,Y,0.81,SSUMIR00277**C,N,1,T18002087,1,3,N,0,1,1,AKRON,1,,Y,N,4.0,Y,0.0,,N,,N,AKRON,N,,0,,,,277,IR,,0.8,N,,,,2,,,,,N,N,N,0,0,N,1.0,0,2,3,,47371.0,N,0.81,58,Y,99,4,3,1,M,N,N,N,0,2,30,1,2,60,13,30,0,0,0,0,0,1,6,NT,1,50,,,,,,,,,,,,,,,,,,,,,,,,,,,,,,,,,,0,4,,"unit1 driver unit1 lost control vehicle , swerved , smashed side guardrail . driver unit1 stated turn signal handle broke reached retrieve . stated vehicle hydroplaned spun .",O,"[0.9814546704292297, 0.01818547211587429, 0.00035990288597531617]",O,"[0.8831437230110168, 0.11665040999650955, 0.00020579971896950155]",O,"[1.0, 3.337860107421875e-06, 2.384185791015625e-07]"
123,123,186051337,unit #1 was traveling eastbound on the ohio turnpike. unit #1 was in the middle lane when he hydroplaned and struck the guardrail. unit #1 came to rest in the right lane.,20186051337,2018,AB,3/1/2018 0:00,3,SLORIR00080*KC,S,LOR,9.218,41.385767,-82.181916,1812,51364.0,3/29/2018 0:00,13,5,N,2.0,Y,Y,1.0,17,0,,,,Y,9.218,SLORIR00080*KC,N,1,90-0213-47,31,3,N,1,1,1,AMHERST TOWNSHIP,1,W,Y,N,6.0,N,0.3,,N,,N,AMHERST,N,,0,,,,80,IR,K,142.0,N,,,,2,,,,,N,N,Y,0,0,N,1.0,0,2,1,,81407.0,N,141.706,29,Y,5,4,3,1,M,N,N,N,0,2,30,1,2,70,1,8,30,0,0,0,0,1,6,NT,1,60,,,,,,,,,,,,,,,,,,,,,,,,,,,,,,,,,,0,4,,unit1 traveling ohio turnpike . unit1 middle hydroplaned struck guardrail . unit1 came rest .,O,"[0.9967960715293884, 0.0030081793665885925, 0.000195671571418643]",C,"[0.2846806049346924, 0.7138022184371948, 0.001517203520052135]",O,"[0.89892578125, 0.093994140625, 0.007022857666015625]"
124,124,186052173,unit #1 states she was traveling northwest on harrison av traveling in the right most lane of travel. she stated she began to hydroplane and lost control of her vehicle. she went off the right side of the road and struck a guardrail.,20186052173,2018,O,3/1/2018 0:00,8,CHAMCR00457**C,C,HAM,13.116,39.173944,-84.64152,31752,16885.0,3/30/2018 0:00,13,6,N,,Y,N,3.0,11,0,,,,N,13.116,CHAMCR00457**C,N,1,2.018E+12,2,3,,1,0,1,GREEN TOWNSHIP,1,,N,N,2.0,N,0.0,,N,5830,N,GREEN TOWNSHIP,N,,0,,HARRISON,AVE,,,,,N,,,,3,,,,,N,Y,N,0,0,N,,0,2,1,,31972.0,N,13.116,81,Y,99,7,6,1,F,N,N,N,0,2,30,1,2,40,1,8,30,0,0,0,0,1,6,NT,1,40,,,,,,,,,,,,,,,,,,,,,,,,,,,,,,,,,,0,2,,unit1 states traveling harrison traveling travel . stated began hydroplane lost control vehicle . went side struck guardrail .,O,"[0.9999961853027344, 3.56493774233968e-06, 2.488382335741335e-07]",O,"[0.9999531507492065, 4.62492425867822e-05, 6.430619237107749e-07]",O,"[1.0, 5.841255187988281e-06, 4.172325134277344e-07]"
125,125,186052838,unit #01 was traveling eb on i-480 in the right lane. unit #02 was traveling eb on i-480 in the middle lane. unit #01 hydroplaned and swerved into the middle lane. unit #02 slammed on the breaks trying to avoid unit #01 but ended up hydroplaning and striking unit #01.,20186052838,2018,O,3/1/2018 0:00,12,SCUYIR00480**C,S,CUY,5.309,41.420948,-81.879667,56882,17668.0,3/27/2018 0:00,5,3,N,2.0,N,Y,1.0,21,0,,,,Y,5.309,SCUYIR00480**C,N,4,T75505,1,3,N,3,0,2,NORTH OLMSTED,1,E,Y,N,6.0,Y,0.019,,Y,,N,NORTH OLMSTED,N,,0,,I 480 E,,480,IR,,,N,,,BROOKPARK,1,,,,RD,N,N,N,0,0,N,1.0,0,2,1,,54049.0,N,7.613,26,Y,99,4,3,1,M,N,N,N,0,2,0,1,2,60,1,20,0,0,0,0,0,1,6,NT,2,60,21.0,15.0,4.0,3.0,1.0,M,,2.0,60.0,1.0,20.0,,,,,,1.0,6.0,NT,3.0,60.0,,,,,,,,,,,,,0,4,,unit1 traveling . unit2 traveling middle . unit1 hydroplaned swerved middle . unit2 slammed breaks trying avoid unit1 ended hydroplaning striking unit1 .,O,"[0.9842259287834167, 0.01445087045431137, 0.0013230792246758938]",O,"[0.9822591543197632, 0.017459852620959282, 0.00028103316435590386]",O,"[0.998046875, 0.0013446807861328125, 0.00011843442916870117]"
126,126,186053131,"unit #1 was eastbound on ir 480 in the #2 lane. unit #1 began hydroplaning in the rain and lost control. as unit #1 was hydroplaning, it struck the concrete median several times. unit #1 sustained disabling damaged and was towed from the scene.",20186053131,2018,O,4/1/2018 0:00,12,SCUYIR00480**C,S,CUY,11.186,41.42454,-81.769386,16000,17668.0,4/3/2018 0:00,13,3,N,2.0,Y,Y,1.0,4,0,,,,Y,11.186,SCUYIR00480**C,N,3,180029731,1,4,N,1,0,1,CLEVELAND,1,W,Y,N,8.0,Y,0.038,,N,,N,BROOKLYN,N,,0,,,HWY,480,IR,,13.4,N,,,,2,,,,,N,N,N,0,0,N,1.0,0,2,3,,39766.0,N,13.49,31,Y,99,4,3,1,M,N,N,N,0,2,35,1,2,60,1,9,35,35,0,0,0,1,6,NT,1,60,,,,,,,,,,,,,,,,,,,,,,,,,,,,,,,,,,0,4,,"unit1 . unit1 began hydroplaning rain lost control . unit1 hydroplaning , struck concrete median several times . unit1 sustained disabling damaged towed scene .",C,"[0.18886646628379822, 0.7930952310562134, 0.01803830824792385]",O,"[0.833123505115509, 0.1656494438648224, 0.0012270313454791903]",O,"[1.0, 9.655952453613281e-06, 4.172325134277344e-07]"
127,127,186053484,"unit #1 was approaching an intersection and hydroplaned out of control, and struck unit #2. unit #1 was not damaged. unit #2 sustained minor scratches and abrasions to the rear bumper",20186053484,2018,O,4/1/2018 0:00,8,CCLICR00016**C,C,CLI,8.754,39.476732,-83.839839,78302,99999.0,4/3/2018 0:00,2,3,N,,N,N,5.0,7,0,,57436a33-8f05-4966-be6e-dcf1e4ad7cc9,83e35424-f875-466d-ae33-eec4c6a19c98,N,8.754,CCLICR00016**C,N,2,18-63,2,4,,3,0,2,UNION TOWNSHIP,3,W,N,Y,2.0,N,0.004,US,Y,,N,UNION TOWNSHIP,N,,0,,CENTER,RD,,,,,N,,,,1,68,US,,,N,N,N,0,0,N,,0,2,1,,40939.0,N,8.754,16,Y,99,4,3,1,M,N,N,N,0,2,0,1,2,55,1,20,0,0,0,0,0,1,4,NT,1,25,21.0,1.0,4.0,3.0,1.0,F,,2.0,55.0,11.0,20.0,,,,,,1.0,4.0,NT,1.0,,,,,,,,,,,,,,0,4,,"unit1 approaching intersection hydroplaned control , struck unit2 . unit1 damaged . unit2 sustained minor scratches abrasions rear bumper",O,"[0.9999997615814209, 2.043321671862941e-07, 2.423127121176094e-08]",O,"[0.9935439825057983, 0.006394157186150551, 6.188163388287649e-05]",O,"[1.0, 0.0, 0.0]"
128,128,186053737,"unit 1 was traveling e/b ir-670, e/o grandview av. the driver stated she hydroplaned on the wet pavement, lost control of the vehicle, and struck the concrete median wall.",20186053737,2018,O,4/1/2018 0:00,6,SFRAIR00670**N,S,FRA,2.064,39.964859,-83.03297,18000,19234.0,4/3/2018 0:00,13,3,N,2.0,Y,Y,1.0,22,0,31400.0,,,Y,1.703,SFRAIR00670**C,N,3,180260947,1,4,N,1,0,1,COLUMBUS,1,E,Y,N,8.0,Y,0.047,,Y,,N,COLUMBUS,N,,0,,,,670,IR,,1.8,N,,,,2,,,,,N,N,N,0,0,N,1.0,0,2,1,,57028.0,N,2.064,23,Y,99,4,3,1,F,N,N,N,0,2,35,1,2,65,1,35,0,0,0,0,0,1,6,NT,1,65,,,,,,,,,,,,,,,,,,,,,,,,,,,,,,,,,,0,4,,"unit1 traveling ir , e grandview . driver stated hydroplaned wet pavement , lost control vehicle , struck concrete median wall .",O,"[0.9241334795951843, 0.07451679557561874, 0.001349749742075801]",O,"[0.9752487540245056, 0.024497251957654953, 0.000254006969043985]",O,"[1.0, 1.1920928955078125e-06, 5.960464477539063e-08]"