,id,OBJECTID,Narrative,DOCUMENT_NBR,CRASH_YR,CRASH_SEVERITY_CD,CRASH_MONTH_YEAR,DISTRICT_NBR,NLFID,NLF_JUR_CD,NLF_COUNTY_CD,COUNTY_LOG_NBR,ODOT_LATITUDE_NBR,ODOT_LONGITUDE_NBR,ODOT_FIPS_CD,AREA_CODE,CRASH_DATE,CRASH_TYPE_CD,DAY_IN_WEEK_CD,DISTRACTED_DRIVER_IND,FACILITY_TYPE_CD,FHWA_RDWY_DEPARTURE_IND,FREEWAY_IND,FUNCTIONAL_CLASS_CD,HOUR_OF_CRASH,INCAPAC_INJURIES_NBR,INTERCHANGE_ID,INTERSECTION_ID_CURRENT,INTERSECTION_LEG_ID,INTERSTATE_IND,INV_LOG_NBR,INV_NLFID,IS_COMMERCIAL_RELATED,LIGHT_COND_PRIMARY_CD,LOCAL_REPORT_NUMBER_ID,MAINTENANCE_AUTHORITY_CD,MONTH_OF_CRASH,NHS_CD,NO_INJURY_REPORTED_NBR,NON_INCAPAC_INJURIES_NBR,NUMBER_OF_UNITS_NBR,ODOT_CITY_VILLAGE_TWP_NME,ODOT_CRASH_LOCATION_CD,ODOT_DIR_FROM_REF_CD,ODOT_DIV_UNDIV_IND,ODOT_INTERSECTION_REL_IND,ODOT_LANES_NBR,ODOT_MAINTAINED_HWY_IND,ODOT_MILES_FROM_REF_NBR,ODOT_REF_ROUTE_PREFIX_CD,ODOT_YOUNG_DRIVER_IND,ODPS_ADDRESS_REFERENCE,ODPS_ALCOHOL_IND,ODPS_CITY_VILLAGE_TWP_NME,ODPS_DRUG_IND,ODPS_LOC_DIR_SUFFIX_CD,ODPS_LOC_IN_WORK_ZONE_CD,ODPS_LOC_ROAD_DIRECTION_CD,ODPS_LOC_ROAD_NME,ODPS_LOC_ROAD_SUFFIX_CD,ODPS_LOC_ROUTE_ID,ODPS_LOC_ROUTE_PREFIX_CD,ODPS_LOC_ROUTE_SUFFIX_CD,ODPS_MILEPOST_REFERENCE,ODPS_MOTORCYCLE_IND,ODPS_REF_DIR_SUFFIX_CD,ODPS_REF_DIRECTION_CD,ODPS_REF_GIVEN,ODPS_REF_POINT_USED_CD,ODPS_REF_ROUTE_ID,ODPS_REF_ROUTE_PREFIX_CD,ODPS_REF_ROUTE_SUFFIX_CD,ODPS_REF_SUFFIX_CD,ODPS_SCHOOL_ZONE_IND,ODPS_SENIOR_DRIVER_IND,ODPS_SPEED_IND,ODPS_TOTAL_FATALITIES_NBR,ODPS_TYPE_OF_WORK_ZONE_CD,ODPS_WORK_ZONE_IND,OPER_ACCESS_CONTROL_CD,POSSIBLE_INJURIES_NBR,ROAD_COND_PRIMARY_CD,ROAD_CONTOUR_CD,SA_RAMP_ID,SA_SEGMENT_ID,SECONDARY_CRASH,STATE_TRUE_LOG_NBR,U1_AGE_NBR,U1_AT_FAULT_IND,U1_CONT_CIR_PRIMARY_CD,U1_DIRECTION_FROM_CD,U1_DIRECTION_TO_CD,U1_DISTRACTED_BY_1_CD,U1_GENDER_CD,U1_IS_ALCOHOL_SUSPECTED,U1_IS_MARIJUANA_SUSPECTED,U1_IS_OTHER_DRUG_SUSPECTED,U1_NON_MOTORIST_LOC_CD,U1_NUMBER_OF_THRU_LANES,U1_OBJECT_STRUCK,U1_ODPS_UNIT_NBR,U1_OPERATINGIN_AUTONOMOUS_MODE,U1_POSTED_SPEED_NBR,U1_PRECRASH_ACTION_CD,U1_SEQ_OF_EVENTS_1_CD,U1_SEQ_OF_EVENTS_2_CD,U1_SEQ_OF_EVENTS_3_CD,U1_SEQ_OF_EVENTS_4_CD,U1_SEQ_OF_EVENTS_5_CD,U1_SEQ_OF_EVENTS_6_CD,U1_SPECIAL_FUNCTION_CD,U1_TRAFFIC_CONTROL_CD,U1_TURN_CD,U1_TYPE_OF_UNIT_CD,U1_UNIT_SPEED_NBR,U2_AGE_NBR,U2_CONT_CIR_PRIMARY_CD,U2_DIRECTION_FROM_CD,U2_DIRECTION_TO_CD,U2_DISTRACTED_BY_1_CD,U2_GENDER_CD,U2_NON_MOTORIST_LOC_CD,U2_ODPS_UNIT_NBR,U2_POSTED_SPEED_NBR,U2_PRECRASH_ACTION_CD,U2_SEQ_OF_EVENTS_1_CD,U2_SEQ_OF_EVENTS_2_CD,U2_SEQ_OF_EVENTS_3_CD,U2_SEQ_OF_EVENTS_4_CD,U2_SEQ_OF_EVENTS_5_CD,U2_SEQ_OF_EVENTS_6_CD,U2_SPECIAL_FUNCTION_CD,U2_TRAFFIC_CONTROL_CD,U2_TURN_CD,U2_TYPE_OF_UNIT_CD,U2_UNIT_SPEED_NBR,U3_CONT_CIR_PRIMARY_CD,U3_ODPS_UNIT_NBR,U3_PRECRASH_ACTION_CD,U3_SEQ_OF_EVENTS_1_CD,U3_SEQ_OF_EVENTS_2_CD,U3_SEQ_OF_EVENTS_3_CD,U3_SEQ_OF_EVENTS_4_CD,U3_SEQ_OF_EVENTS_5_CD,U3_SEQ_OF_EVENTS_6_CD,U3_SPECIAL_FUNCTION_CD,U3_TRAFFIC_CONTROL_CD,U3_TYPE_OF_UNIT_CD,UNRESTRAIN_OCCUPANTS,WEATHER_COND_CD,V1,clean_Narrative,BERT_predictions,BERT_prediction_probabilities,RoBERTa_predictions,RoBERTa_predictions_probabilities,distilBERT_predictions,distilBERT_predictions_probabilities
129,129,186053838,unit #1 was westbound on w. harrison st. at s. franklin st. unit #1 attempted a right turn and went off the right side of the roadway and struck a utility pole. the pole was snapped at the base and left standing on the sidewalk. security video from 228 s. franklin st. captured the crash. later in the evening the vehicle was located on s. franklin st. and the driver of unit #1 stated the vehicle hydroplaned at the intersection and went off the roadway. he believed the only damage that had occurred was the passenger side mirror was folded in. he claimed he did not know the pole was broken. the driver of unit #1 was cited for no operator's license and driving under suspension.,20186053838,2018,O,4/1/2018 0:00,6,MDELMR00076**C,M,DEL,0.182,40.292079,-83.070147,21434,19234.0,4/3/2018 0:00,13,3,N,,Y,N,7.0,6,0,,3f169e80-5a9c-4a64-b016-90003767d350,93fcd732-bf42-44b7-aa75-cc9353a4836c,N,0.182,MDELMR00076**C,N,3,CR18-208,4,4,,1,0,1,DELAWARE,1,E,N,Y,2.0,N,0.001,MR,N,,N,DELAWARE,N,,0,W,HARRISON,ST,,,,,N,,S,FRANKLIN,1,,,,ST,N,N,N,0,0,N,,0,2,1,,66326.0,N,0.182,38,Y,6,3,1,1,M,N,N,N,0,2,40,1,2,25,5,8,40,0,0,0,0,1,4,RT,3,10,,,,,,,,,,,,,,,,,,,,,,,,,,,,,,,,,,0,4,,unit1 harrison franklin unit1 attempted turn went side roadway struck utility pole . pole snapped base left standing sidewalk . security video franklin captured crash . later evening vehicle located franklin driver unit1 stated vehicle hydroplaned intersection went roadway . believed damage occurred passenger side mirror folded . claimed know pole broken . driver unit1 cited operator 's license driving suspension .,O,"[0.9999998807907104, 1.740043984455042e-07, 3.24687832176096e-08]",O,"[0.999991774559021, 8.145655556290876e-06, 1.7068272484266345e-07]",O,"[1.0, 0.0, 0.0]"
130,130,186054011,"unit 1 was traveling s/b i 75 when it hydroplaned spun and struck the center median, ems was dispatched and the victim was transported to jewish hospital.",20186054011,2018,AB,4/1/2018 0:00,8,SHAMIR00075**N,S,HAM,10.328,39.206418,-84.465159,15000,16885.0,4/3/2018 0:00,13,3,N,2.0,Y,Y,1.0,3,0,,,,Y,10.479,SHAMIR00075**C,N,3,185004554,1,4,N,0,1,1,CINCINNATI,1,,Y,N,6.0,Y,0.0,,N,,N,CINCINNATI,N,,0,,,,75,IR,,10.6,N,,,,2,,,,,N,N,N,0,0,N,1.0,0,2,1,,91168.0,N,10.328,45,Y,99,1,2,1,M,N,N,N,0,2,35,1,2,55,1,35,0,0,0,0,0,1,6,NT,1,55,,,,,,,,,,,,,,,,,,,,,,,,,,,,,,,,,,0,4,,"unit1 traveling hydroplaned spun struck center median , ems dispatched victim transported jewish hospital .",C,"[5.161489389138296e-05, 0.9972010850906372, 0.0027473079971969128]",C,"[0.00013846256479155272, 0.9998302459716797, 3.12629017571453e-05]",C,"[4.351139068603516e-06, 1.0, 5.960464477539062e-07]"
131,131,186054333,"unit #1 was traveling eastbound on the ohio turnpike in the left lane. unit #1 hydroplaned, causing him to lose control, striking the median wall. unit #1 then crossed all three lanes, striking the guardrail.",20186054333,2018,O,4/1/2018 0:00,3,SLORIR00080*KC,S,LOR,10.118,41.38901,-82.165255,1812,51364.0,4/3/2018 0:00,13,3,N,2.0,Y,Y,1.0,16,0,,,,Y,10.118,SLORIR00080*KC,N,1,90-0219-47,31,4,N,1,0,1,AMHERST TOWNSHIP,1,W,Y,N,6.0,N,0.4,,N,,N,AMHERST,N,,0,,,,80,IR,K,143.0,N,,,,2,,,,,N,N,Y,0,0,N,1.0,0,2,1,,81408.0,N,142.606,39,Y,5,4,3,1,M,N,N,N,0,2,35,1,2,70,1,35,30,0,0,0,0,1,6,NT,1,70,,,,,,,,,,,,,,,,,,,,,,,,,,,,,,,,,,0,4,,"unit1 traveling ohio turnpike left . unit1 hydroplaned , causing lose control , striking median wall . unit1 crossed three lanes , striking guardrail .",C,"[0.04327759891748428, 0.9243210554122925, 0.032401327043771744]",C,"[0.034995436668395996, 0.9300451278686523, 0.03495940938591957]",C,"[0.07733154296875, 0.87841796875, 0.0440673828125]"
132,132,186057972,unit #1 was southbound on ir-71. unit #1 hydroplaned and went off the left side and struck a median barrier fence.,20186057972,2018,O,4/1/2018 0:00,3,SASDIR00071**N,S,ASD,14.564,40.907565,-82.15202,61756,99999.0,4/3/2018 0:00,13,3,N,2.0,Y,Y,1.0,6,0,,,,Y,14.552,SASDIR00071**C,N,1,03-0235-03,1,4,N,1,0,1,PERRY TOWNSHIP,1,N,Y,N,6.0,Y,0.2,,N,,N,JACKSON TOWNSHIP,N,,0,,,,71,IR,,193.0,N,,,,2,,,,,N,N,Y,0,0,N,1.0,0,2,2,,81125.0,N,193.291,44,Y,5,1,2,1,M,N,N,N,0,2,33,1,2,70,1,9,33,0,0,0,0,1,6,NT,3,70,,,,,,,,,,,,,,,,,,,,,,,,,,,,,,,,,,0,4,,unit1 ir . unit1 hydroplaned went left side struck median barrier fence .,O,"[0.8606715202331543, 0.12567384541034698, 0.013654622249305248]",O,"[0.8021286725997925, 0.19667021930217743, 0.0012011349899694324]",O,"[0.98193359375, 0.017913818359375, 0.0006127357482910156]"
133,133,186059093,"unit 1 was heading westbound on sr 303 in the area of .25 miles east of diagonal rd when he failed to maintain control of his vehicle when he hydroplaned off the right side of the roadway. unit 1 went off the right side of the roadway, struck a sign, and then struck the face of a guardrail before coming to a rest. no injuries were reported and unit 1 required a wench out and requested aaa.",20186059093,2018,O,4/1/2018 0:00,4,SPORSR00303**C,S,POR,4.833,41.2409,-81.301208,75014,17668.0,4/15/2018 0:00,13,1,N,2.0,Y,N,5.0,6,0,,,,N,4.833,SPORSR00303**C,N,2,201800926,4,4,,1,0,1,STREETSBORO,1,E,N,N,2.0,N,0.25,,N,,N,STREETSBORO,N,,0,,,,303,SR,,,N,,,DIAGONAL,1,,,,RD,N,N,N,0,0,N,3.0,0,2,3,,178803.0,N,58.527,28,Y,99,3,4,1,M,N,N,N,0,2,30,1,2,45,1,8,37,30,0,0,0,1,6,NT,3,0,,,,,,,,,,,,,,,,,,,,,,,,,,,,,,,,,,0,4,,"unit1 heading area . miles diagonal failed maintain control vehicle hydroplaned side roadway . unit1 went side roadway , struck sign , struck face guardrail coming rest . injuries reported unit1 required wench requested aaa .",O,"[0.9999996423721313, 3.6809083781008667e-07, 5.0852399624545797e-08]",O,"[0.9999998807907104, 1.5583394485929603e-07, 9.911043513666229e-11]",O,"[1.0, 0.0, 0.0]"
134,134,186059184,unit 1 was traveling westbound on us 52 in the 4900 block. driver of unit 1 said that his rear wheels became loose and he hydroplaned. unit 1 then struck the concete barrier on the right and flipped the vehicle onto its top. there were no injuries.,20186059184,2018,O,4/1/2018 0:00,9,SSCIUS00052**N,S,SCI,24.402,38.755626,-82.907922,64304,99761.0,4/15/2018 0:00,13,1,N,2.0,Y,N,3.0,14,0,,,,N,24.402,SSCIUS00052**C,N,1,2181050021,4,4,H,1,0,1,PORTSMOUTH,1,E,Y,N,4.0,N,0.25,,N,4895,N,PORTSMOUTH,N,,0,,,,52,US,,,N,,,,3,,,,,N,N,N,0,0,N,3.0,0,2,2,,286289.0,N,142.949,42,Y,2,3,4,1,M,N,N,N,0,2,35,1,2,50,1,8,35,1,0,0,0,1,6,NT,1,40,,,,,,,,,,,,,,,,,,,,,,,,,,,,,,,,,,0,4,,unit1 traveling us . driver unit1 said rear wheels became loose hydroplaned . unit1 struck concete barrier flipped vehicle onto top . injuries .,O,"[0.9999997615814209, 1.922060164361028e-07, 3.768470335785423e-08]",O,"[0.9999998807907104, 1.1993068937954376e-07, 5.756944365664651e-10]",O,"[1.0, 4.470348358154297e-06, 2.384185791015625e-07]"
135,135,186059283,unit one was traveling east bound on ir90 in the slow speed lane. unit one stated he hydroplaned and lost control of his vehicle. the vehicle spun around and impacted the median wall. wfd was contacted and responded. unit one was not injured or transported.,20186059283,2018,O,4/1/2018 0:00,12,SCUYIR00090**C,S,CUY,1.989,41.466967,-81.931049,83622,17668.0,4/15/2018 0:00,13,1,N,2.0,Y,Y,1.0,17,0,,,,Y,1.989,SCUYIR00090**C,N,1,1812463,1,4,N,1,0,1,WESTLAKE,1,W,Y,N,6.0,Y,0.038,,N,,N,WESTLAKE,N,,0,,I 90 E,,90,IR,,,N,,,CAHOON,1,,,,RD,N,N,Y,0,0,N,1.0,0,2,3,,47172.0,N,157.808,49,Y,99,4,3,1,M,N,N,N,0,2,35,1,2,60,1,35,0,0,0,0,0,1,6,NT,3,65,,,,,,,,,,,,,,,,,,,,,,,,,,,,,,,,,,0,4,,unit1 traveling slow speed . unit1 stated hydroplaned lost control vehicle . vehicle spun around impacted median wall . wfd contacted responded . unit1 injured transported .,C,"[0.1286366730928421, 0.8464011549949646, 0.024962155148386955]",C,"[5.4350446589523926e-05, 0.999879002571106, 6.663310341536999e-05]",O,"[0.96337890625, 0.033111572265625, 0.0034332275390625]"
136,136,186059440,both unit #1 and unit #2 were traveling eastbound on sr104 at alum creek. the driver of unit #1 stated that his vehicle hydroplaned and started spinning on the wet roadway. unit #1 struck unit #2 traveling in the same direction.,20186059440,2018,O,4/1/2018 0:00,6,SFRASR00104**C,S,FRA,13.021,39.917161,-82.921466,18000,19234.0,4/15/2018 0:00,5,1,N,2.0,N,Y,2.0,19,0,32400.0,75acdf1d-c371-4e8b-8dc4-ef8c45e9da34,dc224bcd-3e05-4a9b-bcd5-15d829804d6f,N,13.021,SFRASR00104**C,N,1,180296276,4,4,N,2,0,2,COLUMBUS,1,,Y,N,2.0,N,0.0,RA,Y,,N,COLUMBUS,N,,0,,,,104,SR,,,N,,,ALUM CREEK,1,,,,DR,N,N,N,0,0,N,1.0,0,2,1,,141158.0,N,95.021,17,Y,99,4,3,1,M,N,N,N,0,2,0,1,2,55,1,20,0,0,0,0,0,1,6,NT,3,55,62.0,1.0,4.0,3.0,1.0,M,,2.0,55.0,1.0,20.0,,,,,,1.0,6.0,NT,1.0,55.0,,,,,,,,,,,,,0,4,,unit1 unit2 traveling alum creek . driver unit1 stated vehicle hydroplaned started spinning wet roadway . unit1 struck unit2 traveling direction .,O,"[0.9999998807907104, 1.6321729390256223e-07, 3.227447464837496e-08]",O,"[0.9969859719276428, 0.0028729818295687437, 0.00014109910989645869]",O,"[1.0, 0.0, 0.0]"
137,137,186059582,"unit 1 was eastbound on i.r. 90 just into cuyahoga county at the m.p. 156 sign. unit 1 was in the right-hand, slow lane. there was standing water on the roadway due to excessive rain overnight. unit 1 ran through a puddle of standing water on the roadway which caused her vehicle to hydroplane and forcing her into a spin, resulting in her hitting the face of the guardrail off of the right side of the roadway. there was no damage to the guardrail. the damage to unit 1 was on the right-rear of the vehicle.",20186059582,2018,O,4/1/2018 0:00,12,CCUYCR00096**C,C,CUY,0.272,41.281681,-81.571567,8364,17668.0,4/15/2018 0:00,13,1,N,,Y,N,4.0,6,0,,,,N,0.272,CCUYCR00096**C,N,2,1812419,4,4,,1,0,1,BRECKSVILLE,1,W,N,N,2.0,N,0.5,,Y,,N,WESTLAKE,N,,0,,I 90 E,,90,IR,,,N,,,CROCKER,1,,,,RD,N,N,N,0,0,N,,0,2,1,,25071.0,N,0.272,22,Y,99,4,3,1,F,N,N,N,0,2,30,1,2,65,1,8,30,0,0,0,0,1,6,NT,1,65,,,,,,,,,,,,,,,,,,,,,,,,,,,,,,,,,,0,4,,"unit1 i.r . cuyahoga county m.p . sign . unit1 , slow . standing water roadway due excessive rain overnight . unit1 ran puddle standing water roadway caused vehicle hydroplane forcing spin , resulting hitting face guardrail side roadway . damage guardrail . damage unit1 rear vehicle .",O,"[0.9979975819587708, 0.0019381006713956594, 6.424976163543761e-05]",O,"[1.0, 6.160601889737549e-11, 2.967760856942975e-13]",O,"[1.0, 0.0, 0.0]"
138,138,186059678,unit 1 was traveling sb on ir 77. unit 1 did hydroplane and lose control of vehicle and struck median wall.,20186059678,2018,O,4/1/2018 0:00,4,SSTAIR00077**N,S,STA,10.723,40.802488,-81.398064,12000,13375.0,4/15/2018 0:00,17,1,N,2.0,Y,Y,1.0,15,0,81400.0,,,Y,10.7,SSTAIR00077**C,N,1,1804425,1,4,N,2,0,1,CANTON,1,,Y,N,6.0,Y,0.0,,N,,N,CANTON,N,,0,,,,77,IR,,105.6,N,,,,2,,,,,N,N,N,0,0,N,1.0,0,2,3,,34445.0,N,105.705,43,Y,99,1,2,1,F,N,N,N,0,2,0,1,2,0,1,9,0,0,0,0,0,1,6,NT,3,0,,,,,,,,,,,,,,,,,,,,,,,,,,,,,,,,,,0,4,,unit1 traveling . unit1 hydroplane lose control vehicle struck median wall .,O,"[0.9666219353675842, 0.03124942071735859, 0.002128610387444496]",O,"[0.5776583552360535, 0.4131467938423157, 0.009194817394018173]",O,"[0.994140625, 0.00568389892578125, 0.0004401206970214844]"
139,139,186059920,"unit #1 was traveling east on harrison ave attempting to turn south onto race rd. unit #2 was traveling north on race rd turning west onto harrison ave. unit #1 was unable to maintain control of their vehicle and instead of making their turn they continued straight and struck unit #2 while they were turning. unit #1 stated they were """"hydroplaning"""".",20186059920,2018,O,4/1/2018 0:00,8,CHAMCR00457**C,C,HAM,14.029,39.164348,-84.630416,31752,16885.0,4/16/2018 0:00,19,2,N,,N,N,3.0,12,0,,22e3e951-3dfc-4dcf-add3-ca6ee8c01308,4c77ea44-2838-48d5-b757-c633c8f230bc,N,14.029,CHAMCR00457**C,N,1,2.018E+12,2,4,,3,0,2,GREEN TOWNSHIP,2,,N,Y,2.0,N,0.0,,Y,5505,N,GREEN TOWNSHIP,N,,0,,HARRISON,AVE,,,,,N,,,,3,,,,,N,Y,N,0,0,N,,0,2,1,,89609.0,N,14.029,20,Y,99,4,2,1,M,N,N,N,0,2,0,1,2,35,5,20,0,0,0,0,0,1,2,RT,1,30,79.0,1.0,2.0,4.0,1.0,M,,2.0,35.0,6.0,20.0,,,,,,1.0,2.0,LT,3.0,10.0,,,,,,,,,,,,,0,6,,unit1 traveling harrison attempting turn onto race unit2 traveling race turning onto harrison . unit1 unable maintain control vehicle instead making turn continued straight struck unit2 turning . unit1 stated `` '' hydroplaning '' '' .,O,"[0.9999998807907104, 1.0120252369461014e-07, 2.3761371537034393e-08]",O,"[0.9999896287918091, 9.850397873378824e-06, 4.233232573369605e-07]",O,"[1.0, 0.0, 0.0]"
140,140,186060916,the accident occurred on i270 sb south of e main st. unit #1 driver states that he was driving along at about the freeway speed limit when he began to hydroplane and suddenly lost control of his vehicle. wit #1 who was initially ahead of unit #1 states that she was driving about 70 mph when she was passed by unit #1. she states that he appeared to basically be driving a little reckless and that's when he lost control and crashed. no injuries reported at this time. unit #1 driver cited for failure to control his vehicle and released.,20186060916,2018,O,4/1/2018 0:00,6,SFRAUS00040**N,S,FRA,21.834,39.954701,-82.8444,18000,19234.0,4/17/2018 0:00,13,3,N,2.0,Y,N,3.0,9,0,31000.0,,,N,21.837,SFRAUS00040**C,N,1,180300490,4,4,,1,0,1,COLUMBUS,1,S,Y,N,4.0,N,0.17,,Y,,N,COLUMBUS,N,,0,,OUTERBELT S,,270,IR,,,N,,E,MAIN,1,,,,ST,N,N,N,0,0,N,1.0,0,3,1,,265118.0,N,109.677,18,Y,99,1,2,1,M,N,N,N,0,2,35,1,2,65,1,9,35,13,35,0,0,1,6,NT,1,65,,,,,,,,,,,,,,,,,,,,,,,,,,,,,,,,,,0,6,,accident occurred main unit1 driver states driving along freeway speed limit began hydroplane suddenly lost control vehicle . wit initially ahead unit1 states driving mph passed unit1 . states appeared basically driving little reckless 's lost control crashed . injuries reported time . unit1 driver cited failure control vehicle released .,O,"[0.9999998807907104, 1.258414812355113e-07, 3.182232077847402e-08]",O,"[1.0, 1.2989141706665208e-10, 3.048783962919174e-14]",O,"[1.0, 0.0, 0.0]"
141,141,186061081,unit 1 and 2 were traveling southbound on interstate 71. unit 1 hydroplaned and struck unit 2.,20186061081,2018,C,4/1/2018 0:00,3,SASDIR00071**N,S,ASD,2.177,40.816352,-82.35217,51688,99999.0,4/15/2018 0:00,5,1,N,2.0,N,Y,1.0,23,0,,,,Y,2.168,SASDIR00071**C,Y,4,03-0268-03,1,4,N,1,0,2,MONTGOMERY TOWNSHIP,1,S,Y,N,6.0,Y,0.1,,N,,N,MIFFLIN TOWNSHIP,N,,0,,,,71,IR,,181.0,N,,,,2,,,,,N,Y,Y,0,0,N,1.0,1,2,1,,42800.0,N,180.904,33,Y,5,1,2,1,F,N,N,N,0,2,0,1,2,70,1,20,9,0,0,0,0,1,6,NT,1,70,66.0,1.0,1.0,2.0,1.0,M,,2.0,70.0,1.0,20.0,4.0,,,,,1.0,6.0,NT,15.0,70.0,,,,,,,,,,,,,0,4,,unit1 traveling interstate . unit1 hydroplaned struck unit2 .,O,"[0.6549161076545715, 0.32201239466667175, 0.023071564733982086]",O,"[0.6185653209686279, 0.3700571358203888, 0.011377587914466858]",O,"[0.97412109375, 0.0225982666015625, 0.0033931732177734375]"
142,142,186061810,unit 1 was traveling east on state route 2 (i-90) in the area of mile post 152. unit 1 was traveling in lane 3 and began to hydroplane due to rainfall. unit 1 spun 180 degrees into the steel wire median (knocking approximately 2 over) and came to rest facing oncoming traffic. the vehicle remained connected to the steel wire median at its resting point.,20186061810,2018,O,4/1/2018 0:00,3,SERISR00002**C,S,ERI,25.621,41.376157,-82.430792,79730,99999.0,4/15/2018 0:00,17,1,N,2.0,Y,Y,2.0,17,0,,,,N,25.621,SERISR00002**C,N,1,1315,1,4,N,1,0,1,VERMILION TOWNSHIP,1,,Y,N,4.0,Y,0.0,,Y,,N,AVON,N,,0,,,,2,SR,,152.0,N,,,,2,,,,,N,N,N,0,0,N,1.0,0,2,1,,175544.0,N,152.04,24,Y,99,4,3,1,F,N,N,N,0,2,0,1,2,65,1,9,0,0,0,0,0,1,6,NT,1,55,,,,,,,,,,,,,,,,,,,,,,,,,,,,,,,,,,0,4,,unit1 traveling state area mile post . unit1 traveling began hydroplane due rainfall . unit1 spun degrees steel wire median came rest facing oncoming traffic . vehicle remained connected steel wire median resting point .,O,"[0.9952691197395325, 0.0042452262714505196, 0.0004856004088651389]",O,"[1.0, 8.812636842492338e-09, 2.471500261391757e-11]",O,"[0.998046875, 0.0011873245239257812, 0.0003399848937988281]"
143,143,186061961,"unit #1 was traveling north on cr-53 (west ridge road). unit #1 traveled over a puddle of water, hydroplaned and went off the right side of the roadway into the ditch.",20186061961,2018,O,4/1/2018 0:00,3,CLORCR00053**C,C,LOR,0.317,41.312245,-82.149719,12140,99999.0,4/15/2018 0:00,13,1,N,,N,N,5.0,22,0,,,,N,0.317,CLORCR00053**C,N,3,47-0454-47,2,4,,1,0,1,CARLISLE TOWNSHIP,1,N,N,N,2.0,N,0.1,TR,N,,N,ELYRIA,N,,0,,,,53,CR,,,N,,,,1,106,TR,,,N,N,Y,0,0,N,,0,2,1,,10742.0,N,0.317,29,Y,5,2,1,1,F,N,N,N,0,2,44,1,2,45,1,13,8,44,0,0,0,1,6,NT,1,47,,,,,,,,,,,,,,,,,,,,,,,,,,,,,,,,,,0,4,,"unit1 traveling cr . unit1 traveled puddle water , hydroplaned went side roadway ditch .",O,"[0.9666160345077515, 0.030213750898838043, 0.0031701417174190283]",O,"[0.9971255660057068, 0.0028364358004182577, 3.8056386983953416e-05]",O,"[1.0, 3.7610530853271484e-05, 3.635883331298828e-06]"
144,144,186063301,"unit 1 was northbound on i-71. unit 1 stated that she hydroplaned. unit 1 went off the left side of the roadway, striking the built up dirt divider.",20186063301,2018,O,4/1/2018 0:00,8,SCLIIR00071**C,S,CLI,14.896,39.551148,-83.73527,43064,99999.0,4/15/2018 0:00,13,1,N,2.0,Y,Y,1.0,11,0,,,,Y,14.896,SCLIIR00071**C,N,1,14-0336-14,1,4,N,2,0,1,LIBERTY TOWNSHIP,1,S,Y,N,4.0,Y,0.004,,Y,,N,LIBERTY TOWNSHIP,N,,0,,,,71,IR,,57.0,N,,,,2,,,,,N,N,Y,0,0,N,1.0,0,2,1,,107514.0,N,57.044,19,Y,5,8,5,1,F,N,N,N,0,2,44,1,2,70,1,9,44,0,0,0,0,1,6,NT,1,75,,,,,,,,,,,,,,,,,,,,,,,,,,,,,,,,,,0,4,,"unit1 i. unit1 stated hydroplaned . unit1 went left side roadway , striking built dirt divider .",O,"[0.9910317659378052, 0.008286264725029469, 0.0006820520502515137]",O,"[0.9963366985321045, 0.003617644077166915, 4.558073487714864e-05]",O,"[1.0, 0.0, 0.0]"
145,145,186063879,unit #1 stated that he was approaching the intersection of w. 21st st northbound on leavitt rd. unit #1 stated that he tried to slow down as unit #2 was stopping for the yellow traffic light and then hydroplaned into unit #2. (insurance shown was for different vehicle) unit #2 stated that he was stopped at the traffic light for northbound leavitt rd and w. 21st st and was struck from behind by unit #1,20186063879,2018,C,4/1/2018 0:00,3,SLORSR00058**C,S,LOR,26.919,41.450823,-82.202295,44856,51364.0,4/19/2018 0:00,2,5,N,2.0,N,N,4.0,5,0,,2e755b93-c836-4a98-ab9c-07660380f83b,65a0cee4-b1d4-4645-95ca-ac71ef5655a6,N,26.919,SLORSR00058**C,N,3,2018-00013065,4,4,N,2,0,2,LORAIN,2,,N,Y,4.0,N,0.0,SR,Y,,N,LORAIN,N,,0,,LEAVITT,RD,58,SR,,,N,,W,21ST,1,,,,ST,N,N,N,0,0,N,3.0,1,2,1,,296451.0,N,41.008,18,Y,8,2,1,1,M,N,N,N,0,2,0,1,2,35,11,20,0,0,0,0,0,1,2,NT,4,10,44.0,1.0,2.0,1.0,1.0,M,,2.0,35.0,11.0,20.0,,,,,,1.0,2.0,NT,1.0,,,,,,,,,,,,,,0,4,,unit1 stated approaching intersection leavitt unit1 stated tried slow unit2 stopping yellow traffic light hydroplaned unit2 . unit2 stated stopped traffic light leavitt struck behind unit1,O,"[0.9980491399765015, 0.0018266532570123672, 0.00012417000834830105]",O,"[0.9999269247055054, 7.100991206243634e-05, 2.074288431686e-06]",O,"[1.0, 5.960464477539063e-08, 0.0]"
146,146,186065256,"unit #1 was traveling west on cr 1600, what was on the roadway causing the vehicle to hydroplane. the vehicle traveled 136 feet prior to going off the road.",20186065256,2018,O,4/1/2018 0:00,3,CASDCR01600**C,C,ASD,7.17,40.828029,-82.214949,61756,99999.0,4/24/2018 0:00,13,3,N,,Y,N,6.0,11,0,,,,N,7.17,CASDCR01600**C,Y,1,000078-18-3994,2,4,,2,0,1,PERRY TOWNSHIP,1,W,N,N,2.0,N,0.25,CR,N,,N,PERRY TOWNSHIP,N,,0,,,,1600,CR,,,N,,,89TH,1,1600,CR,,HWY,N,N,Y,0,0,N,,0,2,2,,90509.0,N,7.17,30,Y,99,3,4,1,F,N,N,N,0,2,44,1,2,55,1,8,44,0,0,0,0,1,6,NT,4,60,,,,,,,,,,,,,,,,,,,,,,,,,,,,,,,,,,0,4,,"unit1 traveling cr , roadway causing vehicle hydroplane . vehicle traveled feet prior going .",O,"[0.9642472863197327, 0.03387563303112984, 0.0018770484020933509]",O,"[0.9999998807907104, 1.415926789150035e-07, 5.387084667241027e-10]",O,"[0.8701171875, 0.12066650390625, 0.008941650390625]"
147,147,186067216,unit 01 was traveling south bound on interstate 75. unit 01 hydroplaned and struck a concrete wall. unit 01 sustained disabling damages. no injuries reported.,20186067216,2018,O,4/1/2018 0:00,8,SHAMIR00075**N,S,HAM,7.888,39.175447,-84.488725,15000,16885.0,4/14/2018 0:00,13,7,N,2.0,Y,Y,1.0,12,0,,,,Y,7.962,SHAMIR00075**C,N,1,185005170,1,4,N,1,0,1,CINCINNATI,1,,Y,N,6.0,Y,0.0,,Y,,N,CINCINNATI,N,,0,,,,75,IR,,7.9,N,,,,2,,,,,N,N,N,0,0,N,1.0,0,2,2,,56737.0,N,7.888,22,Y,99,1,2,1,M,N,N,N,0,2,36,1,2,55,1,36,0,0,0,0,0,1,6,NT,3,55,,,,,,,,,,,,,,,,,,,,,,,,,,,,,,,,,,0,4,,unit1 traveling interstate . unit1 hydroplaned struck concrete wall . unit1 sustained disabling damages . injuries reported .,O,"[0.9999948740005493, 4.797956080437871e-06, 3.711218710122921e-07]",O,"[0.9467869400978088, 0.04721046984195709, 0.006002530455589294]",O,"[1.0, 1.1920928955078125e-07, 0.0]"