,id,OBJECTID,Narrative,DOCUMENT_NBR,CRASH_YR,CRASH_SEVERITY_CD,CRASH_MONTH_YEAR,DISTRICT_NBR,NLFID,NLF_JUR_CD,NLF_COUNTY_CD,COUNTY_LOG_NBR,ODOT_LATITUDE_NBR,ODOT_LONGITUDE_NBR,ODOT_FIPS_CD,AREA_CODE,CRASH_DATE,CRASH_TYPE_CD,DAY_IN_WEEK_CD,DISTRACTED_DRIVER_IND,FACILITY_TYPE_CD,FHWA_RDWY_DEPARTURE_IND,FREEWAY_IND,FUNCTIONAL_CLASS_CD,HOUR_OF_CRASH,INCAPAC_INJURIES_NBR,INTERCHANGE_ID,INTERSECTION_ID_CURRENT,INTERSECTION_LEG_ID,INTERSTATE_IND,INV_LOG_NBR,INV_NLFID,IS_COMMERCIAL_RELATED,LIGHT_COND_PRIMARY_CD,LOCAL_REPORT_NUMBER_ID,MAINTENANCE_AUTHORITY_CD,MONTH_OF_CRASH,NHS_CD,NO_INJURY_REPORTED_NBR,NON_INCAPAC_INJURIES_NBR,NUMBER_OF_UNITS_NBR,ODOT_CITY_VILLAGE_TWP_NME,ODOT_CRASH_LOCATION_CD,ODOT_DIR_FROM_REF_CD,ODOT_DIV_UNDIV_IND,ODOT_INTERSECTION_REL_IND,ODOT_LANES_NBR,ODOT_MAINTAINED_HWY_IND,ODOT_MILES_FROM_REF_NBR,ODOT_REF_ROUTE_PREFIX_CD,ODOT_YOUNG_DRIVER_IND,ODPS_ADDRESS_REFERENCE,ODPS_ALCOHOL_IND,ODPS_CITY_VILLAGE_TWP_NME,ODPS_DRUG_IND,ODPS_LOC_DIR_SUFFIX_CD,ODPS_LOC_IN_WORK_ZONE_CD,ODPS_LOC_ROAD_DIRECTION_CD,ODPS_LOC_ROAD_NME,ODPS_LOC_ROAD_SUFFIX_CD,ODPS_LOC_ROUTE_ID,ODPS_LOC_ROUTE_PREFIX_CD,ODPS_LOC_ROUTE_SUFFIX_CD,ODPS_MILEPOST_REFERENCE,ODPS_MOTORCYCLE_IND,ODPS_REF_DIR_SUFFIX_CD,ODPS_REF_DIRECTION_CD,ODPS_REF_GIVEN,ODPS_REF_POINT_USED_CD,ODPS_REF_ROUTE_ID,ODPS_REF_ROUTE_PREFIX_CD,ODPS_REF_ROUTE_SUFFIX_CD,ODPS_REF_SUFFIX_CD,ODPS_SCHOOL_ZONE_IND,ODPS_SENIOR_DRIVER_IND,ODPS_SPEED_IND,ODPS_TOTAL_FATALITIES_NBR,ODPS_TYPE_OF_WORK_ZONE_CD,ODPS_WORK_ZONE_IND,OPER_ACCESS_CONTROL_CD,POSSIBLE_INJURIES_NBR,ROAD_COND_PRIMARY_CD,ROAD_CONTOUR_CD,SA_RAMP_ID,SA_SEGMENT_ID,SECONDARY_CRASH,STATE_TRUE_LOG_NBR,U1_AGE_NBR,U1_AT_FAULT_IND,U1_CONT_CIR_PRIMARY_CD,U1_DIRECTION_FROM_CD,U1_DIRECTION_TO_CD,U1_DISTRACTED_BY_1_CD,U1_GENDER_CD,U1_IS_ALCOHOL_SUSPECTED,U1_IS_MARIJUANA_SUSPECTED,U1_IS_OTHER_DRUG_SUSPECTED,U1_NON_MOTORIST_LOC_CD,U1_NUMBER_OF_THRU_LANES,U1_OBJECT_STRUCK,U1_ODPS_UNIT_NBR,U1_OPERATINGIN_AUTONOMOUS_MODE,U1_POSTED_SPEED_NBR,U1_PRECRASH_ACTION_CD,U1_SEQ_OF_EVENTS_1_CD,U1_SEQ_OF_EVENTS_2_CD,U1_SEQ_OF_EVENTS_3_CD,U1_SEQ_OF_EVENTS_4_CD,U1_SEQ_OF_EVENTS_5_CD,U1_SEQ_OF_EVENTS_6_CD,U1_SPECIAL_FUNCTION_CD,U1_TRAFFIC_CONTROL_CD,U1_TURN_CD,U1_TYPE_OF_UNIT_CD,U1_UNIT_SPEED_NBR,U2_AGE_NBR,U2_CONT_CIR_PRIMARY_CD,U2_DIRECTION_FROM_CD,U2_DIRECTION_TO_CD,U2_DISTRACTED_BY_1_CD,U2_GENDER_CD,U2_NON_MOTORIST_LOC_CD,U2_ODPS_UNIT_NBR,U2_POSTED_SPEED_NBR,U2_PRECRASH_ACTION_CD,U2_SEQ_OF_EVENTS_1_CD,U2_SEQ_OF_EVENTS_2_CD,U2_SEQ_OF_EVENTS_3_CD,U2_SEQ_OF_EVENTS_4_CD,U2_SEQ_OF_EVENTS_5_CD,U2_SEQ_OF_EVENTS_6_CD,U2_SPECIAL_FUNCTION_CD,U2_TRAFFIC_CONTROL_CD,U2_TURN_CD,U2_TYPE_OF_UNIT_CD,U2_UNIT_SPEED_NBR,U3_CONT_CIR_PRIMARY_CD,U3_ODPS_UNIT_NBR,U3_PRECRASH_ACTION_CD,U3_SEQ_OF_EVENTS_1_CD,U3_SEQ_OF_EVENTS_2_CD,U3_SEQ_OF_EVENTS_3_CD,U3_SEQ_OF_EVENTS_4_CD,U3_SEQ_OF_EVENTS_5_CD,U3_SEQ_OF_EVENTS_6_CD,U3_SPECIAL_FUNCTION_CD,U3_TRAFFIC_CONTROL_CD,U3_TYPE_OF_UNIT_CD,UNRESTRAIN_OCCUPANTS,WEATHER_COND_CD,V1,clean_Narrative,BERT_predictions,BERT_prediction_probabilities,RoBERTa_predictions,RoBERTa_predictions_probabilities,distilBERT_predictions,distilBERT_predictions_probabilities
148,148,186069441,"unit #1 was northbound on i-75, in the right lane, when it hit a patch of standing water. driver #1 lost control of the vehicle, and began to slide and hydroplane. unit #1 then partly spun, and struck the cement guardrail/wall, on the right side of highway, head on. no other vehicles were involved and wall was not damaged.",20186069441,2018,O,5/1/2018 0:00,2,SLUCIR00075**C,S,LUC,1.321,41.636666,-83.543867,77000,87868.0,5/3/2018 0:00,13,5,N,2.0,Y,Y,1.0,10,0,,e813aebb-41ea-4ae0-a179-916533893f84,1c9f6792-16f6-44a6-b776-28754e52e3aa,Y,1.321,SLUCIR00075**C,N,1,1.80503E+13,1,5,N,1,0,1,TOLEDO,1,,Y,N,6.0,Y,0.0,,N,,N,TOLEDO,N,,0,N,I 75 N/B,HWY,75,IR,,201.0,N,,,,2,,,,,N,N,N,0,0,N,1.0,0,2,1,,39540.0,N,200.903,28,Y,99,2,1,1,F,N,N,N,0,2,30,1,2,60,1,30,0,0,0,0,0,1,6,NT,1,60,,,,,,,,,,,,,,,,,,,,,,,,,,,,,,,,,,0,4,,"unit1 , , hit patch standing water . driver lost control vehicle , began slide hydroplane . unit1 partly spun , struck cement guardrail wall , side , head . vehicles involved wall damaged .",O,"[0.9992156028747559, 0.0007633217028342187, 2.1128218577359803e-05]",O,"[0.9777414202690125, 0.022195344790816307, 6.319133535725996e-05]",O,"[1.0, 8.344650268554688e-06, 2.980232238769531e-07]"
149,149,186069878,"unit 1 was changing lanes from lane 5 to lane 6. he stated he hydroplaned off the roadway to the right. when he left the roadway, he struck a sign post with the side of his vehicle. he has no valid insurance and was cited for failure to control.",20186069878,2018,O,5/1/2018 0:00,6,SFRAIR00270**C,S,FRA,35.769,40.008938,-82.89689,29106,19234.0,5/4/2018 0:00,13,6,N,2.0,Y,Y,1.0,17,0,27900.0,,,Y,35.769,SFRAIR00270**C,N,1,18GAH-10202-AC,1,5,N,1,0,1,GAHANNA,1,,Y,N,8.0,Y,0.0,,N,,N,GAHANNA,N,,0,,IR 270 SB,HWY,270,IR,,35.8,N,,,,2,,,,,N,N,N,0,0,N,1.0,0,2,3,,91391.0,N,35.769,49,Y,99,6,7,1,M,N,N,N,0,2,37,1,2,65,3,8,37,0,0,0,0,1,6,NT,4,45,,,,,,,,,,,,,,,,,,,,,,,,,,,,,,,,,,0,4,,"unit1 changing lanes . stated hydroplaned roadway . left roadway , struck sign post side vehicle . valid insurance cited failure control .",O,"[0.9999586343765259, 3.984241993748583e-05, 1.5302844076359179e-06]",O,"[0.999997615814209, 2.403176267762319e-06, 1.166949825659458e-08]",O,"[1.0, 8.940696716308594e-07, 1.1920928955078125e-07]"
150,150,186069970,"unit 1 was traveling southbound on interstate 71. unit 1 hydroplaned, traveled off the left side of roadway, entered a ditch, and struck the median cable barrier.",20186069970,2018,O,5/1/2018 0:00,6,SMRWIR00071**N,S,MRW,12.569,40.493962,-82.72294,28378,99999.0,5/3/2018 0:00,13,5,N,2.0,Y,Y,1.0,13,0,72500.0,,,Y,12.548,SMRWIR00071**C,N,1,59-0519-59,1,5,N,1,0,1,FRANKLIN TOWNSHIP,1,N,Y,N,6.0,Y,0.1,,N,,N,CHESTER TOWNSHIP,N,,0,,,,71,IR,,150.6,N,,,,2,,,,,N,N,Y,0,0,N,1.0,0,2,2,,91056.0,N,150.742,64,Y,5,1,2,1,M,N,N,N,0,2,33,1,2,70,1,9,44,33,0,0,0,1,6,NT,3,60,,,,,,,,,,,,,,,,,,,,,,,,,,,,,,,,,,0,4,,"unit1 traveling interstate . unit1 hydroplaned , traveled left side roadway , entered ditch , struck median cable barrier .",O,"[0.9960092306137085, 0.0037193982861936092, 0.00027135596610605717]",O,"[0.9859980344772339, 0.013479591347277164, 0.0005223340704105794]",O,"[1.0, 7.367134094238281e-05, 5.543231964111328e-06]"
151,151,186071604,unit #1 was traveling westbound and stopped in lane #3 waiting for a vehicle in front of her to turn. unit #2 was traveling westbound in lane #3 as well. unit #2 started to hydroplane due to the water on the roadway. unit #2 lost control of the vehicle and struck unit #1 in the rear end. there was minor damage and both vehicles were able to drive away from the scene. both drivers stated they were not injured. bwc is available.,20186071604,2018,O,5/1/2018 0:00,4,SSUMSR00018**C,S,SUM,5.158,41.120339,-81.593664,1000,766.0,5/4/2018 0:00,2,6,N,2.0,N,N,3.0,15,0,,15cbc661-50a3-4d1a-823e-b51907131a3b,e8ac2bd1-cb09-4804-9434-284144a11187,N,5.158,SSUMSR00018**C,N,1,T18002868,4,5,N,2,0,2,AKRON,1,,N,N,4.0,N,0.0,MR,N,,N,AKRON,N,,0,,STATE ROUTE 18 W,,18,SR,,,N,,E,FAIRLAWN,1,,,,BLVD,N,N,N,0,0,N,3.0,0,2,1,,150853.0,N,187.914,53,Y,1,3,4,1,F,N,N,N,0,2,0,2,2,35,1,20,0,0,0,0,0,1,6,NT,1,15,41.0,1.0,3.0,4.0,1.0,F,,1.0,35.0,1.0,20.0,,,,,,1.0,6.0,NT,1.0,3.0,,,,,,,,,,,,,0,2,,unit1 traveling stopped waiting vehicle front turn . unit2 traveling well . unit2 started hydroplane due water roadway . unit2 lost control vehicle struck unit1 rear end . minor damage vehicles able away scene . drivers stated injured . bwc available .,O,"[1.0, 5.756566778813976e-08, 1.4882257204362759e-08]",O,"[1.0, 1.0890096463489485e-10, 2.723535339041374e-14]",O,"[1.0, 0.0, 0.0]"
152,152,186073001,unit 01 was traveling on the on ramp from us 62 wb to i-77 nb when it hydroplaned and lost control striking the guard rail causing driver side damage to the vehicle.,20186073001,2018,O,5/1/2018 0:00,4,SSTARA76078**C,S,STA,0.001,40.829711,-81.396514,12000,17668.0,5/3/2018 0:00,13,5,N,4.0,Y,Y,1.0,19,0,81500.0,cf3e9e6d-9650-4aec-9d18-ae8172faf583,f874315d-b916-4e04-8142-8a5ee6af19df,Y,0.001,SSTARA76078**C,N,2,1805270,1,5,,2,0,1,CANTON,7,S,N,N,,Y,0.002,,Y,,N,CANTON,N,,0,,,HWY,77,IR,,107.6,N,,,,2,,,,,N,N,N,0,0,N,1.0,0,2,4,,,N,0.001,18,Y,99,4,1,1,F,N,N,N,0,2,34,1,2,0,13,34,0,0,0,0,0,1,6,LT,1,0,,,,,,,,,,,,,,,,,,,,,,,,,,,,,,,,,,1,4,,unit1 traveling ramp us hydroplaned lost control striking guard rail causing driver side damage vehicle .,O,"[0.9999922513961792, 7.364782959484728e-06, 4.119059440199635e-07]",O,"[0.9868595600128174, 0.012871908955276012, 0.00026861560763791203]",O,"[1.0, 5.662441253662109e-06, 2.384185791015625e-07]"
153,153,186073441,unit 1 was traveling westbound on coshocton avenue when it began hydroplaning due to bald tires. it then struck the rear right corner of unit 2.,20186073441,2018,O,4/1/2018 0:00,5,SKNOUS00036**C,S,KNO,19.49,40.400479,-82.454549,53102,99749.0,4/24/2018 0:00,5,3,N,2.0,N,N,3.0,15,0,,,,N,19.49,SKNOUS00036**C,N,1,000001-18-1624,4,4,,2,0,2,MOUNT VERNON,1,E,N,N,4.0,N,0.144,,Y,,N,MOUNT VERNON,N,,0,,COSHOCTON,AVE,,,,,N,,,VERNONVIEW,1,,,,DR,N,N,N,0,0,N,3.0,0,2,1,,346166.0,N,140.851,18,Y,18,3,4,1,M,N,N,N,0,2,0,1,2,35,1,20,0,0,0,0,0,1,6,NT,1,0,60.0,1.0,3.0,4.0,1.0,F,,2.0,35.0,1.0,20.0,,,,,,1.0,6.0,NT,3.0,,,,,,,,,,,,,,0,4,,unit1 traveling coshocton began hydroplaning due bald tires . struck rear corner unit2 .,O,"[0.9994891881942749, 0.00046877493150532246, 4.204806828056462e-05]",O,"[0.9999958276748657, 4.072368483321043e-06, 1.5894580940312153e-07]",O,"[1.0, 1.7881393432617188e-07, 0.0]"
154,154,186074491,"unit #1 was w/b on i90 approximately 6/10 of a mile east of milepost 163. the driver of unit #1 lost control of the vehicle and began hydroplaning, due to large amounts of water on the roadway. unit #1 crossed two lanes of travel, struck the concrete barrier, spun, and struck the barrier again. driver of unit #1 sustained injuries to the face, due to striking the steering wheel. the front seat passenger left the scene prior to the arrival of emergency personnel. according to the driver of unit #1, the passenger struck her head on the passenger side window, but was not injured.",20186074491,2018,AB,5/1/2018 0:00,12,SCUYIR00090**N,S,CUY,7.094,41.472112,-81.835514,68056,17668.0,5/13/2018 0:00,13,1,N,2.0,Y,Y,1.0,6,0,,f5df170d-e3d8-4301-9953-a68a5b805b2b,c73e4775-6a2f-4081-878b-65239016bbdd,Y,7.093,SCUYIR00090**C,N,1,18  002184,1,5,N,0,1,1,ROCKY RIVER,1,,Y,N,8.0,Y,0.0,,N,,N,LAKEWOOD,N,,0,,,,90,IR,,163.0,N,,,,2,,,,,N,N,N,0,0,N,1.0,1,2,1,,56881.0,N,162.913,39,Y,99,3,4,1,M,N,N,N,0,2,35,1,2,60,1,35,35,0,0,0,0,1,6,NT,1,60,,,,,,,,,,,,,,,,,,,,,,,,,,,,,,,,,,1,4,,"unit1 approximately mile milepost . driver unit1 lost control vehicle began hydroplaning , due large amounts water roadway . unit1 crossed two lanes travel , struck concrete barrier , spun , struck barrier . driver unit1 sustained injuries face , due striking steering wheel . front seat passenger left scene prior arrival emergency personnel . according driver unit1 , passenger struck head passenger side window , injured .",C,"[1.5276672229447286e-06, 0.9999949932098389, 3.4110262276954018e-06]",C,"[3.4584590480335464e-07, 0.9999551773071289, 4.4464151869760826e-05]",C,"[1.4066696166992188e-05, 1.0, 9.5367431640625e-06]"
155,155,186075122,unit #1 was traveling northbound on i 77 near e archwood av. the driver of unit #1 said that he hydroplaned on the wet road and lost control of his vehicle and hit the concrete median. after hitting the median the vehicle then flipped and landed on its roof. the driver of unit #1 was cited for failure to control.,20186075122,2018,O,5/1/2018 0:00,4,SSUMIR00077**C,S,SUM,10.96,41.046464,-81.505391,1000,766.0,5/13/2018 0:00,13,1,N,2.0,Y,Y,1.0,7,0,,,,Y,10.96,SSUMIR00077**C,N,1,T18003048,1,5,N,1,0,1,AKRON,1,,Y,N,6.0,Y,0.0,,N,,N,AKRON,N,,0,,I 77 N,,77,IR,,,N,,E,ARCHWOOD,1,,,,AVE,N,N,Y,0,0,N,1.0,0,2,2,,47075.0,N,124.482,58,Y,99,2,1,1,M,N,N,N,0,2,36,1,2,55,1,36,0,0,0,0,0,1,6,NT,4,60,,,,,,,,,,,,,,,,,,,,,,,,,,,,,,,,,,0,4,,unit1 traveling near archwood . driver unit1 said hydroplaned wet lost control vehicle hit concrete median . hitting median vehicle flipped landed roof . driver unit1 cited failure control .,C,"[0.08546330034732819, 0.910042405128479, 0.004494359716773033]",C,"[0.08226074278354645, 0.9171807169914246, 0.0005586405168287456]",O,"[1.0, 6.973743438720703e-06, 4.172325134277344e-07]"
156,156,186076742,"unit 1 was heading west on sr 39 / roswell rd sw near chapel rd.unit 1 started to hydroplane and spun around.unit 1 went backwards off the right side of the roadway in to a ditch and part way up an embankment, before rolling over on to its right side.",20186076742,2018,O,5/1/2018 0:00,11,SCARSR00039**C,S,CAR,11.495,40.56752,-81.135623,33782,99999.0,5/13/2018 0:00,13,1,N,2.0,Y,N,4.0,5,0,,,,N,11.495,SCARSR00039**C,N,4,18A 40    A11,1,5,,1,0,1,HARRISON TOWNSHIP,1,W,N,N,2.0,Y,0.4,,N,,N,CENTER TOWNSHIP,N,,0,,,,39,SR,,,N,,,CHAPEL,1,,,,RD,N,N,N,0,0,N,3.0,0,2,2,,168523.0,N,114.028,61,Y,99,7,6,1,M,N,N,N,0,2,45,1,2,55,1,8,44,45,1,0,0,1,6,NT,3,50,,,,,,,,,,,,,,,,,,,,,,,,,,,,,,,,,,0,4,,"unit1 heading roswell near chapel .unit1 started hydroplane spun around.unit1 went backwards side roadway ditch part embankment , rolling side .",C,"[0.19204294681549072, 0.7968772649765015, 0.011079762130975723]",O,"[0.9999799728393555, 1.995379716390744e-05, 1.4214700172487937e-07]",O,"[1.0, 3.4809112548828125e-05, 2.682209014892578e-06]"
157,157,186076878,unit 1 advised that he was driving westbound on i-80 when he hydroplaned and went left off of the roadway and into the median. he then advised that his vehicle rotated left while sliding in the median and then his driver side door and passenger door struck a bridge post of the drummond overpass. the 234 milepost sign was damaged and odot was notified.,20186076878,2018,O,5/1/2018 0:00,4,STRUIR00080**N,S,TRU,9.051,41.174438,-80.578203,36596,97831.0,5/12/2018 0:00,13,7,N,2.0,Y,Y,1.0,16,0,,,,Y,9.073,STRUIR00080**C,N,1,HTP1802128,1,5,N,2,0,1,HUBBARD TOWNSHIP,1,E,Y,N,8.0,Y,0.006,,N,,N,HUBBARD TOWNSHIP,N,,0,,,,80,IR,,234.0,N,,,,2,,,,,N,N,N,0,0,N,1.0,0,2,1,,81403.0,N,233.803,29,Y,99,3,4,1,M,N,N,N,0,2,27,1,2,65,1,9,10,37,27,0,0,1,6,NT,4,65,,,,,,,,,,,,,,,,,,,,,,,,,,,,,,,,,,0,4,,unit1 advised driving hydroplaned went left roadway median . advised vehicle rotated left sliding median driver side door passenger door struck bridge post drummond overpass . milepost sign damaged odot notified .,O,"[0.997946560382843, 0.0019861557520926, 6.730192399118096e-05]",O,"[0.9998494386672974, 0.00015000300481915474, 4.481776443299168e-07]",O,"[1.0, 1.2934207916259766e-05, 6.556510925292969e-07]"
158,158,186077972,"unit 1 was heading eastbound on us 30 when the vehicle hydroplaned and struck a guard rail. after striking the guard rail, the vehicle continued to spin out until off the roadway in the ditch. no injuries. proof of insurance was not shown.",20186077972,2018,O,5/1/2018 0:00,3,SRICUS00030**N,S,RIC,7.563,40.784925,-82.590279,58520,54091.0,5/4/2018 0:00,13,6,N,2.0,Y,Y,2.0,14,0,76300.0,,,N,7.565,SRICUS00030**C,N,1,18-07483,4,5,N,1,0,1,ONTARIO,1,W,Y,N,4.0,N,0.236,,N,,N,ONTARIO,N,,0,,US ROUTE 30 E,,30,US,,,N,,N,LEXSPRINGMILL,1,,,,PL,N,N,N,0,0,N,1.0,0,2,1,,284929.0,N,126.22,45,Y,99,3,4,1,F,N,N,N,0,2,30,1,2,70,1,30,0,0,0,0,0,1,6,NT,1,60,,,,,,,,,,,,,,,,,,,,,,,,,,,,,,,,,,0,4,,"unit1 heading us vehicle hydroplaned struck guard rail . striking guard rail , vehicle continued spin roadway ditch . injuries . proof insurance shown .",O,"[0.9999997615814209, 2.1584516218808858e-07, 4.7068926534166167e-08]",O,"[0.9999995231628418, 4.7143780079750286e-07, 1.4839075523909173e-09]",O,"[1.0, 0.0, 0.0]"
159,159,186079505,unit 1 hydroplaned and lost control of his vehicle sliding off the left side of the roadway and striking the cable dividers resulting in damage to unit 1.,20186079505,2018,O,5/1/2018 0:00,8,SCLERA13020**C,S,CLE,0.004,39.183615,-84.265105,49322,99999.0,5/21/2018 0:00,13,2,N,4.0,Y,Y,1.0,22,0,10300.0,b8fe540e-8478-4bb9-bbac-632cffb64cf8,d86c1db4-5e41-4618-8c9c-ee440ae21634,Y,0.004,SCLERA13020**C,N,3,000000018-7116,1,5,,1,0,1,MIAMI TOWNSHIP,1,S,N,N,,Y,0.057,RA,Y,,N,MIAMI TOWNSHIP,N,,0,,I 275 N,,275,IR,,,N,,,,1,28,SR,,,N,N,Y,0,0,N,1.0,0,2,2,,,N,0.004,19,Y,5,1,2,1,M,N,N,N,0,2,33,1,2,65,1,33,0,0,0,0,0,1,6,NT,4,55,,,,,,,,,,,,,,,,,,,,,,,,,,,,,,,,,,0,4,,unit1 hydroplaned lost control vehicle sliding left side roadway striking cable dividers resulting damage unit1 .,O,"[0.9999963045120239, 3.480600071270601e-06, 2.3471352506021503e-07]",O,"[0.9994161128997803, 0.0005823776591569185, 1.5048735804157332e-06]",O,"[1.0, 4.76837158203125e-07, 5.960464477539063e-08]"
160,160,186079799,"unit 1 was travelling south on interstate 75. according to the driver of unit 1, she hydroplaned for several hundred feet due to the wet road conditions; lost control of her vehicle and ran off the road to the right at 17.2 mile post. unit 1 came to rest after the front of the vehicle struck the guardrail on the right berm. the driver of unit 1 suffered minor injuries due to being cut by glass after the front driver's side window busted out. the driver of unit 1 was found at fault for the accident and issued a citation for failure to control.",20186079799,2018,AB,5/1/2018 0:00,8,SHAMIR00075**N,S,HAM,17.128,39.298349,-84.440723,71892,16885.0,5/21/2018 0:00,13,2,N,2.0,Y,Y,1.0,21,0,42100.0,,,Y,17.357,SHAMIR00075**C,N,3,2.018E+12,1,5,N,0,1,1,SHARONVILLE,1,,Y,N,8.0,Y,0.0,,Y,,N,SHARONVILLE,N,,0,,,HWY,75,IR,,17.2,N,,,,2,,,,,N,N,N,0,0,N,1.0,0,2,1,,111009.0,N,17.128,19,Y,99,1,2,1,F,N,N,N,0,2,30,1,2,65,1,8,30,0,0,0,0,1,6,NT,1,50,,,,,,,,,,,,,,,,,,,,,,,,,,,,,,,,,,0,4,,"unit1 travelling interstate . according driver unit1 , hydroplaned several hundred feet due wet conditions ; lost control vehicle ran . mile post . unit1 came rest front vehicle struck guardrail berm . driver unit1 suffered minor injuries due cut glass front driver 's side window busted . driver unit1 found fault accident issued citation failure control .",C,"[2.2929837086849147e-06, 0.9999972581863403, 4.2686562551352836e-07]",C,"[8.149145855895767e-07, 0.9999991655349731, 5.643916622943834e-08]",C,"[0.0004954338073730469, 0.9990234375, 1.4901161193847656e-06]"
161,161,186080154,"unit #1 was traveling east on ir 76 when it hydroplaned on the roadway. unit #1 ran off the left side of the roadway, striking a guardrail face and a median cable barrier.",20186080154,2018,O,5/1/2018 0:00,4,SPORIR00076**C,S,POR,19.56,41.104204,-81.032835,59668,99999.0,5/22/2018 0:00,13,3,N,2.0,Y,Y,1.0,15,0,,,,Y,19.56,SPORIR00076**C,N,1,67-0765-67,1,5,N,1,0,1,PALMYRA TOWNSHIP,1,E,Y,N,4.0,Y,0.3,,N,,N,PALMYRA TOWNSHIP,N,,0,,,,76,IR,,49.0,N,,,,2,,,,,N,N,Y,0,0,N,1.0,0,2,1,,118349.0,N,49.688,38,Y,5,6,7,1,F,N,N,N,0,2,30,1,2,70,1,9,30,33,0,0,0,1,6,NT,3,65,,,,,,,,,,,,,,,,,,,,,,,,,,,,,,,,,,0,2,,"unit1 traveling hydroplaned roadway . unit1 ran left side roadway , striking guardrail face median cable barrier .",O,"[0.9997766613960266, 0.0002106772008119151, 1.2576805602293462e-05]",O,"[0.9997445940971375, 0.00025140834623016417, 3.954869043809595e-06]",O,"[1.0, 1.4483928680419922e-05, 1.1920928955078125e-06]"
162,162,186081278,unit #1 was northbound on ir-77 and began to hydroplane due to worn rear tires. unit #1 went off of the right side of the roadway and struck an embankment.,20186081278,2018,O,5/1/2018 0:00,10,SNOBIR00077**C,S,NOB,15.62,39.850158,-81.544655,56028,99999.0,5/22/2018 0:00,13,3,N,2.0,Y,Y,1.0,20,0,,,,Y,15.62,SNOBIR00077**C,N,1,30-0442-61,1,5,N,1,0,1,NOBLE TOWNSHIP,1,N,Y,N,4.0,Y,0.2,,Y,,N,BUFFALO TOWNSHIP,N,,0,,,,77,IR,,33.0,N,,,,2,,,,,N,N,N,0,0,N,1.0,0,2,2,,39606.0,N,33.26,21,Y,18,2,1,1,F,N,N,N,0,2,45,1,2,70,1,8,45,0,0,0,0,1,6,NT,1,68,,,,,,,,,,,,,,,,,,,,,,,,,,,,,,,,,,0,4,,unit1 ir began hydroplane due worn rear tires . unit1 went side roadway struck embankment .,O,"[0.9697861075401306, 0.02833600342273712, 0.0018779542297124863]",O,"[0.9960592985153198, 0.0036996672861278057, 0.00024107815988827497]",O,"[0.7900390625, 0.2071533203125, 0.002986907958984375]"
163,163,186082179,"the listed operator of the listed vehicle initially stated that she could not recall the events that led up to the accident. the listed operator later stated that she was not operating the vehicle. the listed operator stated that a friend named sam operating the vehicle and when the accident occurred, sam fled the scene. ms. slager stated that all she could remember was that the vehicle hydroplaned and the listed operator lost control of the listed vehicle and the vehicle struck the over head sign pole as indicated on the diagram. ms. murphy was transported to grant medical center and was treated by dr. cochran. ms. boffman was transported to grant medical center and was treated by dr. debries. a diagnosis was not available at the time of the report.",20186082179,2018,AB,5/1/2018 0:00,6,MFRAMR00642**C,M,FRA,0.047,39.954464,-82.996208,18000,19234.0,5/22/2018 0:00,13,3,N,,Y,N,7.0,0,0,,881aaa35-85e2-4244-8290-f917b7309700,e22f18be-a386-4014-8689-279a5b16746d,N,0.047,MFRAMR00642**C,N,3,180409386,4,5,,1,1,1,COLUMBUS,1,S,N,Y,2.0,N,0.002,US,N,,N,COLUMBUS,N,,0,S,3RD,ST,,,,,N,,,ENGLER,1,,,,ST,N,N,Y,0,0,N,,1,2,1,,116106.0,N,0.047,27,Y,99,1,2,1,F,N,N,N,0,2,38,1,2,35,1,38,0,0,0,0,0,1,2,NT,1,45,,,,,,,,,,,,,,,,,,,,,,,,,,,,,,,,,,0,4,,"listed operator listed vehicle initially stated could recall events led accident . listed operator later stated operating vehicle . listed operator stated friend named sam operating vehicle accident occurred , sam fled scene . ms. slager stated could remember vehicle hydroplaned listed operator lost control listed vehicle vehicle struck head sign pole indicated diagram . ms. murphy transported grant medical center treated . cochran . ms. boffman transported grant medical center treated . debries . diagnosis available time report .",AB,"[1.845445751769148e-07, 1.3089578715153039e-05, 0.9999867677688599]",AB,"[1.7470171087552444e-08, 8.193815119739156e-07, 0.9999991655349731]",AB,"[0.0007505416870117188, 0.055145263671875, 0.94384765625]"