,id,OBJECTID,Narrative,DOCUMENT_NBR,CRASH_YR,CRASH_SEVERITY_CD,CRASH_MONTH_YEAR,DISTRICT_NBR,NLFID,NLF_JUR_CD,NLF_COUNTY_CD,COUNTY_LOG_NBR,ODOT_LATITUDE_NBR,ODOT_LONGITUDE_NBR,ODOT_FIPS_CD,AREA_CODE,CRASH_DATE,CRASH_TYPE_CD,DAY_IN_WEEK_CD,DISTRACTED_DRIVER_IND,FACILITY_TYPE_CD,FHWA_RDWY_DEPARTURE_IND,FREEWAY_IND,FUNCTIONAL_CLASS_CD,HOUR_OF_CRASH,INCAPAC_INJURIES_NBR,INTERCHANGE_ID,INTERSECTION_ID_CURRENT,INTERSECTION_LEG_ID,INTERSTATE_IND,INV_LOG_NBR,INV_NLFID,IS_COMMERCIAL_RELATED,LIGHT_COND_PRIMARY_CD,LOCAL_REPORT_NUMBER_ID,MAINTENANCE_AUTHORITY_CD,MONTH_OF_CRASH,NHS_CD,NO_INJURY_REPORTED_NBR,NON_INCAPAC_INJURIES_NBR,NUMBER_OF_UNITS_NBR,ODOT_CITY_VILLAGE_TWP_NME,ODOT_CRASH_LOCATION_CD,ODOT_DIR_FROM_REF_CD,ODOT_DIV_UNDIV_IND,ODOT_INTERSECTION_REL_IND,ODOT_LANES_NBR,ODOT_MAINTAINED_HWY_IND,ODOT_MILES_FROM_REF_NBR,ODOT_REF_ROUTE_PREFIX_CD,ODOT_YOUNG_DRIVER_IND,ODPS_ADDRESS_REFERENCE,ODPS_ALCOHOL_IND,ODPS_CITY_VILLAGE_TWP_NME,ODPS_DRUG_IND,ODPS_LOC_DIR_SUFFIX_CD,ODPS_LOC_IN_WORK_ZONE_CD,ODPS_LOC_ROAD_DIRECTION_CD,ODPS_LOC_ROAD_NME,ODPS_LOC_ROAD_SUFFIX_CD,ODPS_LOC_ROUTE_ID,ODPS_LOC_ROUTE_PREFIX_CD,ODPS_LOC_ROUTE_SUFFIX_CD,ODPS_MILEPOST_REFERENCE,ODPS_MOTORCYCLE_IND,ODPS_REF_DIR_SUFFIX_CD,ODPS_REF_DIRECTION_CD,ODPS_REF_GIVEN,ODPS_REF_POINT_USED_CD,ODPS_REF_ROUTE_ID,ODPS_REF_ROUTE_PREFIX_CD,ODPS_REF_ROUTE_SUFFIX_CD,ODPS_REF_SUFFIX_CD,ODPS_SCHOOL_ZONE_IND,ODPS_SENIOR_DRIVER_IND,ODPS_SPEED_IND,ODPS_TOTAL_FATALITIES_NBR,ODPS_TYPE_OF_WORK_ZONE_CD,ODPS_WORK_ZONE_IND,OPER_ACCESS_CONTROL_CD,POSSIBLE_INJURIES_NBR,ROAD_COND_PRIMARY_CD,ROAD_CONTOUR_CD,SA_RAMP_ID,SA_SEGMENT_ID,SECONDARY_CRASH,STATE_TRUE_LOG_NBR,U1_AGE_NBR,U1_AT_FAULT_IND,U1_CONT_CIR_PRIMARY_CD,U1_DIRECTION_FROM_CD,U1_DIRECTION_TO_CD,U1_DISTRACTED_BY_1_CD,U1_GENDER_CD,U1_IS_ALCOHOL_SUSPECTED,U1_IS_MARIJUANA_SUSPECTED,U1_IS_OTHER_DRUG_SUSPECTED,U1_NON_MOTORIST_LOC_CD,U1_NUMBER_OF_THRU_LANES,U1_OBJECT_STRUCK,U1_ODPS_UNIT_NBR,U1_OPERATINGIN_AUTONOMOUS_MODE,U1_POSTED_SPEED_NBR,U1_PRECRASH_ACTION_CD,U1_SEQ_OF_EVENTS_1_CD,U1_SEQ_OF_EVENTS_2_CD,U1_SEQ_OF_EVENTS_3_CD,U1_SEQ_OF_EVENTS_4_CD,U1_SEQ_OF_EVENTS_5_CD,U1_SEQ_OF_EVENTS_6_CD,U1_SPECIAL_FUNCTION_CD,U1_TRAFFIC_CONTROL_CD,U1_TURN_CD,U1_TYPE_OF_UNIT_CD,U1_UNIT_SPEED_NBR,U2_AGE_NBR,U2_CONT_CIR_PRIMARY_CD,U2_DIRECTION_FROM_CD,U2_DIRECTION_TO_CD,U2_DISTRACTED_BY_1_CD,U2_GENDER_CD,U2_NON_MOTORIST_LOC_CD,U2_ODPS_UNIT_NBR,U2_POSTED_SPEED_NBR,U2_PRECRASH_ACTION_CD,U2_SEQ_OF_EVENTS_1_CD,U2_SEQ_OF_EVENTS_2_CD,U2_SEQ_OF_EVENTS_3_CD,U2_SEQ_OF_EVENTS_4_CD,U2_SEQ_OF_EVENTS_5_CD,U2_SEQ_OF_EVENTS_6_CD,U2_SPECIAL_FUNCTION_CD,U2_TRAFFIC_CONTROL_CD,U2_TURN_CD,U2_TYPE_OF_UNIT_CD,U2_UNIT_SPEED_NBR,U3_CONT_CIR_PRIMARY_CD,U3_ODPS_UNIT_NBR,U3_PRECRASH_ACTION_CD,U3_SEQ_OF_EVENTS_1_CD,U3_SEQ_OF_EVENTS_2_CD,U3_SEQ_OF_EVENTS_3_CD,U3_SEQ_OF_EVENTS_4_CD,U3_SEQ_OF_EVENTS_5_CD,U3_SEQ_OF_EVENTS_6_CD,U3_SPECIAL_FUNCTION_CD,U3_TRAFFIC_CONTROL_CD,U3_TYPE_OF_UNIT_CD,UNRESTRAIN_OCCUPANTS,WEATHER_COND_CD,V1,clean_Narrative,BERT_predictions,BERT_prediction_probabilities,RoBERTa_predictions,RoBERTa_predictions_probabilities,distilBERT_predictions,distilBERT_predictions_probabilities
164,164,186082595,unit 2 was traveling on oh-2 wb. unit 1 was also traveling oh-2 wb when his vehicle hydroplaned and struck unit 2. unit 2 was then thrown into a spin and came to rest in the left of the roadway. unit 1 was cited for reasonable control 333.025 on cite ec7415,20186082595,2018,O,5/1/2018 0:00,12,SCUYSR00002**N,S,CUY,5.992,41.472969,-81.85654,68056,17668.0,5/19/2018 0:00,5,7,N,2.0,N,N,4.0,16,0,16100.0,3f5b29b8-212a-496c-950e-83908bdd46ef,5dc357ca-7bbf-4189-99ed-1290bcc1e934,N,6.024,SCUYSR00002**C,N,1,1890542,4,5,,3,0,2,ROCKY RIVER,1,E,Y,N,4.0,N,0.009,,N,,N,EUCLID,N,,0,,,HWY,2,SR,,185.4,N,,,,2,,,,,N,Y,N,0,0,N,3.0,0,2,2,,148000.0,N,185.424,53,Y,99,3,4,1,M,N,N,N,0,2,0,1,2,60,1,20,0,0,0,0,0,1,6,NT,1,45,70.0,1.0,3.0,4.0,1.0,F,,2.0,60.0,1.0,20.0,,,,,,1.0,6.0,NT,1.0,43.0,,,,,,,,,,,,,0,2,,unit2 traveling oh . unit1 also traveling oh vehicle hydroplaned struck unit2 . unit2 thrown spin came rest left roadway . unit1 cited reasonable control . cite,C,"[0.003754116129130125, 0.9922263622283936, 0.004019499756395817]",O,"[0.8517413139343262, 0.1457732766866684, 0.0024853693321347237]",C,"[0.0120391845703125, 0.52197265625, 0.465576171875]"
165,165,186084111,unit #1 was traveling eastbound on ir-70. unit #1 struck a large puddle of water causing her to hydroplane and leave the left side of the road striking a concrete median wall.,20186084111,2018,O,5/1/2018 0:00,6,SFRAIR00070**C,S,FRA,12.652,39.949633,-83.023805,18000,19234.0,5/26/2018 0:00,13,7,N,2.0,Y,Y,1.0,18,0,,,,Y,12.652,SFRAIR00070**C,N,1,25-0256-25,1,5,N,3,0,1,COLUMBUS,1,W,Y,N,6.0,Y,0.1,,N,,N,COLUMBUS,N,,0,,,,70,IR,,99.0,N,,,,2,,,,,N,N,Y,0,0,N,1.0,0,2,1,,33544.0,N,98.679,56,Y,5,4,3,1,F,N,N,N,0,2,35,1,2,55,1,9,35,0,0,0,0,1,6,NT,3,65,,,,,,,,,,,,,,,,,,,,,,,,,,,,,,,,,,0,4,,unit1 traveling ir . unit1 struck large puddle water causing hydroplane leave left side striking concrete median wall .,O,"[0.7675607800483704, 0.22629503905773163, 0.006144179496914148]",O,"[0.7547779083251953, 0.23853221535682678, 0.006689879577606916]",O,"[1.0, 1.1861324310302734e-05, 1.1920928955078125e-06]"
166,166,186084386,"the driver of unit 1 was driving eastbound on i-74 near the 14.8 mile marker when she lost control of her vehicle. she states she hydroplaned on the wet roadway, causing her to spin out and strike the concrete wall with her vehicle's rear. she states she then spun all the way around twice, striking the concrete wall a second time, and coming to final rest after striking the guardrail. she failed to maintain control of her vehicle at the time of the accident.",20186084386,2018,O,5/1/2018 0:00,8,SHAMIR00074**C,S,HAM,14.769,39.18431,-84.601649,31752,16885.0,5/30/2018 0:00,13,4,N,2.0,N,Y,1.0,20,0,40500.0,,,Y,14.769,SHAMIR00074**C,N,2,2.018E+12,1,5,N,2,0,1,GREEN TOWNSHIP,1,,Y,N,4.0,Y,0.0,,N,,N,GREEN TOWNSHIP,N,,0,,,HWY,74,IR,,14.8,N,,,,2,,,,,N,N,Y,0,0,N,1.0,0,2,1,,34114.0,N,14.769,30,Y,5,6,7,1,F,N,N,N,0,2,30,1,2,65,1,13,8,30,0,0,0,1,6,NT,1,60,,,,,,,,,,,,,,,,,,,,,,,,,,,,,,,,,,0,4,,"driver unit1 driving near . mile marker lost control vehicle . states hydroplaned wet roadway , causing spin strike concrete wall vehicle 's rear . states spun around twice , striking concrete wall second time , coming final rest striking guardrail . failed maintain control vehicle time accident .",O,"[0.9999964237213135, 3.3741605420800624e-06, 2.8893288117615157e-07]",O,"[0.9917134046554565, 0.00812265370041132, 0.0001639641704969108]",O,"[0.705078125, 0.288330078125, 0.00667572021484375]"
167,167,186088391,unit 01 was merging on i475 northbound from us24. unit 01 driver indicated traffic was stopping due to the amount of traffic and the weather conditions. unit 02 was directly behind unit 01 and struck unit 01 in the center rear. unit 02 driver indicated he attempted to stop but hydroplaned into unit 01. unit 01 was driven from the scene and both occupants indicated they had no injuries. unit 02 vehicle suffered disabling damage and was towed by a private tow. unit 02 driver stated he was not injured. weather was heavy rain with standing water in places.,20186088391,2018,O,6/1/2018 0:00,2,SLUCRA48006**C,S,LUC,0.455,41.553627,-83.685576,48342,97831.0,6/1/2018 0:00,6,6,N,4.0,N,Y,1.0,17,0,60800.0,80024e99-8658-4544-989a-19d54188676e,40e51980-f175-4e30-a816-5cd5f3eba92f,Y,0.455,SLUCRA48006**C,N,1,18014702,1,6,,3,0,2,MAUMEE,7,N,N,Y,,Y,0.095,RA,Y,,N,MAUMEE,N,,0,,,ST,475,IR,,,N,,,,1,24,US,,,N,N,N,0,0,N,1.0,0,2,2,,,N,0.455,23,Y,99,2,1,1,M,N,N,N,0,2,0,2,2,65,1,20,0,0,0,0,0,1,5,NT,1,35,40.0,1.0,4.0,1.0,1.0,M,,1.0,65.0,11.0,20.0,,,,,,1.0,5.0,LT,4.0,,,,,,,,,,,,,,0,4,,unit1 merging . unit1 driver indicated traffic stopping due amount traffic weather conditions . unit2 directly behind unit1 struck unit1 center rear . unit2 driver indicated attempted stop hydroplaned unit1 . unit1 driven scene occupants indicated injuries . unit2 vehicle suffered disabling damage towed private tow . unit2 driver stated injured . weather heavy rain standing water places .,O,"[0.9999998807907104, 8.56970316931438e-08, 1.606938049292239e-08]",O,"[0.9999995231628418, 4.6490055183312506e-07, 1.3256854503040927e-09]",O,"[1.0, 0.0, 0.0]"
168,168,186089202,unit#1 was southwest on sr 7 at mile post 6 when it hydroplaned and spun out off the right side of the roadway. unit #1 than struck an embankment.,20186089202,2018,C,6/1/2018 0:00,10,SMEGSR00007**N,S,MEG,6.508,39.046205,-82.051942,70114,99999.0,6/3/2018 0:00,13,1,N,2.0,Y,N,3.0,13,0,,0364d6e5-92d2-4f11-b076-788bc418a500,e300449b-87e8-4256-9c08-09f26f5b651c,N,6.509,SMEGSR00007**C,N,1,27-0406-53,1,6,N,0,0,1,SALISBURY TOWNSHIP,1,S,Y,N,4.0,Y,0.5,,Y,,N,SALISBURY TOWNSHIP,N,,0,,,,7,SR,,7.0,N,,,,2,,,,,N,N,Y,0,0,N,2.0,1,2,1,,148878.0,N,61.411,17,Y,5,5,8,1,M,N,N,N,0,2,45,1,2,55,1,8,45,0,0,0,0,1,6,NT,1,60,,,,,,,,,,,,,,,,,,,,,,,,,,,,,,,,,,0,4,,unit1 mile post hydroplaned spun side roadway . unit1 struck embankment .,O,"[0.9989111423492432, 0.0010337959975004196, 5.5028387578204274e-05]",O,"[0.9680641889572144, 0.03151542320847511, 0.000420376134570688]",O,"[1.0, 2.205371856689453e-06, 2.384185791015625e-07]"
169,169,186089712,"unit #1 was eastbound on the ohio turnpike (ir 0076). unit #1 hydroplaned, went off the left side of the roadway, and struck the guard rail.",20186089712,2018,O,6/1/2018 0:00,4,SMAHIR00076*KC,S,MAH,3.189,41.075801,-80.797757,3198,97831.0,6/5/2018 0:00,13,3,N,2.0,Y,Y,1.0,5,0,,,,Y,3.189,SMAHIR00076*KC,N,2,91-0427-50,31,6,N,2,0,1,AUSTINTOWN TOWNSHIP,1,E,Y,N,4.0,N,0.2,,N,,N,AUSTINTOWN,N,,0,,,,76,IR,K,222.0,N,,,,2,,,,,N,N,Y,0,0,N,1.0,0,2,2,,45421.0,N,222.176,30,Y,5,4,3,1,M,N,N,N,0,2,30,1,2,70,1,9,30,0,0,0,0,1,6,NT,1,70,,,,,,,,,,,,,,,,,,,,,,,,,,,,,,,,,,0,2,,"unit1 ohio turnpike . unit1 hydroplaned , went left side roadway , struck guard rail .",O,"[0.9465427994728088, 0.04929496720433235, 0.004162161611020565]",O,"[0.7567500472068787, 0.23643521964550018, 0.0068147750571370125]",O,"[0.83544921875, 0.1610107421875, 0.0034656524658203125]"
170,170,186090653,"unit 2 was southbound on us 127 ( n. washington st.) in the 800 block when a vehicle exited out of a private drive from the west side of the roadway in front of her. unit 1 was directly behind unit 2 and saw unit 2 stop for the vehicle exiting the drive. unit 1 applied her brakes and attempted to stop also, but do to the heavy rain and the water covered street, at the time unit 1 hydroplaned, and continued forward. unit 1 was unable to stop in an assured clear distance and struck unit 2.",20186090653,2018,O,6/1/2018 0:00,1,SVANUS00127**C,S,VAN,10.703,40.88169,-84.583122,79562,99777.0,6/8/2018 0:00,2,6,N,2.0,N,N,4.0,14,0,,,,N,10.703,SVANUS00127**C,N,1,000000018-1058,4,6,,3,0,2,VAN WERT,1,,N,N,2.0,N,0.0,,Y,819,N,VAN WERT,N,,0,N,WASHINGTON,ST,127,US,,,N,,,,3,,,,,N,N,N,0,0,N,3.0,0,2,1,,318490.0,N,130.17,20,Y,99,1,2,1,F,N,N,N,0,2,0,1,2,25,1,20,0,0,0,0,0,1,6,NT,3,10,34.0,1.0,1.0,2.0,1.0,F,,2.0,35.0,11.0,20.0,,,,,,1.0,6.0,NT,2.0,,,,,,,,,,,,,,0,4,,"unit2 us vehicle exited private side roadway front . unit1 directly behind unit2 saw unit2 stop vehicle exiting . unit1 applied brakes attempted stop also , heavy rain water covered , time unit1 hydroplaned , continued forward . unit1 unable stop assured clear distance struck unit2 .",O,"[0.9999836683273315, 1.5428333426825702e-05, 9.195584880217211e-07]",O,"[0.7913617491722107, 0.20772892236709595, 0.0009093523258343339]",O,"[0.77880859375, 0.2196044921875, 0.0017642974853515625]"
171,171,186090800,"unit # 1 was traveling in the center lane on westbound ir 480, between stearns rd (mile post # 3) and the barton rd overpass. approximately 1,200 feet west of stearns rd, unit # 1 hydroplaned, spinning out of control and striking the south concrete median. unit # 1 bounced off the median coming to final rest in the right lane. the oh-3 was declined and there are no independent witnesses.",20186090800,2018,O,6/1/2018 0:00,12,SCUYIR00480**N,S,CUY,1.377,41.395691,-81.946343,56882,17668.0,6/10/2018 0:00,13,1,N,2.0,Y,Y,1.0,19,0,,,,Y,1.38,SCUYIR00480**C,N,1,T75747,1,6,N,1,0,1,NORTH OLMSTED,1,W,Y,N,6.0,Y,0.002,,Y,,N,NORTH OLMSTED,N,,0,,I 480 W,,480,IR,,,N,,,STEARNS,1,,,,RD,N,N,Y,0,0,N,1.0,0,2,1,,81539.0,N,3.681,18,Y,99,3,4,1,M,N,N,N,0,2,35,1,2,60,1,9,35,0,0,0,0,1,6,NT,1,65,,,,,,,,,,,,,,,,,,,,,,,,,,,,,,,,,,0,4,,"unit1 traveling center , stearns barton overpass . approximately , feet stearns , unit1 hydroplaned , spinning control striking concrete median . unit1 bounced median coming final rest . oh declined independent witnesses .",O,"[0.9999746084213257, 2.3327827875618823e-05, 2.019524117713445e-06]",O,"[0.9999794960021973, 2.0350562408566475e-05, 8.730833656045434e-08]",O,"[0.88134765625, 0.11810302734375, 0.0010080337524414062]"
172,172,186091124,unit 1 was traveling northbound on interstate 71. unit 1 hydroplaned on standing water and loss control of the vehicle. unit 1 spun around and the rear of the vehicle struck the concrete barrier. no injuries were reported. vehicle was towed.,20186091124,2018,O,5/1/2018 0:00,8,SHAMIR00071**C,S,HAM,3.822,39.134786,-84.492934,15000,16885.0,5/26/2018 0:00,13,7,N,2.0,Y,Y,1.0,16,0,38600.0,,,Y,3.822,SHAMIR00071**C,N,1,185007404,1,5,N,1,0,1,CINCINNATI,1,,Y,N,8.0,Y,0.0,,N,,N,CINCINNATI,N,,0,,,,71,IR,,3.8,N,,,,2,,,,,N,N,N,0,0,N,2.0,0,2,1,,45308.0,N,3.822,31,Y,99,2,1,1,M,N,N,N,0,2,35,1,2,55,1,35,0,0,0,0,0,1,6,NT,1,55,,,,,,,,,,,,,,,,,,,,,,,,,,,,,,,,,,0,4,,unit1 traveling interstate . unit1 hydroplaned standing water loss control vehicle . unit1 spun around rear vehicle struck concrete barrier . injuries reported . vehicle towed .,O,"[0.9999998807907104, 1.7563309029355878e-07, 2.5404377268500866e-08]",O,"[0.9999780654907227, 2.1826399461133406e-05, 1.148087065416803e-07]",O,"[1.0, 0.0, 0.0]"
173,173,186091519,"unit one was traveling eastbound on us 33 w when it hydroplaned, went off the right side of the roadway and into the ditch.",20186091519,2018,O,6/1/2018 0:00,7,SLOGUS00033**C,S,LOG,13.284,40.40312,-83.786088,33908,99999.0,6/11/2018 0:00,13,2,N,2.0,Y,Y,2.0,16,0,460000729.0,,,N,13.284,SLOGUS00033**C,N,1,1825097,1,6,N,2,0,1,HARRISON TOWNSHIP,1,E,Y,N,4.0,Y,0.7,CR,Y,,N,HARRISON TOWNSHIP,N,,0,,,,33,US,,,N,,,,1,57,CR,,,N,N,N,0,0,N,2.0,0,2,2,,346066.0,N,64.77,19,Y,99,4,3,1,F,N,N,N,0,2,44,1,2,70,1,8,44,0,0,0,0,1,6,NT,1,70,,,,,,,,,,,,,,,,,,,,,,,,,,,,,,,,,,0,4,,"unit1 traveling us hydroplaned , went side roadway ditch .",O,"[0.976326048374176, 0.021560832858085632, 0.0021131562534719706]",O,"[0.9925887584686279, 0.007001198828220367, 0.00040994820301420987]",O,"[0.99609375, 0.003414154052734375, 0.00026035308837890625]"
174,174,186092053,"unit 1 was traveling westbound on sr-579 when the vehicle hydroplaned on water on the roadway, then lost control of the vehicle, going off the roadway to the right, striking a speed limit sign with the right mirror and then landing in the middle of a field. a ball joint snapped off the bottom of the vehicle when it landed in the field. lake township police were first to respond and ordered pat and son's towing and the tow truck already had the vehicle up on the bed of the truck before our agency arrived.",20186092053,2018,O,6/1/2018 0:00,2,SWOOSR00579**C,S,WOO,2.355,41.60186,-83.416886,57190,87868.0,6/12/2018 0:00,13,3,N,2.0,Y,N,5.0,19,0,,,,N,2.355,SWOOSR00579**C,N,1,1-18-892,4,6,,1,0,1,NORTHWOOD,2,W,N,Y,2.0,N,0.059,,N,,N,NORTHWOOD,N,,0,,,,579,SR,,,N,,,FOSTORIA,1,,,,RD,N,N,Y,0,0,N,3.0,0,2,1,,196859.0,N,2.355,54,Y,99,3,4,1,M,N,N,N,0,2,37,1,2,50,1,8,37,99,99,99,99,1,6,NT,4,55,,,,,,,,,,,,,,,,,,,,,,,,,,,,,,,,,,0,4,,"unit1 traveling sr vehicle hydroplaned water roadway , lost control vehicle , going roadway , striking speed limit sign mirror landing middle field . ball joint snapped bottom vehicle landed field . lake township police first respond ordered pat son 's towing tow truck already vehicle bed truck agency arrived .",O,"[0.9999998807907104, 6.351419301608985e-08, 1.6365643062954405e-08]",O,"[0.9999986886978149, 1.277192836823815e-06, 5.165059846490294e-08]",O,"[1.0, 0.0, 0.0]"
175,175,186092118,"unit's 1 & 2 were traveling south on ir 75. unit #1 hydroplaned and failed to maintain control. unit #1 struck the concrete wall, before striking unit #2 and then the gaurdrail.",20186092118,2018,AB,6/1/2018 0:00,1,SHANIR00075**N,S,HAN,24.3,41.15576,-83.656144,1308,99999.0,6/11/2018 0:00,5,2,N,2.0,Y,Y,1.0,0,0,,,,Y,24.321,SHANIR00075**C,N,4,32-0276-32,1,6,N,2,1,2,ALLEN TOWNSHIP,1,S,Y,N,6.0,Y,0.1,,Y,,N,VAN BUREN,N,,0,,,,75,IR,,166.0,N,,,,2,,,,,N,N,Y,0,0,N,1.0,0,2,1,,45364.0,N,165.777,61,Y,5,1,2,1,M,N,N,N,0,2,30,1,2,70,1,35,20,30,0,0,0,1,6,NT,1,65,20.0,1.0,1.0,2.0,1.0,M,,2.0,70.0,1.0,20.0,,,,,,1.0,6.0,NT,3.0,70.0,,,,,,,,,,,,,0,4,,"unit 's & traveling . unit1 hydroplaned failed maintain control . unit1 struck concrete wall , striking unit2 gaurdrail .",C,"[0.06561674177646637, 0.9128965139389038, 0.021486807614564896]",C,"[0.0818294882774353, 0.8991047739982605, 0.019065650179982185]",C,"[0.224609375, 0.76025390625, 0.01531982421875]"
176,176,186092266,"unit 1 was traveling northbound on state route 21 in a heavy rain. unit 1 was traveling too fast for the weather conditions and drove over standing water in the roadway and began to hydroplane. the driver of unit 1 lost control and drove off the roadway to the left, striking the median and spinning out before coming to a rest.",20186092266,2018,C,6/1/2018 0:00,4,SSTASR00021**C,S,STA,14.948,40.843996,-81.556256,42168,13375.0,6/10/2018 0:00,13,1,N,2.0,Y,N,3.0,16,0,,,,N,14.948,SSTASR00021**C,N,1,AC  00265618,1,6,N,0,0,1,LAWRENCE TOWNSHIP,1,N,Y,N,4.0,Y,0.5,,Y,,N,LAWRENCE TOWNSHIP,N,,0,,STATE ROUTE 21 N,,21,SR,,,N,,,FORTY CORNERS,1,,,,RD,N,N,Y,0,0,N,2.0,2,2,1,,295914.0,N,16.418,18,Y,99,2,1,1,F,N,N,N,0,2,36,1,2,60,9,9,36,0,0,0,0,1,6,NT,1,68,,,,,,,,,,,,,,,,,,,,,,,,,,,,,,,,,,0,4,,"unit1 traveling state heavy rain . unit1 traveling fast weather conditions drove standing water roadway began hydroplane . driver unit1 lost control drove roadway left , striking median spinning coming rest .",C,"[0.03638172522187233, 0.9427010416984558, 0.020917227491736412]",O,"[0.9899702668190002, 0.009899795986711979, 0.00012992984557058662]",O,"[1.0, 0.0003921985626220703, 3.0934810638427734e-05]"
177,177,186092278,"while traveling north on i-71 unit 1 hydroplaned in the middle lane veered to left, struck the wall, overcompensated causing the vehicle to overturn and come to rest at the approximately the 4.2 mile maker",20186092278,2018,O,5/1/2018 0:00,8,SHAMUS00042**C,S,HAM,4.273,39.138804,-84.494824,15000,16885.0,5/30/2018 0:00,13,4,N,2.0,Y,N,3.0,9,0,,dd0db8b6-26fb-456a-818d-84fc5b344d9d,bd88caf3-148f-4291-bdd3-85be4c0ad6b6,N,4.273,SHAMUS00042**C,N,3,185007607,4,5,,4,0,1,CINCINNATI,1,,N,N,3.0,N,0.0,,N,,N,CINCINNATI,N,,0,N,I 71,HWY,42,US,,4.2,N,,,,2,,,,,N,N,Y,0,0,N,3.0,0,2,1,,272060.0,N,4.273,58,Y,99,2,1,1,M,N,N,N,0,2,35,1,2,50,1,35,1,0,0,0,0,1,6,NT,3,55,,,,,,,,,,,,,,,,,,,,,,,,,,,,,,,,,,0,4,,"traveling unit1 hydroplaned middle veered left , struck wall , overcompensated causing vehicle overturn come rest approximately . mile maker",AB,"[0.008122256956994534, 0.26377275586128235, 0.7281049489974976]",C,"[0.014370198361575603, 0.9755537509918213, 0.010076077654957771]",C,"[0.401123046875, 0.56298828125, 0.036041259765625]"
178,178,186092376,<p>unit 1 was traveling westbound on us rt 24 in the left lane. &nbsp;unit 1 started to hydroplane and went off the roadway into the median.</p>,20186092376,2018,O,6/1/2018 0:00,2,CHENCR00011**C,C,HEN,1.317,41.243635,-84.074769,47726,99999.0,6/12/2018 0:00,13,3,N,,Y,N,7.0,18,0,,,,N,1.317,CHENCR00011**C,N,1,IR18-01404,2,6,,1,0,1,MARION TOWNSHIP,1,E,N,N,1.0,N,0.1,SR,Y,,N,NAPOLEON,N,,0,,US ROUTE 24 W,,24,US,,,N,,,STATE ROUTE 108 W,1,108,SR,,,N,N,N,0,0,N,,0,2,1,,3115.0,N,1.317,25,Y,99,3,4,1,M,N,N,N,0,2,44,1,2,70,1,9,44,0,0,0,0,1,6,NT,1,70,,,,,,,,,,,,,,,,,,,,,,,,,,,,,,,,,,0,4,,< p > unit1 traveling us left . & nbsp ; unit1 started hydroplane went roadway median. < p >,O,"[0.9999991655349731, 6.837269665993517e-07, 7.219794895263476e-08]",O,"[0.9999836683273315, 1.6056890672189184e-05, 2.0141482082181028e-07]",O,"[1.0, 5.960464477539062e-07, 5.960464477539063e-08]"
179,179,186092538,unit 1 was traveling southbound on sr 104 as she started to negotiate the curve ahead of her. the curve had standing water so as she negotiated the curve it caused the vehicle to hydroplane and veer off the roadway to the right striking the guardrail. as unit 1 struck the right side it bounced off causing the vehicle to cross the road and veer left. unit 1 then went off the roadway striking the left side hitting another guardrail and coming to its final resting place. no injuries were reported.,20186092538,2018,O,6/1/2018 0:00,6,SPICSR00104**C,S,PIC,3.379,39.554331,-83.008418,82264,99999.0,6/8/2018 0:00,13,6,N,2.0,N,N,5.0,16,0,,,,N,3.379,SPICSR00104**C,N,1,AC06180015,1,6,,4,0,1,WAYNE TOWNSHIP,1,S,N,N,2.0,Y,0.057,,N,25963,N,WAYNE TOWNSHIP,N,,0,,,,104,SR,,,N,,,,3,,,,,N,N,N,0,0,N,3.0,0,2,3,,154317.0,N,63.909,26,Y,99,1,2,1,F,N,N,N,0,2,30,1,2,55,13,13,8,30,9,30,0,1,6,NT,3,53,,,,,,,,,,,,,,,,,,,,,,,,,,,,,,,,,,0,4,,unit1 traveling started negotiate curve ahead . curve standing water negotiated curve caused vehicle hydroplane veer roadway striking guardrail . unit1 struck side bounced causing vehicle cross veer left . unit1 went roadway striking left side hitting another guardrail coming final resting . injuries reported .,O,"[0.9999994039535522, 5.476131832438114e-07, 5.6723223451626836e-08]",O,"[1.0, 3.2913179126570213e-11, 2.159430539114618e-14]",O,"[1.0, 0.0, 0.0]"
180,180,186093338,"unit #1 was traveling eastbound on the ohio turnpike in the left lane. unit #1 hydroplaned due to heavy rain, striking the concrete median wall.",20186093338,2018,AB,6/1/2018 0:00,3,SLORIR00080*KC,S,LOR,13.627,41.383966,-82.100253,25256,51364.0,6/10/2018 0:00,13,1,N,2.0,Y,Y,1.0,18,0,,,,Y,13.627,SLORIR00080*KC,N,1,90-0397-47,31,6,N,2,2,1,ELYRIA,1,E,Y,N,6.0,N,0.1,,Y,,N,ELYRIA,N,,0,,,,80,IR,K,146.0,N,,,,2,,,,,N,N,Y,0,0,N,1.0,0,2,1,,56862.0,N,146.115,25,Y,5,4,3,1,F,N,N,N,0,2,35,1,2,70,1,9,35,0,0,0,0,1,6,NT,1,70,,,,,,,,,,,,,,,,,,,,,,,,,,,,,,,,,,0,4,,"unit1 traveling ohio turnpike left . unit1 hydroplaned due heavy rain , striking concrete median wall .",O,"[0.9922124743461609, 0.007464377209544182, 0.000323176704114303]",C,"[0.20498861372470856, 0.790956974029541, 0.004054432734847069]",O,"[1.0, 0.0002378225326538086, 4.410743713378906e-06]"
181,181,186093956,"unit 1 was traveling west bound on sr 173. unit 1 then hydroplaned on standing water from the heavy rain. unit 1 lost control leaving the roadway to the right. unit 1 went over a raised driveway off of the road, went airborne and flipped the vehicle. unit 1 came to rest on the roof of the vehicle.",20186093956,2018,AB,6/1/2018 0:00,4,SSTASR00173**C,S,STA,3.821,40.89999,-81.18281,81634,99999.0,6/9/2018 0:00,13,7,N,2.0,Y,N,5.0,21,0,,56d52858-6669-457c-8130-50765b3024d4,f8b66d89-f793-44a5-b1dc-04ce61e1b2b2,N,3.821,SSTASR00173**C,N,1,18  27909,1,6,,0,1,1,WASHINGTON TOWNSHIP,1,E,N,N,2.0,Y,0.004,TR,N,,N,WASHINGTON TOWNSHIP,N,,0,,,,173,SR,,,N,NE,,MOULIN,1,,,,AVE,N,N,N,0,0,N,3.0,0,2,4,,157073.0,N,3.821,35,Y,99,3,4,1,M,N,N,N,0,2,45,1,2,55,1,8,45,1,0,0,0,1,6,NT,1,50,,,,,,,,,,,,,,,,,,,,,,,,,,,,,,,,,,0,4,,"unit1 traveling . unit1 hydroplaned standing water heavy rain . unit1 lost control leaving roadway . unit1 went raised driveway , went airborne flipped vehicle . unit1 came rest roof vehicle .",C,"[0.03955066204071045, 0.9537394642829895, 0.006709796842187643]",C,"[0.0018919834401458502, 0.995815098285675, 0.002292916178703308]",C,"[0.004230499267578125, 0.9921875, 0.0033473968505859375]"