,id,OBJECTID,Narrative,DOCUMENT_NBR,CRASH_YR,CRASH_SEVERITY_CD,CRASH_MONTH_YEAR,DISTRICT_NBR,NLFID,NLF_JUR_CD,NLF_COUNTY_CD,COUNTY_LOG_NBR,ODOT_LATITUDE_NBR,ODOT_LONGITUDE_NBR,ODOT_FIPS_CD,AREA_CODE,CRASH_DATE,CRASH_TYPE_CD,DAY_IN_WEEK_CD,DISTRACTED_DRIVER_IND,FACILITY_TYPE_CD,FHWA_RDWY_DEPARTURE_IND,FREEWAY_IND,FUNCTIONAL_CLASS_CD,HOUR_OF_CRASH,INCAPAC_INJURIES_NBR,INTERCHANGE_ID,INTERSECTION_ID_CURRENT,INTERSECTION_LEG_ID,INTERSTATE_IND,INV_LOG_NBR,INV_NLFID,IS_COMMERCIAL_RELATED,LIGHT_COND_PRIMARY_CD,LOCAL_REPORT_NUMBER_ID,MAINTENANCE_AUTHORITY_CD,MONTH_OF_CRASH,NHS_CD,NO_INJURY_REPORTED_NBR,NON_INCAPAC_INJURIES_NBR,NUMBER_OF_UNITS_NBR,ODOT_CITY_VILLAGE_TWP_NME,ODOT_CRASH_LOCATION_CD,ODOT_DIR_FROM_REF_CD,ODOT_DIV_UNDIV_IND,ODOT_INTERSECTION_REL_IND,ODOT_LANES_NBR,ODOT_MAINTAINED_HWY_IND,ODOT_MILES_FROM_REF_NBR,ODOT_REF_ROUTE_PREFIX_CD,ODOT_YOUNG_DRIVER_IND,ODPS_ADDRESS_REFERENCE,ODPS_ALCOHOL_IND,ODPS_CITY_VILLAGE_TWP_NME,ODPS_DRUG_IND,ODPS_LOC_DIR_SUFFIX_CD,ODPS_LOC_IN_WORK_ZONE_CD,ODPS_LOC_ROAD_DIRECTION_CD,ODPS_LOC_ROAD_NME,ODPS_LOC_ROAD_SUFFIX_CD,ODPS_LOC_ROUTE_ID,ODPS_LOC_ROUTE_PREFIX_CD,ODPS_LOC_ROUTE_SUFFIX_CD,ODPS_MILEPOST_REFERENCE,ODPS_MOTORCYCLE_IND,ODPS_REF_DIR_SUFFIX_CD,ODPS_REF_DIRECTION_CD,ODPS_REF_GIVEN,ODPS_REF_POINT_USED_CD,ODPS_REF_ROUTE_ID,ODPS_REF_ROUTE_PREFIX_CD,ODPS_REF_ROUTE_SUFFIX_CD,ODPS_REF_SUFFIX_CD,ODPS_SCHOOL_ZONE_IND,ODPS_SENIOR_DRIVER_IND,ODPS_SPEED_IND,ODPS_TOTAL_FATALITIES_NBR,ODPS_TYPE_OF_WORK_ZONE_CD,ODPS_WORK_ZONE_IND,OPER_ACCESS_CONTROL_CD,POSSIBLE_INJURIES_NBR,ROAD_COND_PRIMARY_CD,ROAD_CONTOUR_CD,SA_RAMP_ID,SA_SEGMENT_ID,SECONDARY_CRASH,STATE_TRUE_LOG_NBR,U1_AGE_NBR,U1_AT_FAULT_IND,U1_CONT_CIR_PRIMARY_CD,U1_DIRECTION_FROM_CD,U1_DIRECTION_TO_CD,U1_DISTRACTED_BY_1_CD,U1_GENDER_CD,U1_IS_ALCOHOL_SUSPECTED,U1_IS_MARIJUANA_SUSPECTED,U1_IS_OTHER_DRUG_SUSPECTED,U1_NON_MOTORIST_LOC_CD,U1_NUMBER_OF_THRU_LANES,U1_OBJECT_STRUCK,U1_ODPS_UNIT_NBR,U1_OPERATINGIN_AUTONOMOUS_MODE,U1_POSTED_SPEED_NBR,U1_PRECRASH_ACTION_CD,U1_SEQ_OF_EVENTS_1_CD,U1_SEQ_OF_EVENTS_2_CD,U1_SEQ_OF_EVENTS_3_CD,U1_SEQ_OF_EVENTS_4_CD,U1_SEQ_OF_EVENTS_5_CD,U1_SEQ_OF_EVENTS_6_CD,U1_SPECIAL_FUNCTION_CD,U1_TRAFFIC_CONTROL_CD,U1_TURN_CD,U1_TYPE_OF_UNIT_CD,U1_UNIT_SPEED_NBR,U2_AGE_NBR,U2_CONT_CIR_PRIMARY_CD,U2_DIRECTION_FROM_CD,U2_DIRECTION_TO_CD,U2_DISTRACTED_BY_1_CD,U2_GENDER_CD,U2_NON_MOTORIST_LOC_CD,U2_ODPS_UNIT_NBR,U2_POSTED_SPEED_NBR,U2_PRECRASH_ACTION_CD,U2_SEQ_OF_EVENTS_1_CD,U2_SEQ_OF_EVENTS_2_CD,U2_SEQ_OF_EVENTS_3_CD,U2_SEQ_OF_EVENTS_4_CD,U2_SEQ_OF_EVENTS_5_CD,U2_SEQ_OF_EVENTS_6_CD,U2_SPECIAL_FUNCTION_CD,U2_TRAFFIC_CONTROL_CD,U2_TURN_CD,U2_TYPE_OF_UNIT_CD,U2_UNIT_SPEED_NBR,U3_CONT_CIR_PRIMARY_CD,U3_ODPS_UNIT_NBR,U3_PRECRASH_ACTION_CD,U3_SEQ_OF_EVENTS_1_CD,U3_SEQ_OF_EVENTS_2_CD,U3_SEQ_OF_EVENTS_3_CD,U3_SEQ_OF_EVENTS_4_CD,U3_SEQ_OF_EVENTS_5_CD,U3_SEQ_OF_EVENTS_6_CD,U3_SPECIAL_FUNCTION_CD,U3_TRAFFIC_CONTROL_CD,U3_TYPE_OF_UNIT_CD,UNRESTRAIN_OCCUPANTS,WEATHER_COND_CD,V1,clean_Narrative,BERT_predictions,BERT_prediction_probabilities,RoBERTa_predictions,RoBERTa_predictions_probabilities,distilBERT_predictions,distilBERT_predictions_probabilities
182,182,186094027,"unit 1 was traveling north on scio rd. unit 1 hydroplaned and went off the left side of the road, into a ditch and spun 360, came back across the centerlineand came to rest in the north bound lane.",20186094027,2018,O,6/1/2018 0:00,11,SCARSR00332**C,S,CAR,9.513,40.55366,-81.100016,78260,99999.0,6/8/2018 0:00,13,6,N,2.0,N,N,4.0,18,0,,c718f0a8-bc4d-4cfc-99c2-288da6d36d8f,4c4374af-b2d4-43b3-9c73-b01b54b77e7e,N,9.513,SCARSR00332**C,N,1,18A 66    A3,1,6,,1,0,1,UNION TOWNSHIP,3,S,N,Y,2.0,Y,0.023,TR,Y,,N,CENTER TOWNSHIP,N,,0,,SCIO,RD,,,,,N,,,PENNY,1,,,,RD,N,N,N,0,0,N,3.0,0,2,4,,329377.0,N,11.276,19,Y,1,2,1,1,F,N,N,N,0,2,44,1,2,55,13,13,11,9,44,13,0,1,6,NT,1,55,,,,,,,,,,,,,,,,,,,,,,,,,,,,,,,,,,0,4,,"unit1 traveling scio unit1 hydroplaned went left side , ditch spun , came back across centerlineand came rest .",O,"[0.9987978935241699, 0.0011203845497220755, 8.167482883436605e-05]",O,"[0.5365403890609741, 0.4533551037311554, 0.010104494169354439]",O,"[0.9990234375, 0.0013151168823242188, 0.00013327598571777344]"
183,183,186094537,unit 1 was traveling southbound on ir-75. unit 1 hydroplaned and struck a guardrail twice before coming to final rest,20186094537,2018,O,6/1/2018 0:00,8,SWARIR00075**N,S,WAR,2.47,39.469139,-84.326232,77868,16885.0,6/12/2018 0:00,13,3,N,2.0,Y,Y,1.0,19,0,,,,Y,2.521,SWARIR00075**C,N,1,83-0554-83,1,6,N,1,0,1,TURTLECREEK TOWNSHIP,1,N,Y,N,8.0,Y,0.2,,N,,N,TURTLECREEK TOWNSHIP,N,,0,,,,75,IR,,31.0,N,,,,2,,,,,N,N,Y,0,0,N,1.0,0,2,1,,39561.0,N,31.2,27,Y,5,6,7,1,M,N,N,N,0,2,30,1,2,65,1,8,30,30,0,0,0,1,6,NT,1,73,,,,,,,,,,,,,,,,,,,,,,,,,,,,,,,,,,0,4,,unit1 traveling ir . unit1 hydroplaned struck guardrail twice coming final rest,O,"[0.9521110653877258, 0.043654222041368484, 0.004234753083437681]",O,"[0.5318024754524231, 0.4664230942726135, 0.0017744243377819657]",O,"[0.9892578125, 0.010009765625, 0.0007081031799316406]"
184,184,186096417,"unit #1 was westbound on newton st in excess of the speed limit. the vehicle hydroplaned due to standing water in the westbound lane just east of sumatra. the vehicle slid across the roadway, struck and went up over the south curb in front of 1770 newton. the front end of the car struck a city-issued recycle cart. the right rear wheel was torn from the car when it struck a wooden utility pole sbc #1776). the rear of the vehicle struck a chain link fence bordering the yard of 1770 newton. unit #1 continued out of control, through the driveway of 1754 newton st. unit #1 struck the rear end of unit #2, which was parked in the yard next to the driveway at 1754 newton st. unit #1 came to rest after the rear end struck the northeast corner of the house at 1754 newton. the extent of the damage to the house is unknown. unit #2 had damage to the rear end and exhaust. unit #1 traveled approximately 275 feet after hydroplaning. homeowner at 1754 newton st is kelly withrow (330-937-0583).",20186096417,2018,O,6/1/2018 0:00,4,MSUMMR03402**C,M,SUM,1.273,41.072754,-81.459082,1000,766.0,6/19/2018 0:00,7,3,N,,Y,N,5.0,2,0,,6271f8f4-7221-480a-825e-60bf041a2789,eca1b641-014b-4ba5-8955-cce31bac1f3f,N,1.273,MSUMMR03402**C,N,3,T18003874,4,6,,2,0,2,AKRON,2,,N,Y,2.0,N,0.0,MR,Y,,N,AKRON,N,,0,,NEWTON,ST,,,,,N,,,SUMATRA,1,,,,AVE,N,N,Y,0,0,N,,0,2,1,,78618.0,N,1.273,23,Y,99,3,4,1,M,N,N,N,0,2,51,1,2,35,1,43,24,40,46,21,51,1,6,NT,1,50,,1.0,1.0,2.0,,,,2.0,,10.0,20.0,,,,,,1.0,6.0,NT,1.0,,,,,,,,,,,,,,0,4,,"unit1 newton excess speed limit . vehicle hydroplaned due standing water sumatra . vehicle slid across roadway , struck went curb front newton . front end car struck cityissued recycle cart . rear wheel torn car struck wooden utility pole sbc ) . rear vehicle struck chain link fence bordering yard newton . unit1 continued control , driveway newton unit1 struck rear end unit2 , parked yard next driveway newton unit1 came rest rear end struck corner house newton . extent damage house unknown . unit2 damage rear end exhaust . unit1 traveled approximately feet hydroplaning . homeowner newton kelly withrow .",O,"[0.9995427131652832, 0.0004448459076229483, 1.2569425052788574e-05]",O,"[0.99982750415802, 0.00016778612916823477, 4.630152943718713e-06]",C,"[0.214599609375, 0.7841796875, 0.0013895034790039062]"
185,185,186096543,"unit #1 was traveling n/b on i-71 n at 3.8 mm in the middle lane. unit #1 hydroplaned due to weather, striking the concrete barrier. no injuries reported.",20186096543,2018,O,6/1/2018 0:00,8,SHAMIR00071**C,S,HAM,3.822,39.134786,-84.492934,15000,16885.0,6/8/2018 0:00,13,6,N,2.0,Y,Y,1.0,20,0,38600.0,,,Y,3.822,SHAMIR00071**C,N,1,185008037,1,6,N,1,0,1,CINCINNATI,1,,Y,N,8.0,Y,0.0,,N,,N,CINCINNATI,N,,0,,,,71,IR,,3.8,N,,,,2,,,,,N,N,N,0,0,N,2.0,0,6,1,,45308.0,N,3.822,43,Y,99,2,1,1,M,N,N,N,0,2,35,1,2,55,1,35,0,0,0,0,0,1,6,NT,3,40,,,,,,,,,,,,,,,,,,,,,,,,,,,,,,,,,,0,4,,"unit1 traveling . mm middle . unit1 hydroplaned due weather , striking concrete barrier . injuries reported .",O,"[0.9999997615814209, 2.39064434026659e-07, 3.263262016162116e-08]",O,"[0.9999345541000366, 6.334765203064308e-05, 2.18034665522282e-06]",O,"[1.0, 0.0, 0.0]"
186,186,186096544,"related to crash report #185008037. unit #1 was traveling n/b on i-71 at 3.8 mm, unit #1 hydroplaned in to unit #2. no injuries reported.",20186096544,2018,O,6/1/2018 0:00,8,SHAMIR00071**C,S,HAM,3.822,39.134786,-84.492934,15000,16885.0,6/8/2018 0:00,2,6,N,2.0,N,Y,1.0,20,0,38600.0,,,Y,3.822,SHAMIR00071**C,N,1,185008038,1,6,N,2,0,2,CINCINNATI,1,,Y,N,8.0,Y,0.0,,N,,N,CINCINNATI,N,,0,,,,71,IR,,3.8,N,,,,2,,,,,N,N,N,0,0,N,2.0,0,6,1,,45308.0,N,3.822,47,Y,99,2,1,1,M,N,N,N,0,2,0,1,2,55,1,20,0,0,0,0,0,1,6,NT,4,40,43.0,1.0,2.0,1.0,1.0,M,,2.0,55.0,11.0,20.0,,,,,,1.0,6.0,NT,3.0,,,,,,,,,,,,,,0,4,,"related crash report . unit1 traveling . mm , unit1 hydroplaned unit2 . injuries reported .",O,"[0.9999997615814209, 2.842295430127706e-07, 4.33800444454846e-08]",O,"[0.9999926090240479, 7.250500857480802e-06, 1.010260959333209e-07]",O,"[1.0, 0.0, 0.0]"
187,187,186096930,unit 1 and unit 2 was traveling southbound on ir-75. unit 1 hydroplaned and struck unit 2 before going off road right and struck a ditch.,20186096930,2018,AB,6/1/2018 0:00,8,SWARIR00075**N,S,WAR,6.168,39.522128,-84.31825,28490,56926.0,6/19/2018 0:00,5,3,N,2.0,N,Y,1.0,13,0,,,,Y,6.213,SWARIR00075**C,N,1,83-0579-83,1,6,N,1,1,2,FRANKLIN TOWNSHIP,1,S,Y,N,8.0,Y,0.1,,N,,N,FRANKLIN,N,,0,,,,75,IR,,35.0,N,,,,2,,,,,N,N,Y,0,0,N,1.0,0,2,1,,91204.0,N,34.898,45,Y,5,5,8,1,F,N,N,N,0,2,44,1,2,65,1,20,8,44,0,0,0,1,6,NT,1,65,54.0,1.0,5.0,8.0,1.0,M,,2.0,65.0,1.0,20.0,,,,,,1.0,6.0,NT,2.0,50.0,,,,,,,,,,,,,2,4,,unit1 unit2 traveling ir . unit1 hydroplaned struck unit2 going struck ditch .,O,"[0.990026593208313, 0.008749393746256828, 0.0012240356300026178]",O,"[0.5358847379684448, 0.451702743768692, 0.012412521988153458]",O,"[0.87060546875, 0.1151123046875, 0.01385498046875]"
188,188,186097482,"unit#1 states she was southbound anderson ferry rd at 1428 (house number) when she hydroplaned, went left of center and struck unit#2 head on. unit#1 was cited for failing to maintain reasonable control and driving under a suspended license.",20186097482,2018,AB,6/1/2018 0:00,8,CHAMCR00195**C,C,HAM,3.287,39.120509,-84.616383,31752,16885.0,6/21/2018 0:00,1,5,N,,Y,N,4.0,17,0,,,,N,3.287,CHAMCR00195**C,N,1,2.018E+12,2,6,,0,4,2,GREEN TOWNSHIP,1,,N,N,2.0,N,0.0,,N,1428,N,GREEN TOWNSHIP,N,,0,,ANDERSON FERRY,RD,,,,,N,,,,3,,,,,N,Y,N,0,0,N,,0,2,1,,70777.0,N,3.287,31,Y,99,1,2,1,M,N,N,N,0,2,0,1,2,35,1,11,20,0,0,0,0,1,6,NT,5,0,70.0,1.0,2.0,1.0,1.0,F,,2.0,35.0,1.0,20.0,,,,,,1.0,6.0,NT,1.0,,,,,,,,,,,,,,0,2,,"unit1 states anderson ferry hydroplaned , went left center struck unit2 head . unit1 cited failing maintain reasonable control driving suspended license .",AB,"[0.0005434216582216322, 0.02888181433081627, 0.9705747961997986]",C,"[0.006705296225845814, 0.7169515490531921, 0.27634310722351074]",C,"[0.005809783935546875, 0.98095703125, 0.0133514404296875]"
189,189,186097483,"unit 1 was traveling eastbound in the left lane near the 14.8 milepost of ir 74 during a period of rain. the driver of unit 1 stated he began to hydroplane and ran off the roadway to the right, striking the concrete divider between the entrance ramp and the highway. unit 1 then crossed the eastbound lanes and ran off the road to the left where it came to a rest in the median. the driver claimed to be uninjured and was able to drive the vehicle from the scene after a report was made.",20186097483,2018,O,6/1/2018 0:00,8,SHAMIR00074**C,S,HAM,14.84,39.183923,-84.600431,31752,16885.0,6/21/2018 0:00,13,5,N,2.0,Y,Y,1.0,5,0,40500.0,,,Y,14.84,SHAMIR00074**C,N,3,2.018E+12,1,6,N,1,0,1,GREEN TOWNSHIP,1,,Y,N,4.0,Y,0.0,,N,,N,GREEN TOWNSHIP,N,,0,,,,74,IR,,14.8,N,,,,2,,,,,N,N,N,0,0,N,1.0,0,2,1,,34114.0,N,14.84,43,Y,99,4,3,1,M,N,N,N,0,2,35,1,2,65,1,8,35,9,0,0,0,1,6,NT,3,55,,,,,,,,,,,,,,,,,,,,,,,,,,,,,,,,,,0,4,,"unit1 traveling left near . milepost period rain . driver unit1 stated began hydroplane ran roadway , striking concrete divider entrance ramp . unit1 crossed lanes ran left came rest median . driver claimed uninjured able vehicle scene report made .",O,"[0.9999998807907104, 6.2310071768934e-08, 1.9152727404048164e-08]",O,"[1.0, 2.3769182802557687e-11, 4.112032827278565e-15]",O,"[1.0, 0.0, 0.0]"
190,190,186098116,"unit #1 was southbound on airport dr, north of kelenard ave. it was raining heavily and there was standing water on the roadway. driver of unit #1 stated, her vehicle hydroplaned on the standing water and she lost control of her vehicle. unit #1 struck the guardrail on the north side of airport dr, glanced off the guardrail, crossed over to the south side of airport dr and struck the concrete wall supporting i-670 westbound. unit #1 received damage down it's right side, center front and left front. no injuries were reported at the scene of the accident.",20186098116,2018,O,6/1/2018 0:00,6,SFRAUS00062**C,S,FRA,19.078,39.985638,-82.940135,18000,19234.0,6/22/2018 0:00,13,6,N,2.0,Y,N,4.0,11,0,,87290ee2-acdd-45eb-a76e-30584f47a4fc,97312674-aa42-4b64-833a-b5c947bb5db1,N,19.078,SFRAUS00062**C,N,1,180510534,4,6,,4,0,1,COLUMBUS,3,N,N,Y,3.0,N,0.199,RA,N,,N,COLUMBUS,N,,0,,AIRPORT,DR,,,,,N,,,KELENARD,1,,,,AVE,N,N,N,0,0,N,2.0,0,2,4,,264208.0,N,114.393,39,Y,1,1,2,1,F,N,N,N,0,2,51,1,2,35,1,8,34,9,51,0,0,1,6,NT,2,30,,,,,,,,,,,,,,,,,,,,,,,,,,,,,,,,,,0,4,,"unit1 airport , kelenard . raining heavily standing water roadway . driver unit1 stated , vehicle hydroplaned standing water lost control vehicle . unit1 struck guardrail side airport , glanced guardrail , crossed side airport struck concrete wall supporting . unit1 received damage 's side , center front left front . injuries reported scene accident .",O,"[0.9999998807907104, 1.0050482046608522e-07, 2.3604359355999804e-08]",O,"[1.0, 1.8093535558705298e-08, 1.9751023733194373e-11]",O,"[1.0, 0.0, 0.0]"
191,191,186098275,"unit #1 was traveling south bound on i-71 near m.p. 126. unit #1 lost control and hydroplaned, completed one full rotation before striking the wire guardrail and coming to final rest. unit #1 was cited for failure to control.",20186098275,2018,O,6/1/2018 0:00,6,SDELIR00071**N,S,DEL,5.296,40.203207,-82.932319,29694,19234.0,6/20/2018 0:00,13,4,N,2.0,Y,Y,1.0,19,0,,,,Y,5.291,SDELIR00071**C,N,1,1/18/3917,1,6,N,1,0,1,GENOA TOWNSHIP,1,N,Y,N,6.0,Y,0.213,,N,,N,GENOA TOWNSHIP,N,,0,S,INTERSTATE 71,HWY,71,IR,,126.0,N,,,,2,,,,,N,N,N,0,0,N,1.0,0,2,3,,81134.0,N,126.24,44,Y,99,1,2,1,F,N,N,N,0,2,33,1,2,70,1,33,99,99,99,99,99,1,6,NT,3,65,,,,,,,,,,,,,,,,,,,,,,,,,,,,,,,,,,0,4,,"unit1 traveling near m.p . . unit1 lost control hydroplaned , completed one full rotation striking wire guardrail coming final rest . unit1 cited failure control .",O,"[0.9999980926513672, 1.824377818593348e-06, 1.706058441186542e-07]",O,"[0.9994206428527832, 0.000547689211089164, 3.1676619983045384e-05]",O,"[0.9990234375, 0.0008101463317871094, 4.190206527709961e-05]"
192,192,186098277,"unit #1 was traveling at an unsafe speed in heavy rain. unit #1 then attempted to decrease their speed, thus hydroplaning off the roadway to the right causing damage to the front end of their vehicle. 077jj",20186098277,2018,O,6/1/2018 0:00,6,SDELIR00071**N,S,DEL,9.095,40.258123,-82.928331,75602,99999.0,6/21/2018 0:00,17,5,N,2.0,Y,Y,1.0,19,0,,,,Y,9.098,SDELIR00071**C,N,2,1/18/3937,1,6,N,1,0,1,SUNBURY,1,N,Y,N,6.0,Y,0.017,,Y,,N,BERKSHIRE TOWNSHIP,N,,0,S,INTERSTATE 71,HWY,71,IR,,130.0,N,,,,2,,,,,N,N,Y,0,0,N,1.0,0,2,1,,90962.0,N,130.039,19,N,5,1,2,1,F,N,N,N,0,2,0,1,2,70,1,8,99,99,99,99,99,1,6,NT,1,75,,,,,,,,,,,,,,,,,,,,,,,,,,,,,,,,,,0,4,,"unit1 traveling unsafe speed heavy rain . unit1 attempted decrease speed , thus hydroplaning roadway causing damage front end vehicle . 77jj",O,"[0.999996542930603, 3.2310460937878815e-06, 2.08132405532524e-07]",O,"[0.9999988079071045, 1.2455680007406045e-06, 9.30239885121864e-09]",O,"[1.0, 0.0, 0.0]"
193,193,186099296,"unit 1 was driving southbound on condit rd. in front of 4685 when the vehicle hydroplaned on rushing water that was crossing the roadway. unit 1 spun 360 degrees before coming to rest in a field east of the roadway. unit 1 sustained disabling damage. unit 1 driver hit her head, but denied medical attention.",20186099296,2018,C,6/1/2018 0:00,6,CDELCR00016**C,C,DEL,0.981,40.27436,-82.786732,77336,99999.0,6/22/2018 0:00,13,6,N,,Y,N,7.0,20,0,,,,N,0.981,CDELCR00016**C,N,1,1/18/3958,2,6,,0,0,1,TRENTON TOWNSHIP,1,,N,N,2.0,N,0.0,,Y,4685,N,TRENTON TOWNSHIP,N,,0,,CONDIT,RD,16,CR,,,N,,,,3,,,,,N,N,N,0,0,N,,1,6,1,,9338.0,N,0.981,19,Y,99,1,2,1,F,N,N,N,0,2,44,1,2,55,1,10,9,42,44,99,99,1,6,NT,1,55,,,,,,,,,,,,,,,,,,,,,,,,,,,,,,,,,,0,2,,"unit1 driving condit front vehicle hydroplaned rushing water crossing roadway . unit1 spun degrees coming rest field roadway . unit1 sustained disabling damage . unit1 driver hit head , denied medical attention .",C,"[3.3054537198040634e-05, 0.9999642372131348, 2.7278940706310095e-06]",C,"[1.398482140757551e-06, 0.9999984502792358, 9.440712744890334e-08]",C,"[0.0386962890625, 0.96142578125, 4.470348358154297e-05]"
194,194,186099618,"eastbound unit 01 traveling on sr-30 eb sw experienced a tire blowout causing the vehicle to hydroplane, spin, and struck the overpass guard rail at or about the 132 milepost.",20186099618,2018,AB,6/1/2018 0:00,4,SSTAUS00030**C,S,STA,13.209,40.779484,-81.415649,12000,13375.0,6/23/2018 0:00,13,7,N,2.0,Y,Y,2.0,12,0,82200.0,,,N,13.209,SSTAUS00030**C,N,1,1807800,4,6,N,1,1,1,CANTON,1,,Y,N,4.0,N,0.0,,Y,,N,CANTON,N,,0,,,,30,US,,13.2,N,,,,2,,,,,N,N,N,0,0,N,1.0,0,2,1,,346014.0,N,190.855,19,Y,18,4,3,1,F,N,N,N,0,2,29,1,2,65,1,29,0,0,0,0,0,1,6,NT,1,60,,,,,,,,,,,,,,,,,,,,,,,,,,,,,,,,,,0,4,,"unit1 traveling sr experienced tire blowout causing vehicle hydroplane , spin , struck overpass guard rail milepost .",O,"[0.9999139308929443, 8.229193917941302e-05, 3.77119567929185e-06]",O,"[0.7870555520057678, 0.19833649694919586, 0.014607980847358704]",O,"[1.0, 0.0, 0.0]"
195,195,186099826,u-1 was eastbound on sr 56. u-1 hydroplaned on wet roadway. u- 1 spun around and went off the left side of the roadway. u-1 struck several old fence post and went over an embankment coming to a rest against a tree.,20186099826,2018,O,6/1/2018 0:00,6,SPICSR00056**C,S,PIC,21.689,39.579334,-82.904424,81550,99714.0,6/19/2018 0:00,13,3,N,2.0,Y,N,5.0,15,0,,,,N,21.689,SPICSR00056**C,N,1,AC06180036,1,6,,1,0,1,WASHINGTON TOWNSHIP,1,E,N,N,2.0,Y,0.019,,N,6701,N,WASHINGTON TOWNSHIP,N,,0,,,,56,,,,N,,,,3,,,,,N,N,N,0,0,N,3.0,0,2,2,,187242.0,N,55.487,31,Y,99,4,3,1,F,N,N,N,0,2,46,1,2,55,1,9,46,48,0,0,0,1,6,NT,3,35,,,,,,,,,,,,,,,,,,,,,,,,,,,,,,,,,,0,4,,u . u hydroplaned wet roadway . u spun around went left side roadway . u struck several old fence post went embankment coming rest tree .,O,"[0.7619602680206299, 0.2247178852558136, 0.01332187745720148]",O,"[0.9919071197509766, 0.008033432066440582, 5.944541044300422e-05]",O,"[1.0, 6.556510925292969e-07, 5.960464477539063e-08]"
196,196,186099945,unit 1 was traveling e/b on stetzer rd. near the intersection of peterman rd. unit 1 began to drive over a part of the road that was covered in water and began to hydroplane. the driver of unit 1 last control and went off the right side of the road. unit 1 went into a ditch and came to rest facing w/b.,20186099945,2018,O,6/1/2018 0:00,3,CCRACR00045**C,C,CRA,3.918,40.832329,-82.877056,43078,99999.0,6/19/2018 0:00,13,3,N,,Y,N,6.0,6,0,,f982b19f-44b4-4146-a5cb-a41eed56b012,ab6d56fb-71c9-45f7-b924-6dd324b33383,N,3.918,CCRACR00045**C,N,2,1-18-872,2,6,,1,0,1,LIBERTY TOWNSHIP,1,E,N,N,2.0,N,30.0,TR,N,,N,LIBERTY TOWNSHIP,N,,0,,STETZER,RD,45,CR,,,N,,,PETERMAN,1,146,TR,,RD,N,N,N,0,0,N,,0,2,1,,17755.0,N,3.918,37,Y,99,4,3,1,F,N,N,N,0,2,44,1,2,55,1,44,99,99,99,99,99,1,6,NT,3,45,,,,,,,,,,,,,,,,,,,,,,,,,,,,,,,,,,0,4,,unit1 traveling stetzer near intersection peterman unit1 began part covered water began hydroplane . driver unit1 last control went side . unit1 went ditch came rest facing w b .,O,"[0.9999940395355225, 5.51222774447524e-06, 4.4066732129977026e-07]",O,"[0.9998708963394165, 0.00012857095862273127, 4.383815621622489e-07]",O,"[1.0, 3.2186508178710938e-06, 2.384185791015625e-07]"
197,197,186100811,"unit #1 was eastbound in the left lane on the ohio turnpike (ir 0080) at milepost 184.5. unit #1 hydroplaned and lost control, went off the right side of the roadway, struck the ditch, rolled over, and came to rest facing northwest in the ditch.",20186100811,2018,AB,6/1/2018 0:00,4,SSUMIR00080*KC,S,SUM,12.402,41.25278,-81.415506,36651,17668.0,6/27/2018 0:00,13,4,N,2.0,Y,Y,1.0,17,0,,,,Y,12.402,SSUMIR00080*KC,N,1,91-0483-77,31,6,N,0,1,1,HUDSON,1,E,Y,N,6.0,N,0.5,,N,,N,HUDSON,N,,0,,,,80,IR,K,184.0,N,,,,2,,,,,N,N,Y,0,0,N,1.0,0,2,2,,34749.0,N,184.437,28,Y,5,4,3,1,F,N,N,N,0,2,44,1,2,70,1,8,44,1,0,0,0,1,6,NT,1,70,,,,,,,,,,,,,,,,,,,,,,,,,,,,,,,,,,0,4,,"unit1 left ohio turnpike milepost .. unit1 hydroplaned lost control , went side roadway , struck ditch , rolled , came rest facing ditch .",C,"[0.009446360170841217, 0.9787664413452148, 0.011787152849137783]",C,"[0.04129212349653244, 0.9465649127960205, 0.012142999097704887]",C,"[0.34619140625, 0.6318359375, 0.0224761962890625]"
198,198,186101268,"unit 1 was traveling eastbound on i-76 east in lane 1. unit 2 was merging onto i-76 east from us 224. unit 2 lost control of her auto, spun out and hit the trailer of unit 1. unit 2 stated she hydroplaned and that is what made her lose control of her auto.",20186101268,2018,O,6/1/2018 0:00,4,SSUMRA77037**C,S,SUM,0.002,41.035511,-81.563159,1000,99723.0,6/27/2018 0:00,5,4,N,4.0,N,Y,1.0,9,0,84000.0,9aa1b434-9322-44ae-ba68-87c215f044df,a95742f2-08b5-4de0-b6ed-8f54c6fff012,Y,0.002,SSUMRA77037**C,Y,1,T18004037,1,6,,2,0,2,AKRON,1,,N,N,,Y,0.0,IR,N,,N,AKRON,N,,0,,US ROUTE 224 E,,224,US,,,N,E,,I 76 E,1,76,IR,,,N,Y,N,0,0,N,1.0,0,2,1,,,N,0.002,42,Y,99,4,3,1,F,N,N,N,0,2,0,2,2,60,8,20,0,0,0,0,0,1,6,NT,4,0,66.0,1.0,4.0,3.0,1.0,M,,1.0,60.0,1.0,20.0,,,,,,1.0,6.0,NT,15.0,,,,,,,,,,,,,,0,4,,"unit1 traveling . unit2 merging onto us . unit2 lost control auto , spun hit trailer unit1 . unit2 stated hydroplaned made lose control auto .",O,"[0.965175986289978, 0.02949702925980091, 0.005326975602656603]",O,"[0.8008556365966797, 0.19550520181655884, 0.0036391851026564837]",O,"[1.0, 0.0, 0.0]"