,id,OBJECTID,Narrative,DOCUMENT_NBR,CRASH_YR,CRASH_SEVERITY_CD,CRASH_MONTH_YEAR,DISTRICT_NBR,NLFID,NLF_JUR_CD,NLF_COUNTY_CD,COUNTY_LOG_NBR,ODOT_LATITUDE_NBR,ODOT_LONGITUDE_NBR,ODOT_FIPS_CD,AREA_CODE,CRASH_DATE,CRASH_TYPE_CD,DAY_IN_WEEK_CD,DISTRACTED_DRIVER_IND,FACILITY_TYPE_CD,FHWA_RDWY_DEPARTURE_IND,FREEWAY_IND,FUNCTIONAL_CLASS_CD,HOUR_OF_CRASH,INCAPAC_INJURIES_NBR,INTERCHANGE_ID,INTERSECTION_ID_CURRENT,INTERSECTION_LEG_ID,INTERSTATE_IND,INV_LOG_NBR,INV_NLFID,IS_COMMERCIAL_RELATED,LIGHT_COND_PRIMARY_CD,LOCAL_REPORT_NUMBER_ID,MAINTENANCE_AUTHORITY_CD,MONTH_OF_CRASH,NHS_CD,NO_INJURY_REPORTED_NBR,NON_INCAPAC_INJURIES_NBR,NUMBER_OF_UNITS_NBR,ODOT_CITY_VILLAGE_TWP_NME,ODOT_CRASH_LOCATION_CD,ODOT_DIR_FROM_REF_CD,ODOT_DIV_UNDIV_IND,ODOT_INTERSECTION_REL_IND,ODOT_LANES_NBR,ODOT_MAINTAINED_HWY_IND,ODOT_MILES_FROM_REF_NBR,ODOT_REF_ROUTE_PREFIX_CD,ODOT_YOUNG_DRIVER_IND,ODPS_ADDRESS_REFERENCE,ODPS_ALCOHOL_IND,ODPS_CITY_VILLAGE_TWP_NME,ODPS_DRUG_IND,ODPS_LOC_DIR_SUFFIX_CD,ODPS_LOC_IN_WORK_ZONE_CD,ODPS_LOC_ROAD_DIRECTION_CD,ODPS_LOC_ROAD_NME,ODPS_LOC_ROAD_SUFFIX_CD,ODPS_LOC_ROUTE_ID,ODPS_LOC_ROUTE_PREFIX_CD,ODPS_LOC_ROUTE_SUFFIX_CD,ODPS_MILEPOST_REFERENCE,ODPS_MOTORCYCLE_IND,ODPS_REF_DIR_SUFFIX_CD,ODPS_REF_DIRECTION_CD,ODPS_REF_GIVEN,ODPS_REF_POINT_USED_CD,ODPS_REF_ROUTE_ID,ODPS_REF_ROUTE_PREFIX_CD,ODPS_REF_ROUTE_SUFFIX_CD,ODPS_REF_SUFFIX_CD,ODPS_SCHOOL_ZONE_IND,ODPS_SENIOR_DRIVER_IND,ODPS_SPEED_IND,ODPS_TOTAL_FATALITIES_NBR,ODPS_TYPE_OF_WORK_ZONE_CD,ODPS_WORK_ZONE_IND,OPER_ACCESS_CONTROL_CD,POSSIBLE_INJURIES_NBR,ROAD_COND_PRIMARY_CD,ROAD_CONTOUR_CD,SA_RAMP_ID,SA_SEGMENT_ID,SECONDARY_CRASH,STATE_TRUE_LOG_NBR,U1_AGE_NBR,U1_AT_FAULT_IND,U1_CONT_CIR_PRIMARY_CD,U1_DIRECTION_FROM_CD,U1_DIRECTION_TO_CD,U1_DISTRACTED_BY_1_CD,U1_GENDER_CD,U1_IS_ALCOHOL_SUSPECTED,U1_IS_MARIJUANA_SUSPECTED,U1_IS_OTHER_DRUG_SUSPECTED,U1_NON_MOTORIST_LOC_CD,U1_NUMBER_OF_THRU_LANES,U1_OBJECT_STRUCK,U1_ODPS_UNIT_NBR,U1_OPERATINGIN_AUTONOMOUS_MODE,U1_POSTED_SPEED_NBR,U1_PRECRASH_ACTION_CD,U1_SEQ_OF_EVENTS_1_CD,U1_SEQ_OF_EVENTS_2_CD,U1_SEQ_OF_EVENTS_3_CD,U1_SEQ_OF_EVENTS_4_CD,U1_SEQ_OF_EVENTS_5_CD,U1_SEQ_OF_EVENTS_6_CD,U1_SPECIAL_FUNCTION_CD,U1_TRAFFIC_CONTROL_CD,U1_TURN_CD,U1_TYPE_OF_UNIT_CD,U1_UNIT_SPEED_NBR,U2_AGE_NBR,U2_CONT_CIR_PRIMARY_CD,U2_DIRECTION_FROM_CD,U2_DIRECTION_TO_CD,U2_DISTRACTED_BY_1_CD,U2_GENDER_CD,U2_NON_MOTORIST_LOC_CD,U2_ODPS_UNIT_NBR,U2_POSTED_SPEED_NBR,U2_PRECRASH_ACTION_CD,U2_SEQ_OF_EVENTS_1_CD,U2_SEQ_OF_EVENTS_2_CD,U2_SEQ_OF_EVENTS_3_CD,U2_SEQ_OF_EVENTS_4_CD,U2_SEQ_OF_EVENTS_5_CD,U2_SEQ_OF_EVENTS_6_CD,U2_SPECIAL_FUNCTION_CD,U2_TRAFFIC_CONTROL_CD,U2_TURN_CD,U2_TYPE_OF_UNIT_CD,U2_UNIT_SPEED_NBR,U3_CONT_CIR_PRIMARY_CD,U3_ODPS_UNIT_NBR,U3_PRECRASH_ACTION_CD,U3_SEQ_OF_EVENTS_1_CD,U3_SEQ_OF_EVENTS_2_CD,U3_SEQ_OF_EVENTS_3_CD,U3_SEQ_OF_EVENTS_4_CD,U3_SEQ_OF_EVENTS_5_CD,U3_SEQ_OF_EVENTS_6_CD,U3_SPECIAL_FUNCTION_CD,U3_TRAFFIC_CONTROL_CD,U3_TYPE_OF_UNIT_CD,UNRESTRAIN_OCCUPANTS,WEATHER_COND_CD,V1,clean_Narrative,BERT_predictions,BERT_prediction_probabilities,RoBERTa_predictions,RoBERTa_predictions_probabilities,distilBERT_predictions,distilBERT_predictions_probabilities
199,199,186101432,"unit #1 was southbound on ir-71. unit #1 hydroplaned and lost control, went off the right side, and struck an embankment.",20186101432,2018,O,6/1/2018 0:00,3,SASDIR00071**N,S,ASD,2.377,40.817676,-82.348777,51688,99999.0,6/27/2018 0:00,13,4,N,2.0,Y,Y,1.0,8,0,,,,Y,2.368,SASDIR00071**C,N,1,03-0432-03,1,6,N,1,0,1,MONTGOMERY TOWNSHIP,1,N,Y,N,6.0,Y,0.1,,N,,N,MILTON TOWNSHIP,N,,0,,,,71,IR,,181.0,N,,,,2,,,,,N,N,Y,0,0,N,1.0,0,2,1,,42800.0,N,181.104,57,Y,1,1,2,1,M,N,N,N,0,2,45,1,2,70,1,8,45,0,0,0,0,1,6,NT,1,72,,,,,,,,,,,,,,,,,,,,,,,,,,,,,,,,,,0,4,,"unit1 ir . unit1 hydroplaned lost control , went side , struck embankment .",O,"[0.9994397759437561, 0.0005141118890605867, 4.6086621296126395e-05]",O,"[0.7873113751411438, 0.20687663555145264, 0.0058120000176131725]",O,"[0.9541015625, 0.041259765625, 0.0043487548828125]"
200,200,186102241,"unit 1 was traveling eastbound on us 35. unit 1 hydroplaned and lost control. unit 1 drove off the right side of roadway, struck a ditch, and came to rest on a private drive.",20186102241,2018,O,6/1/2018 0:00,9,SJACUS00035**C,S,JAC,1.1,39.17887,-82.749552,37856,99999.0,6/26/2018 0:00,13,3,N,2.0,Y,N,3.0,17,0,,,,N,1.1,SJACUS00035**C,N,1,40-0440-40,1,6,N,2,0,1,JACKSON TOWNSHIP,1,E,Y,N,4.0,Y,0.1,,N,,N,JACKSON TOWNSHIP,N,,0,,,,35,US,,1.0,N,,,,2,,,,,N,N,Y,0,0,N,2.0,0,2,1,,346104.0,N,130.391,32,Y,5,4,3,1,F,N,N,N,0,2,44,1,2,60,3,8,44,0,0,0,0,1,6,NT,1,65,,,,,,,,,,,,,,,,,,,,,,,,,,,,,,,,,,0,4,,"unit1 traveling us . unit1 hydroplaned lost control . unit1 drove side roadway , struck ditch , came rest private .",O,"[0.993671178817749, 0.005784055218100548, 0.0005447244620881975]",O,"[0.6464525461196899, 0.349819153547287, 0.0037283222191035748]",O,"[0.9248046875, 0.06622314453125, 0.00910186767578125]"
201,201,186102407,unit 1 exiting i-71 nb at 8a hydroplaned and struck a wall on the ramp causing disabling damage.,20186102407,2018,O,6/1/2018 0:00,8,SHAMRA31291**C,S,HAM,0.119,39.163039,-84.435401,57386,16885.0,6/22/2018 0:00,13,6,N,4.0,Y,Y,1.0,4,0,39000.0,,,Y,0.119,SHAMRA31291**C,N,3,185008683,1,6,,2,0,1,NORWOOD,8,,N,N,,Y,0.0,,N,,N,CINCINNATI,N,,0,N,I 71,HWY,,,,7.8,N,,,,2,,,,,N,N,N,0,0,N,1.0,0,2,4,,,N,0.119,30,Y,99,2,1,1,F,N,N,N,0,2,51,1,2,55,1,8,51,0,0,0,0,1,6,NT,3,45,,,,,,,,,,,,,,,,,,,,,,,,,,,,,,,,,,0,4,,unit1 exiting 8a hydroplaned struck wall ramp causing disabling damage .,O,"[0.9999969005584717, 2.8709946491289884e-06, 2.373173799696815e-07]",C,"[0.3972497284412384, 0.5996690988540649, 0.0030811671167612076]",O,"[1.0, 1.0609626770019531e-05, 7.748603820800781e-07]"
202,202,186103003,"unit 1 was traveling southeast on u.s. route 35 when it hydroplaned, traveled off the left side of the roadway, and struck a guardrail.",20186103003,2018,O,6/1/2018 0:00,9,SROSUS00035**C,S,ROS,24.2,39.307948,-82.922555,70898,99999.0,6/27/2018 0:00,13,4,N,2.0,Y,Y,2.0,16,0,,,,N,24.2,SROSUS00035**C,N,1,71-0801-71,1,6,N,1,0,1,SCIOTO TOWNSHIP,1,E,Y,N,4.0,Y,0.2,,Y,,N,SCIOTO TOWNSHIP,N,,0,,,,35,US,,24.0,N,,,,2,,,,,N,N,N,0,0,N,1.0,0,2,1,,346128.0,N,116.511,16,Y,9,6,7,1,M,N,N,N,0,2,30,1,2,70,1,9,30,0,0,0,0,1,6,NT,4,65,,,,,,,,,,,,,,,,,,,,,,,,,,,,,,,,,,0,4,,"unit1 traveling u.s. hydroplaned , traveled left side roadway , struck guardrail .",O,"[0.9528864026069641, 0.04512086510658264, 0.0019926750101149082]",C,"[0.3299010694026947, 0.6289702653884888, 0.041128672659397125]",O,"[0.9541015625, 0.04351806640625, 0.002094268798828125]"
203,203,186103913,unit's #1 and #2 were northwest bound on i270. unit #1 was in the #1 lane and hydroplaned on the wet roadway. unit #1 spun several times across lane #2 and the rear of unit #1 came into collision with unit #2 who was northwest bound in the #3 lane. unit #1 then continued to spin and ended up back in the #1 lane and pulled off the roadway.,20186103913,2018,O,6/1/2018 0:00,6,SFRAIR00270**N,S,FRA,37.32,40.0049,-82.868131,29106,19234.0,6/22/2018 0:00,5,6,N,2.0,N,Y,1.0,10,0,27900.0,,,Y,37.338,SFRAIR00270**C,N,1,18GAH-15104-AC,1,6,N,2,0,2,GAHANNA,1,N,Y,N,8.0,Y,0.079,,N,,N,GAHANNA,N,,0,,,,270,IR,,37.4,N,,,,2,,,,,N,N,Y,0,0,N,1.0,0,2,1,,56918.0,N,37.32,58,Y,99,7,6,1,M,N,N,N,0,2,0,1,2,65,1,20,0,0,0,0,0,1,6,NT,1,70,60.0,1.0,7.0,6.0,1.0,M,,2.0,65.0,1.0,20.0,,,,,,1.0,6.0,NT,4.0,65.0,,,,,,,,,,,,,0,4,,unit 's . unit1 hydroplaned wet roadway . unit1 spun several times across rear unit1 came collision unit2 . unit1 continued spin ended back pulled roadway .,C,"[0.213893860578537, 0.7536006569862366, 0.032505422830581665]",O,"[0.6781972050666809, 0.3121223449707031, 0.009680484421551228]",O,"[0.966796875, 0.0285186767578125, 0.004917144775390625]"
204,204,186104598,"unit 1 was traveling west on i.r. 76 near cleveland-massillon road. unit 1 hydroplaned, ran off road right and struck guard rail face with front right of vehicle. unit 1 continued along guard rail approximately 50 feet and struck attenuator to the front center causing vehicle to come to rest on right side against guard rail.",20186104598,2018,C,6/1/2018 0:00,4,SSUMIR00076**N,S,SUM,2.67,41.039506,-81.637187,57260,766.0,6/27/2018 0:00,13,4,N,2.0,Y,Y,1.0,22,0,83600.0,,,Y,2.671,SSUMIR00076**C,N,4,21806165,1,6,N,0,0,1,NORTON,1,E,Y,N,6.0,Y,0.057,,Y,,N,NORTON,N,,4,,I 76 W,,76,IR,,,N,,,CLEVE MASS,1,,,,RD,N,N,Y,0,3,Y,1.0,1,2,1,,56794.0,N,14.818,17,Y,5,3,4,1,F,N,N,N,0,2,25,1,2,55,1,8,30,25,0,0,0,1,6,NT,3,55,,,,,,,,,,,,,,,,,,,,,,,,,,,,,,,,,,0,4,,"unit1 traveling i.r . near clevelandmassillon . unit1 hydroplaned , ran struck guard rail face front vehicle . unit1 continued along guard rail approximately feet struck attenuator front center causing vehicle come rest side guard rail .",C,"[0.0020697764120996, 0.9910655617713928, 0.0068646809086203575]",C,"[0.02425854653120041, 0.96639484167099, 0.009346552193164825]",C,"[0.0201416015625, 0.970703125, 0.00887298583984375]"
205,205,186104635,"vehicle #1, driving south, drove through water, hydroplaned, spun his vehicle striking a median barrier, then completed the 360 and was struck from behind by vehicle #2.",20186104635,2018,O,6/1/2018 0:00,8,SHAMIR00075**N,S,HAM,2.589,39.126068,-84.535136,15000,16885.0,6/1/2018 0:00,2,6,N,2.0,Y,Y,1.0,18,0,,,,Y,2.657,SHAMIR00075**C,N,1,185007730,1,6,N,2,0,2,CINCINNATI,1,,Y,N,8.0,Y,0.0,,N,,N,CINCINNATI,N,,0,,,,75,IR,,2.5,N,,,,2,,,,,N,N,Y,0,0,N,1.0,0,2,1,,45350.0,N,2.589,32,Y,99,1,2,1,M,N,N,N,0,2,36,1,2,55,1,9,36,20,0,0,0,1,6,NT,4,65,36.0,1.0,1.0,2.0,1.0,F,,2.0,55.0,1.0,20.0,,,,,,1.0,6.0,NT,1.0,60.0,,,,,,,,,,,,,0,4,,"vehicle , driving , drove water , hydroplaned , spun vehicle striking median barrier , completed struck behind vehicle .",O,"[0.9938133955001831, 0.005984893534332514, 0.00020178982231300324]",O,"[0.679406464099884, 0.312467098236084, 0.008126468397676945]",O,"[0.95263671875, 0.045867919921875, 0.0015192031860351562]"
206,206,186105072,unit #1 was westbound on ir 70 and hydroplaned on standing water on the road. unit #1 went off the left side of the road and overturned.,20186105072,2018,O,7/1/2018 0:00,5,SMUSIR00070**N,S,MUS,9.484,39.948454,-82.0484,26502,99786.0,7/2/2018 0:00,16,2,N,2.0,Y,Y,1.0,17,0,72700.0,,,Y,9.556,SMUSIR00070**C,N,1,60-0632-60,1,7,N,6,0,1,FALLS TOWNSHIP,1,E,Y,N,4.0,Y,0.1,,N,,N,FALLS TOWNSHIP,N,,0,,,,70,IR,,152.0,N,,,,2,,,,,N,N,Y,0,0,N,1.0,0,6,1,,56611.0,N,152.269,60,Y,5,3,4,1,M,N,N,N,0,2,0,1,2,60,1,8,1,0,0,0,0,1,6,NT,3,65,,,,,,,,,,,,,,,,,,,,,,,,,,,,,,,,,,0,4,,unit1 hydroplaned standing water . unit1 went left side overturned .,C,"[0.01391053106635809, 0.9818431735038757, 0.004246224649250507]",C,"[0.0017364358063787222, 0.9978423118591309, 0.0004211875784676522]",C,"[0.3251953125, 0.66748046875, 0.00707244873046875]"
207,207,186108449,the driver of unit #1 advised that she was traveling north bound on state route 4 when the vehicle hydroplaned and she lost control. unit #1 left the road way and struck a nearby utility pole. the driver of unit #1 advised that she did not have insurance.,20186108449,2018,O,6/1/2018 0:00,7,SCHPSR00004**C,S,CHP,11.358,40.113977,-83.51751,30982,99999.0,6/26/2018 0:00,13,3,N,2.0,Y,N,3.0,14,0,,b77e0378-eeb3-4704-86ad-a9012230220e,e4b1b1de-d062-45d4-88a6-44c5525d7651,N,11.358,SCHPSR00004**C,N,1,18021668,1,6,N,1,0,1,GOSHEN TOWNSHIP,1,,N,N,2.0,Y,0.0,,N,12444,N,GOSHEN TOWNSHIP,N,,0,,,ST,4,SR,,,N,,,,3,,,,,N,N,N,0,0,N,3.0,0,2,1,,167444.0,N,101.595,26,Y,99,2,1,1,F,N,N,N,0,2,40,1,2,55,1,8,40,0,0,0,0,1,6,NT,3,50,,,,,,,,,,,,,,,,,,,,,,,,,,,,,,,,,,0,4,,driver unit1 advised traveling state vehicle hydroplaned lost control . unit1 left struck nearby utility pole . driver unit1 advised insurance .,C,"[0.2591468095779419, 0.7031549215316772, 0.03769826516509056]",C,"[0.1153961569070816, 0.8807462453842163, 0.0038575660437345505]",O,"[0.837890625, 0.1400146484375, 0.021728515625]"
208,208,186109679,unit #1 and unit #2 were both traveling westbound on ir 480. unit #2 made a lane change from the far left lane (5) to lane 4. unit #2 hydroplanned into unit #1 striking the door step with the rear quarter panel and the mirror of unit #2 striking the drivers fender of unit#1 as well. both units pulled onto the right hand berm and came to a final rest.,20186109679,2018,O,7/1/2018 0:00,12,SCUYIR00480**N,S,CUY,16.737,41.411447,-81.668663,9274,17668.0,7/5/2018 0:00,5,5,N,2.0,N,Y,1.0,16,0,20100.0,,,Y,16.738,SCUYIR00480**C,Y,1,2181860077,1,7,N,2,0,2,BROOKLYN HEIGHTS,1,W,Y,N,7.0,Y,0.167,,N,,N,BROOKLYN HEIGHTS,N,,0,,,HWY,480,IR,,19.0,N,,,,2,,,,,N,N,N,0,0,N,1.0,0,2,1,,54082.0,N,19.041,62,Y,99,3,4,1,M,N,N,N,0,2,0,2,2,60,3,20,0,0,0,0,0,1,6,NT,3,60,62.0,1.0,3.0,4.0,1.0,M,,1.0,60.0,1.0,20.0,,,,,,1.0,6.0,NT,15.0,55.0,,,,,,,,,,,,,0,4,,unit1 unit2 traveling . unit2 made change far left . unit2 hydroplanned unit1 striking door step rear quarter panel mirror unit2 striking drivers fender unit1 well . units pulled onto berm came final rest .,C,"[0.36195558309555054, 0.6324713826179504, 0.005572968628257513]",O,"[0.9999780654907227, 2.1226693206699565e-05, 7.017181360424729e-07]",O,"[1.0, 0.00044798851013183594, 1.633167266845703e-05]"
209,209,186110572,unit #1 was e/b on i-90. the driver hit standing water and hydroplaned into the median.azarrieah was transported to fairview hospital by lakewood fd. she was treated and released by dr. vebos. azarrieah complained of back pain.,20186110572,2018,AB,7/1/2018 0:00,12,SCUYIR00090**C,S,CUY,8.364,41.469668,-81.811749,41664,17668.0,7/5/2018 0:00,13,5,N,2.0,Y,Y,1.0,15,0,16300.0,,,Y,8.364,SCUYIR00090**C,N,1,18  003132,1,7,N,0,1,1,LAKEWOOD,1,,Y,N,8.0,Y,0.0,,Y,,N,LAKEWOOD,N,,0,,I 90 E,,90,IR,,,N,,,WOODWARD,1,,,,AVE,N,N,N,0,0,N,1.0,0,2,1,,45491.0,N,164.183,23,Y,99,4,3,1,F,N,N,N,0,2,30,1,2,60,1,30,0,0,0,0,0,1,6,NT,1,60,,,,,,,,,,,,,,,,,,,,,,,,,,,,,,,,,,0,4,,unit1 i. driver hit standing water hydroplaned median.azarrieah transported fairview hospital lakewood fd . treated released . vebos . azarrieah complained back pain .,AB,"[0.0007985325064510107, 0.049103330820798874, 0.9500980973243713]",C,"[1.2194317378089181e-06, 0.9999970197677612, 1.798674702513381e-06]",C,"[1.3828277587890625e-05, 1.0, 9.685754776000977e-05]"
210,210,186114066,"at about 0700 hours on 7-20-18, unit #1 was traveling west on us35wb in the lane next to the southern curb at an apparently excessive rate of speed and when near mp 37.6, hydroplaned on the wet pavement and lost control of the vehicle and drove off the left side of the roadway and collided with the center concrete median divider. unit #1 continued spinning out of control and collided with the median divider a second time.",20186114066,2018,O,7/1/2018 0:00,7,SMOTRA57222**C,S,MOT,0.59,39.755565,-84.165157,21000,54091.0,7/20/2018 0:00,13,6,N,4.0,Y,Y,2.0,7,0,71400.0,,,N,0.59,SMOTRA57222**C,N,1,1807200024,4,7,,1,0,1,DAYTON,7,,N,N,,N,0.0,,N,,N,DAYTON,N,,0,,,,35,US,,37.6,N,,,,2,,,,,N,N,Y,0,0,N,1.0,0,2,1,,,N,0.59,49,Y,99,3,4,1,M,N,N,N,0,2,35,1,2,55,1,9,35,35,0,0,0,1,6,NT,4,40,,,,,,,,,,,,,,,,,,,,,,,,,,,,,,,,,,0,4,,", unit1 traveling next southern curb apparently excessive rate speed near mp . , hydroplaned wet pavement lost control vehicle drove left side roadway collided center concrete median divider . unit1 continued spinning control collided median divider second time .",O,"[0.9090176820755005, 0.08187216520309448, 0.009110129438340664]",O,"[0.996081531047821, 0.003840613178908825, 7.787880895193666e-05]",O,"[1.0, 1.1920928955078125e-07, 0.0]"
211,211,186114079,unit 1 was traveling eastbound on ir 270 s/b near milepost 36.8. driver of unit 1 stated he hydroplaned on the wet roadway and spun twice before sliding towards the center median. the l/f corner of unit 1 struck the center median. unit 1 the spun 180 degrees before coming to a final rest facing westbound along the median cable. unit 1 was found to have badly worn tires which likely contributed to the loss of control on the wet roadway.,20186114079,2018,O,7/1/2018 0:00,6,SFRAIR00270**C,S,FRA,36.714,40.007554,-82.879263,29106,19234.0,7/20/2018 0:00,13,6,N,2.0,Y,Y,1.0,17,0,27900.0,,,Y,36.714,SFRAIR00270**C,N,1,18GAH-17734-AC,1,7,N,1,0,1,GAHANNA,1,W,Y,N,8.0,Y,0.086,,N,,N,GAHANNA,N,,0,,IR 270 SB,HWY,270,IR,,36.8,N,,,,2,,,,,N,N,N,0,0,N,1.0,0,2,3,,47260.0,N,36.714,39,Y,99,4,3,1,M,N,N,N,0,2,33,1,2,65,1,9,33,0,0,0,0,1,6,NT,3,65,,,,,,,,,,,,,,,,,,,,,,,,,,,,,,,,,,0,4,,unit1 traveling near milepost .. driver unit1 stated hydroplaned wet roadway spun twice sliding towards center median . l f corner unit1 struck center median . unit1 spun degrees coming final rest facing along median cable . unit1 found badly worn tires likely contributed loss control wet roadway .,O,"[0.9999810457229614, 1.808087108656764e-05, 7.978589451340667e-07]",O,"[0.9995042085647583, 0.0004887455143034458, 7.05835464032134e-06]",O,"[1.0, 3.534555435180664e-05, 2.5033950805664062e-06]"
212,212,186114115,"unit#1 states he was westbound ir-74 near the 13 milepost when he """"hydroplaned"""" and struck unit#2 in the rear. unit#1 was cited for failing to maintain an assured clear distance ahead of unit#2.",20186114115,2018,O,7/1/2018 0:00,8,SHAMIR00074**N,S,HAM,13.109,39.187255,-84.63412,31752,16885.0,7/21/2018 0:00,2,7,N,2.0,N,Y,1.0,21,0,,,,Y,13.03,SHAMIR00074**C,N,4,2.018E+12,1,7,N,2,0,2,GREEN TOWNSHIP,1,,Y,N,4.0,Y,0.0,,N,,N,GREEN TOWNSHIP,N,,0,,,,74,IR,,13.0,N,,,,2,,,,,N,Y,N,0,0,N,1.0,0,2,1,,39516.0,N,13.109,31,Y,8,3,4,1,M,N,N,N,0,2,0,1,2,65,1,20,0,0,0,0,0,1,6,NT,1,0,72.0,1.0,3.0,4.0,1.0,M,,2.0,65.0,1.0,20.0,,,,,,1.0,6.0,NT,1.0,,,,,,,,,,,,,,0,4,,unit1 states ir near milepost `` '' hydroplaned '' '' struck unit2 rear . unit1 cited failing maintain assured clear distance ahead unit2 .,O,"[0.9995275735855103, 0.00044865996460430324, 2.3858860004111193e-05]",C,"[0.4131547510623932, 0.5848798155784607, 0.001965414034202695]",O,"[0.7763671875, 0.2191162109375, 0.004352569580078125]"
213,213,186114333,"unit 1 was traveling north on princeton pk and was stopped in the left-most left turn lane at the intersection with the wb i- 275 entrance ramp. unit 2 was traveling north on princeton pk and entered the right-most left turn lane. unit 2 hydroplaned, lost control, and rear ended unit 1.",20186114333,2018,O,7/1/2018 0:00,8,SHAMSR00747**C,S,HAM,2.231,39.296675,-84.465989,74104,16885.0,7/21/2018 0:00,2,7,N,2.0,N,N,3.0,16,0,,,,N,2.231,SHAMSR00747**C,N,1,2.018E+12,4,7,,2,0,2,SPRINGDALE,1,N,N,Y,5.0,N,0.009,RA,Y,,N,SPRINGDALE,N,,0,,PRINCETON,PIKE,,,,,N,,,I 275 W,1,275,IR,,,N,Y,N,0,0,N,3.0,0,2,1,,153017.0,N,2.231,16,Y,8,2,1,1,F,N,N,N,0,2,0,2,2,35,1,20,0,0,0,0,0,1,2,NT,1,30,69.0,1.0,2.0,1.0,1.0,M,,1.0,35.0,11.0,20.0,,,,,,1.0,2.0,NT,1.0,,,,,,,,,,,,,,0,4,,"unit1 traveling princeton pk stopped leftmost left turn intersection entrance ramp . unit2 traveling princeton pk entered left turn . unit2 hydroplaned , lost control , rear ended unit1 .",O,"[0.618484616279602, 0.36899930238723755, 0.01251604501157999]",O,"[0.937225341796875, 0.060241300612688065, 0.0025334288366138935]",O,"[0.986328125, 0.01251983642578125, 0.0008130073547363281]"
214,214,186114645,unit #1 was northbound on ir-71. unit #1 hydroplaned and lost control. unit #1 went off the right side and struck a ditch.,20186114645,2018,O,7/1/2018 0:00,3,SASDIR00071**C,S,ASD,13.673,40.902372,-82.167356,61756,99999.0,7/21/2018 0:00,13,7,N,2.0,Y,Y,1.0,10,0,,,,Y,13.673,SASDIR00071**C,N,1,03-0502-03,1,7,N,1,0,1,PERRY TOWNSHIP,1,N,Y,N,6.0,Y,0.4,,N,,N,PERRY TOWNSHIP,N,,0,,,,71,IR,,192.0,N,,,,2,,,,,N,N,N,0,0,N,1.0,0,2,1,,81125.0,N,192.4,48,Y,8,2,1,1,F,N,N,N,0,2,44,1,2,70,11,8,44,0,0,0,0,1,6,NT,1,65,,,,,,,,,,,,,,,,,,,,,,,,,,,,,,,,,,0,4,,unit1 ir . unit1 hydroplaned lost control . unit1 went side struck ditch .,O,"[0.9959225654602051, 0.003622062737122178, 0.0004554532642941922]",C,"[0.21380674839019775, 0.7748944163322449, 0.011298768222332]",O,"[0.87158203125, 0.1182861328125, 0.010345458984375]"
215,215,186114977,"unit#1 was traveling northbound on interstate 75 in the left lane near mile post 81. unit#1 hydroplaned, slid off the west edge, and struck the median cable barrier.",20186114977,2018,O,7/1/2018 0:00,7,SMIAIR00075**C,S,MIA,14.764,40.123102,-84.216911,74475,99759.0,7/21/2018 0:00,13,7,N,2.0,Y,Y,1.0,19,0,,629f8f0d-fedb-48c6-a20e-cff887ba7775,0ec98bc4-13cb-4fad-818f-570000888b5f,Y,14.764,SMIAIR00075**C,N,1,55-0334-55,1,7,N,4,0,1,STAUNTON TOWNSHIP,1,N,Y,N,4.0,Y,0.2,,N,,N,SPRINGCREEK TOWNSHIP,N,,0,,,,75,IR,,80.0,N,,,,2,,,,,N,N,Y,0,0,N,1.0,0,2,3,,81217.0,N,80.098,37,Y,5,2,1,1,M,N,N,N,0,2,33,1,2,70,1,9,33,0,0,0,0,1,6,NT,5,70,,,,,,,,,,,,,,,,,,,,,,,,,,,,,,,,,,0,4,,"unit1 traveling interstate left near mile post . unit1 hydroplaned , slid edge , struck median cable barrier .",O,"[0.9999996423721313, 3.77248852601042e-07, 4.7612129350227406e-08]",O,"[0.9995822310447693, 0.0004143563855905086, 3.4438205602782546e-06]",O,"[0.9990234375, 0.0005311965942382812, 2.485513687133789e-05]"
216,216,186115035,unit #1 was wb on ir90 and it was approximately 200ft west of the sr237 overpass when its operator stated she began to hydroplane. operator of unit #1 lost control of her vehicle and it struck the left concrete barrier. unit #1 then went across 4 lanes of traffic and struck the right concrete barrier.,20186115035,2018,O,7/1/2018 0:00,12,SCUYIR00090**N,S,CUY,7.703,41.471979,-81.823876,41664,17668.0,7/23/2018 0:00,13,2,N,2.0,Y,Y,1.0,15,0,,,,Y,7.697,SCUYIR00090**C,N,1,18  003427,1,7,N,1,0,1,LAKEWOOD,1,W,Y,N,8.0,Y,0.038,SR,N,,N,LAKEWOOD,N,,0,,I 90 W,,90,IR,,,N,,,STATE ROUTE 237 W,1,237,SR,,,N,N,N,0,0,N,1.0,0,2,1,,47200.0,N,163.522,48,Y,99,3,4,1,F,N,N,N,0,2,35,1,2,60,1,35,0,0,0,0,0,1,6,NT,1,60,,,,,,,,,,,,,,,,,,,,,,,,,,,,,,,,,,0,4,,unit1 approximately 2ft overpass operator stated began hydroplane . operator unit1 lost control vehicle struck left concrete barrier . unit1 went across lanes traffic struck concrete barrier .,C,"[0.027968021109700203, 0.9098055958747864, 0.062226396054029465]",O,"[0.9996492862701416, 0.00032948257285170257, 2.122230398526881e-05]",O,"[0.9921875, 0.007343292236328125, 0.000621795654296875]"