,id,OBJECTID,Narrative,DOCUMENT_NBR,CRASH_YR,CRASH_SEVERITY_CD,CRASH_MONTH_YEAR,DISTRICT_NBR,NLFID,NLF_JUR_CD,NLF_COUNTY_CD,COUNTY_LOG_NBR,ODOT_LATITUDE_NBR,ODOT_LONGITUDE_NBR,ODOT_FIPS_CD,AREA_CODE,CRASH_DATE,CRASH_TYPE_CD,DAY_IN_WEEK_CD,DISTRACTED_DRIVER_IND,FACILITY_TYPE_CD,FHWA_RDWY_DEPARTURE_IND,FREEWAY_IND,FUNCTIONAL_CLASS_CD,HOUR_OF_CRASH,INCAPAC_INJURIES_NBR,INTERCHANGE_ID,INTERSECTION_ID_CURRENT,INTERSECTION_LEG_ID,INTERSTATE_IND,INV_LOG_NBR,INV_NLFID,IS_COMMERCIAL_RELATED,LIGHT_COND_PRIMARY_CD,LOCAL_REPORT_NUMBER_ID,MAINTENANCE_AUTHORITY_CD,MONTH_OF_CRASH,NHS_CD,NO_INJURY_REPORTED_NBR,NON_INCAPAC_INJURIES_NBR,NUMBER_OF_UNITS_NBR,ODOT_CITY_VILLAGE_TWP_NME,ODOT_CRASH_LOCATION_CD,ODOT_DIR_FROM_REF_CD,ODOT_DIV_UNDIV_IND,ODOT_INTERSECTION_REL_IND,ODOT_LANES_NBR,ODOT_MAINTAINED_HWY_IND,ODOT_MILES_FROM_REF_NBR,ODOT_REF_ROUTE_PREFIX_CD,ODOT_YOUNG_DRIVER_IND,ODPS_ADDRESS_REFERENCE,ODPS_ALCOHOL_IND,ODPS_CITY_VILLAGE_TWP_NME,ODPS_DRUG_IND,ODPS_LOC_DIR_SUFFIX_CD,ODPS_LOC_IN_WORK_ZONE_CD,ODPS_LOC_ROAD_DIRECTION_CD,ODPS_LOC_ROAD_NME,ODPS_LOC_ROAD_SUFFIX_CD,ODPS_LOC_ROUTE_ID,ODPS_LOC_ROUTE_PREFIX_CD,ODPS_LOC_ROUTE_SUFFIX_CD,ODPS_MILEPOST_REFERENCE,ODPS_MOTORCYCLE_IND,ODPS_REF_DIR_SUFFIX_CD,ODPS_REF_DIRECTION_CD,ODPS_REF_GIVEN,ODPS_REF_POINT_USED_CD,ODPS_REF_ROUTE_ID,ODPS_REF_ROUTE_PREFIX_CD,ODPS_REF_ROUTE_SUFFIX_CD,ODPS_REF_SUFFIX_CD,ODPS_SCHOOL_ZONE_IND,ODPS_SENIOR_DRIVER_IND,ODPS_SPEED_IND,ODPS_TOTAL_FATALITIES_NBR,ODPS_TYPE_OF_WORK_ZONE_CD,ODPS_WORK_ZONE_IND,OPER_ACCESS_CONTROL_CD,POSSIBLE_INJURIES_NBR,ROAD_COND_PRIMARY_CD,ROAD_CONTOUR_CD,SA_RAMP_ID,SA_SEGMENT_ID,SECONDARY_CRASH,STATE_TRUE_LOG_NBR,U1_AGE_NBR,U1_AT_FAULT_IND,U1_CONT_CIR_PRIMARY_CD,U1_DIRECTION_FROM_CD,U1_DIRECTION_TO_CD,U1_DISTRACTED_BY_1_CD,U1_GENDER_CD,U1_IS_ALCOHOL_SUSPECTED,U1_IS_MARIJUANA_SUSPECTED,U1_IS_OTHER_DRUG_SUSPECTED,U1_NON_MOTORIST_LOC_CD,U1_NUMBER_OF_THRU_LANES,U1_OBJECT_STRUCK,U1_ODPS_UNIT_NBR,U1_OPERATINGIN_AUTONOMOUS_MODE,U1_POSTED_SPEED_NBR,U1_PRECRASH_ACTION_CD,U1_SEQ_OF_EVENTS_1_CD,U1_SEQ_OF_EVENTS_2_CD,U1_SEQ_OF_EVENTS_3_CD,U1_SEQ_OF_EVENTS_4_CD,U1_SEQ_OF_EVENTS_5_CD,U1_SEQ_OF_EVENTS_6_CD,U1_SPECIAL_FUNCTION_CD,U1_TRAFFIC_CONTROL_CD,U1_TURN_CD,U1_TYPE_OF_UNIT_CD,U1_UNIT_SPEED_NBR,U2_AGE_NBR,U2_CONT_CIR_PRIMARY_CD,U2_DIRECTION_FROM_CD,U2_DIRECTION_TO_CD,U2_DISTRACTED_BY_1_CD,U2_GENDER_CD,U2_NON_MOTORIST_LOC_CD,U2_ODPS_UNIT_NBR,U2_POSTED_SPEED_NBR,U2_PRECRASH_ACTION_CD,U2_SEQ_OF_EVENTS_1_CD,U2_SEQ_OF_EVENTS_2_CD,U2_SEQ_OF_EVENTS_3_CD,U2_SEQ_OF_EVENTS_4_CD,U2_SEQ_OF_EVENTS_5_CD,U2_SEQ_OF_EVENTS_6_CD,U2_SPECIAL_FUNCTION_CD,U2_TRAFFIC_CONTROL_CD,U2_TURN_CD,U2_TYPE_OF_UNIT_CD,U2_UNIT_SPEED_NBR,U3_CONT_CIR_PRIMARY_CD,U3_ODPS_UNIT_NBR,U3_PRECRASH_ACTION_CD,U3_SEQ_OF_EVENTS_1_CD,U3_SEQ_OF_EVENTS_2_CD,U3_SEQ_OF_EVENTS_3_CD,U3_SEQ_OF_EVENTS_4_CD,U3_SEQ_OF_EVENTS_5_CD,U3_SEQ_OF_EVENTS_6_CD,U3_SPECIAL_FUNCTION_CD,U3_TRAFFIC_CONTROL_CD,U3_TYPE_OF_UNIT_CD,UNRESTRAIN_OCCUPANTS,WEATHER_COND_CD,V1,clean_Narrative,BERT_predictions,BERT_prediction_probabilities,RoBERTa_predictions,RoBERTa_predictions_probabilities,distilBERT_predictions,distilBERT_predictions_probabilities
217,217,186115132,unit 1 was traveling south on state route 11 in the passing lane and began hydroplaning after hitting standing water causing unit 1 to loose control and enter into the right lane. unit 2 struck unit 1 when it entered into unit 2 lane of travel. due to this both vehicles left the roadway and went down an embankment before hitting a ditch and trees at the bottom. both vehicles sustained disabling damage. unit 1 was towed by birrells/allen's towing and unit 2 was towed by bud's towing. driver of unit 1 was issued a citation for failure to control (orc 4511.202a). driver of unit 2 was issued a citation for driving under suspension (orc 4510.11a).,20186115132,2018,C,7/1/2018 0:00,4,STRUSR00011**N,S,TRU,16.817,41.334917,-80.704727,28098,97831.0,7/22/2018 0:00,5,1,N,2.0,N,Y,2.0,20,0,,,,N,16.959,STRUSR00011**C,N,2,18  00589,1,7,N,3,0,2,FOWLER TOWNSHIP,1,N,Y,N,4.0,Y,0.063,,Y,,N,FOWLER TOWNSHIP,N,,0,,,,11,SR,,59.0,N,,,,2,,,,,N,N,Y,0,0,N,1.0,1,6,1,,178389.0,N,58.907,17,Y,99,1,2,1,M,N,N,N,0,2,48,1,2,70,1,20,8,44,48,0,0,1,6,NT,1,62,28.0,1.0,1.0,2.0,1.0,M,,2.0,70.0,1.0,20.0,8.0,44.0,48.0,,,1.0,6.0,NT,3.0,60.0,,,,,,,,,,,,,0,4,,unit1 traveling state passing began hydroplaning hitting standing water causing unit1 loose control enter . unit2 struck unit1 entered unit2 travel . due vehicles left roadway went embankment hitting ditch trees bottom . vehicles sustained disabling damage . unit1 towed birrells allen 's towing unit2 towed bud 's towing . driver unit1 issued citation failure control . driver unit2 issued citation driving suspension .,O,"[0.9998769760131836, 0.00011895514035131782, 3.99384362026467e-06]",C,"[0.023659875616431236, 0.9709648489952087, 0.0053752996027469635]",O,"[0.98828125, 0.01132965087890625, 0.0002880096435546875]"
218,218,186115903,"unity #1 states he was travelling i480 eastbound just east of stearns road in heavy rain. unit #1 began to hydroplane on the wet surface, his vehicle turned sideways and eventually was facing westbound in the eastbound lanes. unit #1 went off the side of the road backwards and down into a ditch in which the vehicle rolled over onto it's side. unit #1 did not strike any other vehicles. unit #1 is a united parcel service vehicle. the driver of unit #1 did not report any injuries at the time of the accident. rich's and patton's towing removed the vehicle from the ditch.",20186115903,2018,O,7/1/2018 0:00,12,SCUYIR00480**C,S,CUY,1.937,41.398078,-81.93623,56882,17668.0,7/23/2018 0:00,13,2,N,2.0,Y,Y,1.0,16,0,,,,Y,1.937,SCUYIR00480**C,Y,1,T75889,1,7,N,1,0,1,NORTH OLMSTED,1,E,Y,N,6.0,Y,1.0,,N,,N,NORTH OLMSTED,N,,0,,I 480 E,,480,IR,,,N,,,STEARNS,1,,,,RD,N,N,N,0,0,N,1.0,0,2,1,,81539.0,N,4.241,53,Y,1,4,3,1,M,N,N,N,0,2,44,1,2,60,1,8,44,1,0,0,0,99,6,NT,14,55,,,,,,,,,,,,,,,,,,,,,,,,,,,,,,,,,,0,4,,"unity states travelling stearns heavy rain . unit1 began hydroplane wet surface , vehicle turned sideways eventually facing lanes . unit1 went side backwards ditch vehicle rolled onto 's side . unit1 strike vehicles . unit1 united parcel service vehicle . driver unit1 report injuries time accident . rich 's patton 's towing removed vehicle ditch .",O,"[0.9999997615814209, 1.7980630673264386e-07, 3.6482727949760374e-08]",O,"[1.0, 2.2935848775773593e-08, 7.437343796379281e-11]",O,"[1.0, 0.0, 0.0]"
219,219,186116456,"unit #1 was eastbound in the right of three lanes at a stated speed of 50 mph. unit #1 stated there was heavy rain. unit #1 stated she hydroplaned, then lost control. unit #1 stated she tried to recover from her skid but struck unit #2.",20186116456,2018,O,7/1/2018 0:00,7,SMOTIR00070**C,S,MOT,21.325,39.867247,-84.093954,36610,22528.0,7/21/2018 0:00,5,7,N,2.0,N,Y,1.0,15,0,,0570819e-7852-437d-be4a-c3ee183ea830,0e10ab57-9a94-4f84-a583-4852bb2b0746,Y,21.325,SMOTIR00070**C,N,1,18049826,1,7,N,5,0,2,HUBER HEIGHTS,1,,Y,N,6.0,Y,0.0,,N,,N,HUBER HEIGHTS,N,,0,,,ST,70,IR,,39.0,N,,,,2,,,,,N,N,N,0,0,N,1.0,0,2,2,,56609.0,N,38.985,34,Y,99,4,3,1,F,N,N,N,0,2,0,1,2,65,1,13,20,0,0,0,0,1,6,NT,1,50,60.0,1.0,4.0,3.0,1.0,M,,2.0,65.0,1.0,20.0,,,,,,1.0,6.0,NT,1.0,65.0,,,,,,,,,,,,,0,2,,"unit1 three lanes stated speed mph . unit1 stated heavy rain . unit1 stated hydroplaned , lost control . unit1 stated tried recover skid struck unit2 .",C,"[0.013855891302227974, 0.9452998638153076, 0.04084426537156105]",C,"[0.04229400306940079, 0.9572340846061707, 0.00047201706911437213]",O,"[0.9921875, 0.007343292236328125, 0.0002715587615966797]"
220,220,186116889,unit #1 was northbound on ir-71. unit #1 hydroplaned and went off the left side and struck a median barrier fence.,20186116889,2018,O,7/1/2018 0:00,3,SASDIR00071**C,S,ASD,15.291,40.91229,-82.139445,61756,99999.0,7/20/2018 0:00,13,6,N,2.0,Y,Y,1.0,12,0,,,,Y,15.291,SASDIR00071**C,N,1,03-0500-03,1,7,N,1,0,1,PERRY TOWNSHIP,1,,Y,N,6.0,Y,0.0,,Y,,N,PERRY TOWNSHIP,N,,0,,,,71,IR,,194.0,N,,,,2,,,,,N,N,Y,0,0,N,1.0,0,2,2,,81125.0,N,194.018,20,Y,5,2,1,1,M,N,N,N,0,2,33,1,2,70,1,9,33,0,0,0,0,1,6,NT,3,55,,,,,,,,,,,,,,,,,,,,,,,,,,,,,,,,,,0,4,,unit1 ir . unit1 hydroplaned went left side struck median barrier fence .,O,"[0.8606715202331543, 0.12567384541034698, 0.013654622249305248]",O,"[0.8021286725997925, 0.19667021930217743, 0.0012011349899694324]",O,"[0.98193359375, 0.017913818359375, 0.0006127357482910156]"
221,221,186116911,unit 1 was traveling west bound on sr2 in the right lane near the 209.6 mile post. unit 1 encountered standing water on the roadway and lost control. unit 1 hydroplaned and struck the concrete median barrier on the left side of the roadway. unit 1 went through the barrier and came to rest in the center median. driver of unit 1 was uninjured. unit 1 sustained total damage. one section of concrete median barrier was also damaged.,20186116911,2018,O,7/1/2018 0:00,12,SLAKSR00002**N,S,LAK,1.234,41.619513,-81.469116,85036,17668.0,7/26/2018 0:00,13,5,N,2.0,Y,Y,2.0,19,0,,,,N,1.235,SLAKSR00002**C,N,1,1800211,4,7,N,1,0,1,WICKLIFFE,1,W,Y,N,6.0,N,0.015,,N,,N,WICKLIFFE,N,,0,,,,2,SR,,209.6,N,,,,2,,,,,N,N,N,0,0,N,1.0,0,2,1,,295347.0,N,209.566,34,Y,99,3,4,1,M,N,N,N,0,2,35,1,2,60,1,9,35,0,0,0,0,1,6,NT,3,60,,,,,,,,,,,,,,,,,,,,,,,,,,,,,,,,,,0,4,,unit1 traveling near . mile post . unit1 encountered standing water roadway lost control . unit1 hydroplaned struck concrete median barrier left side roadway . unit1 went barrier came rest center median . driver unit1 uninjured . unit1 sustained total damage . one section concrete median barrier also damaged .,O,"[0.9999998807907104, 1.4495941513814614e-07, 1.6241846978459762e-08]",O,"[1.0, 7.069759222488869e-10, 1.4668304548423605e-12]",O,"[1.0, 9.5367431640625e-07, 5.960464477539063e-08]"
222,222,186118444,"unit #1 was traveling southbound on i-71 in heavy rain behind a semi truck in the far right lane. unit #1 began to pass the semi truck and started to hydroplane. while hydroplaning, unit #1 struck the rear of the semi truck, traveled across three lanes and came to rest in the median. no injuries were reported and unit #1 was towed from the scene by jon's towing due to disabling damage. the semi truck was not on scene upon arrival and the driver most likely was not aware that the crash took place.",20186118444,2018,O,7/1/2018 0:00,3,SMEDIR00071**N,S,MED,12.061,41.076278,-81.841171,51856,99999.0,7/29/2018 0:00,5,1,N,2.0,N,Y,1.0,13,0,,,,Y,12.046,SMEDIR00071**C,Y,1,18- 10110,1,7,N,3,0,2,MONTVILLE TOWNSHIP,1,,Y,N,6.0,Y,0.0,,N,,N,MONTVILLE TOWNSHIP,N,,0,,,,71,IR,,214.0,N,,,,2,,,,,N,N,N,0,0,N,1.0,0,2,1,,45321.0,N,214.065,63,Y,9,1,2,1,M,N,N,N,0,2,0,1,2,70,3,20,9,0,0,0,0,1,6,NT,1,55,0.0,1.0,1.0,2.0,1.0,,,2.0,70.0,1.0,20.0,,,,,,1.0,6.0,NT,15.0,,,,,,,,,,,,,,0,4,,"unit1 traveling heavy rain behind semi truck far . unit1 began pass semi truck started hydroplane . hydroplaning , unit1 struck rear semi truck , traveled across three lanes came rest median . injuries reported unit1 towed scene jon 's towing due disabling damage . semi truck scene upon arrival driver likely aware crash took .",O,"[1.0, 4.9966338622198236e-08, 1.2750537514705229e-08]",O,"[1.0, 2.1307289266303542e-11, 6.902744231784309e-15]",O,"[1.0, 0.0, 0.0]"
223,223,186118569,"unit #1 was traveling northbound on 77 in lane 1 when she failed to maintain control of her vehicle after it hydroplaned. unit 1 then slid in to lane 2, and struck unit 3 on the left side then spun in to lane 1 and was struck by unit 2.",20186118569,2018,AB,7/1/2018 0:00,4,SSUMIR00077**C,S,SUM,15.786,41.064978,-81.57332,1000,766.0,7/23/2018 0:00,5,2,N,2.0,N,Y,1.0,19,0,,1c3eb2cb-ca0d-47e3-8c31-6cb6ffde1d20,9f2cfb8c-3c6a-416a-b9a0-37a5339689f9,Y,15.786,SSUMIR00077**C,N,1,T18004548,1,7,N,1,1,3,AKRON,1,N,Y,N,6.0,Y,0.057,RA,Y,,N,AKRON,N,,0,,I 77 N,,77,IR,,,N,,,STATE ROUTE 261 N,1,261,SR,,,N,N,N,0,0,N,1.0,1,2,1,,45447.0,N,129.308,25,Y,99,2,1,1,F,N,N,N,0,2,0,1,2,60,1,20,20,0,0,0,0,1,6,NT,3,60,26.0,1.0,2.0,1.0,1.0,M,,2.0,60.0,1.0,20.0,,,,,,1.0,6.0,NT,1.0,55.0,1.0,3.0,1.0,20.0,,,,,,1.0,6.0,3.0,0,4,,"unit1 traveling failed maintain control vehicle hydroplaned . unit1 slid , struck unit3 left side spun struck unit2 .",C,"[0.38297271728515625, 0.578411877155304, 0.0386153906583786]",O,"[0.6417420506477356, 0.3538110554218292, 0.004446853417903185]",O,"[0.99609375, 0.003322601318359375, 0.0005383491516113281]"
224,224,186119013,"upon arrival i made contact with the driver of unit 01. unit 01 advised she was traveling northbound on us rt 62. unit 01 advised she hydroplaned, ran off the road left, and struck a telephone pole. the front right passenger was transported to mount carmel west with minor injuries. the driver and other occupant refused transport.",20186119013,2018,AB,7/1/2018 0:00,6,SPICUS00062**C,S,PIC,2.4,39.754214,-83.231748,20156,99999.0,7/20/2018 0:00,13,6,N,2.0,Y,N,4.0,16,0,,,,N,2.4,SPICUS00062**C,N,1,AC07180047,1,7,,2,1,1,DARBY TOWNSHIP,1,N,N,N,2.0,Y,0.114,,Y,,N,DARBY TOWNSHIP,N,,0,,,,62,US,,,N,,,TENNY,1,,,,RD,N,N,N,0,0,N,3.0,0,2,1,,286346.0,N,90.075,23,Y,99,2,1,1,F,N,N,N,0,2,40,1,2,55,1,40,0,0,0,0,0,1,6,NT,1,45,,,,,,,,,,,,,,,,,,,,,,,,,,,,,,,,,,0,4,,"upon arrival made contact driver unit1 . unit1 advised traveling us . unit1 advised hydroplaned , ran left , struck telephone pole . front passenger transported mount carmel minor injuries . driver occupant refused transport .",C,"[9.628597297250963e-08, 0.9999997615814209, 9.130094014153656e-08]",C,"[1.0750149925797814e-07, 0.9999656677246094, 3.420165739953518e-05]",C,"[2.980232238769531e-07, 1.0, 5.960464477539063e-08]"
225,225,186119407,"unit 1 was southbound sr-315 just north if ir-670 when it struck the concrete outside barrier, crossed over and struck the median concrete barrier, and flipped on its side up against the median guardrail. the driver of unit 1 stated that it was raining and he began to hydroplane, and attempted to correct it. the water that was in the back of the truck then shifted and did not allow him to steer the direction he wanted to go and struck the median. the vehicle then slip and flipped over on its side. the driver of unit 1 was transported to osu main hospital by cfd medic 25 and treated by dr. branditz for a broken sternum. the occupant of unit 1 was transported to osu main hospital by cfd medic 25 and treated by dr. branditz for broken ribs. the driver of unit 1 was cited for fail to control.",20186119407,2018,AB,7/1/2018 0:00,6,SFRASR00315**N,S,FRA,2.379,39.982831,-83.02242,18000,19234.0,7/30/2018 0:00,13,2,N,2.0,Y,Y,2.0,2,2,31500.0,c98008ad-d157-42ab-8d4b-e351ec29311a,9f475ab2-3672-4907-94f7-f53da5fa0a44,N,2.526,SFRASR00315**C,Y,4,180632074,4,7,N,0,0,1,COLUMBUS,1,N,Y,N,6.0,N,0.133,RA,Y,,N,COLUMBUS,N,,0,,STATE ROUTE 315 S,,315,SR,,,N,,,I 670 S,1,670,IR,,,N,N,N,0,0,N,1.0,0,2,3,,195023.0,N,2.379,20,Y,99,1,2,1,M,N,N,N,0,2,34,1,2,55,13,8,35,35,34,1,0,1,6,NT,14,55,,,,,,,,,,,,,,,,,,,,,,,,,,,,,,,,,,1,4,,"unit1 sr ir struck concrete outside barrier , crossed struck median concrete barrier , flipped side median guardrail . driver unit1 stated raining began hydroplane , attempted correct . water back truck shifted allow steer direction wanted go struck median . vehicle slip flipped side . driver unit1 transported osu main hospital cfd medic treated . branditz broken sternum . occupant unit1 transported osu main hospital cfd medic treated . branditz broken ribs . driver unit1 cited fail control .",AB,"[9.612244333823128e-09, 1.4677254966954933e-07, 0.9999998807907104]",AB,"[5.072521247484474e-08, 1.9239141124671733e-07, 0.9999997615814209]",AB,"[0.0, 5.960464477539063e-08, 1.0]"
226,226,186120212,unit #1 had just merged onto i 75 south and lost control on the wet roadway (hydroplaned) across 3 lanes of travel and struck the left concrete divider wall. the car rotated counterclockwise and struck the wall again with the rear of the vehicle. it continued to spin and came to rest against the wall.,20186120212,2018,AB,7/1/2018 0:00,8,SHAMIR00075**N,S,HAM,4.644,39.153442,-84.539019,15000,16885.0,7/31/2018 0:00,13,3,N,2.0,Y,Y,1.0,5,0,,,,Y,4.658,SHAMIR00075**C,N,3,185010587,1,7,N,0,1,1,CINCINNATI,1,,Y,N,6.0,Y,0.0,,N,,N,CINCINNATI,N,,0,,,,75,IR,,4.2,N,,,,2,,,,,N,N,N,0,0,N,1.0,0,2,3,,110978.0,N,4.644,28,Y,99,1,2,1,F,N,N,N,0,2,35,1,2,0,13,9,35,35,0,0,0,1,6,NT,3,0,,,,,,,,,,,,,,,,,,,,,,,,,,,,,,,,,,0,4,,unit1 merged onto lost control wet roadway across lanes travel struck left concrete divider wall . car rotated counterclockwise struck wall rear vehicle . continued spin came rest wall .,C,"[0.05360663682222366, 0.9098660349845886, 0.036527395248413086]",C,"[0.21392473578453064, 0.775397777557373, 0.010677476413547993]",O,"[0.8759765625, 0.11602783203125, 0.00763702392578125]"
227,227,186120668,the defendant stated he was e/b on i-475 in the left lane when his truck began hydroplaning and hit the median.,20186120668,2018,O,7/1/2018 0:00,2,SLUCIR00475**C,S,LUC,13.8,41.685388,-83.617967,77000,87868.0,7/31/2018 0:00,13,3,N,2.0,Y,Y,1.0,22,0,,,,Y,13.8,SLUCIR00475**C,N,3,1.80731E+13,1,7,N,1,0,1,TOLEDO,1,E,Y,N,4.0,Y,0.455,,N,,N,TOLEDO,N,,0,,I 475 E,,475,IR,,,N,,,SECOR,1,,,,RD,N,N,N,0,0,N,1.0,0,2,3,,81536.0,N,17.814,42,Y,99,4,3,1,M,N,N,N,0,2,35,1,2,65,1,35,0,0,0,0,0,1,6,NT,4,65,,,,,,,,,,,,,,,,,,,,,,,,,,,,,,,,,,0,4,,defendant stated left truck began hydroplaning hit median .,C,"[0.011516246013343334, 0.9870998859405518, 0.0013837594306096435]",O,"[0.9999998807907104, 6.865268886713238e-08, 9.452661986486532e-10]",O,"[1.0, 0.0, 0.0]"
228,228,186123322,unit 02 southbound w.130th. unit 01 southbound w. 130th directly behind unit 02. driver unit 02 stated she was stopped in traffic when she was struck by unit 01. driver unit 01 stated she hydroplaned and was unable to stop before striking unit 02. unit 01 center front struck unit 02 center rear.,20186123322,2018,C,8/1/2018 0:00,12,CCUYCR00048**C,C,CUY,5.275,41.352827,-81.785071,49644,17668.0,8/7/2018 0:00,2,3,N,,N,N,4.0,18,0,,,,N,5.275,CCUYCR00048**C,N,1,1800369,4,8,,1,0,2,MIDDLEBURG HEIGHTS,1,,N,N,2.0,N,0.0,,N,7760,N,MIDDLEBURG HEIGHTS,N,,0,,W130TH,ST,,,,,N,,,,3,,,,,N,N,N,0,0,N,,1,2,1,,12515.0,N,5.275,36,Y,8,1,2,1,F,N,N,N,0,2,0,1,2,35,1,20,0,0,0,0,0,1,6,NT,3,10,43.0,1.0,1.0,2.0,1.0,F,,2.0,35.0,11.0,20.0,,,,,,1.0,6.0,NT,3.0,,,,,,,,,,,,,,0,4,,unit2 w .. unit1 directly behind unit2 . driver unit2 stated stopped traffic struck unit1 . driver unit1 stated hydroplaned unable stop striking unit2 . unit1 center front struck unit2 center rear .,O,"[0.9977693557739258, 0.0020279844757169485, 0.00020267633954063058]",O,"[0.511737585067749, 0.48136454820632935, 0.006897894665598869]",O,"[0.998046875, 0.0022525787353515625, 0.00011211633682250977]"
229,229,186123432,"unit #1 was traveling w/b on sr10 approaching the alt 83 overpass. unit#1 struck stading water in the left lane of travel which caused the vehicle to hydroplane. unit#1 failed to maintaing reasonable control, drove off the left side of the roadway, and into the center median ditch.",20186123432,2018,O,8/1/2018 0:00,3,SLORSR00083**C,S,LOR,14.231,41.404815,-82.018704,56966,17668.0,8/7/2018 0:00,13,3,N,2.0,Y,N,4.0,18,0,,9334ac80-4aab-4ce1-ac74-5f9f9d70499e,0f4e23a8-5fca-404e-a2bb-a9f5c69c52ed,N,14.231,SLORSR00083**C,N,2,2018-00015580,4,8,,1,0,1,NORTH RIDGEVILLE,1,,N,N,2.0,N,0.0,MR,N,,N,NORTH RIDGEVILLE,N,,0,,AVON BELDEN,RD,,,,,N,,,OHIO TURNPIKE,1,,,,HWY,N,N,N,0,0,N,3.0,0,2,1,,328004.0,N,149.816,27,Y,99,3,4,1,M,N,N,N,0,2,44,1,2,65,1,9,44,0,0,0,0,1,6,NT,1,55,,,,,,,,,,,,,,,,,,,,,,,,,,,,,,,,,,0,4,,"unit1 traveling approaching alt overpass . unit1 struck stading water left travel caused vehicle hydroplane . unit1 failed maintaing reasonable control , drove left side roadway , center median ditch .",O,"[0.9878166317939758, 0.011907679960131645, 0.0002757210750132799]",O,"[0.9999583959579468, 4.1084567783400416e-05, 4.448244226296083e-07]",O,"[0.9013671875, 0.09515380859375, 0.00298309326171875]"
230,230,186124055,"u1 wasn't cited because it was a one vehicle crash and u1 struck the guide posts for the cable. 3 guide posts: ohio department of transportation 1980 w broad st columbus, ohio 43223 614-466- 7170 self insured u1 was south on ir 675 when the rain began and the vehicle hydroplaned. u1 lost control went left and struck the cable barrier.",20186124055,2018,O,8/1/2018 0:00,8,SGREIR00675**N,S,GRE,6.334,39.742055,-84.094583,4720,22528.0,8/8/2018 0:00,13,4,N,2.0,Y,Y,1.0,8,0,35800.0,,,Y,6.365,SGREIR00675**C,N,1,2018-00020294,1,8,N,1,0,1,BEAVERCREEK,1,,Y,N,6.0,Y,0.0,,N,,N,BEAVERCREEK,N,,0,,I 675,HWY,675,IR,,13.9,N,,,,2,,,,,N,N,Y,0,0,N,1.0,0,2,4,,54099.0,N,13.938,26,Y,99,1,2,1,M,N,N,N,0,2,33,1,2,65,1,9,42,33,0,0,0,1,6,NT,3,69,,,,,,,,,,,,,,,,,,,,,,,,,,,,,,,,,,0,4,,"n't cited one vehicle crash struck guide posts cable . guide posts : ohio department transportation broad columbus , ohio self insured rain began vehicle hydroplaned . lost control went left struck cable barrier .",C,"[0.4229190945625305, 0.5743507146835327, 0.0027301933150738478]",O,"[0.8039435148239136, 0.19576044380664825, 0.00029599733534269035]",O,"[1.0, 1.1920928955078125e-07, 0.0]"
231,231,186125250,unit 1 was traveling wb on old sr 74 and rear-ended unit 2. the unit 1 driver advised that her vehicle hydroplaned and she could not avoid striking unit 2.,20186125250,2018,O,8/1/2018 0:00,8,CCLECR00171**C,C,CLE,3.779,39.092605,-84.245246,78288,16885.0,8/10/2018 0:00,2,6,N,,N,N,4.0,17,0,,102bf81c-9cb0-4915-9880-fd67bccd1106,ff19d2d6-b48e-48b2-9512-e74bbd805db0,N,3.779,CCLECR00171**C,N,1,1-18-10421,2,8,,2,0,2,UNION TOWNSHIP,1,,N,N,2.0,N,0.0,CR,N,,N,UNION TOWNSHIP,N,,0,,OLD SR 74,HWY,74,IR,,,N,,,ELICK,1,,,,LN,N,N,N,0,0,N,,0,2,1,,36581.0,N,3.779,36,Y,8,3,4,1,F,N,N,N,0,2,0,1,2,45,1,20,99,99,99,99,99,1,6,NT,1,40,43.0,1.0,3.0,4.0,1.0,F,,2.0,45.0,11.0,20.0,99.0,99.0,99.0,99.0,99.0,1.0,6.0,NT,1.0,45.0,,,,,,,,,,,,,0,4,,unit1 traveling old rearended unit2 . unit1 driver advised vehicle hydroplaned could avoid striking unit2 .,O,"[0.9990930557250977, 0.0008658112492412329, 4.106264532310888e-05]",O,"[0.853386402130127, 0.14590592682361603, 0.0007077378686517477]",O,"[0.916015625, 0.077880859375, 0.006366729736328125]"
232,232,186125369,unit #1 was traveling eb on i 275 in the left lane approaching the 44.7 mp. unit #1 drove through the standing water causing unit #1 to hydroplane. unit #1 struck the median barrier and slid off the right side of the roadway. unit #1 then struck a ditch causing damage to the right front of the vehicle.,20186125369,2018,O,8/1/2018 0:00,8,SHAMIR00275**C,S,HAM,26.87,39.285061,-84.421835,71892,16885.0,8/11/2018 0:00,13,7,N,2.0,Y,Y,1.0,9,0,,,,Y,26.87,SHAMIR00275**C,N,1,2.018E+12,1,8,N,1,0,1,SHARONVILLE,1,,Y,N,8.0,Y,0.0,,N,,N,SHARONVILLE,N,,0,,,,275,IR,,44.7,N,,,,2,,,,,N,N,N,0,0,N,1.0,0,2,1,,34950.0,N,44.47,31,Y,99,4,3,1,F,N,N,N,0,2,44,1,2,65,1,35,44,0,0,0,0,1,6,NT,3,65,,,,,,,,,,,,,,,,,,,,,,,,,,,,,,,,,,0,4,,unit1 traveling left approaching . mp . unit1 drove standing water causing unit1 hydroplane . unit1 struck median barrier slid side roadway . unit1 struck ditch causing damage front vehicle .,O,"[0.9999974966049194, 2.339141701668268e-06, 1.4977710804942035e-07]",O,"[1.0, 8.119537819872846e-10, 3.05930736473059e-12]",O,"[0.99609375, 0.0037059783935546875, 0.00038623809814453125]"