,id,OBJECTID,Narrative,DOCUMENT_NBR,CRASH_YR,CRASH_SEVERITY_CD,CRASH_MONTH_YEAR,DISTRICT_NBR,NLFID,NLF_JUR_CD,NLF_COUNTY_CD,COUNTY_LOG_NBR,ODOT_LATITUDE_NBR,ODOT_LONGITUDE_NBR,ODOT_FIPS_CD,AREA_CODE,CRASH_DATE,CRASH_TYPE_CD,DAY_IN_WEEK_CD,DISTRACTED_DRIVER_IND,FACILITY_TYPE_CD,FHWA_RDWY_DEPARTURE_IND,FREEWAY_IND,FUNCTIONAL_CLASS_CD,HOUR_OF_CRASH,INCAPAC_INJURIES_NBR,INTERCHANGE_ID,INTERSECTION_ID_CURRENT,INTERSECTION_LEG_ID,INTERSTATE_IND,INV_LOG_NBR,INV_NLFID,IS_COMMERCIAL_RELATED,LIGHT_COND_PRIMARY_CD,LOCAL_REPORT_NUMBER_ID,MAINTENANCE_AUTHORITY_CD,MONTH_OF_CRASH,NHS_CD,NO_INJURY_REPORTED_NBR,NON_INCAPAC_INJURIES_NBR,NUMBER_OF_UNITS_NBR,ODOT_CITY_VILLAGE_TWP_NME,ODOT_CRASH_LOCATION_CD,ODOT_DIR_FROM_REF_CD,ODOT_DIV_UNDIV_IND,ODOT_INTERSECTION_REL_IND,ODOT_LANES_NBR,ODOT_MAINTAINED_HWY_IND,ODOT_MILES_FROM_REF_NBR,ODOT_REF_ROUTE_PREFIX_CD,ODOT_YOUNG_DRIVER_IND,ODPS_ADDRESS_REFERENCE,ODPS_ALCOHOL_IND,ODPS_CITY_VILLAGE_TWP_NME,ODPS_DRUG_IND,ODPS_LOC_DIR_SUFFIX_CD,ODPS_LOC_IN_WORK_ZONE_CD,ODPS_LOC_ROAD_DIRECTION_CD,ODPS_LOC_ROAD_NME,ODPS_LOC_ROAD_SUFFIX_CD,ODPS_LOC_ROUTE_ID,ODPS_LOC_ROUTE_PREFIX_CD,ODPS_LOC_ROUTE_SUFFIX_CD,ODPS_MILEPOST_REFERENCE,ODPS_MOTORCYCLE_IND,ODPS_REF_DIR_SUFFIX_CD,ODPS_REF_DIRECTION_CD,ODPS_REF_GIVEN,ODPS_REF_POINT_USED_CD,ODPS_REF_ROUTE_ID,ODPS_REF_ROUTE_PREFIX_CD,ODPS_REF_ROUTE_SUFFIX_CD,ODPS_REF_SUFFIX_CD,ODPS_SCHOOL_ZONE_IND,ODPS_SENIOR_DRIVER_IND,ODPS_SPEED_IND,ODPS_TOTAL_FATALITIES_NBR,ODPS_TYPE_OF_WORK_ZONE_CD,ODPS_WORK_ZONE_IND,OPER_ACCESS_CONTROL_CD,POSSIBLE_INJURIES_NBR,ROAD_COND_PRIMARY_CD,ROAD_CONTOUR_CD,SA_RAMP_ID,SA_SEGMENT_ID,SECONDARY_CRASH,STATE_TRUE_LOG_NBR,U1_AGE_NBR,U1_AT_FAULT_IND,U1_CONT_CIR_PRIMARY_CD,U1_DIRECTION_FROM_CD,U1_DIRECTION_TO_CD,U1_DISTRACTED_BY_1_CD,U1_GENDER_CD,U1_IS_ALCOHOL_SUSPECTED,U1_IS_MARIJUANA_SUSPECTED,U1_IS_OTHER_DRUG_SUSPECTED,U1_NON_MOTORIST_LOC_CD,U1_NUMBER_OF_THRU_LANES,U1_OBJECT_STRUCK,U1_ODPS_UNIT_NBR,U1_OPERATINGIN_AUTONOMOUS_MODE,U1_POSTED_SPEED_NBR,U1_PRECRASH_ACTION_CD,U1_SEQ_OF_EVENTS_1_CD,U1_SEQ_OF_EVENTS_2_CD,U1_SEQ_OF_EVENTS_3_CD,U1_SEQ_OF_EVENTS_4_CD,U1_SEQ_OF_EVENTS_5_CD,U1_SEQ_OF_EVENTS_6_CD,U1_SPECIAL_FUNCTION_CD,U1_TRAFFIC_CONTROL_CD,U1_TURN_CD,U1_TYPE_OF_UNIT_CD,U1_UNIT_SPEED_NBR,U2_AGE_NBR,U2_CONT_CIR_PRIMARY_CD,U2_DIRECTION_FROM_CD,U2_DIRECTION_TO_CD,U2_DISTRACTED_BY_1_CD,U2_GENDER_CD,U2_NON_MOTORIST_LOC_CD,U2_ODPS_UNIT_NBR,U2_POSTED_SPEED_NBR,U2_PRECRASH_ACTION_CD,U2_SEQ_OF_EVENTS_1_CD,U2_SEQ_OF_EVENTS_2_CD,U2_SEQ_OF_EVENTS_3_CD,U2_SEQ_OF_EVENTS_4_CD,U2_SEQ_OF_EVENTS_5_CD,U2_SEQ_OF_EVENTS_6_CD,U2_SPECIAL_FUNCTION_CD,U2_TRAFFIC_CONTROL_CD,U2_TURN_CD,U2_TYPE_OF_UNIT_CD,U2_UNIT_SPEED_NBR,U3_CONT_CIR_PRIMARY_CD,U3_ODPS_UNIT_NBR,U3_PRECRASH_ACTION_CD,U3_SEQ_OF_EVENTS_1_CD,U3_SEQ_OF_EVENTS_2_CD,U3_SEQ_OF_EVENTS_3_CD,U3_SEQ_OF_EVENTS_4_CD,U3_SEQ_OF_EVENTS_5_CD,U3_SEQ_OF_EVENTS_6_CD,U3_SPECIAL_FUNCTION_CD,U3_TRAFFIC_CONTROL_CD,U3_TYPE_OF_UNIT_CD,UNRESTRAIN_OCCUPANTS,WEATHER_COND_CD,V1,clean_Narrative,BERT_predictions,BERT_prediction_probabilities,RoBERTa_predictions,RoBERTa_predictions_probabilities,distilBERT_predictions,distilBERT_predictions_probabilities
233,233,186125387,"the accident occurred on sullivant ave at countrybrook dr east. per both involved drivers, both units were westbound on sullivant ave when unit #1 hydroplaned, losing control of his vehicle and throwing it into the rear of unit #2. the road conditions were terrible due to heavy downpours therefore the driver of unit #1 was not issued a citation but was found at fault for the accident. the pregnant passenger in unit #2 was treated at the scene by franklin township #192 for complaints of head and neck pain. unit #1 was disabled as a result of the accident and unit #2 sustained heavy damage to the rear end but drove away from the scene.",20186125387,2018,C,8/1/2018 0:00,6,MFRAMR04246**C,M,FRA,2.24,39.939079,-83.11643,18000,19234.0,8/11/2018 0:00,2,7,N,,N,N,5.0,11,0,,,,N,2.24,MFRAMR04246**C,N,1,180670737,4,8,,3,0,2,COLUMBUS,3,E,N,Y,2.0,N,0.057,,Y,,N,COLUMBUS,N,,0,,SULLIVANT,AVE,,,,,N,,E,COUNTRYBROOK,1,,,,DR,N,N,N,0,0,N,,1,2,1,,123525.0,N,2.24,20,Y,15,3,4,1,M,N,N,N,0,2,0,1,2,35,1,20,0,0,0,0,0,1,6,NT,1,35,47.0,1.0,3.0,4.0,1.0,M,,2.0,35.0,1.0,20.0,,,,,,1.0,6.0,NT,1.0,5.0,,,,,,,,,,,,,0,4,,"accident occurred sullivant countrybrook . per involved drivers , units sullivant unit1 hydroplaned , losing control vehicle throwing rear unit2 . conditions terrible due heavy downpours therefore driver unit1 issued citation found fault accident . pregnant passenger unit2 treated scene franklin township complaints head neck pain . unit1 disabled result accident unit2 sustained heavy damage rear end drove away scene .",C,"[4.349122377789172e-07, 0.9999992847442627, 2.64528239313222e-07]",C,"[2.5451524265918124e-07, 0.9999995231628418, 1.8507145682633563e-07]",C,"[5.364418029785156e-06, 1.0, 3.159046173095703e-06]"
234,234,186125563,driver of unit 1 stated he was traveling on e/b 74 when his vehicle began to hydroplane in the rain causing his vehicle to spin and lose control. unit 1 struck the barrier off the right side of the roadway with its left rear damaging the tire and coming to rest.,20186125563,2018,O,8/1/2018 0:00,8,SHAMIR00074**C,S,HAM,14.801,39.184263,-84.601463,31752,16885.0,8/11/2018 0:00,13,7,N,2.0,Y,Y,1.0,14,0,40500.0,,,Y,14.801,SHAMIR00074**C,N,1,2.018E+12,1,8,N,1,0,1,GREEN TOWNSHIP,1,,Y,N,4.0,Y,0.0,,N,,N,GREEN TOWNSHIP,N,,0,,,,74,IR,,14.8,N,,,,2,,,,,N,N,N,0,0,N,1.0,0,2,1,,34114.0,N,14.801,29,Y,99,4,3,1,M,N,N,N,0,2,35,1,2,65,1,8,35,0,0,0,0,1,6,NT,1,60,,,,,,,,,,,,,,,,,,,,,,,,,,,,,,,,,,0,4,,driver unit1 stated traveling vehicle began hydroplane rain causing vehicle spin lose control . unit1 struck barrier side roadway left rear damaging tire coming rest .,O,"[0.9997379183769226, 0.0002525917370803654, 9.516406862530857e-06]",O,"[0.9999998807907104, 1.2611576494236942e-07, 1.4885341848014377e-09]",O,"[0.9931640625, 0.006313323974609375, 0.0004229545593261719]"
235,235,186125756,unit #1 was traveling westbound on the ohio turnpike. unit #1 was in the left lane when she hydroplaned. unit #1 traveled off the right side of the roadway striking the guardrail then the bridge parapet. unit #1 came to rest in the right lane.,20186125756,2018,O,8/1/2018 0:00,2,SSANIR00080*KN,S,SAN,24.636,41.357754,-82.895107,67188,99999.0,8/7/2018 0:00,13,3,N,2.0,Y,Y,1.0,16,0,,,,Y,24.63,SSANIR00080*KC,N,1,90-0572-72,31,8,N,2,0,1,RILEY TOWNSHIP,1,E,Y,N,6.0,N,0.4,,N,,N,TOWNSEND TOWNSHIP,N,,0,,,,80,IR,K,103.0,N,,,,2,,,,,N,N,Y,0,0,N,1.0,0,2,2,,118507.0,N,103.387,58,Y,5,3,4,1,F,N,N,N,0,2,30,1,2,70,1,8,30,28,0,0,0,1,6,NT,1,65,,,,,,,,,,,,,,,,,,,,,,,,,,,,,,,,,,0,4,,unit1 traveling ohio turnpike . unit1 left hydroplaned . unit1 traveled side roadway striking guardrail bridge parapet . unit1 came rest .,O,"[0.5589104294776917, 0.4056524932384491, 0.03543703630566597]",C,"[0.19155316054821014, 0.8075770139694214, 0.0008697867742739618]",O,"[0.55224609375, 0.4150390625, 0.032470703125]"
236,236,186126429,driver of unit one stated that her vehicle hydroplaned on the water causing her vehicle to spin and hit the guardrail which then shot her back across the interstate in front of another vehicle witch struck her left front corner of her car. driver of unit two stated unity one spun out of control and came back across in front of he and which time the collided.,20186126429,2018,O,8/1/2018 0:00,4,SSUMIR00271**C,S,SUM,6.66,41.2535,-81.584515,7776,99999.0,8/13/2018 0:00,5,2,N,2.0,N,Y,1.0,15,0,,,,Y,6.66,SSUMIR00271**C,N,1,1808051   BT,1,8,N,3,0,2,BOSTON TOWNSHIP,1,,Y,N,4.0,Y,0.0,,N,,N,BOSTON TOWNSHIP,N,,0,,,,271,IR,,13.25,N,,,,2,,,,,N,N,N,0,0,N,1.0,0,2,2,,39730.0,N,13.384,53,Y,99,2,1,1,F,N,N,N,0,2,30,1,2,65,1,20,8,30,0,0,0,1,6,NT,1,65,27.0,1.0,2.0,1.0,1.0,F,,2.0,65.0,1.0,20.0,,,,,,1.0,6.0,NT,4.0,65.0,,,,,,,,,,,,,0,4,,driver unit1 stated vehicle hydroplaned water causing vehicle spin hit guardrail shot back across interstate front another vehicle witch struck left front corner car . driver unit2 stated unity one spun control came back across front time collided .,O,"[0.9728667736053467, 0.026630638167262077, 0.0005026244907639921]",C,"[0.29906806349754333, 0.7006661891937256, 0.00026577731478028]",O,"[1.0, 0.00015604496002197266, 5.4836273193359375e-06]"
237,237,186126713,"units #1 and #2 were n/b on i-270 s/o i-70 in a heavy rain when unit #1 hydroplaned on the rain slick roadway, spun, and struck unit #2. witness remained at scene and confirmed the account of the accident.",20186126713,2018,O,8/1/2018 0:00,6,SFRAIR00270**N,S,FRA,42.842,39.933968,-82.85235,18000,19234.0,8/11/2018 0:00,5,7,N,2.0,N,Y,1.0,7,0,27900.0,,,Y,42.829,SFRAIR00270**C,N,1,180670171,1,8,N,2,0,2,COLUMBUS,1,E,Y,N,10.0,Y,0.014,,Y,,N,COLUMBUS,N,,0,,OUTERBELT N,,270,IR,,,N,,,I 70 E,1,70,IR,,,N,N,N,0,0,N,1.0,0,2,1,,45528.0,N,42.842,24,Y,99,2,1,1,M,N,N,N,0,2,0,1,2,65,1,20,0,0,0,0,0,1,6,NT,1,65,25.0,1.0,2.0,1.0,1.0,M,,2.0,65.0,1.0,20.0,,,,,,1.0,6.0,NT,1.0,65.0,,,,,,,,,,,,,0,4,,"units heavy rain unit1 hydroplaned rain slick roadway , spun , struck unit2 . witness remained scene confirmed account accident .",O,"[0.9999247789382935, 7.18275477993302e-05, 3.2913424092839705e-06]",C,"[0.17677591741085052, 0.8230178952217102, 0.0002062209096038714]",O,"[1.0, 1.1920928955078125e-07, 0.0]"
238,238,186126718,"unit #1 was eastbound on i-670 approaching neil ave. , in the second lane from the center median. driver #1 stated that she hydroplaned during a heavy downpour of rain and lost control of her vehicle. the vehicle spun around and struck the center median wall before coming to rest in the middle of the freeway. driver #1 was examined by cfd medic #25 but was not transported. no damage was done to the median wall. driver was not cited due to only her vehicle was damaged.",20186126718,2018,C,8/1/2018 0:00,6,SFRAIR00670**C,S,FRA,3.904,39.97554,-82.996325,18000,19234.0,8/10/2018 0:00,13,6,N,2.0,Y,Y,1.0,13,0,,51b5fb0a-5ddc-4e19-8c8a-7e9cad88f28c,af1c3e08-cb01-4fea-a7cc-49556a55dc01,Y,3.904,SFRAIR00670**C,N,1,180667652,1,8,N,0,0,1,COLUMBUS,1,W,Y,N,6.0,Y,0.095,RA,Y,,N,COLUMBUS,N,,0,,I 670 E,,670,IR,,,N,,,NEIL,1,,,,AVE,N,N,N,0,0,N,1.0,1,2,4,,128895.0,N,3.904,23,Y,99,4,3,1,F,N,N,N,0,2,35,1,2,55,13,35,0,0,0,0,0,1,6,NT,1,55,,,,,,,,,,,,,,,,,,,,,,,,,,,,,,,,,,0,4,,"unit1 approaching neil . , second center median . driver stated hydroplaned heavy downpour rain lost control vehicle . vehicle spun around struck center median wall coming rest middle freeway . driver examined cfd medic transported . damage done median wall . driver cited due vehicle damaged .",C,"[8.687405284035776e-08, 0.9999997615814209, 8.461077527499583e-08]",C,"[2.7961566502199275e-06, 0.9999972581863403, 1.1292828894227114e-08]",C,"[0.00013136863708496094, 1.0, 7.987022399902344e-06]"
239,239,186126728,"driver of unit # 1 stated that he was traveling i-70 e/b e/o e. livingston ave. in the right lane. driver of unit # 1 stated: """" i hit some very deep water coming around the curve and hydroplaned."""" driver of unit # 1 stated that he ran off the roadway to the right, striking a concrete barrier. driver of unit # 1 sustained a minor cut to his left leg. driver of unit # 1 refused to have a medic called to the scene, opting to seek medical attention later if needed. no citation was issued.",20186126728,2018,C,8/1/2018 0:00,6,SFRAIR00070**C,S,FRA,17.296,39.946887,-82.943546,18000,19234.0,8/11/2018 0:00,13,7,N,2.0,Y,Y,1.0,9,0,27000.0,,,Y,17.296,SFRAIR00070**C,N,1,180670384,1,8,N,0,0,1,COLUMBUS,1,E,Y,N,7.0,Y,0.095,,N,,N,COLUMBUS,N,,0,,I 70 W,,70,IR,,,N,,E,LIVINGSTON,1,,,,AVE,N,N,N,0,0,N,1.0,1,2,4,,45245.0,N,103.323,57,Y,99,4,3,1,M,N,N,N,0,2,35,1,2,55,1,8,35,0,0,0,0,1,6,NT,2,55,,,,,,,,,,,,,,,,,,,,,,,,,,,,,,,,,,0,4,,"driver unit1 stated traveling e livingston . . driver unit1 stated : `` '' hit deep water coming around curve hydroplaned . '' '' driver unit1 stated ran roadway , striking concrete barrier . driver unit1 sustained minor cut left leg . driver unit1 refused medic called scene , opting seek medical attention later needed . citation issued .",C,"[5.734373758059519e-07, 0.9999991655349731, 2.2026114265827346e-07]",C,"[6.325390131678432e-07, 0.9999994039535522, 3.7827131649237344e-08]",C,"[1.4901161193847656e-06, 1.0, 5.960464477539063e-08]"
240,240,186126729,"driver of unit # 1 stated the she was traveling e/b i-70, taking the off ramp to n. wilson rd. driver of unit # 1 stated: """" there was a black car in front of me tapping it's brakes and slowing down."""" driver of unit # 1 continued by stating; """" i swerved to avoid him then hydroplaned on the water in the roadway"""". driver of unit # 1 stated that due to the high water in the roadway, she ran off the roadway to the right striking a light pole support, which fell onto the exit ramp lane; coming to rest in a flooded culvert off to the right side of off ramp. driver of unit # 1 was treated at scene by cfd medic # 26 for head pain. driver of unit # 1 was not transported and will seek medical attention later if needed. driver of unit # 1 stated that she would take occupant alexis ferguson to seek medical attention later, due to a prior medical condition unrelated to the accident.",20186126729,2018,C,8/1/2018 0:00,6,SFRARA25194**C,S,FRA,0.0,39.97435,-83.098301,18000,99490.0,8/11/2018 0:00,13,7,N,4.0,N,Y,2.0,12,0,26000.0,a0a5756e-4cec-4548-b968-b90937730b3e,b9c36461-8993-4257-b225-6322ca71980f,N,0.0,SFRARA25194**C,N,1,180670857,4,8,,2,0,1,COLUMBUS,8,E,N,N,,N,0.009,IR,N,,N,COLUMBUS,N,,0,,,,70,IR,,,N,,N,WILSON,1,,,,RD,N,N,N,0,0,N,1.0,2,2,1,,,N,0.0,26,Y,99,4,3,1,F,N,N,N,0,2,39,1,2,65,1,13,8,39,0,0,0,1,6,NT,1,40,,,,,,,,,,,,,,,,,,,,,,,,,,,,,,,,,,0,4,,"driver unit1 stated traveling , taking ramp wilson driver unit1 stated : `` '' black car front tapping 's brakes slowing . '' '' driver unit1 continued stating ; `` '' swerved avoid hydroplaned water roadway '' '' . driver unit1 stated due high water roadway , ran roadway striking light pole support , fell onto exit ramp ; coming rest flooded culvert side ramp . driver unit1 treated scene cfd medic head pain . driver unit1 transported seek medical attention later needed . driver unit1 stated would take occupant alexis ferguson seek medical attention later , due prior medical condition unrelated accident .",C,"[5.533775606636482e-07, 0.9999992847442627, 1.489909777774301e-07]",C,"[3.601356866056449e-07, 0.9999994039535522, 2.4407771093137853e-07]",C,"[2.205371856689453e-06, 1.0, 3.5762786865234375e-07]"
241,241,186128351,"unit #2 was stopped in traffic traveling w/b e. sharon rd. between the ramps for n/b and s/b ir 75. unit #1 was approaching unit #2 from the rear. unit #1 states that due to the rain, she attempted to stop but hydroplaned and was unable to stop in time. unit #1 struck unit#2 in the center rear with her center front.",20186128351,2018,O,8/1/2018 0:00,8,CHAMCR00235**C,C,HAM,4.472,39.270297,-84.440523,71892,16885.0,8/16/2018 0:00,2,5,N,,N,N,5.0,7,0,42000.0,,,N,4.472,CHAMCR00235**C,N,1,2.018E+12,4,8,5,3,0,2,SHARONVILLE,1,,N,N,4.0,N,0.0,IR,Y,,N,SHARONVILLE,N,,0,E,SHARON,RD,,,,,N,,,I 75 N,1,75,IR,,,N,N,N,0,0,N,,0,2,1,,33834.0,N,4.472,17,Y,8,3,4,1,F,N,N,N,0,2,0,1,2,35,1,20,0,0,0,0,0,1,6,NT,1,35,17.0,1.0,3.0,4.0,1.0,F,,2.0,35.0,11.0,20.0,,,,,,1.0,6.0,NT,1.0,,,,,,,,,,,,,,0,4,,"unit2 stopped traffic traveling sharon ramps . unit1 approaching unit2 rear . unit1 states due rain , attempted stop hydroplaned unable stop time . unit1 struck unit2 center rear center front .",O,"[0.9994304776191711, 0.0005447036819532514, 2.473478343745228e-05]",O,"[0.9999998807907104, 1.7403876029220555e-07, 9.811101930878863e-10]",O,"[0.9990234375, 0.0009889602661132812, 3.165006637573242e-05]"
242,242,186128670,units #1 and #2 were traveling south on i 270 north of e main st. driver #2 stated that she was stopped in heavy traffic when she was hit from behind by unit #1. driver #1 stated that she hydroplaned on the roads and hit unit #2. driver #1 was cited for acda. she was also transported to mt carmel east for minor injuries.,20186128670,2018,C,8/1/2018 0:00,6,SFRARA25114**C,S,FRA,0.218,39.957111,-82.844128,18000,99779.0,8/10/2018 0:00,2,6,N,4.0,N,Y,2.0,15,0,27400.0,,,N,0.218,SFRARA25114**C,N,1,180668174,4,8,,2,0,2,COLUMBUS,1,N,N,N,,N,0.114,,Y,,N,COLUMBUS,N,,0,,OUTERBELT S,,270,IR,,,N,,E,MAIN,1,,,,ST,N,N,N,0,0,N,1.0,1,2,1,,,N,0.218,33,Y,8,1,2,1,F,N,N,N,0,2,0,1,2,65,1,20,0,0,0,0,0,1,6,NT,1,15,25.0,1.0,1.0,2.0,1.0,F,,2.0,65.0,11.0,20.0,,,,,,1.0,6.0,NT,2.0,,,,,,,,,,,,,,0,4,,units traveling main driver stated stopped heavy traffic hit behind unit1 . driver stated hydroplaned roads hit unit2 . driver cited acda . also transported mt carmel minor injuries .,C,"[2.065243762672253e-07, 0.9999996423721313, 9.315993310110571e-08]",C,"[5.7811526232853794e-08, 0.9999990463256836, 9.351527410217386e-07]",C,"[1.0132789611816406e-06, 1.0, 5.960464477539063e-08]"
243,243,186129155,"unit 1, unit 2, and unit 3 were travelling south on south interstate 71 near the 15.9 milepost. unit 1 was traveling in the center lane, unit 2 and unit 3 were traveling in the left lane. at or an near the 16.0 milepost there was deep standing water covering the left lane and extending into the center. unit 1 collided with unit 2 when unit 2 hydroplaned on the water, the collision pushed unit 2 into unit 3. unit 3 was travelling through the standing water at the time of the crash.",20186129155,2018,AB,8/1/2018 0:00,8,SHAMIR00071**N,S,HAM,16.085,39.251727,-84.365217,51716,16885.0,8/17/2018 0:00,5,6,N,2.0,N,Y,1.0,0,2,,,,Y,15.977,SHAMIR00071**C,Y,3,2.018E+12,1,8,N,4,0,3,MONTGOMERY,1,N,Y,N,6.0,Y,0.019,,N,,N,MONTGOMERY,N,,0,,,HWY,71,IR,,15.9,N,,,,2,,,,,N,N,N,0,0,N,2.0,1,2,1,,39485.0,N,16.085,49,N,1,1,2,1,M,N,N,N,0,2,0,1,2,65,1,20,0,0,0,0,0,1,6,NT,15,45,49.0,1.0,1.0,2.0,1.0,F,,2.0,65.0,1.0,20.0,20.0,,,,,1.0,6.0,NT,3.0,,1.0,3.0,1.0,20.0,,,,,,1.0,6.0,3.0,0,4,,"unit1 , unit2 , unit3 travelling interstate near . milepost . unit1 traveling center , unit2 unit3 traveling left . near . milepost deep standing water covering left extending center . unit1 collided unit2 unit2 hydroplaned water , collision pushed unit2 unit3 . unit3 travelling standing water time crash .",AB,"[2.6352479835622944e-05, 0.0007201791158877313, 0.9992534518241882]",C,"[0.002711434615775943, 0.9667249917984009, 0.0305635929107666]",AB,"[1.233816146850586e-05, 0.00034618377685546875, 1.0]"
244,244,186129624,unit 2 was eastbound on i-270 just west of clevenland ave. unit 1 was also eastbound on i-270 and was just behind and to the left of unit 2. the driver of unit 1 told officers that as he was driving he went though standing water that was on the roadway due to heavy rain that was falling. unit 1 told officers that he started to hydroplane and lost control of his vehicle. unit 1 then started to spin and struck unit 2. no injuries were reported. unit 2 was drivable and was released from the scene. unit 1 was disabled and called for its own tow through their insurance. the driver of unit 1 was issued a citation for failure to control.,20186129624,2018,O,8/1/2018 0:00,6,SFRAIR00270**C,S,FRA,26.85,40.107276,-82.959173,18000,19234.0,8/17/2018 0:00,5,6,N,2.0,N,Y,1.0,12,0,27900.0,,,Y,26.85,SFRAIR00270**C,N,1,180689429,1,8,N,3,0,2,COLUMBUS,1,W,Y,N,8.0,Y,0.057,,Y,,N,COLUMBUS,N,,0,,I 270 E,,270,IR,,,N,,,CLEVELAND,1,,,,AVE,N,Y,N,0,0,N,1.0,0,2,1,,121861.0,N,26.85,22,Y,99,4,3,1,M,N,N,N,0,2,0,1,2,65,1,20,0,0,0,0,0,1,6,NT,3,55,65.0,1.0,4.0,3.0,1.0,M,,2.0,65.0,1.0,20.0,,,,,,1.0,6.0,NT,1.0,55.0,,,,,,,,,,,,,1,4,,unit2 clevenland . unit1 also behind left unit2 . driver unit1 told officers driving went though standing water roadway due heavy rain falling . unit1 told officers started hydroplane lost control vehicle . unit1 started spin struck unit2 . injuries reported . unit2 drivable released scene . unit1 disabled called tow insurance . driver unit1 issued citation failure control .,O,"[0.9999998807907104, 1.2343619459898036e-07, 1.8882822416799172e-08]",O,"[1.0, 2.5656449187394514e-10, 8.890766134373937e-14]",O,"[1.0, 0.0, 0.0]"
245,245,186129991,i was dispatched to a single vehicle accident at the event location. unit 1 was traveling southbound when it hydroplaned and went off the left side of the roadway. no injuries were reported and wilcox towed the vehicle.,20186129991,2018,O,8/1/2018 0:00,3,SHURSR00061**C,S,HUR,4.536,41.05305,-82.667736,54712,99999.0,8/17/2018 0:00,13,6,N,2.0,Y,N,5.0,19,0,,26b0a200-1bf5-4c00-81ae-330e7b0bdd98,7cb15563-c89f-4338-a7f6-9a032f0fc3bc,N,4.536,SHURSR00061**C,N,2,1/18/6025,1,8,,2,0,1,NEW HAVEN TOWNSHIP,1,N,N,N,2.0,Y,0.227,SR,N,,N,NEW HAVEN TOWNSHIP,N,,0,,,,61,SR,,,N,,N,BOUGHTENVILLE,1,,,,RD,N,N,Y,0,0,N,3.0,0,2,1,,151681.0,N,63.792,28,Y,5,1,2,1,F,N,N,N,0,2,44,1,2,55,1,9,44,99,99,99,99,1,6,NT,3,55,,,,,,,,,,,,,,,,,,,,,,,,,,,,,,,,,,0,4,,dispatched single vehicle accident event location . unit1 traveling hydroplaned went left side roadway . injuries reported wilcox towed vehicle .,O,"[0.9999997615814209, 2.3018070294256177e-07, 4.112925111598997e-08]",O,"[1.0, 8.302026288653508e-10, 2.1270519254355108e-13]",O,"[1.0, 0.0, 0.0]"
246,246,186130082,unit #1 was traveling northbound on ir 77. unit #1 hydroplaned while switching lanes and traveled off the left side of the roadway into the median. unit #1 overturned coming to rest on its top.,20186130082,2018,O,8/1/2018 0:00,5,SGUEIR00077**C,S,GUE,3.837,39.950989,-81.532153,37786,99999.0,8/17/2018 0:00,16,6,N,2.0,Y,Y,1.0,15,0,,,,Y,3.837,SGUEIR00077**C,N,1,30-0697-30,1,8,N,1,0,1,JACKSON TOWNSHIP,1,N,Y,N,4.0,Y,0.4,,N,,N,JACKSON TOWNSHIP,N,,0,,,,77,IR,,40.0,N,,,,2,,,,,N,N,Y,0,0,N,1.0,0,2,1,,91277.0,N,40.397,33,Y,5,2,1,1,M,N,N,N,0,2,36,1,2,70,3,9,36,1,0,0,0,1,6,NT,3,65,,,,,,,,,,,,,,,,,,,,,,,,,,,,,,,,,,0,4,,unit1 traveling . unit1 hydroplaned switching lanes traveled left side roadway median . unit1 overturned coming rest top .,C,"[0.10748442262411118, 0.8778887391090393, 0.01462686900049448]",C,"[0.005680883768945932, 0.9877651333808899, 0.006554006598889828]",C,"[0.365966796875, 0.58642578125, 0.047515869140625]"
247,247,186130153,unit #1 was westbound on ir 70. unit #1 hydroplaned and went off the left side of the roadway. unit #1 overturned at least twice in the median before coming to rest on the north berm of ir 70 eastbound.,20186130153,2018,O,8/1/2018 0:00,5,SGUEIR00070**N,S,GUE,13.598,40.00742,-81.489624,12938,99999.0,8/17/2018 0:00,16,6,N,2.0,Y,Y,1.0,16,0,,,,Y,13.644,SGUEIR00070**C,N,1,30-0699-30,1,8,N,1,0,1,CENTER TOWNSHIP,1,W,Y,N,4.0,Y,0.2,,Y,,N,CENTER TOWNSHIP,N,,0,,,,70,IR,,184.0,N,,,,2,,,,,N,N,Y,0,0,N,1.0,0,2,1,,33554.0,N,183.735,19,Y,5,3,4,1,F,N,N,N,0,2,0,1,2,70,1,9,1,1,1,0,0,1,6,NT,1,55,,,,,,,,,,,,,,,,,,,,,,,,,,,,,,,,,,0,4,,unit1 . unit1 hydroplaned went left side roadway . unit1 overturned least twice median coming rest berm .,AB,"[0.005573728587478399, 0.33194440603256226, 0.6624818444252014]",AB,"[0.0014532961649820209, 0.0841168463230133, 0.9144298434257507]",C,"[0.07196044921875, 0.70703125, 0.220947265625]"