,id,OBJECTID,Narrative,DOCUMENT_NBR,CRASH_YR,CRASH_SEVERITY_CD,CRASH_MONTH_YEAR,DISTRICT_NBR,NLFID,NLF_JUR_CD,NLF_COUNTY_CD,COUNTY_LOG_NBR,ODOT_LATITUDE_NBR,ODOT_LONGITUDE_NBR,ODOT_FIPS_CD,AREA_CODE,CRASH_DATE,CRASH_TYPE_CD,DAY_IN_WEEK_CD,DISTRACTED_DRIVER_IND,FACILITY_TYPE_CD,FHWA_RDWY_DEPARTURE_IND,FREEWAY_IND,FUNCTIONAL_CLASS_CD,HOUR_OF_CRASH,INCAPAC_INJURIES_NBR,INTERCHANGE_ID,INTERSECTION_ID_CURRENT,INTERSECTION_LEG_ID,INTERSTATE_IND,INV_LOG_NBR,INV_NLFID,IS_COMMERCIAL_RELATED,LIGHT_COND_PRIMARY_CD,LOCAL_REPORT_NUMBER_ID,MAINTENANCE_AUTHORITY_CD,MONTH_OF_CRASH,NHS_CD,NO_INJURY_REPORTED_NBR,NON_INCAPAC_INJURIES_NBR,NUMBER_OF_UNITS_NBR,ODOT_CITY_VILLAGE_TWP_NME,ODOT_CRASH_LOCATION_CD,ODOT_DIR_FROM_REF_CD,ODOT_DIV_UNDIV_IND,ODOT_INTERSECTION_REL_IND,ODOT_LANES_NBR,ODOT_MAINTAINED_HWY_IND,ODOT_MILES_FROM_REF_NBR,ODOT_REF_ROUTE_PREFIX_CD,ODOT_YOUNG_DRIVER_IND,ODPS_ADDRESS_REFERENCE,ODPS_ALCOHOL_IND,ODPS_CITY_VILLAGE_TWP_NME,ODPS_DRUG_IND,ODPS_LOC_DIR_SUFFIX_CD,ODPS_LOC_IN_WORK_ZONE_CD,ODPS_LOC_ROAD_DIRECTION_CD,ODPS_LOC_ROAD_NME,ODPS_LOC_ROAD_SUFFIX_CD,ODPS_LOC_ROUTE_ID,ODPS_LOC_ROUTE_PREFIX_CD,ODPS_LOC_ROUTE_SUFFIX_CD,ODPS_MILEPOST_REFERENCE,ODPS_MOTORCYCLE_IND,ODPS_REF_DIR_SUFFIX_CD,ODPS_REF_DIRECTION_CD,ODPS_REF_GIVEN,ODPS_REF_POINT_USED_CD,ODPS_REF_ROUTE_ID,ODPS_REF_ROUTE_PREFIX_CD,ODPS_REF_ROUTE_SUFFIX_CD,ODPS_REF_SUFFIX_CD,ODPS_SCHOOL_ZONE_IND,ODPS_SENIOR_DRIVER_IND,ODPS_SPEED_IND,ODPS_TOTAL_FATALITIES_NBR,ODPS_TYPE_OF_WORK_ZONE_CD,ODPS_WORK_ZONE_IND,OPER_ACCESS_CONTROL_CD,POSSIBLE_INJURIES_NBR,ROAD_COND_PRIMARY_CD,ROAD_CONTOUR_CD,SA_RAMP_ID,SA_SEGMENT_ID,SECONDARY_CRASH,STATE_TRUE_LOG_NBR,U1_AGE_NBR,U1_AT_FAULT_IND,U1_CONT_CIR_PRIMARY_CD,U1_DIRECTION_FROM_CD,U1_DIRECTION_TO_CD,U1_DISTRACTED_BY_1_CD,U1_GENDER_CD,U1_IS_ALCOHOL_SUSPECTED,U1_IS_MARIJUANA_SUSPECTED,U1_IS_OTHER_DRUG_SUSPECTED,U1_NON_MOTORIST_LOC_CD,U1_NUMBER_OF_THRU_LANES,U1_OBJECT_STRUCK,U1_ODPS_UNIT_NBR,U1_OPERATINGIN_AUTONOMOUS_MODE,U1_POSTED_SPEED_NBR,U1_PRECRASH_ACTION_CD,U1_SEQ_OF_EVENTS_1_CD,U1_SEQ_OF_EVENTS_2_CD,U1_SEQ_OF_EVENTS_3_CD,U1_SEQ_OF_EVENTS_4_CD,U1_SEQ_OF_EVENTS_5_CD,U1_SEQ_OF_EVENTS_6_CD,U1_SPECIAL_FUNCTION_CD,U1_TRAFFIC_CONTROL_CD,U1_TURN_CD,U1_TYPE_OF_UNIT_CD,U1_UNIT_SPEED_NBR,U2_AGE_NBR,U2_CONT_CIR_PRIMARY_CD,U2_DIRECTION_FROM_CD,U2_DIRECTION_TO_CD,U2_DISTRACTED_BY_1_CD,U2_GENDER_CD,U2_NON_MOTORIST_LOC_CD,U2_ODPS_UNIT_NBR,U2_POSTED_SPEED_NBR,U2_PRECRASH_ACTION_CD,U2_SEQ_OF_EVENTS_1_CD,U2_SEQ_OF_EVENTS_2_CD,U2_SEQ_OF_EVENTS_3_CD,U2_SEQ_OF_EVENTS_4_CD,U2_SEQ_OF_EVENTS_5_CD,U2_SEQ_OF_EVENTS_6_CD,U2_SPECIAL_FUNCTION_CD,U2_TRAFFIC_CONTROL_CD,U2_TURN_CD,U2_TYPE_OF_UNIT_CD,U2_UNIT_SPEED_NBR,U3_CONT_CIR_PRIMARY_CD,U3_ODPS_UNIT_NBR,U3_PRECRASH_ACTION_CD,U3_SEQ_OF_EVENTS_1_CD,U3_SEQ_OF_EVENTS_2_CD,U3_SEQ_OF_EVENTS_3_CD,U3_SEQ_OF_EVENTS_4_CD,U3_SEQ_OF_EVENTS_5_CD,U3_SEQ_OF_EVENTS_6_CD,U3_SPECIAL_FUNCTION_CD,U3_TRAFFIC_CONTROL_CD,U3_TYPE_OF_UNIT_CD,UNRESTRAIN_OCCUPANTS,WEATHER_COND_CD,V1,clean_Narrative,BERT_predictions,BERT_prediction_probabilities,RoBERTa_predictions,RoBERTa_predictions_probabilities,distilBERT_predictions,distilBERT_predictions_probabilities
248,248,186130441,"unit#1 was traveling west on sr 2 in the right lane and hydroplaned, causing the vehicle to spin into the middle lane. unit#2 was traveling west in the middle lane and struck unit#1 on the right side with unit#2's front. unit#1 then continued to spin into and over a broken concrete median barrier causing damage underneath the vehicle and came to rest. ptl. n. heaton 8/159",20186130441,2018,O,8/1/2018 0:00,12,SLAKSR00002**N,S,LAK,1.236,41.619516,-81.469109,85036,17668.0,8/7/2018 0:00,5,3,N,2.0,N,Y,2.0,0,0,,,,N,1.237,SLAKSR00002**C,N,3,1800222,4,8,N,2,0,2,WICKLIFFE,1,E,Y,N,6.0,N,0.009,,Y,,N,WICKLIFFE,N,,0,,,,2,SR,,206.0,N,,,,2,,,,,N,N,Y,0,0,N,1.0,0,2,1,,295347.0,N,209.568,25,Y,99,3,4,1,M,N,N,N,0,2,35,1,2,60,1,20,35,0,0,0,0,1,6,NT,1,70,56.0,1.0,3.0,4.0,1.0,M,,2.0,60.0,1.0,20.0,,,,,,1.0,6.0,NT,2.0,50.0,,,,,,,,,,,,,0,4,,"unit1 traveling hydroplaned , causing vehicle spin middle . unit2 traveling middle struck unit1 side unit2 's front . unit1 continued spin broken concrete median barrier causing damage underneath vehicle came rest . ptl . heaton",O,"[0.9998942613601685, 9.909951768349856e-05, 6.682296316284919e-06]",C,"[0.1055113673210144, 0.8824363946914673, 0.012052293866872787]",O,"[0.93017578125, 0.06378173828125, 0.00572967529296875]"
249,249,186130519,"unit 1 was traveling east on ir 275 near the 29 mile post. unit 1 was in the far left lane when she hydroplaned and ran off the road to the left. unit 1 then struck the guide wires head on and was then forced back to the right, spinning clockwise and back into the guide wires where it came to final rest.",20186130519,2018,O,8/1/2018 0:00,8,SHAMIR00275**C,S,HAM,11.624,39.221078,-84.66538,16616,16885.0,8/16/2018 0:00,13,5,N,2.0,Y,Y,1.0,12,0,,,,Y,11.624,SHAMIR00275**C,N,1,2018-28587,1,8,N,1,0,1,COLERAIN TOWNSHIP,1,,Y,N,6.0,Y,0.0,,Y,,N,COLERAIN TOWNSHIP,N,,0,,275,HWY,275,IR,,29.5,N,,,,2,,,,,N,N,N,0,0,N,1.0,0,2,1,,39742.0,N,29.224,20,Y,99,4,3,1,F,N,N,N,0,2,33,1,2,65,1,9,33,8,33,0,0,1,6,NT,1,60,,,,,,,,,,,,,,,,,,,,,,,,,,,,,,,,,,0,4,,"unit1 traveling near mile post . unit1 far left hydroplaned ran left . unit1 struck guide wires head forced back , spinning clockwise back guide wires came final rest .",O,"[0.9998070597648621, 0.0001830759720178321, 9.846119610301685e-06]",O,"[0.9998550415039062, 0.0001412833371432498, 3.7487247936951462e-06]",O,"[1.0, 1.1920928955078125e-07, 0.0]"
250,250,186130586,"unit one was north bound on the airport access rd. as unit one rounded the curve he states he hydroplaned on the wet road surface and lost control of the vehicle. unit one left the road surface and struck a sign owned by the city of vandalia, continued spinning and struck the hillside before coming to rest in the ditch.",20186130586,2018,O,8/1/2018 0:00,7,CMOTCR00159**C,C,MOT,7.043,39.864244,-84.226903,10618,22528.0,8/17/2018 0:00,13,6,N,,Y,N,5.0,9,0,,,,N,7.043,CMOTCR00159**C,N,1,2018028605,2,8,,1,0,1,BUTLER TOWNSHIP,1,N,N,N,2.0,N,0.25,,N,,N,VANDALIA,N,,0,,AIRPORT ACCESS,RD,,,,,N,,,PETERS,1,,,,PIKE,N,N,Y,0,0,N,,0,2,3,,24486.0,N,7.043,32,Y,99,2,1,1,M,N,N,N,0,2,45,1,2,55,13,8,37,45,45,0,0,1,6,NT,1,60,,,,,,,,,,,,,,,,,,,,,,,,,,,,,,,,,,0,4,,"unit1 airport access unit1 rounded curve states hydroplaned wet surface lost control vehicle . unit1 left surface struck sign owned city vandalia , continued spinning struck hillside coming rest ditch .",O,"[0.9999902248382568, 9.03997897694353e-06, 6.878378258079465e-07]",O,"[0.999902606010437, 9.596509335096925e-05, 1.4372076293511782e-06]",O,"[1.0, 2.980232238769531e-07, 0.0]"
251,251,186131144,"unit 2 was traveling east on interstate 70 near the w. mound st. on-ramp in the inside lane. unit 1 was traveling the same direction in the second lane from the inside. the driver of unit #1 failed to maintain control, crossed into unit 2's lane of travel and struck unit 2 on its front right corner panel. the driver of unit 2 stated he was in the left most lane while the unit 1 was in the middle lane next to him when he hydroplaned into his lane. he stated his vehicle was then struck on the front right side. the driver of unit 1 stated him and unit 2 were both in the middle lane when a semi-truck splashed water onto his windshield making it hard for him to see. he then stated that he slowed down due to his vision being obstructed. next the driver said he was hit from behind. due to the physical evidence of the damage to the vehicles officers were able to determine that unit 1 was at fault and cited the driver for failure to control. no injuries were reported at the scene.",20186131144,2018,O,8/1/2018 0:00,6,SFRAIR00070**C,S,FRA,12.579,39.949367,-83.025179,18000,19234.0,8/20/2018 0:00,5,2,N,2.0,N,Y,1.0,22,0,,,,Y,12.579,SFRAIR00070**C,N,3,180700641,1,8,N,3,0,2,COLUMBUS,99,E,Y,N,6.0,Y,0.114,,Y,,N,COLUMBUS,N,,0,,I 70 E,,70,IR,,,N,,,MOUND,1,,,,ST,N,N,Y,0,0,N,1.0,0,2,1,,33543.0,N,98.606,49,Y,99,4,3,1,M,N,N,N,0,2,0,1,2,55,1,20,0,0,0,0,0,1,6,NT,1,65,21.0,1.0,4.0,3.0,1.0,M,,2.0,55.0,1.0,20.0,,,,,,1.0,6.0,NT,1.0,55.0,,,,,,,,,,,,,0,4,,"unit2 traveling interstate near mound onramp inside . unit1 traveling direction second inside . driver unit1 failed maintain control , crossed unit2 's travel struck unit2 front corner panel . driver unit2 stated left unit1 middle next hydroplaned . stated vehicle struck front side . driver unit1 stated unit2 middle semitruck splashed water onto windshield making hard see . stated slowed due vision obstructed . next driver said hit behind . due physical evidence damage vehicles officers able determine unit1 fault cited driver failure control . injuries reported scene .",O,"[0.9999998807907104, 1.776489995108932e-07, 2.2463156668095507e-08]",O,"[1.0, 8.697229603171763e-10, 8.909070855177281e-13]",O,"[1.0, 9.5367431640625e-07, 5.960464477539063e-08]"
252,252,186131213,"unit #1 was s/b on s.r. 315 s/o henderson rd. in heavy rain with water running across the curved roadway. unit #1 hydroplaned, went off the left side of the roadway, and hit the concrete median wall. driver of unit #1 had neck and head pain and was taken to riverside hospital by cfd-m19 were she was treated in the emergency room.",20186131213,2018,AB,8/1/2018 0:00,6,SFRASR00315**N,S,FRA,7.45,40.047583,-83.033605,18000,19234.0,8/17/2018 0:00,17,6,N,2.0,Y,Y,2.0,11,0,,,,N,7.472,SFRASR00315**C,N,1,180689396,4,8,N,0,1,1,COLUMBUS,1,E,Y,N,6.0,N,0.057,,Y,,N,COLUMBUS,N,,0,,STATE ROUTE 315 S,,315,SR,,,N,,,HENDERSON,1,,,,RD,N,N,N,0,0,N,1.0,0,2,2,,161208.0,N,7.45,22,Y,99,1,2,1,F,N,N,N,0,2,0,1,2,65,1,9,0,0,0,0,0,1,6,NT,1,55,,,,,,,,,,,,,,,,,,,,,,,,,,,,,,,,,,0,4,,"unit1 s.r . henderson heavy rain water running across curved roadway . unit1 hydroplaned , went left side roadway , hit concrete median wall . driver unit1 neck head pain taken riverside hospital cfdm19 treated emergency room .",C,"[9.84454004537838e-07, 0.9999961853027344, 2.844860091499868e-06]",AB,"[6.484967161668465e-05, 0.15620796382427216, 0.843727171421051]",C,"[0.0004916191101074219, 0.9990234375, 0.00018084049224853516]"
253,253,186131222,driver of unit #1 states that she was southbound on ir 270 from e main st when she hydroplaned on the wet pavement. she states that lost control and spun into the concrete barrier. driver of unit #1 was transported to mt carmel east hospital where she was treated by dr vennfron for possible injuries to her head and shoulder. driver of unit #1 was cited.,20186131222,2018,C,8/1/2018 0:00,6,SFRAIR00270**C,S,FRA,42.28,39.940881,-82.847324,18000,19234.0,8/17/2018 0:00,13,6,N,2.0,Y,Y,1.0,11,0,27900.0,,,Y,42.28,SFRAIR00270**C,N,1,180689338,1,8,N,0,0,1,COLUMBUS,1,S,Y,N,10.0,Y,0.057,,N,,N,COLUMBUS,N,,0,,I 270 S,,270,IR,,,N,,E,LIVINGSTON,1,,,,RD,N,N,N,0,0,N,1.0,1,2,1,,81484.0,N,42.28,28,Y,99,1,2,1,F,N,N,N,0,2,35,1,2,65,1,35,0,0,0,0,0,1,6,NT,1,55,,,,,,,,,,,,,,,,,,,,,,,,,,,,,,,,,,0,4,,driver unit1 states main hydroplaned wet pavement . states lost control spun concrete barrier . driver unit1 transported mt carmel hospital treated vennfron possible injuries head shoulder . driver unit1 cited .,C,"[2.2942124644487194e-07, 0.9999994039535522, 3.843618401333515e-07]",C,"[1.3976209345401003e-07, 0.9999990463256836, 8.264200346275175e-07]",C,"[1.7881393432617188e-07, 1.0, 5.960464477539063e-08]"
254,254,186131325,"unit #1 went off the roadway to the right(hydroplane), striking the curb, speed limit sign and a tree. no injuries reported.",20186131325,2018,O,8/1/2018 0:00,8,TWARTR00056**C,T,WAR,1.765,39.362234,-84.318526,48188,16885.0,8/16/2018 0:00,13,5,N,,Y,N,4.0,10,0,,f2426b1a-3482-4bd8-9fb4-48d0815fbe1a,3c937d8a-296d-447e-bd85-a177f2bec46a,N,1.765,TWARTR00056**C,N,1,2.018E+12,4,8,,1,0,1,MASON,1,N,N,N,2.0,N,0.002,,N,5415,N,MASON,N,,0,,MASON,RD,,,,,N,,,,3,,,,,N,N,Y,0,0,N,,0,2,3,,205790.0,N,1.765,29,Y,99,1,2,1,M,N,N,N,0,2,37,1,2,25,1,43,37,48,0,0,0,1,6,NT,1,35,,,,,,,,,,,,,,,,,,,,,,,,,,,,,,,,,,0,4,,"unit1 went roadway , striking curb , speed limit sign tree . injuries reported .",O,"[0.9999395608901978, 5.438992957351729e-05, 6.137001037131995e-06]",O,"[0.9999914169311523, 7.858019671402872e-06, 6.999336505941756e-07]",O,"[1.0, 5.960464477539063e-08, 0.0]"
255,255,186131832,unit 1 was traveling in the outer lane ( fast ). the vehicle hydroplaned and the driver lost control of the vehicle. the vehicle spun out of control across the inner ( slow ) lane and went off the right side of the road. the vehicle spun through some grass before striking a fence where it came to a stop.,20186131832,2018,O,8/1/2018 0:00,3,SLORIR00090**N,S,LOR,15.975,41.430216,-82.083261,72060,51364.0,8/21/2018 0:00,13,3,N,2.0,N,Y,1.0,8,0,,,,Y,16.066,SLORIR00090**C,N,1,2018-00008272,1,8,N,1,0,1,SHEFFIELD,1,W,Y,N,4.0,Y,0.095,,Y,,N,SHEFFIELD,N,,0,,I 90,HWY,90,IR,,148.8,N,,,,2,,,,,N,N,N,0,0,N,1.0,0,2,3,,34857.0,N,148.463,20,Y,99,4,3,1,F,N,N,N,0,2,46,1,2,65,1,13,8,46,0,0,0,1,6,NT,3,65,,,,,,,,,,,,,,,,,,,,,,,,,,,,,,,,,,0,4,,unit1 traveling outer . vehicle hydroplaned driver lost control vehicle . vehicle spun control across inner went side . vehicle spun grass striking fence came stop .,O,"[0.9999239444732666, 7.196963269961998e-05, 4.009999429399613e-06]",O,"[0.9236199259757996, 0.07575604319572449, 0.0006240626098588109]",O,"[0.9931640625, 0.006435394287109375, 0.00044655799865722656]"
256,256,186132408,"unit #1 was traveling east on i/r 275. near the 47.7 m/p, unit #1 failed to maintain control of the unit after hydroplaning. the unit crossed three lanes of traffic and struck the guardrail face on the right shoulder with the left rear of the unit. the vehicle continued in motion, spun around and came to rest after striking the guardrail with the front right of the unit.",20186132408,2018,O,8/1/2018 0:00,8,SHAMIR00275**C,S,HAM,29.822,39.285177,-84.370446,71892,16885.0,8/16/2018 0:00,13,5,N,2.0,Y,Y,1.0,22,0,43200.0,,,Y,29.822,SHAMIR00275**C,N,3,2.018E+12,1,8,N,1,0,1,SHARONVILLE,1,,Y,N,6.0,Y,0.0,,N,,N,SHARONVILLE,N,,0,,,,275,IR,,47.7,N,,,,2,,,,,N,N,Y,0,0,N,1.0,0,2,1,,121915.0,N,47.422,40,Y,5,4,3,1,M,N,N,N,0,2,30,1,2,65,1,30,30,0,0,0,0,1,6,NT,1,70,,,,,,,,,,,,,,,,,,,,,,,,,,,,,,,,,,0,4,,"unit1 traveling r . near . p , unit1 failed maintain control unit hydroplaning . unit crossed three lanes traffic struck guardrail face shoulder left rear unit . vehicle continued motion , spun around came rest striking guardrail front unit .",O,"[0.623906672000885, 0.3482752740383148, 0.027818063274025917]",O,"[0.9999972581863403, 2.6897300813288894e-06, 4.51284734026558e-08]",O,"[0.9892578125, 0.01056671142578125, 0.0003616809844970703]"
257,257,186133441,"unit #1 was westbound on the ohio turnpike (ir 0080). unit #1 lost control, hydroplaned, and struck the cement barrier wall. unit #1 bounced off the wall and came to rest on the right shoulder.",20186133441,2018,AB,8/1/2018 0:00,12,SCUYIR00080*KN,S,CUY,12.933,41.306156,-81.745512,57008,17668.0,8/18/2018 0:00,13,7,N,2.0,Y,Y,1.0,6,0,,,,Y,12.924,SCUYIR00080*KC,N,1,91-0608-18,31,8,N,0,1,1,NORTH ROYALTON,1,E,Y,N,6.0,N,0.2,,N,,N,NORTH ROYALTON,N,,0,,,,80,IR,K,166.0,N,,,,2,,,,,N,N,Y,0,0,N,1.0,0,2,2,,39640.0,N,166.224,33,Y,5,3,4,1,M,N,N,N,0,2,35,1,2,70,1,9,35,8,0,0,0,1,6,NT,3,70,,,,,,,,,,,,,,,,,,,,,,,,,,,,,,,,,,0,4,,"unit1 ohio turnpike . unit1 lost control , hydroplaned , struck cement barrier wall . unit1 bounced wall came rest shoulder .",O,"[0.9810763597488403, 0.016808727756142616, 0.0021148466039448977]",C,"[0.08103880286216736, 0.9168452620506287, 0.0021159315947443247]",O,"[0.9921875, 0.00785064697265625, 0.0003178119659423828]"
258,258,186133736,"unit 1 was traveling e/b i-90 when it hydroplaned, then tried to correct themselves and went off the road causing it to overturn into the south ditch of the highway.",20186133736,2018,C,6/1/2018 0:00,4,SATBIR00090**C,S,ATB,23.9,41.907362,-80.602669,18350,99805.0,6/27/2018 0:00,13,4,N,2.0,Y,Y,1.0,20,0,,,,Y,23.9,SATBIR00090**C,N,1,18-095,1,6,N,2,0,1,CONNEAUT,1,,Y,N,4.0,Y,0.0,,Y,,N,CONNEAUT,N,,0,,I 90,HWY,90,IR,,239.2,N,,,,2,,,,,N,N,Y,0,0,N,1.0,2,2,1,,47170.0,N,239.162,23,Y,99,4,3,1,M,N,N,N,0,2,44,1,2,70,1,8,44,1,0,0,0,1,6,NT,3,75,,,,,,,,,,,,,,,,,,,,,,,,,,,,,,,,,,0,4,,"unit1 traveling hydroplaned , tried correct went causing overturn ditch .",O,"[0.992344319820404, 0.006955536548048258, 0.0007001667399890721]",O,"[0.9995734095573425, 0.0004205545992590487, 6.113955805631122e-06]",O,"[1.0, 1.5497207641601562e-06, 1.7881393432617188e-07]"
259,259,186134233,unit 1 was traveling south on sr 11 in the right lane. unit 1 driver stated she hydroplaned on the roadway due to heavy rainfall. unit 1 traveled off the right side of the roadway and struck a tree.,20186134233,2018,AB,8/1/2018 0:00,4,STRUSR00011**N,S,TRU,7.855,41.206131,-80.708994,80052,97831.0,8/21/2018 0:00,13,3,N,2.0,Y,Y,2.0,5,0,,,,N,8.0,STRUSR00011**C,N,4,78-0865-78,1,8,N,0,2,1,VIENNA TOWNSHIP,1,N,Y,N,4.0,Y,0.1,,N,,N,VIENNA TOWNSHIP,N,,0,,,,11,SR,,50.0,N,,,,2,,,,,N,N,N,0,0,N,1.0,0,2,1,,295723.0,N,49.945,26,Y,9,1,2,1,F,N,N,N,0,2,48,1,2,65,1,8,48,0,0,0,0,1,6,NT,1,65,,,,,,,,,,,,,,,,,,,,,,,,,,,,,,,,,,0,4,,unit1 traveling . unit1 driver stated hydroplaned roadway due heavy rainfall . unit1 traveled side roadway struck tree .,O,"[0.9978693723678589, 0.0019722729921340942, 0.00015830626944079995]",C,"[0.06825544685125351, 0.857063889503479, 0.07468066364526749]",O,"[0.9921875, 0.0067901611328125, 0.0012712478637695312]"
260,260,186134252,"unit #2 was stopped northbound on route 4 in the left lane at the intersection of route 4 and the w/i-275 off ramps. unit #1 was exiting w/i-275 on ramp e onto southbound route 4 when it hydroplaned and lost control of the vehicle, striking unit #2.",20186134252,2018,O,8/1/2018 0:00,8,CHAMCR00033**C,C,HAM,3.462,39.29592,-84.814236,33852,99999.0,8/25/2018 0:00,6,7,N,,N,N,7.0,13,0,,221231d7-f3af-4792-b4cf-8520dcc4ee5f,d637e7cb-82ee-452d-8c3e-34f9d4b11244,N,3.462,CHAMCR00033**C,N,1,2.018E+12,2,8,,2,0,2,HARRISON TOWNSHIP,3,E,N,Y,2.0,N,0.009,TR,Y,,N,SPRINGDALE,N,,0,,,,4,SR,,,N,,,I 275 N,1,275,IR,,,N,N,N,0,0,N,,0,2,2,,52342.0,N,3.462,23,Y,99,3,2,1,M,N,N,N,0,2,0,1,2,35,6,20,0,0,0,0,0,1,2,LT,4,5,32.0,1.0,2.0,1.0,1.0,F,,2.0,35.0,11.0,20.0,,,,,,1.0,2.0,NT,3.0,,,,,,,,,,,,,,0,4,,"unit2 stopped left intersection w ramps . unit1 exiting w ramp onto hydroplaned lost control vehicle , striking unit2 .",O,"[0.999323844909668, 0.0006375930970534682, 3.858457785099745e-05]",O,"[0.9871904253959656, 0.012677776627242565, 0.00013184316048864275]",O,"[0.970703125, 0.027435302734375, 0.0020999908447265625]"
261,261,186134266,unit 1 was traveling west on the u.s. 24 when it began to change lanes and hydroplaned towards the concrete divider and crashed into it. unit 1 was able to get to the opposite side of the road and park.,20186134266,2018,O,7/1/2018 0:00,2,SLUCUS00024**C,S,LUC,12.122,41.529143,-83.715561,81872,87868.0,7/31/2018 0:00,13,3,N,2.0,Y,Y,2.0,22,0,,,,N,12.122,SLUCUS00024**C,N,5,0028ACCPDA2018,1,7,H,1,0,1,WATERVILLE TOWNSHIP,1,E,Y,N,4.0,Y,0.006,,N,,N,WATERVILLE TOWNSHIP,N,,0,,,,24,US,,65.8,N,,,,2,,,,,N,N,N,0,0,N,1.0,0,2,4,,345947.0,N,65.714,26,Y,1,4,3,1,F,N,N,N,0,2,35,1,2,65,3,9,35,0,0,0,0,1,6,NT,1,60,,,,,,,,,,,,,,,,,,,,,,,,,,,,,,,,,,0,4,,unit1 traveling u.s. began change lanes hydroplaned towards concrete divider crashed . unit1 able get opposite side park .,O,"[0.9945670366287231, 0.005060622468590736, 0.00037234407500363886]",C,"[0.09513942897319794, 0.8953232169151306, 0.009537311270833015]",O,"[1.0, 0.0, 0.0]"
262,262,186134349,unit #1 was traveling westbound on 70 west bound off ramp and went to turn southbound onto south hamilton rd. unit #2 was traveling westbound on 70 west bound off ramp and went to turn southbound onto south hamilton rd. driver of unit #1 stated he went to turn on a green light when making the turn onto south hamilton rd. driver of unit #1 stated he lost control of the vehicle and hydroplaned causing him to hit unit #2. driver of unit #1 was driving under suspension. driver of unit #2 stated he went to turn on a green light when making the turn onto south hamilton rd. driver of unit #2 stated unit #1 hit him crossing the turn lane. driver of unit #1 was cited for failure to control and driving under fra suspension (bmv case #nc18054928 from 06/08/2018 to 06/08/2020). occupant of unit #1 and driver of unit #1 refused medical treatment. driver of unit #2 stated he had no injuries. unit #1 was impounded to the city impound lot. unknown year for unit #2.,20186134349,2018,AB,8/1/2018 0:00,6,SFRASR00317**N,S,FRA,12.458,39.936753,-82.878713,18000,19234.0,8/20/2018 0:00,18,2,N,2.0,N,N,3.0,19,0,27300.0,,,N,12.472,SFRASR00317**C,Y,2,180700317,4,8,N,1,2,2,COLUMBUS,3,,Y,Y,4.0,N,0.0,IR,N,,N,COLUMBUS,N,,0,,HAMILTON,RD,,,,,N,,,,1,70,IR,,,N,N,N,0,0,N,3.0,0,2,1,,193229.0,N,12.458,47,Y,99,3,2,1,M,N,N,N,0,2,0,1,2,45,6,20,0,0,0,0,0,1,6,LT,1,25,40.0,1.0,3.0,2.0,1.0,M,,2.0,45.0,6.0,20.0,,,,,,1.0,2.0,LT,15.0,5.0,,,,,,,,,,,,,0,2,,unit1 traveling ramp went turn onto hamilton unit2 traveling ramp went turn onto hamilton driver unit1 stated went turn green light making turn onto hamilton driver unit1 stated lost control vehicle hydroplaned causing hit unit2 . driver unit1 driving suspension . driver unit2 stated went turn green light making turn onto hamilton driver unit2 stated unit1 hit crossing turn . driver unit1 cited failure control driving fra suspension . occupant unit1 driver unit1 refused medical treatment . driver unit2 stated injuries . unit1 impounded city impound lot . unknown year unit2 .,O,"[0.9999998807907104, 1.7369238491937722e-07, 2.3469858945190936e-08]",O,"[0.9999721050262451, 2.787498669931665e-05, 2.59229544496975e-08]",O,"[1.0, 3.4570693969726562e-06, 0.0]"
263,263,186134885,unit 1 was traveling northbound when he struck water on the highway and hydroplaned. unit 1 hit the guardrail.,20186134885,2018,O,8/1/2018 0:00,4,SSUMSR00008**C,S,SUM,2.767,41.097578,-81.499961,1000,766.0,8/26/2018 0:00,13,1,N,2.0,Y,Y,2.0,6,0,,,,N,2.767,SSUMSR00008**C,Y,2,T18005225,4,8,N,1,0,1,AKRON,1,N,Y,N,6.0,N,0.25,,N,,N,AKRON,N,,0,,STATE ROUTE 8 N,,8,SR,,,N,,E,GLENWOOD,1,,,,AVE,N,N,N,0,0,N,1.0,0,2,1,,180751.0,N,2.767,42,Y,99,2,1,1,M,N,N,N,0,2,30,1,2,65,1,30,0,0,0,0,0,1,6,NT,15,65,,,,,,,,,,,,,,,,,,,,,,,,,,,,,,,,,,0,4,,unit1 traveling struck water hydroplaned . unit1 hit guardrail .,O,"[0.9995150566101074, 0.0004655573866330087, 1.9390639863559045e-05]",O,"[0.9996649026870728, 0.00033120281295850873, 3.90774357583723e-06]",O,"[1.0, 6.556510925292969e-07, 5.960464477539063e-08]"