,id,OBJECTID,Narrative,DOCUMENT_NBR,CRASH_YR,CRASH_SEVERITY_CD,CRASH_MONTH_YEAR,DISTRICT_NBR,NLFID,NLF_JUR_CD,NLF_COUNTY_CD,COUNTY_LOG_NBR,ODOT_LATITUDE_NBR,ODOT_LONGITUDE_NBR,ODOT_FIPS_CD,AREA_CODE,CRASH_DATE,CRASH_TYPE_CD,DAY_IN_WEEK_CD,DISTRACTED_DRIVER_IND,FACILITY_TYPE_CD,FHWA_RDWY_DEPARTURE_IND,FREEWAY_IND,FUNCTIONAL_CLASS_CD,HOUR_OF_CRASH,INCAPAC_INJURIES_NBR,INTERCHANGE_ID,INTERSECTION_ID_CURRENT,INTERSECTION_LEG_ID,INTERSTATE_IND,INV_LOG_NBR,INV_NLFID,IS_COMMERCIAL_RELATED,LIGHT_COND_PRIMARY_CD,LOCAL_REPORT_NUMBER_ID,MAINTENANCE_AUTHORITY_CD,MONTH_OF_CRASH,NHS_CD,NO_INJURY_REPORTED_NBR,NON_INCAPAC_INJURIES_NBR,NUMBER_OF_UNITS_NBR,ODOT_CITY_VILLAGE_TWP_NME,ODOT_CRASH_LOCATION_CD,ODOT_DIR_FROM_REF_CD,ODOT_DIV_UNDIV_IND,ODOT_INTERSECTION_REL_IND,ODOT_LANES_NBR,ODOT_MAINTAINED_HWY_IND,ODOT_MILES_FROM_REF_NBR,ODOT_REF_ROUTE_PREFIX_CD,ODOT_YOUNG_DRIVER_IND,ODPS_ADDRESS_REFERENCE,ODPS_ALCOHOL_IND,ODPS_CITY_VILLAGE_TWP_NME,ODPS_DRUG_IND,ODPS_LOC_DIR_SUFFIX_CD,ODPS_LOC_IN_WORK_ZONE_CD,ODPS_LOC_ROAD_DIRECTION_CD,ODPS_LOC_ROAD_NME,ODPS_LOC_ROAD_SUFFIX_CD,ODPS_LOC_ROUTE_ID,ODPS_LOC_ROUTE_PREFIX_CD,ODPS_LOC_ROUTE_SUFFIX_CD,ODPS_MILEPOST_REFERENCE,ODPS_MOTORCYCLE_IND,ODPS_REF_DIR_SUFFIX_CD,ODPS_REF_DIRECTION_CD,ODPS_REF_GIVEN,ODPS_REF_POINT_USED_CD,ODPS_REF_ROUTE_ID,ODPS_REF_ROUTE_PREFIX_CD,ODPS_REF_ROUTE_SUFFIX_CD,ODPS_REF_SUFFIX_CD,ODPS_SCHOOL_ZONE_IND,ODPS_SENIOR_DRIVER_IND,ODPS_SPEED_IND,ODPS_TOTAL_FATALITIES_NBR,ODPS_TYPE_OF_WORK_ZONE_CD,ODPS_WORK_ZONE_IND,OPER_ACCESS_CONTROL_CD,POSSIBLE_INJURIES_NBR,ROAD_COND_PRIMARY_CD,ROAD_CONTOUR_CD,SA_RAMP_ID,SA_SEGMENT_ID,SECONDARY_CRASH,STATE_TRUE_LOG_NBR,U1_AGE_NBR,U1_AT_FAULT_IND,U1_CONT_CIR_PRIMARY_CD,U1_DIRECTION_FROM_CD,U1_DIRECTION_TO_CD,U1_DISTRACTED_BY_1_CD,U1_GENDER_CD,U1_IS_ALCOHOL_SUSPECTED,U1_IS_MARIJUANA_SUSPECTED,U1_IS_OTHER_DRUG_SUSPECTED,U1_NON_MOTORIST_LOC_CD,U1_NUMBER_OF_THRU_LANES,U1_OBJECT_STRUCK,U1_ODPS_UNIT_NBR,U1_OPERATINGIN_AUTONOMOUS_MODE,U1_POSTED_SPEED_NBR,U1_PRECRASH_ACTION_CD,U1_SEQ_OF_EVENTS_1_CD,U1_SEQ_OF_EVENTS_2_CD,U1_SEQ_OF_EVENTS_3_CD,U1_SEQ_OF_EVENTS_4_CD,U1_SEQ_OF_EVENTS_5_CD,U1_SEQ_OF_EVENTS_6_CD,U1_SPECIAL_FUNCTION_CD,U1_TRAFFIC_CONTROL_CD,U1_TURN_CD,U1_TYPE_OF_UNIT_CD,U1_UNIT_SPEED_NBR,U2_AGE_NBR,U2_CONT_CIR_PRIMARY_CD,U2_DIRECTION_FROM_CD,U2_DIRECTION_TO_CD,U2_DISTRACTED_BY_1_CD,U2_GENDER_CD,U2_NON_MOTORIST_LOC_CD,U2_ODPS_UNIT_NBR,U2_POSTED_SPEED_NBR,U2_PRECRASH_ACTION_CD,U2_SEQ_OF_EVENTS_1_CD,U2_SEQ_OF_EVENTS_2_CD,U2_SEQ_OF_EVENTS_3_CD,U2_SEQ_OF_EVENTS_4_CD,U2_SEQ_OF_EVENTS_5_CD,U2_SEQ_OF_EVENTS_6_CD,U2_SPECIAL_FUNCTION_CD,U2_TRAFFIC_CONTROL_CD,U2_TURN_CD,U2_TYPE_OF_UNIT_CD,U2_UNIT_SPEED_NBR,U3_CONT_CIR_PRIMARY_CD,U3_ODPS_UNIT_NBR,U3_PRECRASH_ACTION_CD,U3_SEQ_OF_EVENTS_1_CD,U3_SEQ_OF_EVENTS_2_CD,U3_SEQ_OF_EVENTS_3_CD,U3_SEQ_OF_EVENTS_4_CD,U3_SEQ_OF_EVENTS_5_CD,U3_SEQ_OF_EVENTS_6_CD,U3_SPECIAL_FUNCTION_CD,U3_TRAFFIC_CONTROL_CD,U3_TYPE_OF_UNIT_CD,UNRESTRAIN_OCCUPANTS,WEATHER_COND_CD,V1,clean_Narrative,BERT_predictions,BERT_prediction_probabilities,RoBERTa_predictions,RoBERTa_predictions_probabilities,distilBERT_predictions,distilBERT_predictions_probabilities
264,264,186134978,"the driver of unit #1 stated she was traveling northbound on i270 approaching the 70 east exit ramp. the driver of unit #1 stated it started to rain and the road became slippery and the vehicle hydroplaned due to the standing water on the highway. the driver of unit #1 stated once she hit the standing water she hydroplane she lost control of the vehicle and struck the wall on the right side of the highway. madison township 181 transported both the driver and passenger to mt. carmel east in stable condition. the driver had a possible broken foot and the passenger complained about leg pain. reporting officers arrived for a follow up at mt. carmel east and at that time, was not seen by the attending physician. reporting officer did not issue a citation based on the weather at the time of the accident , the standing water on the highway, and her only damaging her own property.",20186134978,2018,C,8/1/2018 0:00,6,SFRAIR00270**N,S,FRA,42.842,39.933968,-82.85235,18000,19234.0,8/26/2018 0:00,17,1,N,2.0,Y,Y,1.0,19,0,27900.0,,,Y,42.829,SFRAIR00270**C,N,3,180719153,1,8,N,0,0,1,COLUMBUS,1,S,Y,N,10.0,Y,0.095,,N,,N,COLUMBUS,N,,0,,,,270,IR,,,N,,,,1,70,IR,,,N,N,N,0,0,N,1.0,2,6,1,,45528.0,N,42.842,51,Y,99,2,1,1,F,N,N,N,0,2,0,1,2,65,1,8,0,0,0,0,0,1,6,NT,3,65,,,,,,,,,,,,,,,,,,,,,,,,,,,,,,,,,,0,4,,"driver unit1 stated traveling approaching exit ramp . driver unit1 stated started rain became slippery vehicle hydroplaned due standing water . driver unit1 stated hit standing water hydroplane lost control vehicle struck wall side . madison township transported driver passenger mt . carmel stable condition . driver possible broken foot passenger complained leg pain . reporting officers arrived follow mt . carmel time , seen attending physician . reporting officer issue citation based weather time accident , standing water , damaging property .",AB,"[6.523840738736908e-07, 3.6106670449953526e-05, 0.9999632835388184]",AB,"[2.696075682706578e-07, 2.9882355647714576e-06, 0.9999967813491821]",C,"[1.7881393432617188e-07, 1.0, 1.7285346984863281e-06]"
265,265,186135883,"unit #1 was traveling eastbound on sr 2 in the right lane. the driver of unit #1 stated that she swerved to avoid a car in front of her. unit #1 swerved to the left, hydroplaned, ran off the road left, struck a sign and came to rest in the westbound lane.",20186135883,2018,O,8/1/2018 0:00,3,SERISR00002**C,S,ERI,4.108,41.443004,-82.78096,70380,99490.0,8/21/2018 0:00,13,3,N,2.0,Y,Y,2.0,7,0,23400.0,,,N,4.108,SERISR00002**C,N,1,22-0308-22,4,8,N,1,0,1,SANDUSKY,1,E,Y,N,4.0,N,0.1,,N,,N,SANDUSKY,N,,0,,,,2,SR,,4.0,N,,,,2,,,,,N,N,Y,0,0,N,1.0,0,2,1,,295339.0,N,130.527,36,Y,5,4,3,1,F,N,N,N,0,2,37,1,2,70,3,9,37,0,0,0,0,1,6,NT,3,68,,,,,,,,,,,,,,,,,,,,,,,,,,,,,,,,,,0,4,,"unit1 traveling . driver unit1 stated swerved avoid car front . unit1 swerved left , hydroplaned , ran left , struck sign came rest .",O,"[0.9999936819076538, 5.878325282537844e-06, 4.5225530698189687e-07]",O,"[0.9998061060905457, 0.0001822815538616851, 1.1724993782991078e-05]",O,"[1.0, 8.285045623779297e-05, 8.821487426757812e-06]"
266,266,186136141,"unit 01 was entering ir 480 eastbound from the stearns rd. on ramp at approximately 40mph. there was heavy rain and standing water at the time of the crash. unit 01 hydroplaned across all 3 lanes, spun out, striking the center concrete barrier head-on. unit 01 then spun causing the rear of the vehicle to strike the concrete barrier before coming to rest facing westbound in the eastbound high speed berm. the passenger of unit 01 reported a possible injury to her leg but medical attention was declined.",20186136141,2018,C,8/1/2018 0:00,12,SCUYIR00480**N,S,CUY,1.773,41.397654,-81.939189,56882,17668.0,8/24/2018 0:00,13,6,N,2.0,Y,Y,1.0,20,0,19100.0,,,Y,1.774,SCUYIR00480**C,N,3,T75974,1,8,N,1,0,1,NORTH OLMSTED,1,W,Y,N,6.0,Y,0.066,,N,,N,NORTH OLMSTED,N,,0,,,HWY,480,IR,,4.0,N,,,,2,,,,,N,N,N,0,0,N,1.0,1,2,1,,81539.0,N,4.077,44,Y,1,4,3,1,M,N,N,N,0,2,35,1,2,60,8,35,35,0,0,0,0,1,6,NT,1,40,,,,,,,,,,,,,,,,,,,,,,,,,,,,,,,,,,0,4,,"unit1 entering stearns ramp approximately 4mph . heavy rain standing water time crash . unit1 hydroplaned across lanes , spun , striking center concrete barrier headon . unit1 spun causing rear vehicle strike concrete barrier coming rest facing high speed berm . passenger unit1 reported possible injury leg medical attention declined .",C,"[6.392849059011496e-07, 0.9999990463256836, 3.764238556414057e-07]",C,"[9.881424034574593e-08, 0.9999997615814209, 7.408598179381443e-08]",C,"[1.3649463653564453e-05, 1.0, 5.364418029785156e-07]"
267,267,186136152,unit #1 was stopped at the red light when unit #2 struck him from behind. unit #2 claimed the vehicle hydroplaned on the wet roadway when he attempted to apply brakes.,20186136152,2018,O,8/1/2018 0:00,4,MATBMR00648**C,M,ATB,1.389,41.88416,-80.802009,2638,99704.0,8/21/2018 0:00,2,3,N,2.0,N,N,4.0,7,0,,c6fb913c-ebb2-45d8-a340-ee180416e4be,135c56a2-6bf9-496e-8dff-06fc349bd3ef,N,1.389,MATBMR00648**C,N,1,20180221,4,8,,2,0,2,ASHTABULA,2,W,N,Y,4.0,N,0.004,MR,N,,N,ASHTABULA,N,,0,W,19TH,ST,,,,,N,,,WEST,1,,,,AVE,N,N,N,0,0,N,,0,2,2,,59389.0,N,1.389,31,Y,8,4,3,1,M,N,N,N,0,2,0,2,2,35,1,20,0,0,0,0,0,1,2,NT,1,20,61.0,1.0,4.0,3.0,1.0,M,,1.0,35.0,1.0,20.0,,,,,,1.0,2.0,NT,1.0,,,,,,,,,,,,,,0,4,,unit1 stopped red light unit2 struck behind . unit2 claimed vehicle hydroplaned wet roadway attempted apply brakes .,O,"[0.8861265182495117, 0.11159754544496536, 0.002275849925354123]",O,"[0.9708091020584106, 0.02912859246134758, 6.231471343198791e-05]",O,"[1.0, 2.9802322387695312e-05, 7.152557373046875e-07]"
268,268,186136500,unit #2 was slowing/stopped in traffic when it was struck in the rear by unit #1. unit #1 advised that they were hydroplaning when they struck unit #2.,20186136500,2018,O,8/1/2018 0:00,3,CRICCR00133**C,C,RIC,6.187,40.765593,-82.590461,58520,54091.0,8/21/2018 0:00,2,3,N,,N,N,4.0,15,0,,40f045e7-e7e2-4fa3-af1d-6ff94ba7f3cd,147942ef-3f4f-4929-b542-0b62f0cb7387,N,6.187,CRICCR00133**C,N,1,18-14125,4,8,,2,0,2,ONTARIO,3,S,N,Y,4.0,N,0.009,CR,Y,,N,ONTARIO,N,,0,N,LEXINGTON SPRINGMILL,RD,,,,,N,,,STUMBO,1,,,,RD,N,N,N,0,0,N,,0,2,2,,57588.0,N,6.187,20,Y,8,1,2,1,M,N,N,N,0,2,0,1,2,35,1,20,0,0,0,0,0,1,6,NT,3,20,20.0,1.0,1.0,2.0,1.0,F,,2.0,35.0,11.0,20.0,,,,,,1.0,6.0,NT,2.0,,,,,,,,,,,,,,0,4,,unit2 slowing stopped traffic struck rear unit1 . unit1 advised hydroplaning struck unit2 .,O,"[0.9969654679298401, 0.0028251514304429293, 0.00020939932437613606]",O,"[0.9878284931182861, 0.011659927666187286, 0.0005115264793857932]",O,"[1.0, 1.043081283569336e-05, 2.980232238769531e-07]"
269,269,186137356,unit # 1 was driving west bound on us 422 and stopped in traffic for a fire truck. unit # 2 was behind unit # 1 and couldn't stop in time and struck the rear of unit # 1. the driver of unit # 2 said that his vehicle hydroplaned.,20186137356,2018,O,8/1/2018 0:00,4,STRUUS00422**C,S,TRU,15.299,41.212876,-80.762917,55916,97831.0,8/29/2018 0:00,2,4,N,2.0,N,N,3.0,17,0,,80814fee-8e59-4d48-8b83-dab190bf7466,e982a788-3659-421d-8e0e-9bd88e683dea,N,15.299,STRUUS00422**C,N,1,18-01675,4,8,,2,0,2,NILES,2,,N,Y,4.0,N,0.0,CR,N,,N,NILES,N,,0,,YOUNGSTOWN WARREN,RD,422,US,,,N,,,NORTH,1,,,,RD,N,N,N,0,0,N,3.0,0,2,1,,246439.0,N,57.625,30,Y,8,3,4,1,M,N,N,N,0,2,0,2,2,35,1,20,0,0,0,0,0,1,2,NT,1,15,62.0,1.0,3.0,4.0,1.0,F,,1.0,35.0,11.0,20.0,,,,,,1.0,2.0,NT,3.0,,,,,,,,,,,,,,0,4,,unit1 driving us stopped traffic fire truck . unit2 behind unit1 could n't stop time struck rear unit1 . driver unit2 said vehicle hydroplaned .,O,"[0.9992875456809998, 0.0006887032650411129, 2.3768907340127043e-05]",O,"[0.9970334768295288, 0.002866960596293211, 9.9553020845633e-05]",O,"[0.9931640625, 0.0064849853515625, 0.00017833709716796875]"
270,270,186137414,unit #1 was travelling northbound on colerain ave when it failed to maintain assured clear distance ahead and struck unit #2 at 5648 colerain ave. unit #2 was stopped waiting to make a left turn onto mt airy av and unit #1 advised that he started hydroplaning when he attempted to stop and was unable to avoid the collision.,20186137414,2018,C,8/1/2018 0:00,8,SHAMUS00027**C,S,HAM,9.774,39.195829,-84.575696,15000,16885.0,8/29/2018 0:00,2,4,N,2.0,N,N,3.0,18,0,,ec6b59b0-a69c-4849-a3a7-a939cfb2fd9d,5d8286e3-0774-4822-be64-e3c7032824e7,N,9.774,SHAMUS00027**C,N,1,185012098,4,8,N,1,0,2,CINCINNATI,3,,N,Y,4.0,N,0.0,,Y,5648,N,CINCINNATI,N,,0,,COLERAIN,AVE,,,,,N,,,,3,,,,,N,N,N,0,0,N,3.0,1,2,1,,275420.0,N,9.774,21,Y,8,2,1,1,M,N,N,N,0,2,0,1,2,0,1,20,0,0,0,0,0,1,6,NT,1,0,43.0,1.0,2.0,4.0,1.0,F,,2.0,,11.0,20.0,,,,,,1.0,6.0,LT,3.0,,,,,,,,,,,,,,0,4,,unit1 travelling colerain failed maintain assured clear distance ahead struck unit2 colerain . unit2 stopped waiting make left turn onto mt airy unit1 advised started hydroplaning attempted stop unable avoid collision .,C,"[6.247962301131338e-05, 0.9998527765274048, 8.472459012409672e-05]",C,"[0.02396402508020401, 0.9591783285140991, 0.01685774140059948]",O,"[0.998046875, 0.0015001296997070312, 5.334615707397461e-05]"
271,271,186138427,"unit 1 was traveling south on i-270, south of roberts rd, in the left most lane. unit 2 was traveling south on i-270, south of roberts rd, in the left most lane, directly in front of unit 1. the driver of unit 1 stated traffic began to slow down and when he braked, he began to hydroplane. the driver of unit 1 stated he could not stop and struck the rear of unit 2. the driver of unit 1 stated unit 2 did not stop and continued south on i-270. as a result, the front right fender of unit 1 struck the rear fender of unit 2 causing functional damage to unit 1. no injuries were reported.",20186138427,2018,O,9/1/2018 0:00,6,SFRAIR00270**N,S,FRA,10.511,40.002571,-83.118376,18000,19234.0,9/1/2018 0:00,2,7,N,2.0,N,Y,1.0,14,0,27900.0,,,Y,10.501,SFRAIR00270**C,N,1,180737505,1,9,N,3,0,2,COLUMBUS,1,S,Y,Y,8.0,Y,0.038,,N,,N,COLUMBUS,N,,0,,I 270 S,,270,IR,,,N,,,ROBERTS,1,,,,RD,N,N,N,0,0,N,1.0,0,2,1,,81470.0,N,10.511,27,Y,8,1,2,1,M,N,N,N,0,2,0,1,2,60,11,20,0,0,0,0,0,1,6,NT,3,35,,99.0,1.0,2.0,1.0,,,2.0,,11.0,20.0,,,,,,1.0,6.0,NT,5.0,,,,,,,,,,,,,,0,4,,"unit1 traveling , roberts , left . unit2 traveling , roberts , left , directly front unit1 . driver unit1 stated traffic began slow braked , began hydroplane . driver unit1 stated could stop struck rear unit2 . driver unit1 stated unit2 stop continued . result , front fender unit1 struck rear fender unit2 causing functional damage unit1 . injuries reported .",O,"[0.9999998807907104, 6.133608820846348e-08, 1.6580425921119968e-08]",O,"[1.0, 7.765748460952793e-11, 6.607308965364198e-14]",O,"[1.0, 0.0, 0.0]"
272,272,186138485,"the driver of unit #1 stated she was 315 southbound and took the 670 eastbound exit ramp. the driver of unit #1 stated that she hit a pothole, hydroplaned, then must of struck something because she """"blacked out."""" the driver of unit #1 stated that her head, neck and knee hurt but stated her mom would transport her to the hospital. it appeared to the officer that due to the rain and road conditions that the car hydroplaned into the southern guardrail of the ramp then travelled down the breakdown lane where it came to a stop. there were tire or brake marks on the road. the driver of unit #1 was issued a citation for failure to control.",20186138485,2018,C,9/1/2018 0:00,6,SFRASR00315*CC,S,FRA,0.136,39.973838,-83.009875,18000,19234.0,9/1/2018 0:00,13,7,N,2.0,Y,N,4.0,19,0,,e572a89a-f220-4530-a23a-f1e93d984cec,2d747d87-d0bd-4f11-b950-c2d964c6abdf,N,0.136,SFRASR00315*CC,N,4,180738557,4,9,,0,0,1,COLUMBUS,1,E,N,N,3.0,N,0.057,MR,Y,,N,COLUMBUS,N,,0,,,,315,SR,,,N,,,I 670 E,1,670,IR,,,N,N,N,0,0,N,3.0,1,1,4,,148699.0,N,0.136,24,Y,99,1,2,1,F,N,N,N,0,2,34,1,2,55,1,34,0,0,0,0,0,1,6,NT,1,55,,,,,,,,,,,,,,,,,,,,,,,,,,,,,,,,,,0,4,,"driver unit1 stated took exit ramp . driver unit1 stated hit pothole , hydroplaned , must struck something `` '' blacked . '' '' driver unit1 stated head , neck knee hurt stated mom would transport hospital . appeared officer due rain conditions car hydroplaned southern guardrail ramp travelled breakdown came stop . tire brake marks . driver unit1 issued citation failure control .",C,"[1.1841968898806954e-06, 0.9999985694885254, 2.2577395952794177e-07]",C,"[7.1462991400039755e-06, 0.9999924898147583, 3.0690404173583374e-07]",C,"[1.6093254089355469e-06, 1.0, 4.76837158203125e-07]"
273,273,186139066,"unit 1 was traveling southeast on u.s. route 35. unit 2 was traveling northwest on u.s. route 35 when it hydroplaned, traveled off the left side of the roadway, crossed the median, re-entered the opposite side of the roadway, and was struck by unit 1. both units then traveled off the right side of the roadway and unit 1 struck a guardrail.",20186139066,2018,AB,8/1/2018 0:00,9,SROSUS00035**N,S,ROS,32.802,39.215346,-82.823941,43302,99999.0,8/26/2018 0:00,6,1,N,2.0,N,Y,2.0,16,0,,,,N,32.8,SROSUS00035**C,N,1,71-1023-71,1,8,N,2,2,2,LIBERTY TOWNSHIP,1,W,Y,N,4.0,Y,0.2,,Y,,N,SPRINGFIELD TOWNSHIP,N,,0,,,,35,US,,33.0,N,,,,2,,,,,N,N,N,0,0,N,1.0,0,2,3,,271630.0,N,125.113,18,Y,18,7,6,1,F,N,N,N,0,2,0,2,2,70,1,6,9,10,20,8,0,1,6,NT,3,55,44.0,1.0,6.0,7.0,1.0,F,,1.0,70.0,1.0,20.0,8.0,30.0,,,,1.0,6.0,NT,1.0,70.0,,,,,,,,,,,,,0,4,,"unit1 traveling u.s. . unit2 traveling u.s. hydroplaned , traveled left side roadway , crossed median , reentered opposite side roadway , struck unit1 . units traveled side roadway unit1 struck guardrail .",C,"[0.007814053446054459, 0.9843940138816833, 0.007791947573423386]",C,"[0.08613865822553635, 0.7455403208732605, 0.16832099854946136]",C,"[0.01021575927734375, 0.98291015625, 0.00675201416015625]"
274,274,186139746,"unit 2 was traveling east on compton rd approaching coogan dr. unit 1 was at the stop sign on coogan dr preparing to turn west onto compton rd. unit 1 turned onto compton rd, hydroplaned, then fishtailed and struck unit 2 on the back driver's side. unit 1 fled the scene then came back. the operator of unit 1 was cited for failing to maintain reasonable control.",20186139746,2018,O,8/1/2018 0:00,8,CHAMCR00217**C,C,HAM,1.298,39.234192,-84.571776,16616,16885.0,8/29/2018 0:00,19,4,N,,N,N,4.0,17,0,,,,N,1.298,CHAMCR00217**C,N,1,2018-30286,2,8,,3,0,2,COLERAIN TOWNSHIP,1,W,N,N,2.0,N,0.057,,Y,2500,N,COLERAIN TOWNSHIP,N,,0,,COMPTON,RD,,,,,N,,,,3,,,,,N,N,N,0,0,N,,0,2,2,,96978.0,N,1.298,19,Y,99,2,3,1,F,N,N,N,0,2,0,1,2,35,8,20,0,0,0,0,0,1,6,RT,4,0,43.0,1.0,3.0,4.0,1.0,F,,2.0,35.0,1.0,20.0,,,,,,1.0,6.0,NT,1.0,30.0,,,,,,,,,,,,,0,4,,"unit2 traveling compton approaching coogan . unit1 stop sign coogan preparing turn onto compton unit1 turned onto compton , hydroplaned , fishtailed struck unit2 back driver 's side . unit1 fled scene came back . operator unit1 cited failing maintain reasonable control .",O,"[0.9984821677207947, 0.0014337714528664947, 8.40166540001519e-05]",O,"[0.9988260865211487, 0.0011456297943368554, 2.8246142392163165e-05]",O,"[1.0, 1.0132789611816406e-06, 1.1920928955078125e-07]"
275,275,186141361,"both unit #1 and unit #2 had been traveling north on us rte. 23 approaching the intersection with panhandle road. unit #2 was in front of unit #1 and had already stopped at the stop bar at that intersection. as unit #1 approached unit #2, unit #1 hydroplaned in standing water and was unable to stop before striking unit #2. the front of unit #1 struck the rear of unit #2 causing damage to both vehicles. both vehicles were then moved prior to my arrival. on 9-22-18 i spoke with the owner of unit #2. she advised that her husband, the driver of unit #2, had been wearing a seatbelt and requested that this report be changed to reflect this. this was an error on the part of the reporting officer and the driver of unit #2 was indeed wearing a seatbelt on the day of the crash. the driver of unit #1 was also wearing a seatbelt at the time of the crash and the supplemented report will reflect this as well.-#33",20186141361,2018,O,9/1/2018 0:00,6,SDELUS00023**C,S,DEL,13.866,40.324668,-83.071337,21448,19234.0,9/6/2018 0:00,2,5,N,2.0,N,N,3.0,11,0,,2550faed-b2be-4958-bf17-068f8ac5bde0,b2da1ca8-1622-41d2-9ec7-0e86bdda1a51,N,13.866,SDELUS00023**C,N,1,CR18-548,1,9,H,3,0,2,DELAWARE TOWNSHIP,1,S,N,Y,4.0,Y,0.019,CR,N,,N,DELAWARE,N,,0,,US ROUTE 23 N,,23,US,,,N,,,PANHANDLE,1,,,,RD,N,Y,N,0,0,N,3.0,0,2,1,,345878.0,N,116.836,39,Y,1,2,1,1,F,N,N,N,0,2,0,1,2,45,1,20,0,0,0,0,0,99,6,NT,5,35,65.0,1.0,2.0,1.0,1.0,M,,2.0,45.0,11.0,20.0,,,,,,1.0,2.0,NT,3.0,,,,,,,,,,,,,,0,4,,"unit1 unit2 traveling us rte . approaching intersection panhandle . unit2 front unit1 already stopped stop bar intersection . unit1 approached unit2 , unit1 hydroplaned standing water unable stop striking unit2 . front unit1 struck rear unit2 causing damage vehicles . vehicles moved prior arrival . spoke owner unit2 . advised husband , driver unit2 , wearing seatbelt requested report changed reflect . error part reporting officer driver unit2 indeed wearing seatbelt day crash . driver unit1 also wearing seatbelt time crash supplemented report reflect well .",O,"[0.9999996423721313, 3.386261369087151e-07, 4.8939917007828626e-08]",O,"[0.5346446633338928, 0.46288830041885376, 0.0024670304264873266]",O,"[1.0, 0.0, 0.0]"
276,276,186141824,"unit 1 states he was traveling south on riverside drive just south of mccoy road. unit 1 hydroplaned on standing water causing him to lose control of his vehicle.he then went off the left side of the road, spun out then struck a pole. unit 1 stated he was ok and refused a medic.",20186141824,2018,O,9/1/2018 0:00,6,SFRAUS00033**C,S,FRA,8.04,40.042876,-83.094594,61840,19234.0,9/8/2018 0:00,13,7,N,2.0,Y,N,3.0,5,0,,6c63c006-698a-4a70-8d8e-fd4c5a623e20,ddc9330e-41b9-463a-a02c-8b59ee5a1bca,N,8.04,SFRAUS00033**C,N,4,18A 147   7125,1,9,N,1,0,1,PERRY TOWNSHIP,1,,N,Y,2.0,Y,0.0,MR,Y,,N,PERRY TOWNSHIP,N,,0,,,,33,US,,,N,,,MCCOY,1,,,,RD,N,N,N,0,0,N,3.0,0,2,1,,271449.0,N,114.283,25,Y,99,1,2,1,M,N,N,N,0,2,40,1,2,45,1,9,40,0,0,0,0,1,2,NT,1,40,,,,,,,,,,,,,,,,,,,,,,,,,,,,,,,,,,0,4,,"unit1 states traveling riverside mccoy . unit1 hydroplaned standing water causing lose control vehicle.he went left side , spun struck pole . unit1 stated ok refused medic .",O,"[0.9999992847442627, 7.736537668279198e-07, 5.026721439094217e-08]",O,"[0.9856501221656799, 0.01432750839740038, 2.23438491957495e-05]",O,"[1.0, 3.635883331298828e-06, 1.1920928955078125e-07]"
277,277,186141835,"unit 1 was southbound on ir 71 when the vehicle hydroplanned, lost control, traveled off the left side of the roadway, and struck a guardrail and overpass wall.",20186141835,2018,O,9/1/2018 0:00,8,SWARIR00071**N,S,WAR,6.839,39.373857,-84.246742,78610,16885.0,9/8/2018 0:00,13,7,N,2.0,Y,Y,1.0,6,0,,,,Y,6.824,SWARIR00071**C,N,4,83-0849-83,1,9,N,1,0,1,UNION TOWNSHIP,1,S,Y,N,6.0,Y,0.3,,N,,N,UNION TOWNSHIP,N,,0,,,,71,IR,,27.0,N,,,,2,,,,,N,N,Y,0,0,N,1.0,0,2,1,,39504.0,N,26.739,26,Y,5,5,8,1,M,N,N,N,0,2,30,1,2,65,1,9,30,54,0,0,0,1,6,NT,1,60,,,,,,,,,,,,,,,,,,,,,,,,,,,,,,,,,,0,4,,"unit1 vehicle hydroplanned , lost control , traveled left side roadway , struck guardrail overpass wall .",O,"[0.9946441650390625, 0.005123229697346687, 0.00023268768563866615]",C,"[0.13074356317520142, 0.8518633246421814, 0.017393067479133606]",O,"[0.998046875, 0.0015726089477539062, 5.549192428588867e-05]"
278,278,186141860,unit #1 was traveling south on i 75 near the 10.2 mp when he drove over a large puddle in the roadway. driver of unit #1 stated he was next to a semi tracker trailer and after going over the puddle it caused him to hydroplane toward the semi so he over corrected causing him to hit the center wall. no injuries were reported and no other vehicles were struck.,20186141860,2018,O,9/1/2018 0:00,8,SHAMIR00075**N,S,HAM,0.976,39.10432,-84.528169,15000,16885.0,9/8/2018 0:00,13,7,N,2.0,Y,Y,1.0,6,0,,442267d7-ca67-4029-ba18-74d7f1206dbf,052ff9ae-9970-403a-b0fe-0468af95abae,Y,1.046,SHAMIR00075**C,N,3,2.018E+12,1,9,N,1,0,1,CINCINNATI,1,,Y,N,8.0,Y,0.0,,Y,,N,SPRINGFIELD TOWNSHIP,N,,0,,,,75,IR,,102.0,N,,,,2,,,,,N,N,Y,0,0,N,1.0,0,2,1,,91162.0,N,0.976,18,Y,99,1,2,1,M,N,N,N,0,2,35,1,2,55,1,35,0,0,0,0,0,1,6,NT,1,65,,,,,,,,,,,,,,,,,,,,,,,,,,,,,,,,,,0,4,,unit1 traveling near . mp drove large puddle roadway . driver unit1 stated next semi tracker trailer going puddle caused hydroplane toward semi corrected causing hit center wall . injuries reported vehicles struck .,O,"[1.0, 4.905376016495211e-08, 1.4757996602554613e-08]",O,"[1.0, 4.00512900622374e-10, 3.392497058014171e-13]",O,"[1.0, 0.0, 0.0]"