,id,OBJECTID,Narrative,DOCUMENT_NBR,CRASH_YR,CRASH_SEVERITY_CD,CRASH_MONTH_YEAR,DISTRICT_NBR,NLFID,NLF_JUR_CD,NLF_COUNTY_CD,COUNTY_LOG_NBR,ODOT_LATITUDE_NBR,ODOT_LONGITUDE_NBR,ODOT_FIPS_CD,AREA_CODE,CRASH_DATE,CRASH_TYPE_CD,DAY_IN_WEEK_CD,DISTRACTED_DRIVER_IND,FACILITY_TYPE_CD,FHWA_RDWY_DEPARTURE_IND,FREEWAY_IND,FUNCTIONAL_CLASS_CD,HOUR_OF_CRASH,INCAPAC_INJURIES_NBR,INTERCHANGE_ID,INTERSECTION_ID_CURRENT,INTERSECTION_LEG_ID,INTERSTATE_IND,INV_LOG_NBR,INV_NLFID,IS_COMMERCIAL_RELATED,LIGHT_COND_PRIMARY_CD,LOCAL_REPORT_NUMBER_ID,MAINTENANCE_AUTHORITY_CD,MONTH_OF_CRASH,NHS_CD,NO_INJURY_REPORTED_NBR,NON_INCAPAC_INJURIES_NBR,NUMBER_OF_UNITS_NBR,ODOT_CITY_VILLAGE_TWP_NME,ODOT_CRASH_LOCATION_CD,ODOT_DIR_FROM_REF_CD,ODOT_DIV_UNDIV_IND,ODOT_INTERSECTION_REL_IND,ODOT_LANES_NBR,ODOT_MAINTAINED_HWY_IND,ODOT_MILES_FROM_REF_NBR,ODOT_REF_ROUTE_PREFIX_CD,ODOT_YOUNG_DRIVER_IND,ODPS_ADDRESS_REFERENCE,ODPS_ALCOHOL_IND,ODPS_CITY_VILLAGE_TWP_NME,ODPS_DRUG_IND,ODPS_LOC_DIR_SUFFIX_CD,ODPS_LOC_IN_WORK_ZONE_CD,ODPS_LOC_ROAD_DIRECTION_CD,ODPS_LOC_ROAD_NME,ODPS_LOC_ROAD_SUFFIX_CD,ODPS_LOC_ROUTE_ID,ODPS_LOC_ROUTE_PREFIX_CD,ODPS_LOC_ROUTE_SUFFIX_CD,ODPS_MILEPOST_REFERENCE,ODPS_MOTORCYCLE_IND,ODPS_REF_DIR_SUFFIX_CD,ODPS_REF_DIRECTION_CD,ODPS_REF_GIVEN,ODPS_REF_POINT_USED_CD,ODPS_REF_ROUTE_ID,ODPS_REF_ROUTE_PREFIX_CD,ODPS_REF_ROUTE_SUFFIX_CD,ODPS_REF_SUFFIX_CD,ODPS_SCHOOL_ZONE_IND,ODPS_SENIOR_DRIVER_IND,ODPS_SPEED_IND,ODPS_TOTAL_FATALITIES_NBR,ODPS_TYPE_OF_WORK_ZONE_CD,ODPS_WORK_ZONE_IND,OPER_ACCESS_CONTROL_CD,POSSIBLE_INJURIES_NBR,ROAD_COND_PRIMARY_CD,ROAD_CONTOUR_CD,SA_RAMP_ID,SA_SEGMENT_ID,SECONDARY_CRASH,STATE_TRUE_LOG_NBR,U1_AGE_NBR,U1_AT_FAULT_IND,U1_CONT_CIR_PRIMARY_CD,U1_DIRECTION_FROM_CD,U1_DIRECTION_TO_CD,U1_DISTRACTED_BY_1_CD,U1_GENDER_CD,U1_IS_ALCOHOL_SUSPECTED,U1_IS_MARIJUANA_SUSPECTED,U1_IS_OTHER_DRUG_SUSPECTED,U1_NON_MOTORIST_LOC_CD,U1_NUMBER_OF_THRU_LANES,U1_OBJECT_STRUCK,U1_ODPS_UNIT_NBR,U1_OPERATINGIN_AUTONOMOUS_MODE,U1_POSTED_SPEED_NBR,U1_PRECRASH_ACTION_CD,U1_SEQ_OF_EVENTS_1_CD,U1_SEQ_OF_EVENTS_2_CD,U1_SEQ_OF_EVENTS_3_CD,U1_SEQ_OF_EVENTS_4_CD,U1_SEQ_OF_EVENTS_5_CD,U1_SEQ_OF_EVENTS_6_CD,U1_SPECIAL_FUNCTION_CD,U1_TRAFFIC_CONTROL_CD,U1_TURN_CD,U1_TYPE_OF_UNIT_CD,U1_UNIT_SPEED_NBR,U2_AGE_NBR,U2_CONT_CIR_PRIMARY_CD,U2_DIRECTION_FROM_CD,U2_DIRECTION_TO_CD,U2_DISTRACTED_BY_1_CD,U2_GENDER_CD,U2_NON_MOTORIST_LOC_CD,U2_ODPS_UNIT_NBR,U2_POSTED_SPEED_NBR,U2_PRECRASH_ACTION_CD,U2_SEQ_OF_EVENTS_1_CD,U2_SEQ_OF_EVENTS_2_CD,U2_SEQ_OF_EVENTS_3_CD,U2_SEQ_OF_EVENTS_4_CD,U2_SEQ_OF_EVENTS_5_CD,U2_SEQ_OF_EVENTS_6_CD,U2_SPECIAL_FUNCTION_CD,U2_TRAFFIC_CONTROL_CD,U2_TURN_CD,U2_TYPE_OF_UNIT_CD,U2_UNIT_SPEED_NBR,U3_CONT_CIR_PRIMARY_CD,U3_ODPS_UNIT_NBR,U3_PRECRASH_ACTION_CD,U3_SEQ_OF_EVENTS_1_CD,U3_SEQ_OF_EVENTS_2_CD,U3_SEQ_OF_EVENTS_3_CD,U3_SEQ_OF_EVENTS_4_CD,U3_SEQ_OF_EVENTS_5_CD,U3_SEQ_OF_EVENTS_6_CD,U3_SPECIAL_FUNCTION_CD,U3_TRAFFIC_CONTROL_CD,U3_TYPE_OF_UNIT_CD,UNRESTRAIN_OCCUPANTS,WEATHER_COND_CD,V1,clean_Narrative,BERT_predictions,BERT_prediction_probabilities,RoBERTa_predictions,RoBERTa_predictions_probabilities,distilBERT_predictions,distilBERT_predictions_probabilities
279,279,186141866,"unit #2 was traveling w/b ir 275 in the middle of three lanes. unit #1 was traveling w/b ir 275 in the left of three lanes. the operator of unit #1 states that he began to lose control after hydroplaning. unit #1 spun clockwise, striking unit #2 causing unit #2 to spin. unit #1 was found at fault in the auto accident.",20186141866,2018,O,9/1/2018 0:00,8,SHAMIR00275**N,S,HAM,27.827,39.285943,-84.408942,71892,16885.0,9/8/2018 0:00,5,7,N,2.0,N,Y,1.0,14,0,,,,Y,27.602,SHAMIR00275**C,N,1,2.018E+12,1,9,N,3,0,2,SHARONVILLE,1,,Y,N,8.0,Y,0.0,,N,,N,SHARONVILLE,N,,0,,,,275,IR,,45.5,N,,,,2,,,,,N,N,N,0,0,N,1.0,0,2,1,,45551.0,N,45.427,56,Y,99,3,4,1,M,N,N,N,0,2,0,1,2,65,1,20,0,0,0,0,0,1,6,NT,3,65,46.0,1.0,3.0,4.0,1.0,F,,2.0,65.0,1.0,20.0,,,,,,1.0,6.0,NT,3.0,63.0,,,,,,,,,,,,,0,4,,"unit2 traveling middle three lanes . unit1 traveling left three lanes . operator unit1 states began lose control hydroplaning . unit1 spun clockwise , striking unit2 causing unit2 spin . unit1 found fault auto accident .",O,"[0.9996188879013062, 0.00035583783756010234, 2.5279961846536025e-05]",O,"[0.9997828602790833, 0.00020858892821706831, 8.53439087222796e-06]",O,"[1.0, 1.8656253814697266e-05, 1.4901161193847656e-06]"
280,280,186141902,"unit #1 was southbound on ir-71. unit #1 was in the middle lane and hydroplaned. unit #1 lost control, went off the left side, and struck a guardrail.",20186141902,2018,O,9/1/2018 0:00,3,SASDIR00071**N,S,ASD,8.223,40.860295,-82.25376,61756,99703.0,9/6/2018 0:00,13,5,N,2.0,Y,Y,1.0,7,0,,,,Y,8.22,SASDIR00071**C,N,1,03-0599-03,1,9,N,1,0,1,PERRY TOWNSHIP,1,,Y,N,6.0,Y,0.0,,N,,N,MONTGOMERY TOWNSHIP,N,,0,,,,71,IR,,187.0,N,,,,2,,,,,N,N,Y,0,0,N,1.0,0,2,1,,56622.0,N,186.95,30,Y,5,1,2,1,M,N,N,N,0,2,30,1,2,70,1,9,30,0,0,0,0,1,6,NT,3,70,,,,,,,,,,,,,,,,,,,,,,,,,,,,,,,,,,0,2,,"unit1 ir . unit1 middle hydroplaned . unit1 lost control , went left side , struck guardrail .",O,"[0.9984371066093445, 0.0014939481625333428, 6.887871859362349e-05]",C,"[0.43844079971313477, 0.5383720397949219, 0.023187153041362762]",O,"[0.966796875, 0.0305938720703125, 0.0020503997802734375]"
281,281,186141971,"at about 1358 hours on 9/8/18, unit #1 was traveling west on us 35 wb at approximately 30 mph and when on the ramp to i 75 sb started to hydroplane, hit brakes, and went off the left side of the roadway and collided with the concrete barrier.",20186141971,2018,O,9/1/2018 0:00,7,SMOTRA57200**C,S,MOT,0.036,39.747098,-84.206069,21000,99999.0,9/8/2018 0:00,13,7,N,4.0,Y,Y,2.0,13,0,70000.0,334e17c3-6537-4331-b9ac-8ad4ad42e421,a1579058-0280-4126-93a4-a3bb8c2cca90,N,0.036,SMOTRA57200**C,N,1,1809080040,4,9,,1,0,1,DAYTON,8,,N,Y,,N,0.0,RA,Y,,N,DAYTON,N,,0,,,,75,IR,,,N,,,,1,35,US,,,N,N,N,0,0,N,1.0,0,2,4,,,N,0.036,24,Y,99,1,2,1,F,N,N,N,0,2,35,1,2,35,1,9,35,0,0,0,0,1,6,NT,1,30,,,,,,,,,,,,,,,,,,,,,,,,,,,,,,,,,,0,4,,", unit1 traveling us approximately mph ramp started hydroplane , hit brakes , went left side roadway collided concrete barrier .",O,"[0.9999942779541016, 5.387984856497496e-06, 3.731003630491614e-07]",O,"[0.996743381023407, 0.0028512270655483007, 0.0004054233431816101]",O,"[1.0, 7.033348083496094e-06, 6.556510925292969e-07]"
282,282,186142064,"on 9/8/18 at 6:10 am driver of unit 1 stated that he was traveling in the left lane of 270 south. driver of unit 1 stated that as he approached the exit for morse rd unit 1 hydroplaned and spun off the road. unit 1 spun onto the right shoulder, struck the median barrier with its front end and then continued to spin and struck the median barrier with its rear end. unit 1 came to a final rest facing southeast on the right shoulder. unit 1 had disabling damage and was towed from the scene. driver of unit 1 stated that he did not have any injuries.",20186142064,2018,O,9/1/2018 0:00,6,SFRAIR00270**C,S,FRA,32.92,40.048152,-82.902345,18000,19234.0,9/8/2018 0:00,13,7,N,2.0,Y,Y,1.0,6,0,27900.0,,,Y,32.92,SFRAIR00270**C,N,3,180758796,1,9,N,1,0,1,COLUMBUS,1,N,Y,N,6.0,Y,0.038,,Y,,N,COLUMBUS,N,,0,,I 270 S,,270,IR,,,N,,,MORSE,1,,,,RD,N,N,N,0,0,N,1.0,0,2,1,,34871.0,N,32.92,22,Y,99,1,2,1,M,N,N,N,0,2,35,1,2,65,1,35,35,0,0,0,0,1,6,NT,1,62,,,,,,,,,,,,,,,,,,,,,,,,,,,,,,,,,,0,4,,": driver unit1 stated traveling left . driver unit1 stated approached exit morse unit1 hydroplaned spun . unit1 spun onto shoulder , struck median barrier front end continued spin struck median barrier rear end . unit1 came final rest facing shoulder . unit1 disabling damage towed scene . driver unit1 stated injuries .",O,"[0.9999992847442627, 5.974428631816409e-07, 7.679643942992698e-08]",O,"[1.0, 4.387564533914201e-09, 1.0385651540156804e-11]",O,"[1.0, 0.0, 0.0]"
283,283,186142092,unit 1 was traveling southbound on interstate 270 exiting to us 33 eastbound on exit ramp 46b. unit 1 lost control of the vehicle on the ramp sending the vehicle into the bushes of the road to the left into a ditch. the driver of unit 1 stated that she hydroplaned from the road.,20186142092,2018,O,9/1/2018 0:00,6,SFRARA25230**C,S,FRA,0.039,39.901296,-82.900472,18000,19234.0,9/9/2018 0:00,13,1,N,4.0,Y,Y,1.0,0,0,31100.0,052c89d3-9c82-4359-87dc-072468c21d22,03220ad4-b09b-4b13-bb29-0742d212c602,Y,0.039,SFRARA25230**C,N,4,180761242,1,9,,1,0,1,COLUMBUS,8,N,N,N,,Y,0.038,,Y,,N,COLUMBUS,N,S,0,,I270,HWY,270,IR,,46.0,N,E,,,2,,,,,N,N,N,0,0,N,1.0,0,2,4,,,N,0.039,18,Y,99,2,3,3,F,N,N,N,0,2,37,1,2,35,5,37,44,0,0,0,0,1,6,RT,1,30,,,,,,,,,,,,,,,,,,,,,,,,,,,,,,,,,,0,4,,unit1 traveling interstate exiting us exit ramp 46b . unit1 lost control vehicle ramp sending vehicle bushes left ditch . driver unit1 stated hydroplaned .,O,"[0.7689346671104431, 0.22981683909893036, 0.001248490414582193]",C,"[0.29393136501312256, 0.6972625255584717, 0.008806053549051285]",O,"[1.0, 5.364418029785156e-07, 5.960464477539063e-08]"
284,284,186142104,driver of unit 2 stated she was eastbound ir-270 passing ir-71 when unit 1 hydroplaned on the wet roadway and went into a spin as it was attempting to merge onto ir-270 eastbound from ir-71 northbound. unit 2 spun several times and struck the front right side of her vehicle. the drivers got out and agreed to pull of so they could call police and exchange information in a safe location. instead of following the driver of unit 2 the driver of unit 1 continued eastbound od ir-270 and did not return.,20186142104,2018,O,9/1/2018 0:00,6,SFRARA25295**C,S,FRA,0.282,40.109607,-82.973967,18000,19234.0,9/8/2018 0:00,19,7,N,4.0,N,Y,1.0,21,0,29100.0,eaf1a08a-b242-4bba-8fc9-b2f44735915c,7884fe71-1b00-4f2a-bb9b-7ce0e075a0f7,Y,0.282,SFRARA25295**C,N,3,180760837,1,9,,2,0,2,COLUMBUS,7,E,N,N,,Y,0.038,RA,N,,N,COLUMBUS,N,,0,,,,270,IR,,,N,,,,1,71,IR,,,N,N,N,0,0,N,1.0,0,2,3,,,N,0.282,0,Y,99,2,3,1,M,N,N,N,0,2,0,1,2,65,8,20,0,0,0,0,0,1,6,RT,3,55,33.0,1.0,4.0,3.0,1.0,F,,2.0,65.0,1.0,20.0,,,,,,1.0,6.0,NT,1.0,60.0,,,,,,,,,,,,,0,4,,driver unit2 stated ir passing ir unit1 hydroplaned wet roadway went spin attempting merge onto ir ir . unit2 spun several times struck front side vehicle . drivers got agreed pull could call police exchange information safe location . instead following driver unit2 driver unit1 continued od ir return .,C,"[0.2959255278110504, 0.6900909543037415, 0.013983537442982197]",O,"[0.9999977350234985, 2.2926983547222335e-06, 1.3744937410464786e-09]",O,"[1.0, 0.0002779960632324219, 1.2993812561035156e-05]"
285,285,186142615,"unit 1, traveling northbound on us 127, was stopped on us 127 at the intersection of monroe road awaiting another vehicle in front of unit 1 to turn left when unit 2, traveling northbound on us 127 behind unit 1, hydroplaned when attempting to stop and struck unit 1 in rear. the passenger of unit 1 and the driver of unit 2 had possible injuries, but all refused a squad.",20186142615,2018,AB,9/1/2018 0:00,7,SMERUS00127**C,S,MER,12.071,40.527368,-84.577185,38724,99712.0,9/8/2018 0:00,2,7,N,2.0,N,N,4.0,14,0,,c4a8fd34-0832-434b-b9ea-f25c7be3cb95,7e2f5fa3-5f09-48e5-8d50-e59b542159ac,N,12.071,SMERUS00127**C,N,1,000000018-2918,1,9,,2,1,2,JEFFERSON TOWNSHIP,2,,N,Y,2.0,Y,0.0,TR,Y,,N,JEFFERSON TOWNSHIP,N,,0,,,,127,US,,,N,,,MONROE,1,126,TR,,RD,N,N,N,0,0,N,3.0,1,2,1,,264799.0,N,105.407,19,Y,8,2,1,1,F,N,N,N,0,2,0,2,2,55,1,20,0,0,0,0,0,1,6,NT,1,25,34.0,1.0,2.0,1.0,1.0,M,,1.0,55.0,11.0,20.0,,,,,,1.0,6.0,NT,1.0,,,,,,,,,,,,,,1,2,,"unit1 , traveling us , stopped us intersection monroe awaiting another vehicle front unit1 turn left unit2 , traveling us behind unit1 , hydroplaned attempting stop struck unit1 rear . passenger unit1 driver unit2 possible injuries , refused squad .",C,"[1.2189065046186442e-07, 0.9999997615814209, 1.2529253012871777e-07]",C,"[8.273921281443108e-08, 0.9999992847442627, 6.350539933919208e-07]",C,"[2.3245811462402344e-06, 1.0, 1.1920928955078125e-07]"
286,286,186142961,vehicle #1 was traveling north on i 75. vehicle #1 drove through standing water and began hydroplaning which cause it to skid off the highway and strike a light post. no damage noted to the light pole.,20186142961,2018,AB,9/1/2018 0:00,8,SHAMIR00075**C,S,HAM,2.685,39.126386,-84.534467,15000,16885.0,9/8/2018 0:00,13,7,N,2.0,Y,Y,1.0,14,1,,c86fcbdc-9c2e-4c6b-90ce-867938f723f3,3a19c3db-e171-47c3-9e06-23cea10b4c88,Y,2.685,SHAMIR00075**C,N,1,185012631,1,9,N,0,0,1,CINCINNATI,1,,Y,N,8.0,Y,0.0,,N,,N,CINCINNATI,N,,0,,,,75,IR,,2.6,N,,,,2,,,,,N,Y,Y,0,0,N,1.0,1,2,1,,45350.0,N,2.685,78,Y,99,2,1,1,M,N,N,N,0,2,39,1,2,55,1,9,39,0,0,0,0,1,6,NT,1,60,,,,,,,,,,,,,,,,,,,,,,,,,,,,,,,,,,0,4,,vehicle traveling . vehicle drove standing water began hydroplaning cause skid strike light post . damage noted light pole .,O,"[0.9999998807907104, 1.4007044057962048e-07, 2.1487299051159425e-08]",O,"[1.0, 1.0836788133516961e-09, 1.364017579441601e-11]",O,"[1.0, 0.0, 0.0]"
287,287,186142966,"unit #2 traveling north bound on daly road to west bound on hollywood drive. unit #1 traveling north bound on daly road. unit #2 was stopped at the intersection attempting to turn left. unit #1, did not leave enough room for weather conditions, attempted to stop and hydroplaned into the rear of unit #2. accident occurred at 6479 daly road.",20186142966,2018,O,9/1/2018 0:00,8,CHAMCR00220**C,C,HAM,0.383,39.20763,-84.53183,15000,16885.0,9/8/2018 0:00,2,7,N,,N,N,5.0,14,0,,73ec6e0d-f66e-488a-9bdf-b9102e1392f0,ef2301d5-d1f9-45c5-a271-1f67bce7327f,N,0.383,CHAMCR00220**C,N,1,185012629,4,9,,2,0,2,CINCINNATI,2,,N,Y,4.0,N,0.0,,N,6479,N,CINCINNATI,N,,0,,DALY,RD,,,,,N,,,,3,,,,,N,N,N,0,0,N,,0,2,2,,27691.0,N,0.383,29,Y,8,2,1,1,M,N,N,N,0,2,0,1,2,35,1,20,0,0,0,0,0,1,2,NT,1,35,62.0,1.0,2.0,4.0,1.0,F,,2.0,35.0,6.0,20.0,,,,,,1.0,2.0,LT,3.0,2.0,,,,,,,,,,,,,0,4,,"unit2 traveling daly hollywood . unit1 traveling daly . unit2 stopped intersection attempting turn left . unit1 , leave enough room weather conditions , attempted stop hydroplaned rear unit2 . accident occurred daly .",O,"[0.9999985694885254, 1.2537395832623588e-06, 9.791786936830249e-08]",O,"[0.9874147772789001, 0.011780044063925743, 0.000805152696557343]",O,"[1.0, 1.1920928955078125e-07, 0.0]"
288,288,186142976,"unit #1 traveling west bound on i-74 exit ramp to south bound on montana avenue. while slowing to make a left turn, unit #1 hydroplaned on the road, ran off road to the right and struck a utility pole at 2651 putz place. unit #1 suffered a flat tire and was towed by a.a.a.. utility pole suffered minor if any damage. utility pole is property of duke energy, however there was no visible plate number on the pole. the pole that was struck has the power with for the intersection lights and both street signs on it.",20186142976,2018,O,9/1/2018 0:00,8,MHAMMR00421**C,M,HAM,0.051,39.158453,-84.567506,15000,16885.0,9/9/2018 0:00,13,1,N,,Y,N,7.0,6,0,,edeb06b7-cbbd-42d8-9854-eb2cde77b2b4,44fcaecd-6357-4178-b5f4-c0c3affeaa0a,N,0.051,MHAMMR00421**C,N,3,185012679,4,9,,1,0,1,CINCINNATI,2,,N,Y,2.0,N,0.0,,N,2651,N,CINCINNATI,N,,0,,PUTZ,PL,,,,,N,,,,3,,,,,N,Y,N,0,0,N,,0,2,2,,84918.0,N,0.051,65,Y,99,3,2,1,M,N,N,N,0,2,40,1,2,35,6,8,40,0,0,0,0,1,2,LT,3,20,,,,,,,,,,,,,,,,,,,,,,,,,,,,,,,,,,0,4,,"unit1 traveling exit ramp montana . slowing make left turn , unit1 hydroplaned , ran struck utility pole putz . unit1 suffered flat tire towed a.a.a .. utility pole suffered minor damage . utility pole property duke energy , however visible plate number pole . pole struck power intersection lights signs .",C,"[0.37132352590560913, 0.5390936136245728, 0.0895829126238823]",C,"[0.14654769003391266, 0.8459807634353638, 0.007471601013094187]",O,"[1.0, 0.0002675056457519531, 1.621246337890625e-05]"
289,289,186143005,"unit 1 traveling northbound on elberon av, hydroplaned and crossed the center line striking unit 2, traveling southbound.",20186143005,2018,O,9/1/2018 0:00,8,CHAMCR00718**C,C,HAM,0.791,39.095825,-84.563948,15000,16885.0,9/9/2018 0:00,1,1,N,,N,N,4.0,12,0,,a5e2a8a1-4321-4e04-b776-00daa5f2e4c2,d06b16a2-ddfa-4e86-9a2f-8f58c7a132e2,N,0.791,CHAMCR00718**C,N,1,185012688,4,9,,2,0,2,CINCINNATI,1,,N,N,4.0,N,0.0,,N,300,N,CINCINNATI,Y,,0,,ELBERON,AVE,,,,,N,,,,3,,,,,N,N,N,0,0,N,,0,2,2,,34799.0,N,0.791,34,Y,7,2,1,1,M,N,N,N,0,2,0,1,2,35,13,20,0,0,0,0,0,1,6,NT,1,35,58.0,1.0,1.0,2.0,1.0,F,,2.0,,1.0,20.0,,,,,,2.0,6.0,NT,1.0,,,,,,,,,,,,,,0,4,,"unit1 traveling elberon , hydroplaned crossed center line striking unit2 , traveling .",O,"[0.6538100242614746, 0.29876500368118286, 0.04742499068379402]",C,"[0.08567212522029877, 0.881532609462738, 0.032795313745737076]",O,"[1.0, 0.0004444122314453125, 2.9325485229492188e-05]"
290,290,186143021,"unit #1 was traveling south on southbound ir75 in the right lane, and when negotiating the curve hydroplaned on standing water, causing unit#1 to go right off the roadway, and striking a concrete barrier.",20186143021,2018,O,9/1/2018 0:00,7,SMOTIR00075**N,S,MOT,16.101,39.802907,-84.189436,33922,22528.0,9/8/2018 0:00,13,7,N,2.0,Y,Y,1.0,6,0,70350.0,,,Y,16.078,SMOTIR00075**C,N,3,MC180007506,1,9,N,1,0,1,HARRISON TOWNSHIP,1,,Y,N,6.0,Y,0.0,,N,,N,HARRISON TOWNSHIP,N,,0,,,,75,IR,,57.0,N,,,,2,,,,,N,N,Y,0,0,N,1.0,0,2,3,,56770.0,N,57.071,36,Y,1,1,2,1,M,N,N,N,0,2,35,1,2,55,13,35,0,0,0,0,0,1,6,NT,4,60,,,,,,,,,,,,,,,,,,,,,,,,,,,,,,,,,,0,4,,"unit1 traveling , negotiating curve hydroplaned standing water , causing unit1 go roadway , striking concrete barrier .",O,"[0.9999864101409912, 1.2866364158981014e-05, 7.609228305227589e-07]",O,"[0.9964007139205933, 0.003457091050222516, 0.00014216566341929138]",O,"[1.0, 0.00013136863708496094, 1.341104507446289e-05]"
291,291,186143030,"unit 1 states he entered i-90 wb and began merging lanes to get into lane #1. unit 1 stated he began to hydroplane and struck the concrete median then slid across four lanes of traffic and struck the guardrail face. unit 1 was transported to the hospital. the guardrail is owned by odot 5500 transportation blvd. garfield heights, oh 44125.",20186143030,2018,C,9/1/2018 0:00,12,SCUYIR00090**N,S,CUY,26.799,41.582649,-81.537558,25704,17668.0,9/9/2018 0:00,13,1,N,2.0,Y,Y,1.0,17,0,17700.0,fdb7182f-280e-4d07-931e-9416cf94267a,77d84762-2724-45c3-a61d-518cd69734ec,Y,26.907,SCUYIR00090**C,N,1,1891072,1,9,N,0,0,1,EUCLID,1,W,Y,N,8.0,Y,0.004,,N,,N,EUCLID,N,,0,,,HWY,90,IR,,182.8,N,,,,2,,,,,N,N,N,0,0,N,1.0,1,2,2,,47209.0,N,182.618,47,Y,1,3,4,1,M,N,N,N,0,2,35,1,2,60,3,35,30,0,0,0,0,1,6,NT,1,60,,,,,,,,,,,,,,,,,,,,,,,,,,,,,,,,,,0,4,,"unit1 states entered began merging lanes get . unit1 stated began hydroplane struck concrete median slid across four lanes traffic struck guardrail face . unit1 transported hospital . guardrail owned odot transportation . garfield heights , oh .",C,"[1.627417873351078e-06, 0.9999732971191406, 2.5077244572457857e-05]",C,"[8.549712219974026e-06, 0.9999904632568359, 9.361369279758947e-07]",C,"[6.556510925292969e-06, 1.0, 1.7344951629638672e-05]"
292,292,186143096,"upon arrival i made contact with unit 01. unit 01 stated he was traveling eastbound on st rt 56. he said he hydroplaned, ran off the right side of the road, and struck a mailbox. after striking the mailbox unit 01 drove approximately 50 yards through a bean field.",20186143096,2018,O,9/1/2018 0:00,6,SPICSR00056**C,S,PIC,25.718,39.541618,-82.847754,62484,99999.0,9/9/2018 0:00,13,1,N,2.0,Y,N,5.0,19,0,,,,N,25.718,SPICSR00056**C,N,1,AC09180016,1,9,,1,0,1,PICKAWAY TOWNSHIP,1,E,N,N,2.0,Y,0.004,,N,9784,N,SALTCREEK TOWNSHIP,N,,0,,,,56,,,,N,,,,3,,,,,N,N,N,0,0,N,3.0,0,2,1,,185557.0,N,59.516,30,Y,99,4,3,1,M,N,N,N,0,2,47,1,2,55,1,8,47,0,0,0,0,1,6,NT,1,55,,,,,,,,,,,,,,,,,,,,,,,,,,,,,,,,,,0,4,,"upon arrival made contact unit1 . unit1 stated traveling . said hydroplaned , ran side , struck mailbox . striking mailbox unit1 drove approximately yards bean field .",O,"[0.9999995231628418, 3.696992791901721e-07, 6.188697199149829e-08]",O,"[0.9999964237213135, 3.529677996993996e-06, 6.256014373207108e-09]",O,"[1.0, 1.1920928955078125e-07, 0.0]"
293,293,186143505,both units were traveling west on i76 to east on i277. unit 2 hydroplaned in the left lane and struck unit 1 who was in the right lane. unit 2 then spun around and ended up reverse to traffic next to the median wall.,20186143505,2018,O,9/1/2018 0:00,4,SSUMRA77039**C,S,SUM,0.007,41.036853,-81.565552,1000,99999.0,9/9/2018 0:00,5,1,N,4.0,N,Y,1.0,8,0,84000.0,b10acc4d-97ef-4e3f-8da9-3e41673604db,d0a2b916-7794-480e-a809-27dc2acff1f5,Y,0.007,SSUMRA77039**C,N,1,T18005538,1,9,,2,0,2,AKRON,8,,N,N,,Y,0.0,IR,N,,N,AKRON,N,,0,,,,76,IR,,,N,W,,,1,224,US,,,N,Y,N,0,0,N,1.0,0,2,4,,,N,0.007,76,Y,99,1,2,1,M,N,N,N,0,2,0,2,2,55,1,20,0,0,0,0,0,1,6,NT,1,45,43.0,1.0,1.0,2.0,1.0,M,,1.0,55.0,1.0,20.0,,,,,,1.0,6.0,NT,1.0,45.0,,,,,,,,,,,,,0,4,,units traveling . unit2 hydroplaned left struck unit1 . unit2 spun around ended reverse traffic next median wall .,C,"[0.38044679164886475, 0.588582456111908, 0.03097073920071125]",O,"[0.685682475566864, 0.3134271502494812, 0.0008903528796508908]",C,"[0.4287109375, 0.55126953125, 0.020263671875]"
294,294,186143511,"property: guardrail located at us35 eb and mm 43 property owner: state of ohio department of transportation owner address: 1980 w. broad st. columbus, oh 43223 owner phone number: 614-466-7170 investigation: unit #1 was traveling eastbound on us35 eb near mm 43, when he began hydroplaning as a result of heavy rain, and began spinning out of control. unit #1 collided into the guardrail with his driver's side front bumper and then spun around and struck the guardrail again with his rear driver's side bumper before coming to a stop. unit 1 was traveling eastbound on us35 near mm 43 when they failed to maintain reasonable control of their vehicle and began spinning out of control, while striking the guardrail.",20186143511,2018,O,9/1/2018 0:00,8,SGREUS00035**C,S,GRE,1.965,39.727667,-84.069464,4720,22528.0,9/7/2018 0:00,13,6,N,2.0,Y,Y,2.0,23,0,36500.0,,,N,1.965,SGREUS00035**C,N,4,2018-00023568,4,9,N,1,0,1,BEAVERCREEK,1,,Y,N,4.0,N,0.0,,N,,N,BEAVERCREEK,N,,0,,,,35,US,,43.0,N,,,,2,,,,,N,N,N,0,0,N,1.0,0,2,4,,264659.0,N,43.028,27,Y,99,4,3,1,M,N,N,N,0,2,30,1,2,55,1,30,0,0,0,0,0,1,6,NT,4,55,,,,,,,,,,,,,,,,,,,,,,,,,,,,,,,,,,0,4,,"property : guardrail located mm property owner : state ohio department transportation owner address : broad columbus , oh owner phone number : investigation : unit1 traveling near mm , began hydroplaning result heavy rain , began spinning control . unit1 collided guardrail driver 's side front bumper spun around struck guardrail rear driver 's side bumper coming stop . unit1 traveling near mm failed maintain reasonable control vehicle began spinning control , striking guardrail .",C,"[0.09667809307575226, 0.8887918591499329, 0.01453002355992794]",O,"[0.9861618280410767, 0.0122377322986722, 0.001600470277480781]",O,"[1.0, 2.562999725341797e-06, 2.384185791015625e-07]"