,id,OBJECTID,Narrative,DOCUMENT_NBR,CRASH_YR,CRASH_SEVERITY_CD,CRASH_MONTH_YEAR,DISTRICT_NBR,NLFID,NLF_JUR_CD,NLF_COUNTY_CD,COUNTY_LOG_NBR,ODOT_LATITUDE_NBR,ODOT_LONGITUDE_NBR,ODOT_FIPS_CD,AREA_CODE,CRASH_DATE,CRASH_TYPE_CD,DAY_IN_WEEK_CD,DISTRACTED_DRIVER_IND,FACILITY_TYPE_CD,FHWA_RDWY_DEPARTURE_IND,FREEWAY_IND,FUNCTIONAL_CLASS_CD,HOUR_OF_CRASH,INCAPAC_INJURIES_NBR,INTERCHANGE_ID,INTERSECTION_ID_CURRENT,INTERSECTION_LEG_ID,INTERSTATE_IND,INV_LOG_NBR,INV_NLFID,IS_COMMERCIAL_RELATED,LIGHT_COND_PRIMARY_CD,LOCAL_REPORT_NUMBER_ID,MAINTENANCE_AUTHORITY_CD,MONTH_OF_CRASH,NHS_CD,NO_INJURY_REPORTED_NBR,NON_INCAPAC_INJURIES_NBR,NUMBER_OF_UNITS_NBR,ODOT_CITY_VILLAGE_TWP_NME,ODOT_CRASH_LOCATION_CD,ODOT_DIR_FROM_REF_CD,ODOT_DIV_UNDIV_IND,ODOT_INTERSECTION_REL_IND,ODOT_LANES_NBR,ODOT_MAINTAINED_HWY_IND,ODOT_MILES_FROM_REF_NBR,ODOT_REF_ROUTE_PREFIX_CD,ODOT_YOUNG_DRIVER_IND,ODPS_ADDRESS_REFERENCE,ODPS_ALCOHOL_IND,ODPS_CITY_VILLAGE_TWP_NME,ODPS_DRUG_IND,ODPS_LOC_DIR_SUFFIX_CD,ODPS_LOC_IN_WORK_ZONE_CD,ODPS_LOC_ROAD_DIRECTION_CD,ODPS_LOC_ROAD_NME,ODPS_LOC_ROAD_SUFFIX_CD,ODPS_LOC_ROUTE_ID,ODPS_LOC_ROUTE_PREFIX_CD,ODPS_LOC_ROUTE_SUFFIX_CD,ODPS_MILEPOST_REFERENCE,ODPS_MOTORCYCLE_IND,ODPS_REF_DIR_SUFFIX_CD,ODPS_REF_DIRECTION_CD,ODPS_REF_GIVEN,ODPS_REF_POINT_USED_CD,ODPS_REF_ROUTE_ID,ODPS_REF_ROUTE_PREFIX_CD,ODPS_REF_ROUTE_SUFFIX_CD,ODPS_REF_SUFFIX_CD,ODPS_SCHOOL_ZONE_IND,ODPS_SENIOR_DRIVER_IND,ODPS_SPEED_IND,ODPS_TOTAL_FATALITIES_NBR,ODPS_TYPE_OF_WORK_ZONE_CD,ODPS_WORK_ZONE_IND,OPER_ACCESS_CONTROL_CD,POSSIBLE_INJURIES_NBR,ROAD_COND_PRIMARY_CD,ROAD_CONTOUR_CD,SA_RAMP_ID,SA_SEGMENT_ID,SECONDARY_CRASH,STATE_TRUE_LOG_NBR,U1_AGE_NBR,U1_AT_FAULT_IND,U1_CONT_CIR_PRIMARY_CD,U1_DIRECTION_FROM_CD,U1_DIRECTION_TO_CD,U1_DISTRACTED_BY_1_CD,U1_GENDER_CD,U1_IS_ALCOHOL_SUSPECTED,U1_IS_MARIJUANA_SUSPECTED,U1_IS_OTHER_DRUG_SUSPECTED,U1_NON_MOTORIST_LOC_CD,U1_NUMBER_OF_THRU_LANES,U1_OBJECT_STRUCK,U1_ODPS_UNIT_NBR,U1_OPERATINGIN_AUTONOMOUS_MODE,U1_POSTED_SPEED_NBR,U1_PRECRASH_ACTION_CD,U1_SEQ_OF_EVENTS_1_CD,U1_SEQ_OF_EVENTS_2_CD,U1_SEQ_OF_EVENTS_3_CD,U1_SEQ_OF_EVENTS_4_CD,U1_SEQ_OF_EVENTS_5_CD,U1_SEQ_OF_EVENTS_6_CD,U1_SPECIAL_FUNCTION_CD,U1_TRAFFIC_CONTROL_CD,U1_TURN_CD,U1_TYPE_OF_UNIT_CD,U1_UNIT_SPEED_NBR,U2_AGE_NBR,U2_CONT_CIR_PRIMARY_CD,U2_DIRECTION_FROM_CD,U2_DIRECTION_TO_CD,U2_DISTRACTED_BY_1_CD,U2_GENDER_CD,U2_NON_MOTORIST_LOC_CD,U2_ODPS_UNIT_NBR,U2_POSTED_SPEED_NBR,U2_PRECRASH_ACTION_CD,U2_SEQ_OF_EVENTS_1_CD,U2_SEQ_OF_EVENTS_2_CD,U2_SEQ_OF_EVENTS_3_CD,U2_SEQ_OF_EVENTS_4_CD,U2_SEQ_OF_EVENTS_5_CD,U2_SEQ_OF_EVENTS_6_CD,U2_SPECIAL_FUNCTION_CD,U2_TRAFFIC_CONTROL_CD,U2_TURN_CD,U2_TYPE_OF_UNIT_CD,U2_UNIT_SPEED_NBR,U3_CONT_CIR_PRIMARY_CD,U3_ODPS_UNIT_NBR,U3_PRECRASH_ACTION_CD,U3_SEQ_OF_EVENTS_1_CD,U3_SEQ_OF_EVENTS_2_CD,U3_SEQ_OF_EVENTS_3_CD,U3_SEQ_OF_EVENTS_4_CD,U3_SEQ_OF_EVENTS_5_CD,U3_SEQ_OF_EVENTS_6_CD,U3_SPECIAL_FUNCTION_CD,U3_TRAFFIC_CONTROL_CD,U3_TYPE_OF_UNIT_CD,UNRESTRAIN_OCCUPANTS,WEATHER_COND_CD,V1,clean_Narrative,BERT_predictions,BERT_prediction_probabilities,RoBERTa_predictions,RoBERTa_predictions_probabilities,distilBERT_predictions,distilBERT_predictions_probabilities
295,295,186143528,driver of unit 01 stated that he went to turn and his vehicle hydroplaned and he landed in the ditch.,20186143528,2018,O,9/1/2018 0:00,8,SCLISR00380**C,S,CLI,1.149,39.450833,-83.940275,226,99999.0,9/7/2018 0:00,13,6,N,2.0,Y,N,5.0,21,0,,33ffdb48-7824-4ece-b920-bbd29fe9bf2b,861dc54a-12ad-497a-815d-84d5a59e4237,N,1.149,SCLISR00380**C,N,3,18-136,1,9,,1,0,1,ADAMS TOWNSHIP,1,,N,N,2.0,Y,0.0,,Y,1228,N,ADAMS TOWNSHIP,N,,0,,,,380,SR,,,N,,,,3,,,,,N,N,Y,0,0,N,3.0,0,2,4,,195475.0,N,1.149,18,Y,5,1,2,1,M,N,N,N,0,2,44,1,2,55,13,8,44,0,0,0,0,1,6,NT,1,60,,,,,,,,,,,,,,,,,,,,,,,,,,,,,,,,,,0,4,,driver unit1 stated went turn vehicle hydroplaned landed ditch .,O,"[0.9999980926513672, 1.6166853811228066e-06, 2.428051288916322e-07]",O,"[0.9255331158638, 0.07256007194519043, 0.0019068751716986299]",O,"[1.0, 2.980232238769531e-07, 5.960464477539063e-08]"
296,296,186143765,"unit #1 was traveling n/b at 7200 reading rd, unit #1 states vehicle hydroplaned due to weather, unit #1 came in to the intersection and struck unit #2 in the left front driver side. no injuries reported.",20186143765,2018,O,9/1/2018 0:00,8,SHAMUS00042**C,S,HAM,8.59,39.192875,-84.461116,15000,16885.0,9/7/2018 0:00,6,6,N,2.0,N,N,3.0,18,0,,bad7bc6a-61a8-48d3-ac65-76b730ffa4f0,0a8c4cf2-cf00-442d-a778-6a35fb63af6d,N,8.59,SHAMUS00042**C,N,1,185012596,4,9,,2,0,2,CINCINNATI,2,,N,Y,4.0,N,0.0,,N,7200,N,CINCINNATI,N,,0,,READING,RD,,,,,N,,,,3,,,,,N,N,N,0,0,N,3.0,0,2,1,,285749.0,N,8.59,30,Y,8,2,1,1,M,N,N,N,0,2,0,1,2,35,1,20,0,0,0,0,0,1,2,NT,1,10,37.0,1.0,3.0,2.0,1.0,F,,2.0,35.0,6.0,20.0,,,,,,1.0,2.0,LT,3.0,5.0,,,,,,,,,,,,,0,4,,"unit1 traveling reading , unit1 states vehicle hydroplaned due weather , unit1 came intersection struck unit2 left front driver side . injuries reported .",O,"[0.9999998807907104, 8.048034771945822e-08, 2.0236837983134137e-08]",O,"[1.0, 3.478351162655713e-09, 1.5566453291301907e-12]",O,"[1.0, 0.0, 0.0]"
297,297,186143795,"unit #1 was traveling westbound on sr 161, west of us 62/johnstown rd. unit #1 failed to control, hydroplaned, ran off the roadway to the right and struck a city fence.",20186143795,2018,O,9/1/2018 0:00,6,SFRASR00161**N,S,FRA,20.392,40.091505,-82.823034,18000,19234.0,9/6/2018 0:00,13,5,N,2.0,Y,Y,2.0,12,0,33900.0,,,N,20.391,SFRASR00161**C,N,1,2018-00010259,4,9,N,1,0,1,COLUMBUS,1,W,Y,N,4.0,N,0.023,,Y,,N,NEW ALBANY,N,,0,,STATE ROUTE 161 W,,161,SR,,,N,,,JOHNSTOWN,1,,,,RD,N,N,N,0,0,N,1.0,0,2,3,,156586.0,N,45.61,21,Y,99,3,4,1,F,N,N,N,0,2,46,1,2,65,1,8,46,0,0,0,0,1,6,NT,1,50,,,,,,,,,,,,,,,,,,,,,,,,,,,,,,,,,,0,4,,"unit1 traveling , us johnstown unit1 failed control , hydroplaned , ran roadway struck city fence .",O,"[0.9904532432556152, 0.008531395345926285, 0.001015407033264637]",O,"[0.8381131887435913, 0.1521001011133194, 0.009786712005734444]",O,"[0.9990234375, 0.0006284713745117188, 4.571676254272461e-05]"
298,298,186143807,"unit # 1 was traveling north from i -71 and took the exit ramp to reading rd. unit #1 failed to control vehicle and began hydroplaning, striking unit #2 who was traveling north bound reading rd.",20186143807,2018,C,9/1/2018 0:00,8,SHAMUS00042**C,S,HAM,2.323,39.113198,-84.502431,15000,16885.0,9/8/2018 0:00,18,7,N,2.0,N,N,3.0,19,0,38500.0,ede7fb7a-f03d-42e7-93f2-65e7ab701414,882b38b9-5596-48d1-859b-2f30c28dc659,N,2.323,SHAMUS00042**C,N,3,185012652,4,9,7,2,0,2,CINCINNATI,4,,N,Y,4.0,N,0.0,,Y,1900,N,CINCINNATI,N,,0,,READING,RD,,,,,N,,,,3,,,,,N,N,N,0,0,N,3.0,1,2,2,,275957.0,N,2.323,46,Y,99,2,6,1,M,N,N,N,0,2,0,1,2,25,13,20,0,0,0,0,0,1,6,LT,2,25,24.0,1.0,2.0,1.0,1.0,M,,2.0,25.0,1.0,20.0,,,,,,1.0,6.0,NT,1.0,25.0,,,,,,,,,,,,,0,4,,"unit1 traveling took exit ramp reading unit1 failed control vehicle began hydroplaning , striking unit2 traveling reading .",O,"[0.9998055100440979, 0.00018244649982079864, 1.2081176464562304e-05]",O,"[0.999579131603241, 0.00038456323090940714, 3.631251456681639e-05]",O,"[1.0, 2.384185791015625e-07, 0.0]"
299,299,186143816,"unit #1 was traveling southbound on sr 8 in the middle lane when it hydroplaned losing control, ran off the roadway right, and struck a fence. unit #1 sustained damage to the rear of the vehicle. it was towed by interstate towing. no injuries were reported. damage was done to the fence, which is owned by odot.",20186143816,2018,O,9/1/2018 0:00,4,SSUMSR00008**N,S,SUM,11.063,41.208452,-81.4858,36651,766.0,9/9/2018 0:00,13,1,N,2.0,Y,Y,2.0,20,0,,,,N,11.063,SSUMSR00008**C,N,4,20182936,4,9,N,2,0,1,HUDSON,1,,Y,N,6.0,N,0.0,,Y,,N,HUDSON,N,,0,,,,8,SR,,11.2,N,,,,2,,,,,N,N,N,0,0,N,1.0,0,2,1,,326872.0,N,11.063,21,Y,99,1,2,1,F,N,N,N,0,2,46,1,2,65,1,8,46,0,0,0,0,1,6,NT,1,60,,,,,,,,,,,,,,,,,,,,,,,,,,,,,,,,,,0,4,,"unit1 traveling middle hydroplaned losing control , ran roadway , struck fence . unit1 sustained damage rear vehicle . towed interstate towing . injuries reported . damage done fence , owned odot .",O,"[0.9999998807907104, 1.1818894307680239e-07, 2.5344027321239082e-08]",O,"[1.0, 3.901130529726515e-09, 4.96347277514908e-12]",O,"[1.0, 1.7881393432617188e-07, 0.0]"
300,300,186143818,unit 1 was southbound at the 7.9mm. unit 1 hydroplaned and ran off road right striking a concrete bridge post causing damage to unit 1.,20186143818,2018,O,9/1/2018 0:00,8,SHAMIR00075**N,S,HAM,7.888,39.175447,-84.488725,15000,16885.0,9/8/2018 0:00,13,7,N,2.0,Y,Y,1.0,23,0,,,,Y,7.962,SHAMIR00075**C,N,3,185012664,1,9,N,1,0,1,CINCINNATI,1,,Y,N,6.0,Y,0.0,,Y,,N,CINCINNATI,N,,0,,,,75,IR,,7.9,N,,,,2,,,,,N,N,N,0,0,N,1.0,0,2,4,,56737.0,N,7.888,19,Y,99,1,2,1,F,N,N,N,0,2,35,1,2,65,1,8,35,0,0,0,0,1,6,NT,1,65,,,,,,,,,,,,,,,,,,,,,,,,,,,,,,,,,,0,4,,unit1 .9mm . unit1 hydroplaned ran striking concrete bridge post causing damage unit1 .,O,"[0.9999996423721313, 3.6021614846504235e-07, 5.763397581404206e-08]",O,"[0.9322294592857361, 0.06690717488527298, 0.0008633346296846867]",O,"[1.0, 0.0, 0.0]"
301,301,186144203,unit 1 was traveling west on i-480 in the right lane appoaching warrensville road . unit driver states the car began to hydroplane and ended up sliding across three lanes and the shoulder. unit 1 front bumper struck the cement median and then spun around counter clockwise striking the right rear area.,20186144203,2018,C,9/1/2018 0:00,12,SCUYIR00480**N,S,CUY,23.857,41.424919,-81.53727,80990,17668.0,9/9/2018 0:00,13,1,N,2.0,Y,Y,1.0,14,0,20600.0,,,Y,23.89,SCUYIR00480**C,N,1,20183463,1,9,N,0,0,1,WARRENSVILLE HEIGHTS,1,,Y,N,7.0,Y,0.0,,N,,N,WARRENSVILLE HEIGHTS,N,,0,,I 480 W,,480,IR,,,N,,,WARRENSVILLE CENTER,1,,,,RD,N,N,N,0,0,N,1.0,1,2,1,,54083.0,N,26.161,60,Y,99,3,4,1,F,N,N,N,0,2,35,1,2,60,1,9,35,0,0,0,0,1,6,NT,1,60,,,,,,,,,,,,,,,,,,,,,,,,,,,,,,,,,,0,4,,unit1 traveling appoaching warrensville . unit driver states car began hydroplane ended sliding across three lanes shoulder . unit1 front bumper struck cement median spun around counter clockwise striking rear area .,O,"[0.9979810118675232, 0.0019256877712905407, 9.324008715339005e-05]",O,"[0.8443162441253662, 0.15509508550167084, 0.0005885913269594312]",C,"[0.28955078125, 0.611328125, 0.09912109375]"
302,302,186144358,"unit failed to control vehicle in rain storm, hydroplaned, spun 3 times and went off the right side of the road striking a flower pot. station report",20186144358,2018,O,9/1/2018 0:00,8,SHAMUS00022**C,S,HAM,2.143,39.119806,-84.494866,15000,16885.0,9/10/2018 0:00,13,2,N,2.0,Y,N,3.0,2,0,,c62c73fb-9294-4002-ba55-249a3a56888c,7b4a33aa-7b0a-472c-a125-bc010215db83,N,2.143,SHAMUS00022**C,N,3,185012755,4,9,,1,0,1,CINCINNATI,1,,N,N,4.0,N,0.0,,N,2150,N,CINCINNATI,N,,0,,GILBERT,AVE,,,,,N,,,,3,,,,,N,N,N,0,0,N,3.0,0,2,2,,263033.0,N,2.143,33,Y,99,1,2,1,F,N,N,N,0,2,54,1,2,0,1,54,0,0,0,0,0,1,6,NT,1,0,,,,,,,,,,,,,,,,,,,,,,,,,,,,,,,,,,0,4,,"unit failed control vehicle rain storm , hydroplaned , spun times went side striking flower pot . station report",O,"[0.919750452041626, 0.07780777662992477, 0.002441723132506013]",O,"[0.9991870522499084, 0.0008013665792532265, 1.152470849774545e-05]",O,"[1.0, 7.748603820800781e-07, 5.960464477539063e-08]"
303,303,186145078,"unit 1 was on 224 w and was entering the kenmore leg at 76 east, it hydroplaned and hit the guardrail and spun across two lanes of the highway. unit 1 was on the far left, partially in the lane of travel.",20186145078,2018,O,9/1/2018 0:00,4,SSUMUS00224**C,S,SUM,12.78,41.030829,-81.452312,74130,766.0,9/8/2018 0:00,13,7,N,2.0,Y,N,3.0,6,0,,,,N,12.78,SSUMUS00224**C,N,2,T18005507,1,9,N,1,0,1,SPRINGFIELD TOWNSHIP,1,,N,N,4.0,Y,0.0,IR,N,,N,AKRON,N,,0,,US ROUTE 224 W,,224,US,,,N,E,,I 76 W,1,76,IR,,,N,N,Y,0,0,N,3.0,0,2,4,,276475.0,N,188.635,26,Y,99,3,4,1,M,N,N,N,0,2,54,1,2,30,13,54,0,0,0,0,0,1,6,NT,1,50,,,,,,,,,,,,,,,,,,,,,,,,,,,,,,,,,,0,4,,"unit1 entering kenmore leg , hydroplaned hit guardrail spun across two lanes . unit1 far left , partially travel .",O,"[0.9999997615814209, 2.0297264313740015e-07, 2.8494779868992737e-08]",C,"[0.10734692960977554, 0.8909077048301697, 0.0017453939653933048]",O,"[0.9990234375, 0.000583648681640625, 4.3272972106933594e-05]"
304,304,186145301,"unit #1 was eastbound in the right lane on the ohio turnpike (ir 0080) at milepost 212. unit #1 hydroplaned and lost control, went off the left side of the roadway, struck the median wall, and spun to rest in the center lane facing southeast. unit #1 then drove under control off the roadway onto the right berm.",20186145301,2018,C,9/1/2018 0:00,4,STRUIR00080*KC,S,TRU,5.915,41.183004,-80.929739,55636,99999.0,9/9/2018 0:00,13,1,N,2.0,Y,Y,1.0,15,0,,,,Y,5.915,STRUIR00080*KC,N,1,91-0667-78,31,9,N,0,0,1,NEWTON TOWNSHIP,1,,Y,N,6.0,N,0.0,,Y,,N,NEWTON TOWNSHIP,N,,0,,,,80,IR,K,212.0,N,,,,2,,,,,N,N,Y,0,0,N,1.0,1,2,1,,91342.0,N,211.948,21,Y,5,4,3,1,M,N,N,N,0,2,35,1,2,70,1,9,35,0,0,0,0,1,6,NT,1,65,,,,,,,,,,,,,,,,,,,,,,,,,,,,,,,,,,0,4,,"unit1 ohio turnpike milepost . unit1 hydroplaned lost control , went left side roadway , struck median wall , spun rest center facing . unit1 drove control roadway onto berm .",O,"[0.5496150255203247, 0.41247206926345825, 0.037912946194410324]",O,"[0.7184890508651733, 0.27776452898979187, 0.0037464203778654337]",O,"[0.994140625, 0.004825592041015625, 0.00061798095703125]"
305,305,186145316,"unit 1 was negotiating a curve northwest on u.s. route 23 when it hydroplaned, traveled off the right side of the roadway, struck a guardrail end, struck a sign, and struck an embankment.10/14/18 crash was supplemented with insurance information.",20186145316,2018,AB,9/1/2018 0:00,9,SROSUS00023**C,S,ROS,0.9,39.190046,-82.978533,28420,99999.0,9/6/2018 0:00,13,5,N,2.0,Y,N,3.0,16,0,77800.0,,,N,0.9,SROSUS00023**C,N,1,71-1055-71,1,9,H,0,1,1,FRANKLIN TOWNSHIP,1,S,N,N,4.0,Y,0.1,,Y,,N,HUNTINGTON TOWNSHIP,N,,0,,,,23,US,,1.0,N,,,,2,,,,,N,N,Y,0,0,N,2.0,0,2,3,,271270.0,N,33.86,18,Y,5,7,6,1,M,N,N,N,0,2,31,1,2,55,13,8,31,37,45,0,0,1,6,NT,1,60,,,,,,,,,,,,,,,,,,,,,,,,,,,,,,,,,,0,4,,"unit1 negotiating curve u.s. hydroplaned , traveled side roadway , struck guardrail end , struck sign , struck embankment . crash supplemented insurance information .",C,"[0.017262591049075127, 0.9347620606422424, 0.04797540232539177]",C,"[0.1020602211356163, 0.8621593713760376, 0.03578038513660431]",C,"[0.358154296875, 0.6123046875, 0.0298919677734375]"
306,306,186147175,the driver of unit 1 stated that he saw unit 2 spin out and tried to stop. unit 1 said he hydroplaned and ran off the road to the left and hit the barrier which disabled his vehicle by damaging the rear drivers side tire. the operator of unit 3 said he was travelling in the center lane when unit 1 lost control and hit his vehicle on the passengers side. the operator of unit 2 said that he was along side of a semi when it hit some water which came into his lane. the operator of unit 2 said he hydroplaned and hit the cement barrier when he ran off the road to the right. the operator of unit 2 said his vehicle spun around reverse to traffic and hit the same barrier on the right side of the road.,20186147175,2018,O,9/1/2018 0:00,4,CSUMCR07004A*C,C,SUM,1.67,41.058953,-81.504729,1000,766.0,9/9/2018 0:00,5,1,N,1.0,Y,N,7.0,20,0,,f90edfea-1692-4435-b369-79dda6a7110e,e8ab641c-96eb-43eb-9509-8d15bd477a6f,N,1.67,CSUMCR07004A*C,Y,3,T18005556,4,9,,4,0,3,AKRON,1,,N,N,2.0,N,0.0,MR,Y,,N,AKRON,N,,0,,,,77,IR,,,N,,,LAFOLLETTE,1,,,,ST,N,N,N,0,0,N,,0,2,1,,45129.0,N,1.67,18,Y,99,2,1,1,M,N,N,N,0,2,35,2,2,55,11,8,35,0,0,0,0,1,6,NT,1,55,21.0,99.0,2.0,1.0,1.0,M,,1.0,55.0,11.0,9.0,35.0,,,,,1.0,6.0,NT,1.0,50.0,1.0,3.0,1.0,20.0,,,,,,99.0,6.0,14.0,0,4,,driver unit1 stated saw unit2 spin tried stop . unit1 said hydroplaned ran left hit barrier disabled vehicle damaging rear drivers side tire . operator unit3 said travelling center unit1 lost control hit vehicle passengers side . operator unit2 said along side semi hit water came . operator unit2 said hydroplaned hit cement barrier ran . operator unit2 said vehicle spun around reverse traffic hit barrier side .,O,"[0.9999984502792358, 1.436856109648943e-06, 8.82174404637226e-08]",O,"[0.9939921498298645, 0.005991924554109573, 1.5895318938419223e-05]",O,"[0.998046875, 0.002132415771484375, 8.463859558105469e-05]"
307,307,186147574,"unit 1, a freeway officer, was en-route to an emergency run on the freeway at i-70eb, near alum creek drive. due to the heavy rain the roadway became flooded, causing multiple accidents on the freeway. as unit 1 was traveling south on ir-71n, exited to the on-ramp to ir-70 east . the freeway officer entered the on- ramp which is a curved roadway, when the officer rounded the curve in the roadway he was forced into a large pool of water which was in the roadway. the officer to no fault of his own hydroplaned and struck the barrier, causing damage to cruiser 632 and the officer later reported possible neck and back stiffness. the officer stated he was going to see his doctor.",20186147574,2018,C,9/1/2018 0:00,6,SFRARA25478**C,S,FRA,0.004,39.955841,-82.981874,18000,99999.0,9/8/2018 0:00,13,7,N,4.0,Y,Y,1.0,7,0,26800.0,5d688777-6270-4e15-8e17-118cfc83ac4b,68e27732-deef-4c51-9f16-dfcde85ddbe5,Y,0.004,SFRARA25478**C,N,1,180758867,1,9,,0,0,1,COLUMBUS,1,,N,N,,Y,0.0,IR,N,,N,COLUMBUS,N,,0,,I 71 S,,71,IR,,,N,,,I 70 S,1,70,IR,,,N,N,N,0,0,N,1.0,1,2,3,,,N,0.004,50,Y,1,1,2,1,M,N,N,N,0,2,35,1,2,55,1,9,35,0,0,0,0,13,6,NT,3,55,,,,,,,,,,,,,,,,,,,,,,,,,,,,,,,,,,0,4,,"unit1 , freeway officer , en emergency run freeway b , near alum creek . due heavy rain roadway became flooded , causing multiple accidents freeway . unit1 traveling ir71n , exited onramp ir . freeway officer entered ramp curved roadway , officer rounded curve roadway forced large pool water roadway . officer fault hydroplaned struck barrier , causing damage cruiser officer later reported possible neck back stiffness . officer stated going see doctor .",C,"[1.5616983546351548e-06, 0.9999980926513672, 3.8502389543282334e-07]",C,"[1.5891764633124694e-06, 0.9999984502792358, 3.1875185158014574e-08]",C,"[4.351139068603516e-06, 1.0, 6.556510925292969e-07]"
308,308,186147586,unit 1 was traveling on w/b on u.s. 422 just east of mile post 21.0. the road was wet and there was a steady rain coming down. the driver of unit 1 stated that he lost control of the vehicle and began to hydroplane off of the ground. the driver of unit 1 spun out clockwise and struck the guard rail north of the roadway causing disabling damage on the driver side of the vehicle. there was minor damage to the guard rail.,20186147586,2018,O,9/1/2018 0:00,12,SGEAUS00422**N,S,GEA,0.529,41.387929,-81.381779,3590,17668.0,9/9/2018 0:00,13,1,N,2.0,Y,Y,2.0,23,0,,,,N,0.529,SGEAUS00422**C,N,4,18- 10832,1,9,N,1,0,1,BAINBRIDGE TOWNSHIP,1,E,Y,N,4.0,Y,0.057,,Y,,N,BAINBRIDGE TOWNSHIP,N,,0,,,,422,US,,21.0,N,,,,2,,,,,N,N,N,0,0,N,1.0,0,2,1,,265622.0,N,20.988,17,Y,99,3,4,1,M,N,N,N,0,2,30,1,2,65,1,30,0,0,0,0,0,1,6,NT,1,60,,,,,,,,,,,,,,,,,,,,,,,,,,,,,,,,,,0,4,,unit1 traveling u.s. mile post .. wet steady rain coming . driver unit1 stated lost control vehicle began hydroplane ground . driver unit1 spun clockwise struck guard rail roadway causing disabling damage driver side vehicle . minor damage guard rail .,O,"[0.9999996423721313, 3.346644064095017e-07, 3.530318437583446e-08]",O,"[1.0, 6.691506376776957e-11, 2.733309997608735e-13]",O,"[1.0, 0.0, 0.0]"
309,309,186148772,unit 1 and unit 2 were both traveling southbound on us23 in the right hand lane. unit 1 attempted to change lanes to pass unit 2. unit 1 hydroplaned failing to control the vehicle striking unit 2 in the rear. unit 1 continued off the right side of the roadway striking a guard rail and coming to final rest in an embankment. unit 2 spun out going off the right side of the roadway striking a guard rail and coming to final rest in an embankment.,20186148772,2018,AB,9/1/2018 0:00,6,SMARUS00023**N,S,MAR,13.02,40.621128,-83.09561,47768,99746.0,9/9/2018 0:00,2,1,N,2.0,N,N,3.0,2,0,,ba30a8fe-7e57-4074-b745-6d9591949942,f2ac81b5-30e0-4341-bff7-6380657d0593,N,13.024,SMARUS00023**C,Y,4,51-0730-51,1,9,H,0,3,2,MARION TOWNSHIP,1,N,Y,N,4.0,Y,0.1,,N,,N,MARION,N,,0,,,,23,US,,13.0,N,,,,2,,,,,N,N,Y,0,0,N,1.0,0,2,1,,271254.0,N,137.549,32,Y,99,1,2,1,M,N,N,N,0,2,30,1,2,65,3,20,8,30,45,0,0,1,6,NT,14,70,27.0,1.0,1.0,2.0,1.0,F,,2.0,65.0,1.0,20.0,8.0,30.0,45.0,,,1.0,6.0,NT,1.0,40.0,,,,,,,,,,,,,0,4,,unit1 unit2 traveling . unit1 attempted change lanes pass unit2 . unit1 hydroplaned failing control vehicle striking unit2 rear . unit1 continued side roadway striking guard rail coming final rest embankment . unit2 spun going side roadway striking guard rail coming final rest embankment .,C,"[0.08717337995767593, 0.8707214593887329, 0.04210515692830086]",C,"[0.08192966133356094, 0.8685174584388733, 0.04955282062292099]",C,"[0.07012939453125, 0.86474609375, 0.0650634765625]"
310,310,186149519,unit #1 was traveling northbound on sr 8 n just before the glenwood ave exit. unit #1 hydroplaned and spun out into the middle lane. unit #2 attempted to avoid hitting unit #1 but was unable to. unit #2 hit unit #1.,20186149519,2018,O,9/1/2018 0:00,4,SSUMSR00008**C,S,SUM,2.767,41.097578,-81.499961,1000,766.0,9/19/2018 0:00,2,4,N,2.0,N,Y,2.0,4,0,,,,N,2.767,SSUMSR00008**C,Y,3,T18005809,4,9,N,2,0,2,AKRON,1,S,Y,N,6.0,N,0.25,,N,,N,AKRON,N,,0,,STATE ROUTE 8 N,,8,SR,,,N,,E,GLENWOOD,1,,,,AVE,N,N,N,0,0,N,1.0,0,2,1,,180751.0,N,2.767,28,Y,99,2,1,1,M,N,N,N,0,2,0,1,2,55,1,20,0,0,0,0,0,1,6,NT,1,50,36.0,1.0,2.0,1.0,1.0,M,,2.0,55.0,1.0,20.0,,,,,,1.0,6.0,NT,15.0,55.0,,,,,,,,,,,,,0,4,,unit1 traveling glenwood exit . unit1 hydroplaned spun middle . unit2 attempted avoid hitting unit1 unable . unit2 hit unit1 .,O,"[0.9988806843757629, 0.0010196765651926398, 9.96638773358427e-05]",C,"[0.07159695774316788, 0.9274371862411499, 0.000965890649240464]",O,"[1.0, 6.4373016357421875e-06, 8.940696716308594e-07]"
311,311,186150823,unit 1 was northbound on sr7. unit 2 was southbound on sr7. unit 2 drove left of center going off the left side of the road. unit 1 drove off the right edge of the roadway to try to avoid unit2 but was still struck by unit 2 while off the pavement. unit 2 driver stated he hydroplaned on the wet roadway at first and then attempted to go left to avoid unit 1.,20186150823,2018,AB,9/1/2018 0:00,10,SMEGSR00007**C,S,MEG,5.701,39.037603,-82.061797,70114,99999.0,9/17/2018 0:00,1,2,N,2.0,Y,N,3.0,8,0,,,,N,5.701,SMEGSR00007**C,N,1,27-0696-53,1,9,N,0,3,2,SALISBURY TOWNSHIP,1,S,N,N,2.0,Y,0.3,,N,,N,SALISBURY TOWNSHIP,N,,0,,,,7,SR,,6.0,N,,,,2,,,,,N,N,N,0,0,N,2.0,0,2,1,,295611.0,N,60.604,26,Y,7,1,2,1,M,N,N,N,0,2,0,2,2,55,1,11,9,20,0,0,0,1,6,NT,3,55,63.0,1.0,2.0,1.0,1.0,M,,1.0,55.0,1.0,8.0,20.0,,,,,1.0,6.0,NT,4.0,55.0,,,,,,,,,,,,,0,4,,unit1 . unit2 . unit2 drove left center going left side . unit1 drove edge roadway try avoid unit2 still struck unit2 pavement . unit2 driver stated hydroplaned wet roadway first attempted go left avoid unit1 .,O,"[0.9998020529747009, 0.00018868882034439594, 9.306091669714078e-06]",O,"[0.9980840682983398, 0.001806515152566135, 0.0001094909239327535]",O,"[1.0, 2.384185791015625e-07, 0.0]"