,id,OBJECTID,Narrative,DOCUMENT_NBR,CRASH_YR,CRASH_SEVERITY_CD,CRASH_MONTH_YEAR,DISTRICT_NBR,NLFID,NLF_JUR_CD,NLF_COUNTY_CD,COUNTY_LOG_NBR,ODOT_LATITUDE_NBR,ODOT_LONGITUDE_NBR,ODOT_FIPS_CD,AREA_CODE,CRASH_DATE,CRASH_TYPE_CD,DAY_IN_WEEK_CD,DISTRACTED_DRIVER_IND,FACILITY_TYPE_CD,FHWA_RDWY_DEPARTURE_IND,FREEWAY_IND,FUNCTIONAL_CLASS_CD,HOUR_OF_CRASH,INCAPAC_INJURIES_NBR,INTERCHANGE_ID,INTERSECTION_ID_CURRENT,INTERSECTION_LEG_ID,INTERSTATE_IND,INV_LOG_NBR,INV_NLFID,IS_COMMERCIAL_RELATED,LIGHT_COND_PRIMARY_CD,LOCAL_REPORT_NUMBER_ID,MAINTENANCE_AUTHORITY_CD,MONTH_OF_CRASH,NHS_CD,NO_INJURY_REPORTED_NBR,NON_INCAPAC_INJURIES_NBR,NUMBER_OF_UNITS_NBR,ODOT_CITY_VILLAGE_TWP_NME,ODOT_CRASH_LOCATION_CD,ODOT_DIR_FROM_REF_CD,ODOT_DIV_UNDIV_IND,ODOT_INTERSECTION_REL_IND,ODOT_LANES_NBR,ODOT_MAINTAINED_HWY_IND,ODOT_MILES_FROM_REF_NBR,ODOT_REF_ROUTE_PREFIX_CD,ODOT_YOUNG_DRIVER_IND,ODPS_ADDRESS_REFERENCE,ODPS_ALCOHOL_IND,ODPS_CITY_VILLAGE_TWP_NME,ODPS_DRUG_IND,ODPS_LOC_DIR_SUFFIX_CD,ODPS_LOC_IN_WORK_ZONE_CD,ODPS_LOC_ROAD_DIRECTION_CD,ODPS_LOC_ROAD_NME,ODPS_LOC_ROAD_SUFFIX_CD,ODPS_LOC_ROUTE_ID,ODPS_LOC_ROUTE_PREFIX_CD,ODPS_LOC_ROUTE_SUFFIX_CD,ODPS_MILEPOST_REFERENCE,ODPS_MOTORCYCLE_IND,ODPS_REF_DIR_SUFFIX_CD,ODPS_REF_DIRECTION_CD,ODPS_REF_GIVEN,ODPS_REF_POINT_USED_CD,ODPS_REF_ROUTE_ID,ODPS_REF_ROUTE_PREFIX_CD,ODPS_REF_ROUTE_SUFFIX_CD,ODPS_REF_SUFFIX_CD,ODPS_SCHOOL_ZONE_IND,ODPS_SENIOR_DRIVER_IND,ODPS_SPEED_IND,ODPS_TOTAL_FATALITIES_NBR,ODPS_TYPE_OF_WORK_ZONE_CD,ODPS_WORK_ZONE_IND,OPER_ACCESS_CONTROL_CD,POSSIBLE_INJURIES_NBR,ROAD_COND_PRIMARY_CD,ROAD_CONTOUR_CD,SA_RAMP_ID,SA_SEGMENT_ID,SECONDARY_CRASH,STATE_TRUE_LOG_NBR,U1_AGE_NBR,U1_AT_FAULT_IND,U1_CONT_CIR_PRIMARY_CD,U1_DIRECTION_FROM_CD,U1_DIRECTION_TO_CD,U1_DISTRACTED_BY_1_CD,U1_GENDER_CD,U1_IS_ALCOHOL_SUSPECTED,U1_IS_MARIJUANA_SUSPECTED,U1_IS_OTHER_DRUG_SUSPECTED,U1_NON_MOTORIST_LOC_CD,U1_NUMBER_OF_THRU_LANES,U1_OBJECT_STRUCK,U1_ODPS_UNIT_NBR,U1_OPERATINGIN_AUTONOMOUS_MODE,U1_POSTED_SPEED_NBR,U1_PRECRASH_ACTION_CD,U1_SEQ_OF_EVENTS_1_CD,U1_SEQ_OF_EVENTS_2_CD,U1_SEQ_OF_EVENTS_3_CD,U1_SEQ_OF_EVENTS_4_CD,U1_SEQ_OF_EVENTS_5_CD,U1_SEQ_OF_EVENTS_6_CD,U1_SPECIAL_FUNCTION_CD,U1_TRAFFIC_CONTROL_CD,U1_TURN_CD,U1_TYPE_OF_UNIT_CD,U1_UNIT_SPEED_NBR,U2_AGE_NBR,U2_CONT_CIR_PRIMARY_CD,U2_DIRECTION_FROM_CD,U2_DIRECTION_TO_CD,U2_DISTRACTED_BY_1_CD,U2_GENDER_CD,U2_NON_MOTORIST_LOC_CD,U2_ODPS_UNIT_NBR,U2_POSTED_SPEED_NBR,U2_PRECRASH_ACTION_CD,U2_SEQ_OF_EVENTS_1_CD,U2_SEQ_OF_EVENTS_2_CD,U2_SEQ_OF_EVENTS_3_CD,U2_SEQ_OF_EVENTS_4_CD,U2_SEQ_OF_EVENTS_5_CD,U2_SEQ_OF_EVENTS_6_CD,U2_SPECIAL_FUNCTION_CD,U2_TRAFFIC_CONTROL_CD,U2_TURN_CD,U2_TYPE_OF_UNIT_CD,U2_UNIT_SPEED_NBR,U3_CONT_CIR_PRIMARY_CD,U3_ODPS_UNIT_NBR,U3_PRECRASH_ACTION_CD,U3_SEQ_OF_EVENTS_1_CD,U3_SEQ_OF_EVENTS_2_CD,U3_SEQ_OF_EVENTS_3_CD,U3_SEQ_OF_EVENTS_4_CD,U3_SEQ_OF_EVENTS_5_CD,U3_SEQ_OF_EVENTS_6_CD,U3_SPECIAL_FUNCTION_CD,U3_TRAFFIC_CONTROL_CD,U3_TYPE_OF_UNIT_CD,UNRESTRAIN_OCCUPANTS,WEATHER_COND_CD,V1,clean_Narrative,BERT_predictions,BERT_prediction_probabilities,RoBERTa_predictions,RoBERTa_predictions_probabilities,distilBERT_predictions,distilBERT_predictions_probabilities
312,312,186151421,"unit 1 was traveling north on richville dr se nearing championship cir se, when the vehicle lost control, left the roadway on the right, and careened into a ditch along the roadway. the vehicle sustained heavy damage. it was towed from the scene by a private company that had been contacted by the operator's father prior to officers arrival on scene. the juvenile driver of the vehicle stated that the vehicle began to hydroplane and went off the roadway to the right. the driver of the vehicle was cited for failure to control.",20186151421,2018,O,9/1/2018 0:00,4,CSTACR00248**C,C,STA,1.255,40.77932,-81.491731,62078,13375.0,9/24/2018 0:00,13,2,N,,Y,N,4.0,18,0,,,,N,1.255,CSTACR00248**C,N,2,00000018-22966,2,9,,1,0,1,PERRY TOWNSHIP,1,S,N,N,2.0,N,0.028,,Y,,N,MASSILLON,N,S,0,,RICHVILLE,DR,,,,,N,S,,CHAMPIONSHIP,1,,,,CIR,N,N,N,0,0,N,,0,2,4,,27301.0,N,1.255,16,Y,99,2,1,1,M,N,N,N,0,2,44,1,2,45,1,8,44,0,0,0,0,1,6,NT,3,45,,,,,,,,,,,,,,,,,,,,,,,,,,,,,,,,,,0,4,,"unit1 traveling richville nearing championship se , vehicle lost control , left roadway , careened ditch along roadway . vehicle sustained heavy damage . towed scene private company contacted operator 's father prior officers arrival scene . juvenile driver vehicle stated vehicle began hydroplane went roadway . driver vehicle cited failure control .",O,"[0.9999992847442627, 6.314119218586711e-07, 6.755863779517313e-08]",C,"[0.049882687628269196, 0.9347794651985168, 0.015337875112891197]",O,"[1.0, 6.67572021484375e-06, 1.430511474609375e-06]"
313,313,186151481,"unit # 2 was stopped at the traffic light in the right lane northbound winton road south of north bend road. unit #1 was traveling in the right lane northbound winton road approaching the traffic light at north bend road. unit #1 stated while approaching the traffic light, due to the wet roadway, she lost control of her vehicle causing her to hydroplane and collide with the rear of unit #2",20186151481,2018,O,9/1/2018 0:00,8,CHAMCR00239**C,C,HAM,2.6,39.2014,-84.520946,74121,16885.0,9/24/2018 0:00,2,2,N,,N,N,4.0,14,0,,77193a14-c18d-4f73-87ac-d1f99d8a695b,80c34079-a5b7-4b6a-a5a5-7f1df7fd8961,N,2.6,CHAMCR00239**C,N,1,2.018E+12,2,9,,2,0,2,SPRINGFIELD TOWNSHIP,1,,N,Y,4.0,N,0.0,CR,Y,,N,SPRINGFIELD TOWNSHIP,N,,0,,WINTON,RD,,,,,N,,,NORTH BEND,1,,,,RD,N,N,N,0,0,N,,0,2,1,,30125.0,N,2.6,22,Y,99,2,1,1,F,N,N,N,0,2,0,1,2,35,1,20,0,0,0,0,0,1,6,NT,1,10,46.0,1.0,2.0,1.0,1.0,F,,2.0,35.0,11.0,20.0,,,,,,1.0,2.0,NT,1.0,,,,,,,,,,,,,,0,4,,"unit2 stopped traffic light winton bend . unit1 traveling winton approaching traffic light bend . unit1 stated approaching traffic light , due wet roadway , lost control vehicle causing hydroplane collide rear unit2",O,"[0.9999998807907104, 1.2818111372325802e-07, 1.6499067001518597e-08]",O,"[0.9996986389160156, 0.0002944206935353577, 6.9348825491033494e-06]",O,"[1.0, 1.1920928955078125e-07, 0.0]"
314,314,186151664,"unit #1 was traveling west on sr-32 when it hydroplaned, traveled off the left side of the roadway, crossed the median and struck multiple road signs.",20186151664,2018,O,9/1/2018 0:00,9,SPIKSR00032**N,S,PIK,18.58,39.053896,-82.962382,71171,99999.0,9/24/2018 0:00,13,2,Y,2.0,Y,N,3.0,20,0,,4bb24de1-8be2-4e7f-9564-95658541243c,90bbbe58-8cbb-479b-a5be-c31346eb5149,N,18.6,SPIKSR00032**C,N,4,71-1139-66,1,9,N,1,0,1,SEAL TOWNSHIP,3,E,Y,Y,4.0,Y,0.6,,N,,N,SEAL TOWNSHIP,N,,0,,,,32,SR,,18.0,N,,,,2,,,,,N,N,Y,0,0,N,2.0,0,2,2,,184022.0,N,87.613,38,Y,5,3,4,2,F,N,N,N,0,2,37,1,2,60,1,9,10,37,37,37,0,1,6,NT,3,60,,,,,,,,,,,,,,,,,,,,,,,,,,,,,,,,,,0,4,,"unit1 traveling sr hydroplaned , traveled left side roadway , crossed median struck multiple signs .",C,"[0.22449764609336853, 0.7517900466918945, 0.023712297901511192]",O,"[0.9957096576690674, 0.0039876289665699005, 0.00030268210684880614]",O,"[1.0, 0.0, 0.0]"
315,315,186151925,"unit #1 was southbound i-71, just north of sr 161. when during a downpour of rain, driver of unit #1 stated that she had hydroplaned and struck the concrete median barrier. witness #1 was behind and stated that same thing had occurred.",20186151925,2018,O,9/1/2018 0:00,6,SFRAIR00071**N,S,FRA,27.026,40.095445,-82.986302,18000,19234.0,9/25/2018 0:00,13,3,N,2.0,Y,Y,1.0,9,0,,,,Y,27.023,SFRAIR00071**C,N,1,180812000,1,9,N,1,0,1,COLUMBUS,1,N,Y,N,8.0,Y,0.5,SR,N,,N,COLUMBUS,N,,0,,I 71 S,,71,IR,,,N,,,STATE ROUTE 161 S,1,161,SR,,,N,N,Y,0,0,N,1.0,0,2,1,,33882.0,N,118.07,28,Y,99,1,2,1,F,N,N,N,0,2,35,1,2,65,1,35,0,0,0,0,0,1,6,NT,3,75,,,,,,,,,,,,,,,,,,,,,,,,,,,,,,,,,,0,4,,"unit1 , . downpour rain , driver unit1 stated hydroplaned struck concrete median barrier . witness behind stated thing occurred .",C,"[0.000366790423868224, 0.9995904564857483, 4.272954902262427e-05]",C,"[0.011812344193458557, 0.9879504442214966, 0.00023718371812719852]",O,"[1.0, 2.980232238769531e-07, 0.0]"
316,316,186153122,unit 1 was traveling westbound on ir-90. unit 1 states his vehicle hit puddle of water and began to hydroplane. unit 1 lost control and struck the concrete median. unit 1 then spun around facing eastbound in the westbound lane again striking the concrete median causing disabling damage to his vehicle.,20186153122,2018,O,9/1/2018 0:00,12,SCUYIR00090**N,S,CUY,27.304,41.586159,-81.529264,25704,17668.0,9/24/2018 0:00,13,2,N,2.0,N,Y,1.0,19,0,,,,Y,27.4,SCUYIR00090**C,N,1,1891130,1,9,N,1,0,1,EUCLID,1,E,Y,N,8.0,Y,0.009,,N,,N,EUCLID,N,,0,,,HWY,90,IR,,183.3,N,,,,2,,,,,N,N,N,0,0,N,1.0,0,2,2,,39675.0,N,183.123,32,Y,1,3,4,1,M,N,N,N,0,2,35,1,2,60,1,13,35,0,0,0,0,1,6,NT,3,45,,,,,,,,,,,,,,,,,,,,,,,,,,,,,,,,,,0,4,,unit1 traveling ir . unit1 states vehicle hit puddle water began hydroplane . unit1 lost control struck concrete median . unit1 spun around facing striking concrete median causing disabling damage vehicle .,O,"[0.9996663331985474, 0.00031382139422930777, 1.9933922885684296e-05]",O,"[0.9949330687522888, 0.005017327144742012, 4.959286525263451e-05]",O,"[0.84423828125, 0.1446533203125, 0.0113067626953125]"
317,317,186153191,unit 2 was traveling e/b on ir-90 in the high speed lane. unit 1 was traveling e/b in the second lane along side unit 2. driver of unit 1 stated he lost control (hydroplane) on the wet roadway and struck unit 2 in the right rear with his left front.,20186153191,2018,O,9/1/2018 0:00,12,SCUYIR00090**C,S,CUY,27.223,41.584764,-81.532049,25704,17668.0,9/25/2018 0:00,5,3,N,2.0,N,Y,1.0,1,0,,,,Y,27.223,SCUYIR00090**C,N,3,1891131,1,9,N,2,0,2,EUCLID,1,,Y,N,8.0,Y,0.0,,Y,,N,EUCLID,N,,0,,,,90,IR,,183.3,N,,,,2,,,,,N,N,N,0,0,N,1.0,0,2,1,,39675.0,N,183.042,22,Y,99,4,3,1,M,N,N,N,0,2,0,1,2,60,1,20,0,0,0,0,0,1,6,NT,1,60,41.0,1.0,4.0,3.0,1.0,M,,2.0,60.0,1.0,20.0,,,,,,1.0,6.0,NT,2.0,60.0,,,,,,,,,,,,,0,4,,unit2 traveling ir high speed . unit1 traveling second along side unit2 . driver unit1 stated lost control wet roadway struck unit2 rear left front .,C,"[0.11453122645616531, 0.8354522585868835, 0.05001657456159592]",C,"[0.26858919858932495, 0.7116761207580566, 0.019734684377908707]",O,"[0.72705078125, 0.23046875, 0.0426025390625]"
318,318,186153647,"unit 1 traveling east on delhi av when the vehicle in front of her suddenly braked and switched lanes, when she braked to avoid the other vehicle she hydroplaned and went off the right side of roadway and struck the guardrail causing damage to her vehicle.",20186153647,2018,O,9/1/2018 0:00,8,CHAMCR00196**C,C,HAM,3.989,39.094129,-84.57474,15000,16885.0,9/24/2018 0:00,13,2,N,,Y,N,4.0,6,0,,,,N,3.989,CHAMCR00196**C,N,3,185013434,4,9,,1,0,1,CINCINNATI,1,,Y,N,2.0,N,0.0,,N,903,N,CINCINNATI,N,,0,,DELHI,AVE,,,,,N,,,,3,,,,,N,N,Y,0,0,N,,0,2,2,,32335.0,N,3.989,27,Y,99,4,3,1,F,N,N,N,0,2,30,1,2,35,1,30,0,0,0,0,0,1,6,NT,4,40,,,,,,,,,,,,,,,,,,,,,,,,,,,,,,,,,,0,4,,"unit1 traveling delhi vehicle front suddenly braked switched lanes , braked avoid vehicle hydroplaned went side roadway struck guardrail causing damage vehicle .",O,"[0.9999996423721313, 3.0628109470853815e-07, 4.307793233238044e-08]",O,"[1.0, 3.3308220070971117e-10, 1.0674034356047968e-12]",O,"[1.0, 0.0, 0.0]"
319,319,186153865,unit #1 was southbound on ir-71. unit #1 hydroplaned and went off the left side into the median and struck a median barrier fence and a cement drain.,20186153865,2018,O,9/1/2018 0:00,3,SASDIR00071**N,S,ASD,9.493,40.869718,-82.233245,61756,99999.0,9/25/2018 0:00,13,3,N,2.0,Y,Y,1.0,11,0,,,,Y,9.481,SASDIR00071**C,N,1,03-0650-03,1,9,N,1,0,1,PERRY TOWNSHIP,1,N,Y,N,6.0,Y,0.2,,N,,N,MONTGOMERY TOWNSHIP,N,,0,,,,71,IR,,188.0,N,,,,2,,,,,N,N,Y,0,0,N,1.0,0,2,1,,81125.0,N,188.22,40,Y,5,1,2,1,M,N,N,N,0,2,33,1,2,70,4,9,33,54,0,0,0,1,6,NT,1,65,,,,,,,,,,,,,,,,,,,,,,,,,,,,,,,,,,0,4,,unit1 ir . unit1 hydroplaned went left side median struck median barrier fence cement drain .,C,"[0.39920762181282043, 0.5690861940383911, 0.031706228852272034]",C,"[0.3686509132385254, 0.6300938725471497, 0.001255213632248342]",O,"[0.998046875, 0.0020198822021484375, 5.334615707397461e-05]"
320,320,186155064,"unit #1 and unit #2 were traveling southbound on state route 7. unit #1 hydroplaned, struck unit #2 and struck the concrete barrier.",20186155064,2018,C,9/1/2018 0:00,10,SWASSR00007**N,S,WAS,19.161,39.391668,-81.483562,80934,99999.0,9/25/2018 0:00,5,3,N,2.0,N,N,3.0,15,0,,,,N,19.22,SWASSR00007**C,N,1,84-0674-84,1,9,N,3,0,2,WARREN TOWNSHIP,1,N,Y,N,4.0,Y,0.3,,Y,,N,WARREN TOWNSHIP,N,,0,,,,7,SR,,19.0,N,,,,2,,,,,N,N,Y,0,0,N,2.0,1,6,2,,295630.0,N,106.186,22,Y,5,1,2,1,F,N,N,N,0,2,35,1,2,60,1,20,35,0,0,0,0,1,6,NT,3,45,21.0,1.0,1.0,2.0,1.0,F,,2.0,60.0,4.0,20.0,,,,,,1.0,6.0,NT,1.0,60.0,,,,,,,,,,,,,0,4,,"unit1 unit2 traveling state . unit1 hydroplaned , struck unit2 struck concrete barrier .",O,"[0.6265317797660828, 0.35471123456954956, 0.018756920471787453]",C,"[0.10948184132575989, 0.8328123092651367, 0.05770579352974892]",C,"[0.4150390625, 0.54052734375, 0.044677734375]"
321,321,186155961,"unit one was traveling west bound on us 33 near mile post two when the vehicle hydroplaned causing the driver to lose control. the vehicle went off the road right, went down a hill and stopped in the ditch facing east. no injuries reported.",20186155961,2018,O,9/1/2018 0:00,6,SUNIUS00033**N,S,UNI,1.537,40.271305,-83.520567,1336,99999.0,9/24/2018 0:00,13,2,N,2.0,Y,Y,2.0,18,0,,,,N,1.533,SUNIUS00033**C,N,1,80  18    408,1,9,N,2,0,1,ALLEN TOWNSHIP,1,W,Y,N,4.0,Y,0.5,,Y,,N,ALLEN TOWNSHIP,N,,0,,,,33,US,,2.0,N,,,,2,,,,,N,N,Y,0,0,N,1.0,0,2,1,,346082.0,N,82.658,22,Y,5,3,4,1,F,N,N,N,0,2,44,1,2,70,1,8,44,0,0,0,0,1,6,NT,1,74,,,,,,,,,,,,,,,,,,,,,,,,,,,,,,,,,,0,4,,"unit1 traveling us near mile post two vehicle hydroplaned causing driver lose control . vehicle went , went hill stopped ditch facing . injuries reported .",O,"[0.9999990463256836, 7.864208555474761e-07, 1.332363126493874e-07]",O,"[0.9999992847442627, 7.25033828530286e-07, 3.8200584917547076e-09]",O,"[1.0, 0.0, 0.0]"
322,322,186156095,"east on ir 70 in the left lane, unit 1 began to hydroplane, went off the left side of the road, came across all lanes and was struck by east unit 2. unit 1 then went off the right side of the roadway into the ditch, while unit 2 went across all lanes, off the left side of the roadway and struck the concrete barrier wall.",20186156095,2018,AB,9/1/2018 0:00,7,TCLATR00017**C,T,CLA,0.189,39.888305,-83.966395,6054,99999.0,9/24/2018 0:00,5,2,N,,Y,N,7.0,8,1,,,,N,0.189,TCLATR00017**C,Y,1,12-1108-12,3,9,,1,0,2,BETHEL TOWNSHIP,1,W,N,N,2.0,N,0.3,,Y,,N,MAD RIVER TOWNSHIP,N,,0,,I 70 E,,70,IR,,,N,,,STATE ROUTE 4 E,1,4,SR,,,N,N,Y,0,0,N,,0,2,1,,203879.0,N,0.189,24,Y,5,4,3,1,F,N,N,N,0,2,0,1,2,70,1,9,8,20,0,0,0,1,6,NT,1,75,32.0,1.0,4.0,3.0,1.0,M,,2.0,70.0,1.0,20.0,9.0,35.0,,,,1.0,6.0,NT,15.0,65.0,,,,,,,,,,,,,0,2,,"left , unit1 began hydroplane , went left side , came across lanes struck unit2 . unit1 went side roadway ditch , unit2 went across lanes , left side roadway struck concrete barrier wall .",AB,"[1.7735055735101923e-06, 7.322635792661458e-05, 0.9999250173568726]",AB,"[0.06705760955810547, 0.24698390066623688, 0.6859584450721741]",AB,"[0.0186004638671875, 0.22998046875, 0.75146484375]"
323,323,186157336,"unit #2's driver stated she was eastbound in her vehicle at approximately 6311 center hill avenue; unit #1's driver was travelling in his vehicle at the same location and behind unit #2. unit #2 slowed in traffic. unit #1's driver stated he attempted to apply his vehicle's brakes; his vehicle hydroplaned on the wet pavement, striking unit #2's rear. unit #2's driver complained of back pain. cincinnati fire department engine 38 responded and treated unit #2's driver onscene; she opted to self-transport to a medical facility.",20186157336,2018,AB,9/1/2018 0:00,8,CHAMCR00603**C,C,HAM,0.325,39.200752,-84.511456,15000,16885.0,9/26/2018 0:00,2,4,N,,N,N,4.0,7,0,,,,N,0.325,CHAMCR00603**C,N,1,185013588,4,9,,1,1,2,CINCINNATI,1,,N,Y,4.0,N,0.0,,Y,6311,N,CINCINNATI,N,,0,,CENTER HILL,AVE,,,,,N,,,,3,,,,,N,N,N,0,0,N,,0,2,1,,104378.0,N,0.325,20,Y,8,4,3,1,M,N,N,N,0,2,0,1,2,35,11,20,0,0,0,0,0,1,6,NT,4,18,59.0,1.0,4.0,3.0,1.0,F,,2.0,35.0,11.0,20.0,,,,,,1.0,6.0,NT,3.0,5.0,,,,,,,,,,,,,0,2,,"unit2 's driver stated vehicle approximately center hill ; unit1 's driver travelling vehicle location behind unit2 . unit2 slowed traffic . unit1 's driver stated attempted apply vehicle 's brakes ; vehicle hydroplaned wet pavement , striking unit2 's rear . unit2 's driver complained back pain . cincinnati fire department engine responded treated unit2 's driver onscene ; opted selftransport medical facility .",C,"[4.247563083481509e-06, 0.9999945163726807, 1.176190721707826e-06]",C,"[3.1997296900954098e-06, 0.9999948740005493, 1.8631064904184313e-06]",C,"[1.6689300537109375e-05, 1.0, 7.271766662597656e-06]"
324,324,186159798,"prior to the collision both units were westbound on woodville in the left lane. unit #2 was stopped for the red light ahead when the driver of unit #1 said he tried to stop but instead he """"hydroplaned"""" and slid into the rear of unit #2. both drivers denied injury at this times. driver of unit #1 was cited.",20186159798,2018,O,10/1/2018 0:00,2,MLUCMR01675**C,M,LUC,0.361,41.639714,-83.524309,77000,87868.0,10/5/2018 0:00,2,6,N,,N,N,7.0,14,0,,a0ba5166-a352-4ca3-b6a2-017c0838ace4,9e546ecc-8e2e-4486-802c-d460880b3687,N,0.361,MLUCMR01675**C,N,1,1.81005E+13,4,10,,2,0,2,TOLEDO,1,,N,Y,4.0,N,0.0,MR,Y,,N,TOLEDO,N,,0,,WOODVILLE,RD,,,,,N,,,NEVADA,1,,,,ST,N,N,N,0,0,N,,0,2,1,,72687.0,N,0.361,22,Y,8,3,4,1,M,N,N,N,0,2,0,1,2,35,1,20,0,0,0,0,0,1,2,NT,4,20,59.0,1.0,3.0,4.0,1.0,M,,2.0,35.0,11.0,20.0,,,,,,1.0,2.0,NT,3.0,,,,,,,,,,,,,,0,4,,prior collision units woodville left . unit2 stopped red light ahead driver unit1 said tried stop instead `` '' hydroplaned '' '' slid rear unit2 . drivers denied injury times . driver unit1 cited .,O,"[0.9999991655349731, 7.502478638343746e-07, 6.880824798827234e-08]",O,"[1.0, 1.9250706931317474e-11, 1.4224940873114843e-14]",O,"[1.0, 0.0, 0.0]"
325,325,186160188,"unit 1 was traveling southeast on benore and unit 2 was traveling northwest both negotiating a bend in the road. it was raining and the roads were wet. unit 2 stated he began to hydroplane, crossed over the marked lanes and struck unit 1 on the drivers side of the vehicle. unit 2 was cited. information was exchanged.",20186160188,2018,O,10/1/2018 0:00,2,MLUCMR04039**C,M,LUC,1.049,41.722725,-83.515173,77000,87868.0,10/5/2018 0:00,6,6,N,,N,N,5.0,13,0,,978826f8-1abf-4405-b552-e16d82cc0624,26eee0e3-5604-4975-9e18-41982cf7df7a,N,1.049,MLUCMR04039**C,N,1,1.81005E+13,4,10,,2,0,2,TOLEDO,1,N,N,N,4.0,N,0.009,SR,N,,N,TOLEDO,N,,0,,BENORE,RD,,,,,N,,E,ALEXIS,1,,,,RD,N,N,N,0,0,N,,0,2,2,,152511.0,N,1.049,30,Y,7,7,6,1,M,N,N,N,0,2,0,2,2,40,13,20,0,0,0,0,0,1,6,NT,1,40,26.0,1.0,1.0,7.0,1.0,F,,1.0,40.0,13.0,20.0,,,,,,1.0,6.0,LT,1.0,40.0,,,,,,,,,,,,,0,4,,"unit1 traveling benore unit2 traveling negotiating bend . raining roads wet . unit2 stated began hydroplane , crossed marked lanes struck unit1 drivers side vehicle . unit2 cited . information exchanged .",O,"[0.9999998807907104, 1.4449071272792935e-07, 1.9123159944456347e-08]",O,"[0.9999816417694092, 1.8193952200817876e-05, 1.1649414943804004e-07]",O,"[1.0, 0.0, 0.0]"
326,326,186160592,"unit one was traveling southbound on north lewisburg rd when she went off the road right, hitting gravel. she came back onto the roadway, but over corrected and hydroplaned when she hit some water. she crossed over the centerline and hit a guard rail on the east side of the roadway.",20186160592,2018,O,10/1/2018 0:00,6,CUNICR00164**C,C,UNI,2.068,40.249098,-83.533539,1336,99999.0,10/5/2018 0:00,13,6,Y,,Y,N,7.0,17,0,,,,N,2.068,CUNICR00164**C,N,1,80  18    420,2,10,,1,0,1,ALLEN TOWNSHIP,1,N,N,N,2.0,N,0.25,,Y,,N,ALLEN TOWNSHIP,N,,0,,NORTH LEWISBURG,RD,,,,,N,,,INSKEEP CRATTY,1,,,,RD,N,N,N,0,0,N,,0,2,1,,29279.0,N,2.068,16,Y,99,1,2,8,F,N,N,N,0,2,30,1,2,55,1,8,10,30,0,0,0,1,6,NT,1,50,,,,,,,,,,,,,,,,,,,,,,,,,,,,,,,,,,0,4,,"unit1 traveling lewisburg went , hitting gravel . came back onto roadway , corrected hydroplaned hit water . crossed centerline hit guard rail side roadway .",C,"[0.06271353363990784, 0.9067380428314209, 0.030548367649316788]",O,"[0.891549289226532, 0.10744990408420563, 0.0010007295059040189]",O,"[0.998046875, 0.001995086669921875, 0.00016832351684570312]"
327,327,186160776,"unit #1 was west on i76w in the left lane. unit #2 was west on i76w in the right lane. according to the driver of unit #2, she was attempting to change lanes to the left when she started to hydroplane. unit #2 rotated counter clockwise and slid over into the left lane. unit #1 struck the left front wheel and fender of unit #2. this caused unit #2 to rotate back clockwise. the rear end of unit #2 came around and the left rear corner of unit #2 struck unit #1 on the right side.",20186160776,2018,AB,10/1/2018 0:00,4,SSUMIR00076**N,S,SUM,11.64,41.061933,-81.503224,1000,766.0,10/7/2018 0:00,5,1,N,2.0,N,Y,1.0,16,0,84600.0,,,Y,11.64,SSUMIR00076**C,N,1,T18006237,1,10,N,1,1,2,AKRON,1,,Y,N,4.0,Y,0.0,,N,,N,AKRON,N,,0,,,,76,IR,,23.4,N,,,,2,,,,,N,N,N,0,0,N,1.0,0,2,4,,47017.0,N,23.788,28,Y,99,3,4,1,F,N,N,N,0,2,0,2,2,45,3,20,0,0,0,0,0,1,6,NT,1,0,57.0,1.0,3.0,4.0,1.0,M,,1.0,45.0,1.0,20.0,,,,,,1.0,6.0,NT,4.0,,,,,,,,,,,,,,0,4,,"unit1 left . unit2 . according driver unit2 , attempting change lanes left started hydroplane . unit2 rotated counter clockwise slid left . unit1 struck left front wheel fender unit2 . caused unit2 rotate back clockwise . rear end unit2 came around left rear corner unit2 struck unit1 side .",O,"[0.9753900170326233, 0.0224459171295166, 0.0021639526821672916]",O,"[0.9999998807907104, 8.920519434241214e-08, 4.4619996586448e-09]",O,"[0.998046875, 0.0015239715576171875, 0.00033473968505859375]"
328,328,186161003,"unit 1 was traveling north on interstate 71. unit 1 hydroplaned, drove off the right side of the roadway and struck a concrete bridge railing.",20186161003,2018,AB,10/1/2018 0:00,3,SRICIR00071**C,S,RIC,10.919,40.696176,-82.508844,47138,54091.0,10/6/2018 0:00,13,7,N,2.0,N,Y,1.0,22,0,,,,Y,10.919,SRICIR00071**C,N,3,70-1226-70,1,10,N,0,2,1,MANSFIELD,1,S,Y,N,6.0,Y,0.2,,Y,,N,WASHINGTON TOWNSHIP,N,,0,,,,71,IR,,169.0,N,,,,2,,,,,N,N,Y,0,0,N,1.0,0,2,1,,45325.0,N,169.01,19,Y,5,2,1,1,F,N,N,N,0,2,29,1,2,70,1,13,8,29,0,0,0,1,6,NT,1,60,,,,,,,,,,,,,,,,,,,,,,,,,,,,,,,,,,0,4,,"unit1 traveling interstate . unit1 hydroplaned , drove side roadway struck concrete bridge railing .",O,"[0.7434581518173218, 0.23081351816654205, 0.025728275999426842]",O,"[0.7114595770835876, 0.28193339705467224, 0.00660707987844944]",O,"[1.0, 0.0003712177276611328, 2.1278858184814453e-05]"