,id,OBJECTID,Narrative,DOCUMENT_NBR,CRASH_YR,CRASH_SEVERITY_CD,CRASH_MONTH_YEAR,DISTRICT_NBR,NLFID,NLF_JUR_CD,NLF_COUNTY_CD,COUNTY_LOG_NBR,ODOT_LATITUDE_NBR,ODOT_LONGITUDE_NBR,ODOT_FIPS_CD,AREA_CODE,CRASH_DATE,CRASH_TYPE_CD,DAY_IN_WEEK_CD,DISTRACTED_DRIVER_IND,FACILITY_TYPE_CD,FHWA_RDWY_DEPARTURE_IND,FREEWAY_IND,FUNCTIONAL_CLASS_CD,HOUR_OF_CRASH,INCAPAC_INJURIES_NBR,INTERCHANGE_ID,INTERSECTION_ID_CURRENT,INTERSECTION_LEG_ID,INTERSTATE_IND,INV_LOG_NBR,INV_NLFID,IS_COMMERCIAL_RELATED,LIGHT_COND_PRIMARY_CD,LOCAL_REPORT_NUMBER_ID,MAINTENANCE_AUTHORITY_CD,MONTH_OF_CRASH,NHS_CD,NO_INJURY_REPORTED_NBR,NON_INCAPAC_INJURIES_NBR,NUMBER_OF_UNITS_NBR,ODOT_CITY_VILLAGE_TWP_NME,ODOT_CRASH_LOCATION_CD,ODOT_DIR_FROM_REF_CD,ODOT_DIV_UNDIV_IND,ODOT_INTERSECTION_REL_IND,ODOT_LANES_NBR,ODOT_MAINTAINED_HWY_IND,ODOT_MILES_FROM_REF_NBR,ODOT_REF_ROUTE_PREFIX_CD,ODOT_YOUNG_DRIVER_IND,ODPS_ADDRESS_REFERENCE,ODPS_ALCOHOL_IND,ODPS_CITY_VILLAGE_TWP_NME,ODPS_DRUG_IND,ODPS_LOC_DIR_SUFFIX_CD,ODPS_LOC_IN_WORK_ZONE_CD,ODPS_LOC_ROAD_DIRECTION_CD,ODPS_LOC_ROAD_NME,ODPS_LOC_ROAD_SUFFIX_CD,ODPS_LOC_ROUTE_ID,ODPS_LOC_ROUTE_PREFIX_CD,ODPS_LOC_ROUTE_SUFFIX_CD,ODPS_MILEPOST_REFERENCE,ODPS_MOTORCYCLE_IND,ODPS_REF_DIR_SUFFIX_CD,ODPS_REF_DIRECTION_CD,ODPS_REF_GIVEN,ODPS_REF_POINT_USED_CD,ODPS_REF_ROUTE_ID,ODPS_REF_ROUTE_PREFIX_CD,ODPS_REF_ROUTE_SUFFIX_CD,ODPS_REF_SUFFIX_CD,ODPS_SCHOOL_ZONE_IND,ODPS_SENIOR_DRIVER_IND,ODPS_SPEED_IND,ODPS_TOTAL_FATALITIES_NBR,ODPS_TYPE_OF_WORK_ZONE_CD,ODPS_WORK_ZONE_IND,OPER_ACCESS_CONTROL_CD,POSSIBLE_INJURIES_NBR,ROAD_COND_PRIMARY_CD,ROAD_CONTOUR_CD,SA_RAMP_ID,SA_SEGMENT_ID,SECONDARY_CRASH,STATE_TRUE_LOG_NBR,U1_AGE_NBR,U1_AT_FAULT_IND,U1_CONT_CIR_PRIMARY_CD,U1_DIRECTION_FROM_CD,U1_DIRECTION_TO_CD,U1_DISTRACTED_BY_1_CD,U1_GENDER_CD,U1_IS_ALCOHOL_SUSPECTED,U1_IS_MARIJUANA_SUSPECTED,U1_IS_OTHER_DRUG_SUSPECTED,U1_NON_MOTORIST_LOC_CD,U1_NUMBER_OF_THRU_LANES,U1_OBJECT_STRUCK,U1_ODPS_UNIT_NBR,U1_OPERATINGIN_AUTONOMOUS_MODE,U1_POSTED_SPEED_NBR,U1_PRECRASH_ACTION_CD,U1_SEQ_OF_EVENTS_1_CD,U1_SEQ_OF_EVENTS_2_CD,U1_SEQ_OF_EVENTS_3_CD,U1_SEQ_OF_EVENTS_4_CD,U1_SEQ_OF_EVENTS_5_CD,U1_SEQ_OF_EVENTS_6_CD,U1_SPECIAL_FUNCTION_CD,U1_TRAFFIC_CONTROL_CD,U1_TURN_CD,U1_TYPE_OF_UNIT_CD,U1_UNIT_SPEED_NBR,U2_AGE_NBR,U2_CONT_CIR_PRIMARY_CD,U2_DIRECTION_FROM_CD,U2_DIRECTION_TO_CD,U2_DISTRACTED_BY_1_CD,U2_GENDER_CD,U2_NON_MOTORIST_LOC_CD,U2_ODPS_UNIT_NBR,U2_POSTED_SPEED_NBR,U2_PRECRASH_ACTION_CD,U2_SEQ_OF_EVENTS_1_CD,U2_SEQ_OF_EVENTS_2_CD,U2_SEQ_OF_EVENTS_3_CD,U2_SEQ_OF_EVENTS_4_CD,U2_SEQ_OF_EVENTS_5_CD,U2_SEQ_OF_EVENTS_6_CD,U2_SPECIAL_FUNCTION_CD,U2_TRAFFIC_CONTROL_CD,U2_TURN_CD,U2_TYPE_OF_UNIT_CD,U2_UNIT_SPEED_NBR,U3_CONT_CIR_PRIMARY_CD,U3_ODPS_UNIT_NBR,U3_PRECRASH_ACTION_CD,U3_SEQ_OF_EVENTS_1_CD,U3_SEQ_OF_EVENTS_2_CD,U3_SEQ_OF_EVENTS_3_CD,U3_SEQ_OF_EVENTS_4_CD,U3_SEQ_OF_EVENTS_5_CD,U3_SEQ_OF_EVENTS_6_CD,U3_SPECIAL_FUNCTION_CD,U3_TRAFFIC_CONTROL_CD,U3_TYPE_OF_UNIT_CD,UNRESTRAIN_OCCUPANTS,WEATHER_COND_CD,V1,clean_Narrative,BERT_predictions,BERT_prediction_probabilities,RoBERTa_predictions,RoBERTa_predictions_probabilities,distilBERT_predictions,distilBERT_predictions_probabilities
329,329,186161769,"driver of unit # 1 stated he was n/b i-71 s/o park rd when his drive-shaft broke and ruptured his left fuel tank and dumped about 500 gallons of fuel in the # 1 lane. driver of unit # 2 stated she was n/b i-71 s/o park rd behind unit # 1 when his fuel dumped on the road causing unit # 2 to hydroplane and go off the left side of the road and strike the barrier wall. no injuries were reported or observed. driver of unit # 1 was cited for unsafe vehicle , 4513.02a of the orc",20186161769,2018,O,10/1/2018 0:00,6,SFRAIR00071**C,S,FRA,28.927,40.12086,-82.972677,71787,19234.0,10/3/2018 0:00,5,4,N,2.0,Y,Y,1.0,13,0,,,,Y,28.927,SFRAIR00071**C,Y,1,180836797,1,10,N,2,0,2,SHARON TOWNSHIP,1,S,Y,N,8.0,Y,0.307,,Y,,N,COLUMBUS,N,,0,,I 71 N,,71,IR,,,N,,,PARK,1,,,,RD,N,N,N,0,0,N,1.0,0,1,1,,39476.0,N,119.971,29,Y,18,2,1,1,M,N,N,N,0,2,0,1,2,65,1,6,0,0,0,0,0,1,6,NT,15,65,23.0,1.0,2.0,1.0,1.0,F,,2.0,65.0,11.0,9.0,35.0,,,,,1.0,6.0,NT,1.0,65.0,,,,,,,,,,,,,0,1,,"driver unit1 stated park shaft broke ruptured left fuel tank dumped gallons fuel . driver unit2 stated park behind unit1 fuel dumped causing unit2 hydroplane go left side strike barrier wall . injuries reported observed . driver unit1 cited unsafe vehicle , .2a orc",O,"[0.9999998807907104, 1.5352745208474516e-07, 3.3041224867247365e-08]",O,"[1.0, 1.2605162247325552e-08, 2.248121480641352e-11]",O,"[1.0, 0.0, 0.0]"
330,330,186161784,unit #1 was traveling west on cr 18 and ran off the road to the left striking a utility pole after hydroplaning.,20186161784,2018,AB,10/1/2018 0:00,3,SWAYUS00030**N,S,WAY,2.699,40.789388,-82.076414,62995,99999.0,10/10/2018 0:00,13,4,N,2.0,Y,N,3.0,17,0,,,,N,2.702,SWAYUS00030**C,N,1,85-1161-85,1,10,N,0,1,1,PLAIN TOWNSHIP,1,W,Y,N,4.0,Y,0.1,,N,,N,PLAIN TOWNSHIP,N,,0,,,,18,CR,,,N,,,,1,36,CR,,,N,N,Y,0,0,N,3.0,0,2,1,,261873.0,N,153.878,27,Y,5,3,4,1,F,N,N,N,0,2,40,1,2,55,1,11,9,40,0,0,0,1,6,NT,1,50,,,,,,,,,,,,,,,,,,,,,,,,,,,,,,,,,,0,4,,unit1 traveling cr ran left striking utility pole hydroplaning .,C,"[0.33204057812690735, 0.5057521462440491, 0.16220726072788239]",C,"[0.24236242473125458, 0.7226495742797852, 0.03498801589012146]",O,"[0.9990234375, 0.0010814666748046875, 8.147954940795898e-05]"
331,331,186162778,"unit #1 was traveling north on sr 100 when the vehicle hydroplaned, crossed the centerline of the roadway continuing north, overcorrecting then exiting the right side of the roadway. unit #1 began rotating, traveled across a lawn and gravel driveway and struck the front porch of a residence with its right rear. the vehicle then came to rest on the lawn facing west.",20186162778,2018,O,10/1/2018 0:00,3,SCRASR00019**C,S,CRA,22.296,40.907037,-83.016667,45500,99999.0,10/5/2018 0:00,13,6,N,2.0,Y,N,5.0,14,0,,2672572c-e720-4f22-9fce-832800887c25,e97bfa66-05fe-4291-836a-9ea6a4f77a74,N,22.296,SCRASR00019**C,N,1,1-18-1502,1,10,,2,0,1,LYKENS TOWNSHIP,1,S,N,N,2.0,Y,0.001,CR,Y,,N,LYKENS TOWNSHIP,N,,0,,,,19,SR,,,N,,,BROKENSWORD,1,28,CR,,RD,N,N,N,0,0,N,3.0,0,6,1,,327108.0,N,32.7,16,Y,99,2,1,1,F,N,N,N,0,2,51,1,2,55,1,11,8,51,99,99,99,1,6,NT,1,45,,,,,,,,,,,,,,,,,,,,,,,,,,,,,,,,,,0,4,,"unit1 traveling vehicle hydroplaned , crossed centerline roadway continuing , overcorrecting exiting side roadway . unit1 began rotating , traveled across lawn gravel driveway struck front porch residence rear . vehicle came rest lawn facing .",AB,"[0.004593686666339636, 0.10729784518480301, 0.8881084322929382]",AB,"[0.0006310312892310321, 0.0046456544660031796, 0.9947233200073242]",O,"[0.65966796875, 0.3115234375, 0.02886962890625]"
332,332,186163248,"unit #1 was traveling northwest on us 35 when it hydroplaned, traveled off the right side of the roadway struck the guardrail.",20186163248,2018,O,10/1/2018 0:00,9,SROSUS00035**N,S,ROS,28.5,39.264936,-82.869927,43302,99999.0,10/6/2018 0:00,13,7,N,2.0,Y,Y,2.0,15,0,,,,N,28.5,SROSUS00035**C,N,1,71-1197-71,1,10,N,1,0,1,LIBERTY TOWNSHIP,1,W,Y,N,4.0,Y,0.5,,Y,,N,JEFFERSON TOWNSHIP,N,,0,,,,35,US,,29.0,N,,,,2,,,,,N,N,Y,0,0,N,1.0,0,2,2,,271630.0,N,120.811,24,Y,5,7,6,1,M,N,N,N,0,2,30,1,2,70,1,8,30,30,0,0,0,1,6,NT,1,70,,,,,,,,,,,,,,,,,,,,,,,,,,,,,,,,,,0,1,,"unit1 traveling us hydroplaned , traveled side roadway struck guardrail .",O,"[0.9735714197158813, 0.024968022480607033, 0.0014604914467781782]",O,"[0.9742131233215332, 0.024850381538271904, 0.0009365386795252562]",O,"[0.9970703125, 0.00254058837890625, 0.00011646747589111328]"
333,333,186165503,"unit 1 was eastbound on cooper foster park road when it ran off the road to the right at 48000 cooper foster park road. unit 1 struck the mailbox for that address and then briefly re entered the roadway. unit 1 then again ran off the roadway to the right and struck the mailbox at 47985 cooper foster park road. unit 1 spun around 180 degrees and struck amherst electric utility pole #0727 on the driver side of the vehicle. unit 1 then went backwards into a ditch that was just south of the utility pole. in speaking to the driver of unit 1, i was advised that he had hydroplaned on the wet roadway causing him to lose control of the vehicle. neither the driver or passenger of unit 1 were injured. the passenger was released at the scene to an adult guardian.",20186165503,2018,O,10/1/2018 0:00,3,TLORTR00033**C,T,LOR,3.817,41.411754,-82.249701,44856,51364.0,10/12/2018 0:00,13,6,N,,Y,N,4.0,20,0,,,,N,3.817,TLORTR00033**C,N,3,2018-00008574,4,10,,2,0,1,LORAIN,1,,N,N,2.0,N,0.0,,Y,48000,N,AMHERST,N,,0,,COOPER FOSTER PARK,RD,,,,,N,,,,3,,,,,N,N,Y,0,0,N,,0,2,1,,158168.0,N,3.817,18,Y,99,4,3,1,M,N,N,N,0,2,40,1,2,35,1,8,47,8,47,40,44,1,6,NT,1,40,,,,,,,,,,,,,,,,,,,,,,,,,,,,,,,,,,0,4,,"unit1 cooper foster park ran cooper foster park . unit1 struck mailbox address briefly entered roadway . unit1 ran roadway struck mailbox cooper foster park . unit1 spun around degrees struck amherst electric utility pole driver side vehicle . unit1 went backwards ditch utility pole . speaking driver unit1 , advised hydroplaned wet roadway causing lose control vehicle . neither driver passenger unit1 injured . passenger released scene adult guardian .",O,"[0.9999997615814209, 2.5960943617064913e-07, 3.1370934294727704e-08]",O,"[1.0, 2.3763234935358923e-08, 2.0348821586080312e-11]",O,"[1.0, 5.960464477539063e-08, 0.0]"
334,334,186171846,"unit 1 was stopped at a red light on talmadge road, positioned to turn right onto eastbound 475. unit 2 in the southbound lanes of talmadge, turning east onto 475. unit 2 hydroplaned and the driver lost control of the vehicle, striking unit 1. no injuries were reported. all parties were advised.",20186171846,2018,O,10/1/2018 0:00,2,MLUCMR01932**N,M,LUC,2.949,41.687247,-83.623031,77000,87868.0,10/26/2018 0:00,18,6,N,,N,N,3.0,13,0,,bcf4d6d9-1b4e-4bf8-a27e-f59013fdb369,71782a96-fd0c-4e37-abe6-effffa17a8bd,N,2.922,MLUCMR01932**C,N,1,1.81026E+13,4,10,,2,0,2,TOLEDO,1,,Y,Y,6.0,N,0.0,RA,Y,,N,TOLEDO,N,,0,,SECOR,RD,,,,,N,,,I 475 N,1,475,IR,,,N,N,N,0,0,N,,0,2,2,,138932.0,N,2.949,20,Y,99,1,3,1,M,N,N,N,0,2,0,2,2,0,6,20,0,0,0,0,0,1,2,LT,1,0,21.0,1.0,2.0,3.0,1.0,M,,1.0,,11.0,20.0,,,,,,1.0,2.0,RT,3.0,,,,,,,,,,,,,,0,2,,"unit1 stopped red light talmadge , positioned turn onto . unit2 lanes talmadge , turning onto . unit2 hydroplaned driver lost control vehicle , striking unit1 . injuries reported . parties advised .",O,"[0.9999996423721313, 3.151890552999248e-07, 5.4451145814482516e-08]",O,"[1.0, 1.6965966131987642e-10, 5.612729316148597e-14]",O,"[1.0, 0.0, 0.0]"
335,335,186171960,unit #1 was southbound on ir-71 in the left lane. unit #1 then hydroplaned and struck the median wall. unit #1 then slid off the right side of the road and struck a ditch.,20186171960,2018,O,10/1/2018 0:00,6,SMRWIR00071**N,S,MRW,18.789,40.559263,-82.642605,28378,99999.0,10/26/2018 0:00,13,6,N,2.0,Y,Y,1.0,19,0,,,,Y,18.768,SMRWIR00071**C,N,4,59-1248-59,1,10,N,1,0,1,FRANKLIN TOWNSHIP,1,S,Y,N,6.0,Y,0.1,,Y,,N,FRANKLIN TOWNSHIP,N,,0,,,,71,IR,,157.0,N,,,,2,,,,,N,N,Y,0,0,N,1.0,0,2,4,,33999.0,N,156.962,22,Y,5,1,2,1,M,N,N,N,0,2,44,1,2,70,1,9,35,9,44,0,0,1,6,NT,1,75,,,,,,,,,,,,,,,,,,,,,,,,,,,,,,,,,,0,4,,unit1 ir left . unit1 hydroplaned struck median wall . unit1 slid side struck ditch .,C,"[0.008382380940020084, 0.9844847917556763, 0.007132756989449263]",C,"[0.07893847674131393, 0.9167439937591553, 0.0043175299651920795]",C,"[0.341064453125, 0.63232421875, 0.0270843505859375]"
336,336,186172416,"unit #1 was westbound on us-33 and exiting onto i-270 to go southbound when the driver of unit #1 failed to control his vehicle, causing unit #1 to run off the road to its left. unit #1 struck a posted traffic sign (large yellow and black arrow) which caused disabling damage to the vehicle. the driver of unit #1 stated just as he was exiting us-33 to the ramp to i-270 to go south his vehicle """"hydroplaned"""" from the wet road which caused him to loose control of his vehicle. there were no witnesses at scene and no reported injuries. the driver of unit #1 was issued a citation for """"failure to control"""", ticket #1746058 and the vehicle he was driving was towed from scene at the owner's expense. the reporting officer contacted cpd communications channel and had the dot advised about the damage to the traffic sign.",20186172416,2018,O,10/1/2018 0:00,6,SFRAIR00270**N,S,FRA,46.123,39.90226,-82.897966,18000,19234.0,10/27/2018 0:00,13,7,N,2.0,Y,Y,1.0,13,0,27900.0,,,Y,46.129,SFRAIR00270**C,N,1,180907276,1,10,N,1,0,1,COLUMBUS,1,N,Y,N,5.0,Y,0.009,,Y,,N,COLUMBUS,N,,0,,,,270,IR,,,N,,,,1,33,US,,,N,N,N,0,0,N,1.0,0,2,4,,56923.0,N,46.123,19,Y,99,4,2,1,M,N,N,N,0,2,41,1,2,55,8,9,41,0,0,0,0,1,6,RT,1,40,,,,,,,,,,,,,,,,,,,,,,,,,,,,,,,,,,0,4,,"unit1 us exiting onto go driver unit1 failed control vehicle , causing unit1 run left . unit1 struck posted traffic sign caused disabling damage vehicle . driver unit1 stated exiting us ramp go vehicle `` '' hydroplaned '' '' wet caused loose control vehicle . witnesses scene reported injuries . driver unit1 issued citation `` '' failure control '' '' , ticket vehicle driving towed scene owner 's expense . reporting officer contacted cpd communications channel dot advised damage traffic sign .",O,"[0.9999998807907104, 1.5976483780377748e-07, 1.8350547748013923e-08]",O,"[1.0, 5.893803778356244e-10, 3.146692433529663e-13]",O,"[1.0, 0.0, 0.0]"
337,337,186172544,"unit 1 was travelling westbound on i-670 westbound negotiating the on ramp from n 4th st. the driver of unit 1 stated he was going in excessive speed and hydroplaned into the curb on the left side of the on-ramp striking the left side of unit 1 and breaking the front left axle. the driver of unit 1 stated he came to a stop in the middle of the road and pushed unit 1 to the guardrail, blocking the on-ramp. officers arrived and used a cruiser to push unit 1 out of the street and damaged the front left side of unit 1 with the push bumpers. the driver of unit 1 stated when officers pushed unit 1, the rear right side of unit 1 was damaged.",20186172544,2018,O,10/1/2018 0:00,6,SFRARA25563**C,S,FRA,0.002,39.972969,-83.015533,18000,19234.0,10/27/2018 0:00,13,7,N,4.0,Y,Y,1.0,5,0,31600.0,8387bf1a-8f52-44c0-9fed-f364be046031,a332bac0-78d3-46b6-91d5-e491494e2fb0,Y,0.002,SFRARA25563**C,N,3,180906523,1,10,,2,0,1,COLUMBUS,7,W,N,N,,Y,0.038,SR,N,,N,COLUMBUS,N,,0,W,670WB,HWY,670,IR,,,N,,N,4TH,1,,,,ST,N,N,N,0,0,N,1.0,0,2,1,,,N,0.002,39,Y,99,3,4,1,M,N,N,N,0,2,43,1,2,55,13,43,0,0,0,0,0,1,6,NT,2,45,,,,,,,,,,,,,,,,,,,,,,,,,,,,,,,,,,0,4,,"unit1 travelling negotiating ramp driver unit1 stated going excessive speed hydroplaned curb left side onramp striking left side unit1 breaking front left axle . driver unit1 stated came stop middle pushed unit1 guardrail , blocking onramp . officers arrived used cruiser push unit1 damaged front left side unit1 push bumpers . driver unit1 stated officers pushed unit1 , rear side unit1 damaged .",O,"[0.6138230562210083, 0.38386571407318115, 0.002311225514858961]",O,"[0.9965156316757202, 0.00347780785523355, 6.491773092420772e-06]",O,"[1.0, 6.0617923736572266e-05, 3.6954879760742188e-06]"
338,338,186172959,"unit #1 was traveling n. b. on i-75 in the left lane of travel just before the mp 209, ottawa river rd., exit ramp. unit #2 was also traveling n. b. on i-75, but in the middle lane of travel. unit #2 stated that she began to hydroplane due to the wet roadway and rainy conditions. unit #2 then slid to the left, into unit #1's lane of travel and struck unit #1. no injuries were reported. both parties had moved their vehicles off of the expressway prior to this officers arrival. unit #2 was cited for failure to control, attention to operation.",20186172959,2018,O,10/1/2018 0:00,2,SLUCIR00075**C,S,LUC,9.684,41.704353,-83.501703,77000,87868.0,10/28/2018 0:00,5,1,N,2.0,N,Y,1.0,14,0,,,,Y,9.684,SLUCIR00075**C,N,1,1.81028E+13,1,10,N,4,0,2,TOLEDO,1,S,Y,N,6.0,Y,0.25,,N,,N,TOLEDO,N,,0,N,I 75,HWY,75,IR,,209.0,N,,,,2,,,,,N,N,N,0,0,N,1.0,0,2,4,,39544.0,N,209.266,27,Y,99,2,1,1,F,N,N,N,0,2,0,2,2,60,99,20,0,0,0,0,0,1,6,NT,1,50,40.0,1.0,2.0,1.0,1.0,M,,1.0,60.0,1.0,20.0,,,,,,1.0,6.0,NT,2.0,50.0,,,,,,,,,,,,,0,4,,"unit1 traveling b. left travel mp , ottawa river . , exit ramp . unit2 also traveling b. , middle travel . unit2 stated began hydroplane due wet roadway rainy conditions . unit2 slid left , unit1 's travel struck unit1 . injuries reported . parties moved vehicles expressway prior officers arrival . unit2 cited failure control , attention operation .",O,"[0.9999980926513672, 1.8007242488238262e-06, 1.4427605776745622e-07]",O,"[1.0, 1.0716890708195592e-09, 7.228504361918298e-13]",O,"[1.0, 0.0, 0.0]"
339,339,186173610,"unit #1 was southbound on ir 71 in the middle lane. unit #1 hydroplaned, drove off the left side of the road, struck a concrete wall, spun and hit unit #2 in the side.",20186173610,2018,AB,10/1/2018 0:00,6,SMRWIR00071**N,S,MRW,18.832,40.559652,-82.641966,28378,99999.0,10/28/2018 0:00,5,1,N,2.0,Y,Y,1.0,13,0,,,,Y,18.811,SMRWIR00071**C,N,1,59-1254-59,1,10,N,6,1,2,FRANKLIN TOWNSHIP,1,S,Y,N,6.0,Y,0.057,,Y,,N,FRANKLIN TOWNSHIP,N,,0,,,,71,IR,,157.0,N,,,,2,,,,,N,N,Y,0,0,N,1.0,0,2,2,,33999.0,N,157.005,19,Y,9,1,2,1,M,N,N,N,0,2,35,1,2,70,1,9,35,20,0,0,0,1,6,NT,1,72,40.0,1.0,1.0,2.0,1.0,M,,2.0,70.0,1.0,20.0,,,,,,1.0,6.0,NT,3.0,65.0,,,,,,,,,,,,,0,4,,"unit1 middle . unit1 hydroplaned , drove left side , struck concrete wall , spun hit unit2 side .",O,"[0.9502274394035339, 0.0423135831952095, 0.007458950858563185]",C,"[0.4693647027015686, 0.5196089744567871, 0.011026345193386078]",O,"[0.96142578125, 0.0362548828125, 0.0019073486328125]"
340,340,186173643,"unit 1 driver said she was traveling east on i 270 and taking the exit for i 71 north when she hydroplaned, lost control, and struck the cement barrier. unit 1 bounced off the cement barrier and struck the other side before coming to a stop. unit 1 driver was cited for failing to control and her vehicle was towed from the scene by johnson's towing. no one was injured in the accident.",20186173643,2018,O,10/1/2018 0:00,6,SFRAIR00270**C,S,FRA,25.001,40.110963,-82.993501,18000,19234.0,10/27/2018 0:00,13,7,N,2.0,Y,Y,1.0,8,0,27900.0,294724a7-8058-4590-9a09-a80af974b9bc,06923b41-69ae-4de2-b376-c31944810cfc,Y,25.001,SFRAIR00270**C,N,1,180906675,1,10,N,3,0,1,COLUMBUS,1,W,Y,N,9.0,Y,0.028,RA,N,,N,COLUMBUS,N,,0,,,,270,IR,,,N,,,,1,71,IR,,,N,N,N,0,0,N,1.0,0,2,2,,45522.0,N,25.001,63,Y,99,4,3,1,F,N,N,N,0,2,35,1,2,50,1,35,0,0,0,0,0,1,6,NT,2,45,,,,,,,,,,,,,,,,,,,,,,,,,,,,,,,,,,0,4,,"unit1 driver said traveling taking exit hydroplaned , lost control , struck cement barrier . unit1 bounced cement barrier struck side coming stop . unit1 driver cited failing control vehicle towed scene johnson 's towing . one injured accident .",O,"[1.0, 4.3224446244494175e-08, 1.3443846036409468e-08]",O,"[1.0, 2.445196822797868e-10, 1.454315997056338e-13]",O,"[1.0, 0.0, 0.0]"
341,341,186173648,"unit 1 driver stated she was traveling west on i 270 just west of cleveland ave when she began to brake due to traffic. unit 1 driver said the vehicle started to hydroplane, she lost control, spun, and then hit the concrete barrier. the vehicle was impounded for safe keeping and driver of unit 1 was transported to riverside hospital for a cut on her head and treated by dr. franasiak. unit 1 driver was cited for failure to control.",20186173648,2018,AB,10/1/2018 0:00,6,SFRAIR00270**N,S,FRA,25.87,40.110502,-82.97745,18000,19234.0,10/27/2018 0:00,13,7,N,2.0,Y,Y,1.0,14,0,27900.0,,,Y,25.862,SFRAIR00270**C,N,1,180907379,1,10,N,0,1,1,COLUMBUS,1,W,Y,N,8.0,Y,0.057,,N,,N,COLUMBUS,N,,0,,,,270,IR,,,N,,,CLEVELAND,1,,,,AVE,N,N,N,0,0,N,1.0,0,2,1,,56907.0,N,25.87,30,Y,99,3,4,1,F,N,N,N,0,2,35,1,2,65,1,35,0,0,0,0,0,1,6,NT,3,50,,,,,,,,,,,,,,,,,,,,,,,,,,,,,,,,,,0,4,,"unit1 driver stated traveling cleveland began brake due traffic . unit1 driver said vehicle started hydroplane , lost control , spun , hit concrete barrier . vehicle impounded safe keeping driver unit1 transported riverside hospital cut head treated . franasiak . unit1 driver cited failure control .",C,"[1.1679437506018076e-07, 0.9999996423721313, 2.6258743446305743e-07]",C,"[3.377814152827341e-07, 0.9999738931655884, 2.5757437470019795e-05]",C,"[3.618001937866211e-05, 1.0, 5.364418029785156e-06]"
342,342,186174422,"unit #1 was traveling eastbound on i-90 in the left lane, west of dover center road. unit #1 hydroplaned and lost control, striking the concrete median barrier. unit #1 spun out and traveled across all three lanes and struck the guardrail. the driver was transported to sjmc for head pain. there was no damage to the median barrier or guardrail. the driver was not cited.",20186174422,2018,AB,10/1/2018 0:00,12,SCUYIR00090**C,S,CUY,2.491,41.468489,-81.92173,83622,17668.0,10/28/2018 0:00,13,1,N,2.0,Y,Y,1.0,14,0,,,,Y,2.491,SCUYIR00090**C,N,1,1835156,1,10,N,0,1,1,WESTLAKE,1,W,Y,N,6.0,Y,0.009,,Y,,N,WESTLAKE,N,,0,,,HWY,90,IR,,,N,,,DOVER CENTER,1,,,,RD,N,N,Y,0,0,N,1.0,0,2,2,,47172.0,N,158.31,22,Y,99,4,3,1,M,N,N,N,0,2,35,1,2,60,1,9,35,8,30,0,0,1,6,NT,1,65,,,,,,,,,,,,,,,,,,,,,,,,,,,,,,,,,,0,4,,"unit1 traveling left , dover center . unit1 hydroplaned lost control , striking concrete median barrier . unit1 spun traveled across three lanes struck guardrail . driver transported sjmc head pain . damage median barrier guardrail . driver cited .",C,"[1.1215286122023826e-06, 0.9999982118606567, 6.585780738532776e-07]",C,"[2.7930542501053424e-07, 0.9999977350234985, 2.047719590336783e-06]",C,"[1.430511474609375e-06, 1.0, 5.364418029785156e-07]"
343,343,186176023,"units 1 and 2 were traveling east on i-90 in the area of milepost 155. the driver of unit 1 advised he began to hydroplane, lost control of the vehicle, and struck unit 2. both vehicles began to spin counterclockwise toward the right side of the road. unit 1 came to rest on the grassy area near the shoulder of the road. unit 2 came to rest far off the right side of the road in a wooded area. unit 2 struck the metal fencing where the fencing became entangled with the rear of unit 2. both vehicle were disabled and had to be towed from scene.",20186176023,2018,C,10/1/2018 0:00,3,SLORIR00090**C,S,LOR,22.471,41.465644,-81.985167,3352,17668.0,10/28/2018 0:00,5,1,N,2.0,N,Y,1.0,16,0,,,,Y,22.471,SLORIR00090**C,N,1,1705,1,10,N,0,0,2,AVON,1,,Y,N,6.0,Y,0.0,,N,,N,AVON,N,,0,,,,90,IR,,155.0,N,,,,2,,,,,N,Y,N,0,0,N,1.0,2,2,1,,56901.0,N,154.959,76,Y,99,4,3,1,M,N,N,N,0,2,0,1,2,65,1,20,0,0,0,0,0,1,6,NT,1,65,35.0,1.0,4.0,3.0,1.0,F,,2.0,65.0,1.0,20.0,8.0,46.0,,,,1.0,6.0,NT,1.0,65.0,,,,,,,,,,,,,0,4,,"unit1 unit2 traveling area milepost . driver unit1 advised began hydroplane , lost control vehicle , struck unit2 . vehicles began spin counterclockwise toward side . unit1 came rest grassy area near shoulder . unit2 came rest far side wooded area . unit2 struck metal fencing fencing became entangled rear unit2 . vehicle disabled towed scene .",C,"[0.027448371052742004, 0.9641333222389221, 0.008418367244303226]",C,"[0.24285633862018585, 0.7548964619636536, 0.0022471200209110975]",C,"[0.0030612945556640625, 0.99609375, 0.0009670257568359375]"