,id,OBJECTID,Narrative,DOCUMENT_NBR,CRASH_YR,CRASH_SEVERITY_CD,CRASH_MONTH_YEAR,DISTRICT_NBR,NLFID,NLF_JUR_CD,NLF_COUNTY_CD,COUNTY_LOG_NBR,ODOT_LATITUDE_NBR,ODOT_LONGITUDE_NBR,ODOT_FIPS_CD,AREA_CODE,CRASH_DATE,CRASH_TYPE_CD,DAY_IN_WEEK_CD,DISTRACTED_DRIVER_IND,FACILITY_TYPE_CD,FHWA_RDWY_DEPARTURE_IND,FREEWAY_IND,FUNCTIONAL_CLASS_CD,HOUR_OF_CRASH,INCAPAC_INJURIES_NBR,INTERCHANGE_ID,INTERSECTION_ID_CURRENT,INTERSECTION_LEG_ID,INTERSTATE_IND,INV_LOG_NBR,INV_NLFID,IS_COMMERCIAL_RELATED,LIGHT_COND_PRIMARY_CD,LOCAL_REPORT_NUMBER_ID,MAINTENANCE_AUTHORITY_CD,MONTH_OF_CRASH,NHS_CD,NO_INJURY_REPORTED_NBR,NON_INCAPAC_INJURIES_NBR,NUMBER_OF_UNITS_NBR,ODOT_CITY_VILLAGE_TWP_NME,ODOT_CRASH_LOCATION_CD,ODOT_DIR_FROM_REF_CD,ODOT_DIV_UNDIV_IND,ODOT_INTERSECTION_REL_IND,ODOT_LANES_NBR,ODOT_MAINTAINED_HWY_IND,ODOT_MILES_FROM_REF_NBR,ODOT_REF_ROUTE_PREFIX_CD,ODOT_YOUNG_DRIVER_IND,ODPS_ADDRESS_REFERENCE,ODPS_ALCOHOL_IND,ODPS_CITY_VILLAGE_TWP_NME,ODPS_DRUG_IND,ODPS_LOC_DIR_SUFFIX_CD,ODPS_LOC_IN_WORK_ZONE_CD,ODPS_LOC_ROAD_DIRECTION_CD,ODPS_LOC_ROAD_NME,ODPS_LOC_ROAD_SUFFIX_CD,ODPS_LOC_ROUTE_ID,ODPS_LOC_ROUTE_PREFIX_CD,ODPS_LOC_ROUTE_SUFFIX_CD,ODPS_MILEPOST_REFERENCE,ODPS_MOTORCYCLE_IND,ODPS_REF_DIR_SUFFIX_CD,ODPS_REF_DIRECTION_CD,ODPS_REF_GIVEN,ODPS_REF_POINT_USED_CD,ODPS_REF_ROUTE_ID,ODPS_REF_ROUTE_PREFIX_CD,ODPS_REF_ROUTE_SUFFIX_CD,ODPS_REF_SUFFIX_CD,ODPS_SCHOOL_ZONE_IND,ODPS_SENIOR_DRIVER_IND,ODPS_SPEED_IND,ODPS_TOTAL_FATALITIES_NBR,ODPS_TYPE_OF_WORK_ZONE_CD,ODPS_WORK_ZONE_IND,OPER_ACCESS_CONTROL_CD,POSSIBLE_INJURIES_NBR,ROAD_COND_PRIMARY_CD,ROAD_CONTOUR_CD,SA_RAMP_ID,SA_SEGMENT_ID,SECONDARY_CRASH,STATE_TRUE_LOG_NBR,U1_AGE_NBR,U1_AT_FAULT_IND,U1_CONT_CIR_PRIMARY_CD,U1_DIRECTION_FROM_CD,U1_DIRECTION_TO_CD,U1_DISTRACTED_BY_1_CD,U1_GENDER_CD,U1_IS_ALCOHOL_SUSPECTED,U1_IS_MARIJUANA_SUSPECTED,U1_IS_OTHER_DRUG_SUSPECTED,U1_NON_MOTORIST_LOC_CD,U1_NUMBER_OF_THRU_LANES,U1_OBJECT_STRUCK,U1_ODPS_UNIT_NBR,U1_OPERATINGIN_AUTONOMOUS_MODE,U1_POSTED_SPEED_NBR,U1_PRECRASH_ACTION_CD,U1_SEQ_OF_EVENTS_1_CD,U1_SEQ_OF_EVENTS_2_CD,U1_SEQ_OF_EVENTS_3_CD,U1_SEQ_OF_EVENTS_4_CD,U1_SEQ_OF_EVENTS_5_CD,U1_SEQ_OF_EVENTS_6_CD,U1_SPECIAL_FUNCTION_CD,U1_TRAFFIC_CONTROL_CD,U1_TURN_CD,U1_TYPE_OF_UNIT_CD,U1_UNIT_SPEED_NBR,U2_AGE_NBR,U2_CONT_CIR_PRIMARY_CD,U2_DIRECTION_FROM_CD,U2_DIRECTION_TO_CD,U2_DISTRACTED_BY_1_CD,U2_GENDER_CD,U2_NON_MOTORIST_LOC_CD,U2_ODPS_UNIT_NBR,U2_POSTED_SPEED_NBR,U2_PRECRASH_ACTION_CD,U2_SEQ_OF_EVENTS_1_CD,U2_SEQ_OF_EVENTS_2_CD,U2_SEQ_OF_EVENTS_3_CD,U2_SEQ_OF_EVENTS_4_CD,U2_SEQ_OF_EVENTS_5_CD,U2_SEQ_OF_EVENTS_6_CD,U2_SPECIAL_FUNCTION_CD,U2_TRAFFIC_CONTROL_CD,U2_TURN_CD,U2_TYPE_OF_UNIT_CD,U2_UNIT_SPEED_NBR,U3_CONT_CIR_PRIMARY_CD,U3_ODPS_UNIT_NBR,U3_PRECRASH_ACTION_CD,U3_SEQ_OF_EVENTS_1_CD,U3_SEQ_OF_EVENTS_2_CD,U3_SEQ_OF_EVENTS_3_CD,U3_SEQ_OF_EVENTS_4_CD,U3_SEQ_OF_EVENTS_5_CD,U3_SEQ_OF_EVENTS_6_CD,U3_SPECIAL_FUNCTION_CD,U3_TRAFFIC_CONTROL_CD,U3_TYPE_OF_UNIT_CD,UNRESTRAIN_OCCUPANTS,WEATHER_COND_CD,V1,clean_Narrative,BERT_predictions,BERT_prediction_probabilities,RoBERTa_predictions,RoBERTa_predictions_probabilities,distilBERT_predictions,distilBERT_predictions_probabilities
344,344,186176228,"on this date, around 0515 hours, a single vehicle crash occurred on 35 eb near mm 43. the vehicle hydroplaned into the guardrail on the south side of the road causing damage to the guardrail. state of ohio department of transportation 1980 w broad street columbus, ohio 43223 614-466-7170 self insured unit 1 was traveling eb on 35 when she hydroplaned, lost control of her vehicle and struck a guardrail.",20186176228,2018,O,11/1/2018 0:00,8,SGREUS00035**C,S,GRE,1.872,39.72844,-84.070895,4720,22528.0,11/1/2018 0:00,13,5,N,2.0,Y,Y,2.0,5,0,36500.0,,,N,1.872,SGREUS00035**C,N,4,2018-00028906,4,11,N,1,0,1,BEAVERCREEK,1,W,Y,N,4.0,N,0.028,,N,,N,BEAVERCREEK,N,,0,S,35,HWY,35,US,,43.0,N,,,,2,,,,,N,N,Y,0,0,N,1.0,0,2,2,,241532.0,N,42.935,48,Y,99,4,3,1,F,N,N,N,0,2,30,1,2,55,1,8,30,0,0,0,0,1,6,NT,3,60,,,,,,,,,,,,,,,,,,,,,,,,,,,,,,,,,,0,4,,"date , around , single vehicle crash occurred near mm . vehicle hydroplaned guardrail side causing damage guardrail . state ohio department transportation broad columbus , ohio self insured unit1 traveling hydroplaned , lost control vehicle struck guardrail .",O,"[0.9999920129776001, 7.418190762109589e-06, 5.473115720633359e-07]",O,"[1.0, 1.2281441141848148e-10, 2.279157494244205e-13]",O,"[1.0, 0.0, 0.0]"
345,345,186176950,unit # 1 was traveling sb when the unit hydroplaned into the barrier,20186176950,2018,O,11/1/2018 0:00,8,SHAMIR00075**N,S,HAM,3.899,39.143853,-84.536159,15000,16885.0,11/1/2018 0:00,13,5,N,2.0,Y,Y,1.0,12,0,,688b7805-68cc-4c43-9ecf-567a9538c08d,ca702331-245d-44ca-a331-c2d8efbe627b,Y,3.938,SHAMIR00075**C,N,1,185015548,1,11,N,1,0,1,CINCINNATI,1,,Y,N,8.0,Y,0.0,,N,,N,CINCINNATI,N,,0,,,,75,IR,,75.0,N,,,,2,,,,,N,N,N,0,0,N,1.0,0,2,1,,45352.0,N,3.899,34,Y,1,1,2,1,F,N,N,N,0,2,35,1,2,55,1,35,0,0,0,0,0,1,6,NT,1,55,,,,,,,,,,,,,,,,,,,,,,,,,,,,,,,,,,0,4,,unit1 traveling unit hydroplaned barrier,O,"[0.9553477764129639, 0.04202898219227791, 0.002623308217152953]",O,"[0.9074563384056091, 0.09181308001279831, 0.0007306261104531586]",O,"[1.0, 0.00013554096221923828, 8.165836334228516e-06]"
346,346,186177181,"u1 was north on ir 675 in the left lane when he advised that a semi began changing into his lane. u1 slowed from the 65 mph he reported and the vehicle hydroplaned and went off the road left. u1 got caught in the median cables and came to final rest with two cables around the left side, one cable around the right side, and the 4th over the top of his vehicle. u1 ran over 10 of the cable supports. odot came out to release the tension on the cables so that w&w could tow the vehicle. cable ohio dept. of transportation 1980 w broad st columbus, oh 43223 614- 466-7170 self insured u1 was north on ir 675 in the left lane. u1 began slowing for another unit changing from the center lane to the left lane and u1 went off the road left. u1 then struck the median cables.",20186177181,2018,O,11/1/2018 0:00,8,SGREIR00675**C,S,GRE,6.568,39.744962,-84.093752,4720,22528.0,11/1/2018 0:00,13,5,N,2.0,Y,Y,1.0,9,0,,,,Y,6.568,SGREIR00675**C,N,1,2018-00028920,1,11,N,1,0,1,BEAVERCREEK,1,,Y,N,6.0,Y,0.0,,N,,N,BEAVERCREEK,N,,0,,I 675,HWY,675,IR,,14.0,N,,,,2,,,,,N,N,N,0,0,N,1.0,0,2,2,,45607.0,N,14.172,43,Y,99,2,1,1,M,N,N,N,0,2,33,1,2,65,1,9,33,0,0,0,0,1,6,NT,1,65,,,,,,,,,,,,,,,,,,,,,,,,,,,,,,,,,,0,4,,"left advised semi began changing . slowed mph reported vehicle hydroplaned went left . got caught median cables came final rest two cables around left side , one cable around side , top vehicle . ran cable supports . odot came release tension cables w & w could tow vehicle . cable ohio . transportation broad columbus , oh self insured left . began slowing another unit changing center left went left . struck median cables .",O,"[0.9999988079071045, 1.120641854868154e-06, 1.469131234443921e-07]",O,"[1.0, 2.242355190418266e-09, 3.721421174690542e-12]",O,"[1.0, 0.0, 0.0]"
347,347,186177993,"unit #1 was traveling westbound on ir90 in the high speed lane just west of the clague rd overpass. unit #1 operator advised that unit #2 operator was in the middle lane of traffic and attempted to change lanes into her lane. at this point, unit #2 struck unit #1 in the front passenger side of her vehicle. unit #1 operator stated that after the strike, unit #2 hit a large puddle that was in the high speed lane and started to fishtail and then continued on. unit #1 operator stated that after she was struck by unit #2, she started to lose control and then hit the puddle in the high speed lane which she then hydroplaned into the left berm and struck the concrete median. unit #2 operator left then scene and never showed up during the crash investigation. unit #2 is described as a possible acura white in color, and possibly with the first three letters of """"hkh"""". this crash happened just prior to reports #18-35606, #18-35612.",20186177993,2018,AB,11/1/2018 0:00,12,SCUYIR00090**N,S,CUY,4.389,41.475591,-81.886445,83622,17668.0,11/1/2018 0:00,5,5,N,2.0,N,Y,1.0,19,0,,,,Y,4.387,SCUYIR00090**C,N,3,1835605,1,11,N,0,1,2,WESTLAKE,1,W,Y,N,6.0,Y,0.019,,N,,N,WESTLAKE,N,,0,,,HWY,90,IR,,,N,,,CLAGUE,1,,,,RD,N,N,Y,0,0,N,1.0,0,2,1,,91352.0,N,160.208,0,Y,99,3,4,0,U,N,N,N,0,2,0,2,2,60,1,20,0,0,0,0,0,1,6,NT,1,65,34.0,1.0,3.0,4.0,1.0,F,,1.0,60.0,1.0,20.0,35.0,,,,,1.0,6.0,NT,1.0,60.0,,,,,,,,,,,,,0,4,,"unit1 traveling high speed clague overpass . unit1 operator advised unit2 operator middle traffic attempted change lanes . point , unit2 struck unit1 front passenger side vehicle . unit1 operator stated strike , unit2 hit large puddle high speed started fishtail continued . unit1 operator stated struck unit2 , started lose control hit puddle high speed hydroplaned left berm struck concrete median . unit2 operator left scene never showed crash investigation . unit2 described possible acura white color , possibly first three letters `` '' hkh '' '' . crash happened prior reports , .",O,"[0.9999995231628418, 4.333634819886356e-07, 4.1042021337034384e-08]",C,"[0.03443663939833641, 0.9647903442382812, 0.0007730252109467983]",O,"[0.54052734375, 0.457763671875, 0.0015964508056640625]"
348,348,186179831,unit #1 was traveling southbound on state route 250 near greenwich east townline road. unit #1 struck standing water in the roadway and hydroplaned into the guardrail on the west side of the roadway. unit #1 sustained disabling damage to the front center of the vehicle.,20186179831,2018,O,11/1/2018 0:00,3,SASDUS00250**C,S,ASD,0.007,41.047755,-82.435869,68966,99999.0,11/1/2018 0:00,13,5,N,2.0,Y,N,3.0,15,0,,89031f98-ecd9-4ca4-a11f-b0748957ed4d,7c0b2e5d-c710-458a-96ea-a0041f66d0e9,N,0.007,SASDUS00250**C,N,1,1/18/8017,1,11,N,1,0,1,RUGGLES TOWNSHIP,1,N,N,N,2.0,Y,0.114,US,Y,,N,GREENWICH TOWNSHIP,N,,0,,,,250,US,,,N,,N,GREENWICH EAST TOWNLINE,1,,,,RD,N,N,N,0,0,N,3.0,0,2,2,,245195.0,N,32.314,18,Y,99,1,2,1,M,N,N,N,0,2,30,1,2,55,1,30,99,99,99,99,99,1,6,NT,1,55,,,,,,,,,,,,,,,,,,,,,,,,,,,,,,,,,,0,4,,unit1 traveling state near greenwich townline . unit1 struck standing water roadway hydroplaned guardrail side roadway . unit1 sustained disabling damage front center vehicle .,O,"[0.9999995231628418, 5.054819212091388e-07, 4.626614469316337e-08]",O,"[1.0, 1.4281824611828142e-09, 7.739394194961058e-12]",O,"[1.0, 0.0, 0.0]"
349,349,186180059,unit 1 was traveling on i-480 east in lane one near milepost 15.2. unit 1 hydroplaned and went off the left side of the road. the rear of unit 1 struck the median wall. unit 1 spun and the front left hit the median wall.,20186180059,2018,AB,11/1/2018 0:00,12,SCUYIR00480**C,S,CUY,15.217,41.420908,-81.692942,16000,17668.0,11/1/2018 0:00,13,5,N,2.0,Y,Y,1.0,9,0,,,,Y,15.217,SCUYIR00480**C,N,1,180100603,1,11,N,0,1,1,CLEVELAND,1,,Y,N,8.0,Y,0.0,,N,,N,BROOKLYN,N,,0,,,,480,IR,,15.2,N,,,,2,,,,,N,N,N,0,0,N,1.0,0,2,3,,81543.0,N,17.521,35,Y,99,4,3,1,M,N,N,N,0,2,35,1,2,60,1,9,35,0,0,0,0,1,6,NT,3,50,,,,,,,,,,,,,,,,,,,,,,,,,,,,,,,,,,0,4,,unit1 traveling one near milepost .. unit1 hydroplaned went left side . rear unit1 struck median wall . unit1 spun front left hit median wall .,C,"[0.3913753926753998, 0.5604546070098877, 0.04816996306180954]",C,"[0.19694332778453827, 0.7992233037948608, 0.003833391470834613]",C,"[0.1966552734375, 0.76611328125, 0.037078857421875]"
350,350,186180562,"unit #1 was operating southbound on sr 19 north of cr 29 when the operator failed to notice flooding in the roadway. unit #1 entered the water, hydroplaned, and drove off to the west side of the roadway, becoming partially submerged in the water.",20186180562,2018,O,11/1/2018 0:00,3,SCRASR00019**C,S,CRA,21.404,40.894118,-83.016694,35980,99999.0,11/2/2018 0:00,17,6,N,2.0,Y,N,5.0,5,0,,,,N,21.404,SCRASR00019**C,N,4,1-18-1669,1,11,,1,0,1,HOLMES TOWNSHIP,1,N,N,N,2.0,Y,0.3,TR,N,,N,HOLMES TOWNSHIP,N,,0,,STATE ROUTE 19,HWY,19,SR,,,N,,,LEMERT,1,29,CR,,RD,N,N,N,0,0,N,3.0,0,2,2,,167858.0,N,31.808,36,Y,99,1,2,1,M,N,N,N,0,2,0,1,2,55,1,8,99,99,99,99,99,1,6,NT,1,45,,,,,,,,,,,,,,,,,,,,,,,,,,,,,,,,,,0,4,,"unit1 operating cr operator failed notice flooding roadway . unit1 entered water , hydroplaned , drove side roadway , becoming partially submerged water .",O,"[0.9999986886978149, 1.1893046121258521e-06, 9.283596114073589e-08]",O,"[0.9999963045120239, 3.42132875630341e-06, 1.7992130096899928e-07]",O,"[1.0, 0.0, 0.0]"
351,351,186181769,"unit #1 was traveling eastbound on 76 near the gilchrist exit. unit #1 hydroplaned, spun out and struck the barrier.",20186181769,2018,O,10/1/2018 0:00,4,CSUMCR00266**C,C,SUM,0.481,41.06515,-81.433226,74130,766.0,10/29/2018 0:00,13,2,N,,Y,N,5.0,19,0,84900.0,3e96024a-e954-4f36-a928-045f60be352c,ab4cb1a3-bdb1-4329-9428-70a0417bb3a7,N,0.481,CSUMCR00266**C,N,9,T18006750,2,10,,1,0,1,SPRINGFIELD TOWNSHIP,1,E,N,N,4.0,N,0.01,RA,Y,,N,AKRON,N,,0,,,,76,IR,,,N,,,GILCHRIST,1,,,,AVE,N,N,N,0,0,N,,0,9,9,,31015.0,N,0.481,21,Y,1,4,3,1,M,N,N,N,0,2,36,1,2,0,1,36,0,0,0,0,0,1,6,NT,1,0,,,,,,,,,,,,,,,,,,,,,,,,,,,,,,,,,,0,99,,"unit1 traveling near gilchrist exit . unit1 hydroplaned , spun struck barrier .",O,"[0.9998656511306763, 0.00012780305405613035, 6.511695573863108e-06]",O,"[0.7613003849983215, 0.2363385111093521, 0.00236113159917295]",O,"[1.0, 3.5762786865234375e-07, 0.0]"
352,352,186182639,"unit #1 was traveling south on county road 27 (river corners road). unit #1 hydroplaned after crossing high water. unit #1 went off the left side of the roadway, striking an embankment and overturning.",20186182639,2018,AB,11/1/2018 0:00,3,CMEDCR00027**C,C,MED,1.24,41.11778,-82.094066,73999,99999.0,11/2/2018 0:00,13,6,N,,Y,N,7.0,7,0,,,,N,1.24,CMEDCR00027**C,N,4,52-1212-52,2,11,,0,1,1,SPENCER TOWNSHIP,1,S,N,N,2.0,N,1.3,CR,Y,,N,SPENCER TOWNSHIP,N,,0,,,,27,CR,,,N,,,,1,4,CR,,,N,N,Y,0,0,N,,0,6,2,,12411.0,N,1.24,18,Y,9,1,2,1,F,N,N,N,0,2,45,1,2,55,1,9,45,1,0,0,0,1,6,NT,1,50,,,,,,,,,,,,,,,,,,,,,,,,,,,,,,,,,,0,4,,"unit1 traveling county . unit1 hydroplaned crossing high water . unit1 went left side roadway , striking embankment overturning .",C,"[0.320527046918869, 0.6421371698379517, 0.0373358353972435]",C,"[0.010750515386462212, 0.966911256313324, 0.022338245064020157]",O,"[0.6474609375, 0.270263671875, 0.08184814453125]"
353,353,186185474,"units 1 and 2 were both traveling westbound on ir 275, unit 1 in the middle lane and unit 2 in the right lane. unit 1 began to hydroplane and the operator lost control. unit 1 swerved into unit 2's lane, striking unit 2 and causing unit 1 to spin. unit 1 then struck the guardrail and came to final rest facing eastbound in the left lane. the operator of unit 1 was cited.",20186185474,2018,O,11/1/2018 0:00,8,SHAMIR00275**N,S,HAM,12.333,39.225357,-84.658158,16616,16885.0,11/1/2018 0:00,5,5,N,2.0,N,Y,1.0,11,0,,7d0aff9b-e4ea-45f3-8d54-de48eab04254,e90e2132-5f39-4fe8-9131-8fc3978a1ad2,Y,12.111,SHAMIR00275**C,N,1,R18-0430,1,11,N,4,0,2,COLERAIN TOWNSHIP,10,,Y,N,6.0,Y,0.0,,N,,N,COLERAIN TOWNSHIP,N,,0,W,IR 275,HWY,275,IR,,30.0,N,,,,2,,,,,N,N,N,0,0,N,1.0,0,2,1,,39742.0,N,29.933,31,Y,99,3,4,1,F,N,N,N,0,2,30,1,2,65,1,20,9,30,0,0,0,1,6,NT,2,65,53.0,1.0,3.0,4.0,1.0,M,,2.0,65.0,1.0,20.0,,,,,,1.0,6.0,NT,4.0,60.0,,,,,,,,,,,,,0,4,,"unit1 unit2 traveling , unit1 middle unit2 . unit1 began hydroplane operator lost control . unit1 swerved unit2 's , striking unit2 causing unit1 spin . unit1 struck guardrail came final rest facing left . operator unit1 cited .",O,"[0.9979938268661499, 0.001847800798714161, 0.0001583377888891846]",O,"[0.6334967017173767, 0.33676329255104065, 0.029739994555711746]",O,"[0.5625, 0.38720703125, 0.050140380859375]"
354,354,186187225,unit 1 was traveling northbound on interstate 77 in the middle lane at milepost 136.4. unit 1 encountered standing water in the roadway and began to hydroplane. unit 1 lost control and spun to the right. the front of unit 1 struck the face of the guardrail on the right side of the roadway. unit 1 sustained minor damage to the front end. the driver of unit 1 reported no injury and declined ems.,20186187225,2018,O,10/1/2018 0:00,4,SSUMIR00077**C,S,SUM,22.906,41.131179,-81.651653,18658,766.0,10/12/2018 0:00,13,6,N,2.0,Y,Y,1.0,23,0,,,,Y,22.906,SSUMIR00077**C,Y,3,21810052,1,10,N,1,0,1,COPLEY TOWNSHIP,1,,Y,N,6.0,Y,0.0,,Y,,N,COPLEY TOWNSHIP,N,,0,,,,77,IR,,136.4,N,,,,2,,,,,N,N,N,0,0,N,1.0,0,2,1,,91298.0,N,136.428,24,Y,99,2,1,1,M,N,N,N,0,2,30,1,2,65,1,8,30,0,0,0,0,1,6,NT,3,65,,,,,,,,,,,,,,,,,,,,,,,,,,,,,,,,,,0,4,,unit1 traveling interstate middle milepost .. unit1 encountered standing water roadway began hydroplane . unit1 lost control spun . front unit1 struck face guardrail side roadway . unit1 sustained minor damage front end . driver unit1 reported injury declined ems .,O,"[0.9999985694885254, 1.3206134781285073e-06, 7.376890920340884e-08]",O,"[0.9998308420181274, 0.00016908701218198985, 1.8519513034220836e-08]",O,"[0.9970703125, 0.0025196075439453125, 8.589029312133789e-05]"
355,355,186189814,"unit #1 was traveling westbound on i-670 in the right lane and had just passed grandview ave. approximately a quarter mile past grandview ave, unit #1 hydroplaned due to the wet roadway, causing unit #1's right side to strike the guard rail, causing disabling damage to unit #1. the driver of unit #1 was issued a traffic citation for failure to control. there were no injuries reported, and unit #1 was not blocking.",20186189814,2018,O,11/1/2018 0:00,6,MFRAMR04232**C,M,FRA,0.539,39.968706,-83.046314,18000,19234.0,11/19/2018 0:00,13,2,N,,Y,N,4.0,5,0,26200.0,,,N,0.539,MFRAMR04232**C,N,3,180971347,4,11,,1,0,1,COLUMBUS,1,W,N,N,4.0,N,0.25,,N,,N,COLUMBUS,N,,0,,,,670,IR,,,N,,,GRANDVIEW,1,,,,AVE,N,N,N,0,0,N,,0,2,1,,127385.0,N,0.539,57,Y,99,3,4,1,M,N,N,N,0,2,30,1,2,0,1,30,0,0,0,0,0,1,6,NT,1,0,,,,,,,,,,,,,,,,,,,,,,,,,,,,,,,,,,0,4,,"unit1 traveling passed grandview . approximately quarter mile past grandview , unit1 hydroplaned due wet roadway , causing unit1 's side strike guard rail , causing disabling damage unit1 . driver unit1 issued traffic citation failure control . injuries reported , unit1 blocking .",O,"[1.0, 5.174671002805553e-08, 1.3370351936714542e-08]",O,"[1.0, 1.2636372503926907e-10, 3.4021830491726135e-14]",O,"[1.0, 0.0, 0.0]"
356,356,186190085,"i spoke with the witness who stated she was getting onto st rt 161 w/b from us rt 62 and witnessed unit 1 traveling west on st rt 161. the witness stated she witnessed unit 1 change lanes from the right to the left, lost control, left the roadway into the median, spun """"a few times"""", before flipping the unit two times. plain township ems 121 evaluated the operator of unit 1 and transported her to st anne's hospital. eastland towing towed unit 1. i spoke to the operator of unit 1 in er room 23 of st anne's hospital. the operator of unit 1 stated she was traveling west on st rt 161. the operator of unit 1 stated she was traveling 65mph and hydroplaned, then left the roadway and spun 360 degrees before coming to a rest.",20186190085,2018,AB,11/1/2018 0:00,6,SFRASR00161**N,S,FRA,21.752,40.08815,-82.798285,53970,19234.0,11/15/2018 0:00,17,5,N,2.0,Y,Y,2.0,9,0,32900.0,,,N,21.741,SFRASR00161**C,N,1,18-13222,4,11,N,0,1,1,NEW ALBANY,2,,Y,Y,4.0,N,0.0,,N,,N,NEW ALBANY,N,,0,,STATE ROUTE 161 W,,161,SR,,,N,,,JOHNSTOWN,1,,,,RD,N,N,N,0,0,N,1.0,0,2,4,,328664.0,N,46.97,30,Y,99,7,6,1,F,N,N,N,0,2,0,1,2,65,1,9,12,0,0,0,0,1,6,NT,1,65,,,,,,,,,,,,,,,,,,,,,,,,,,,,,,,,,,0,2,,"spoke witness stated getting onto us witnessed unit1 traveling . witness stated witnessed unit1 change lanes left , lost control , left roadway median , spun `` '' times '' '' , flipping unit2 times . plain township ems evaluated operator unit1 transported anne 's hospital . eastland towing towed unit1 . spoke operator unit1 room anne 's hospital . operator unit1 stated traveling . operator unit1 stated traveling 65mph hydroplaned , left roadway spun degrees coming rest .",C,"[6.886290793772787e-05, 0.9987812638282776, 0.0011499046813696623]",C,"[2.3820335627533495e-05, 0.8994761109352112, 0.10050006210803986]",C,"[8.64267349243164e-06, 1.0, 4.470348358154297e-06]"
357,357,186192488,unit 1 was traveling westbound on us rt 33 when he stated he hydroplane hitting the center enbunkment and coming to a stop.,20186192488,2018,O,11/1/2018 0:00,10,SHOCUS00033**N,S,HOC,9.871,39.53519,-82.407417,44632,99743.0,11/19/2018 0:00,13,2,N,2.0,Y,Y,2.0,12,0,48000.0,,,N,9.887,SHOCUS00033**C,N,1,18  4126  11,4,11,N,1,0,1,LOGAN,9,E,Y,Y,4.0,N,0.003,SR,Y,,N,LOGAN,N,,0,,US ROUTE 33 W,,33,US,,,N,,,STATE ROUTE 93 W,1,93,SR,,,N,N,Y,0,0,N,1.0,0,2,1,,285003.0,N,172.186,19,Y,2,3,4,1,M,N,N,N,0,2,35,1,2,70,1,35,0,0,0,0,0,1,6,NT,1,75,,,,,,,,,,,,,,,,,,,,,,,,,,,,,,,,,,0,4,,unit1 traveling us stated hydroplane hitting center enbunkment coming stop .,O,"[0.9999997615814209, 2.8759038173120643e-07, 3.862873398929878e-08]",O,"[1.0, 1.9787536886806123e-10, 2.3234848290157317e-13]",O,"[1.0, 4.112720489501953e-06, 2.980232238769531e-07]"
358,358,186196002,"unit 1 was going northbound on i-75. unit one hydroplaned, spun three times, struck a tree, and came to rest on the right of the roadway in the emergency lane.",20186196002,2018,O,11/1/2018 0:00,8,SHAMIR00075**C,S,HAM,9.516,39.195009,-84.474723,15000,16885.0,11/24/2018 0:00,0,7,N,2.0,N,Y,1.0,3,0,41500.0,,,Y,9.516,SHAMIR00075**C,N,3,185016709,1,11,N,1,0,1,CINCINNATI,1,,Y,N,6.0,Y,0.0,,N,,N,CINCINNATI,N,,0,,,,75,IR,,9.6,N,,,,2,,,,,N,N,N,0,0,N,1.0,0,2,1,,42886.0,N,9.516,27,Y,99,2,1,1,M,N,N,N,0,2,0,1,2,55,1,99,0,0,0,0,0,1,6,NT,1,55,,,,,,,,,,,,,,,,,,,,,,,,,,,,,,,,,,0,4,,"unit1 going i. unit1 hydroplaned , spun three times , struck tree , came rest roadway emergency .",C,"[0.029791198670864105, 0.8927397727966309, 0.07746907323598862]",C,"[0.2899589538574219, 0.6792590618133545, 0.03078204207122326]",O,"[0.98291015625, 0.0157012939453125, 0.0019121170043945312]"