,id,OBJECTID,Narrative,DOCUMENT_NBR,CRASH_YR,CRASH_SEVERITY_CD,CRASH_MONTH_YEAR,DISTRICT_NBR,NLFID,NLF_JUR_CD,NLF_COUNTY_CD,COUNTY_LOG_NBR,ODOT_LATITUDE_NBR,ODOT_LONGITUDE_NBR,ODOT_FIPS_CD,AREA_CODE,CRASH_DATE,CRASH_TYPE_CD,DAY_IN_WEEK_CD,DISTRACTED_DRIVER_IND,FACILITY_TYPE_CD,FHWA_RDWY_DEPARTURE_IND,FREEWAY_IND,FUNCTIONAL_CLASS_CD,HOUR_OF_CRASH,INCAPAC_INJURIES_NBR,INTERCHANGE_ID,INTERSECTION_ID_CURRENT,INTERSECTION_LEG_ID,INTERSTATE_IND,INV_LOG_NBR,INV_NLFID,IS_COMMERCIAL_RELATED,LIGHT_COND_PRIMARY_CD,LOCAL_REPORT_NUMBER_ID,MAINTENANCE_AUTHORITY_CD,MONTH_OF_CRASH,NHS_CD,NO_INJURY_REPORTED_NBR,NON_INCAPAC_INJURIES_NBR,NUMBER_OF_UNITS_NBR,ODOT_CITY_VILLAGE_TWP_NME,ODOT_CRASH_LOCATION_CD,ODOT_DIR_FROM_REF_CD,ODOT_DIV_UNDIV_IND,ODOT_INTERSECTION_REL_IND,ODOT_LANES_NBR,ODOT_MAINTAINED_HWY_IND,ODOT_MILES_FROM_REF_NBR,ODOT_REF_ROUTE_PREFIX_CD,ODOT_YOUNG_DRIVER_IND,ODPS_ADDRESS_REFERENCE,ODPS_ALCOHOL_IND,ODPS_CITY_VILLAGE_TWP_NME,ODPS_DRUG_IND,ODPS_LOC_DIR_SUFFIX_CD,ODPS_LOC_IN_WORK_ZONE_CD,ODPS_LOC_ROAD_DIRECTION_CD,ODPS_LOC_ROAD_NME,ODPS_LOC_ROAD_SUFFIX_CD,ODPS_LOC_ROUTE_ID,ODPS_LOC_ROUTE_PREFIX_CD,ODPS_LOC_ROUTE_SUFFIX_CD,ODPS_MILEPOST_REFERENCE,ODPS_MOTORCYCLE_IND,ODPS_REF_DIR_SUFFIX_CD,ODPS_REF_DIRECTION_CD,ODPS_REF_GIVEN,ODPS_REF_POINT_USED_CD,ODPS_REF_ROUTE_ID,ODPS_REF_ROUTE_PREFIX_CD,ODPS_REF_ROUTE_SUFFIX_CD,ODPS_REF_SUFFIX_CD,ODPS_SCHOOL_ZONE_IND,ODPS_SENIOR_DRIVER_IND,ODPS_SPEED_IND,ODPS_TOTAL_FATALITIES_NBR,ODPS_TYPE_OF_WORK_ZONE_CD,ODPS_WORK_ZONE_IND,OPER_ACCESS_CONTROL_CD,POSSIBLE_INJURIES_NBR,ROAD_COND_PRIMARY_CD,ROAD_CONTOUR_CD,SA_RAMP_ID,SA_SEGMENT_ID,SECONDARY_CRASH,STATE_TRUE_LOG_NBR,U1_AGE_NBR,U1_AT_FAULT_IND,U1_CONT_CIR_PRIMARY_CD,U1_DIRECTION_FROM_CD,U1_DIRECTION_TO_CD,U1_DISTRACTED_BY_1_CD,U1_GENDER_CD,U1_IS_ALCOHOL_SUSPECTED,U1_IS_MARIJUANA_SUSPECTED,U1_IS_OTHER_DRUG_SUSPECTED,U1_NON_MOTORIST_LOC_CD,U1_NUMBER_OF_THRU_LANES,U1_OBJECT_STRUCK,U1_ODPS_UNIT_NBR,U1_OPERATINGIN_AUTONOMOUS_MODE,U1_POSTED_SPEED_NBR,U1_PRECRASH_ACTION_CD,U1_SEQ_OF_EVENTS_1_CD,U1_SEQ_OF_EVENTS_2_CD,U1_SEQ_OF_EVENTS_3_CD,U1_SEQ_OF_EVENTS_4_CD,U1_SEQ_OF_EVENTS_5_CD,U1_SEQ_OF_EVENTS_6_CD,U1_SPECIAL_FUNCTION_CD,U1_TRAFFIC_CONTROL_CD,U1_TURN_CD,U1_TYPE_OF_UNIT_CD,U1_UNIT_SPEED_NBR,U2_AGE_NBR,U2_CONT_CIR_PRIMARY_CD,U2_DIRECTION_FROM_CD,U2_DIRECTION_TO_CD,U2_DISTRACTED_BY_1_CD,U2_GENDER_CD,U2_NON_MOTORIST_LOC_CD,U2_ODPS_UNIT_NBR,U2_POSTED_SPEED_NBR,U2_PRECRASH_ACTION_CD,U2_SEQ_OF_EVENTS_1_CD,U2_SEQ_OF_EVENTS_2_CD,U2_SEQ_OF_EVENTS_3_CD,U2_SEQ_OF_EVENTS_4_CD,U2_SEQ_OF_EVENTS_5_CD,U2_SEQ_OF_EVENTS_6_CD,U2_SPECIAL_FUNCTION_CD,U2_TRAFFIC_CONTROL_CD,U2_TURN_CD,U2_TYPE_OF_UNIT_CD,U2_UNIT_SPEED_NBR,U3_CONT_CIR_PRIMARY_CD,U3_ODPS_UNIT_NBR,U3_PRECRASH_ACTION_CD,U3_SEQ_OF_EVENTS_1_CD,U3_SEQ_OF_EVENTS_2_CD,U3_SEQ_OF_EVENTS_3_CD,U3_SEQ_OF_EVENTS_4_CD,U3_SEQ_OF_EVENTS_5_CD,U3_SEQ_OF_EVENTS_6_CD,U3_SPECIAL_FUNCTION_CD,U3_TRAFFIC_CONTROL_CD,U3_TYPE_OF_UNIT_CD,UNRESTRAIN_OCCUPANTS,WEATHER_COND_CD,V1,clean_Narrative,BERT_predictions,BERT_prediction_probabilities,RoBERTa_predictions,RoBERTa_predictions_probabilities,distilBERT_predictions,distilBERT_predictions_probabilities
359,359,186197979,"on 12/01/2018 unit 1 was southbound on i-75sb traveling 55mph in the left lane. just south of route 4, unit 1 apparently lost control and hydroplaned, hitting the concrete divider with the front of the vehicle. no other vehicles were involved.",20186197979,2018,O,12/1/2018 0:00,7,SMOTIR00075**N,S,MOT,13.078,39.766029,-84.1993,21000,22528.0,12/1/2018 0:00,13,7,N,2.0,Y,Y,1.0,12,0,,,,Y,13.071,SMOTIR00075**C,N,1,1812010030,1,12,N,1,0,1,DAYTON,1,,Y,N,6.0,Y,0.0,SR,N,,N,DAYTON,N,,0,,I 75 S,,75,IR,,,N,,,STATE ROUTE 4 S,1,4,SR,,,N,N,N,0,0,N,1.0,0,2,1,,39551.0,N,54.048,39,Y,1,1,2,1,F,N,N,N,0,2,35,1,2,55,1,35,0,0,0,0,0,1,6,NT,3,55,,,,,,,,,,,,,,,,,,,,,,,,,,,,,,,,,,0,4,,"unit1 b traveling 55mph left . , unit1 apparently lost control hydroplaned , hitting concrete divider front vehicle . vehicles involved .",O,"[0.9999477863311768, 5.001061799703166e-05, 2.1481921521626646e-06]",O,"[0.5246578454971313, 0.46358293294906616, 0.011759258806705475]",O,"[0.998046875, 0.0014886856079101562, 4.673004150390625e-05]"
360,360,186198872,unit 1 was southbound and hit a water puddle started hydroplaning went off the right side of the road hit the embankment and then crossed the two southbound lanes coming to rest in the grass median.,20186198872,2018,O,11/1/2018 0:00,4,SATBSR00007**N,S,ATB,30.338,41.936502,-80.563975,18350,99805.0,11/2/2018 0:00,13,6,N,2.0,Y,N,4.0,6,0,,,,N,30.328,SATBSR00007**C,N,4,18-182,4,11,,1,0,1,CONNEAUT,1,S,Y,N,4.0,N,0.17,,N,,N,CONNEAUT,N,,0,,STATE ROUTE 7 S,,7,SR,,,N,,,WELTON,1,,,,RD,N,N,N,0,0,N,2.0,0,2,2,,326783.0,N,334.165,56,Y,99,1,2,1,M,N,N,N,0,2,45,1,2,50,1,8,45,9,36,0,0,1,6,NT,1,45,,,,,,,,,,,,,,,,,,,,,,,,,,,,,,,,,,0,1,,unit1 hit water puddle started hydroplaning went side hit embankment crossed two lanes coming rest grass median .,C,"[0.006072456482797861, 0.9641125202178955, 0.029814986512064934]",O,"[0.5739287734031677, 0.4217036962509155, 0.004367508459836245]",O,"[0.9326171875, 0.06585693359375, 0.0018711090087890625]"
361,361,186199051,"unit #01 was traveling west on frederick pike in the right lane and when at 146' east of address 6444, unit #01 drove through a puddle of water causing the vehicle to hydroplane. unit #01 lost control of the vehicle, crossed over the centerline and over corrected. unit #01 struck the embankment at an angle causing the vehicle to overturn 3 times before coming to a final rest in the middle of the roadway.",20186199051,2018,O,12/1/2018 0:00,7,CMOTCR00165**C,C,MOT,2.783,39.83988,-84.231556,10618,22528.0,12/1/2018 0:00,13,7,N,,Y,N,5.0,12,0,,,,N,2.783,CMOTCR00165**C,N,1,18080444,2,12,,3,0,1,BUTLER TOWNSHIP,1,E,N,N,2.0,N,0.028,,Y,6444,N,BUTLER TOWNSHIP,N,,0,,FREDERICK,ST,,,,,N,,,,3,,,,,N,N,N,0,0,N,,0,6,4,,24812.0,N,2.783,16,Y,99,2,1,1,M,N,N,N,0,2,45,1,2,40,13,11,45,1,1,1,0,1,6,NT,1,40,,,,,,,,,,,,,,,,,,,,,,,,,,,,,,,,,,0,4,,"unit1 traveling frederick pike ' address , unit1 drove puddle water causing vehicle hydroplane . unit1 lost control vehicle , crossed centerline corrected . unit1 struck embankment angle causing vehicle overturn times coming final rest middle roadway .",C,"[0.01884523220360279, 0.9727407693862915, 0.008414083160459995]",C,"[0.026283564046025276, 0.968586266040802, 0.005130243021994829]",C,"[0.0236968994140625, 0.689453125, 0.28662109375]"
362,362,186199066,driver of unit #1 states that he was travelling westbound on i- 670 west of grandview ave. when his vehicle hydroplaned. he stated that his vehicle then spun around and struck the concrete median.,20186199066,2018,O,12/1/2018 0:00,6,SFRAUS00033*TC,S,FRA,0.826,39.968413,-83.056319,18000,19234.0,12/1/2018 0:00,13,7,N,2.0,Y,N,4.0,10,0,,,,N,0.826,SFRAUS00033*TC,N,1,181003893,4,12,,1,0,1,COLUMBUS,1,W,Y,N,4.0,N,0.5,,Y,,N,COLUMBUS,N,,0,,,,670,IR,,,N,,,GRANDVIEW,1,,,,AVE,N,N,N,0,0,N,1.0,0,2,4,,275545.0,N,0.826,21,Y,99,3,4,1,M,N,N,N,0,2,35,1,2,65,1,9,35,0,0,0,0,1,6,NT,1,65,,,,,,,,,,,,,,,,,,,,,,,,,,,,,,,,,,0,4,,driver unit1 states travelling grandview . vehicle hydroplaned . stated vehicle spun around struck concrete median .,O,"[1.0, 5.257964375005031e-08, 1.152919537616981e-08]",O,"[0.9016456604003906, 0.09766338765621185, 0.0006910005467943847]",O,"[1.0, 0.0, 0.0]"
363,363,186200313,"unit 1 was driving east bound e i275, in the middle lane. unit 1 stated that he hydroplaned causing him to lose control of his vehicle and spin out. unit 1 crossed into the left lane, then onto the left shoulder striking the guard rail and causing damage.",20186200313,2018,O,12/1/2018 0:00,8,SHAMIR00275**C,S,HAM,15.713,39.253574,-84.605613,16616,16885.0,12/1/2018 0:00,13,7,N,2.0,Y,Y,1.0,11,0,,,,Y,15.713,SHAMIR00275**C,N,1,R18-2989,1,12,N,1,0,1,COLERAIN TOWNSHIP,1,,Y,N,6.0,Y,0.0,,N,,N,COLERAIN TOWNSHIP,N,,0,,,,275,IR,,330.0,N,,,,2,,,,,N,N,N,0,0,N,1.0,0,2,1,,34947.0,N,33.313,40,Y,99,4,3,1,M,N,N,N,0,2,30,1,2,65,1,9,30,0,0,0,0,1,6,NT,1,60,,,,,,,,,,,,,,,,,,,,,,,,,,,,,,,,,,0,4,,"unit1 driving , middle . unit1 stated hydroplaned causing lose control vehicle spin . unit1 crossed left , onto left shoulder striking guard rail causing damage .",O,"[0.8734236359596252, 0.12270248681306839, 0.00387389212846756]",O,"[0.9777372479438782, 0.02194870635867119, 0.00031415047124028206]",O,"[1.0, 0.00043082237243652344, 4.2319297790527344e-05]"
364,364,186202219,"unit 2 was stopped in traffic facing e/b on w henderson rd at the intersection of kenny rd. unit 1 was directly behind unit 2, the driver of unit 1 failed to maintain an assured clear distance ahead when trying to stop, causing the front of unit 1 to strike the rear of unit 2. unit 1 sustained functional damage but was able to be driven from scene. unit 2 sustained minor damage and was able to be driven from scene. no injuries were reported. the driver of unit 1 was cited for acda. the driver of unit 1 stated that they hydroplaned because of the wet road conditions.",20186202219,2018,O,12/1/2018 0:00,6,CFRACR00055**C,C,FRA,2.918,40.053058,-83.050003,18000,19234.0,12/6/2018 0:00,2,5,N,,N,N,4.0,18,0,,80671908-577c-4ac3-b96e-6d8b5177dd9f,bf8a2efd-d96c-450e-9a05-b9ac841850c9,N,2.918,CFRACR00055**C,N,3,181018940,4,12,,2,0,2,COLUMBUS,1,W,Y,N,4.0,N,0.019,CR,Y,,N,COLUMBUS,N,,0,W,HENDERSON,RD,,,,,N,,,KENNY,1,,,,RD,N,N,N,0,0,N,,0,2,1,,50894.0,N,2.918,19,Y,8,4,3,1,F,N,N,N,0,2,0,1,2,35,1,20,0,0,0,0,0,1,6,NT,1,20,57.0,1.0,4.0,3.0,1.0,F,,2.0,35.0,11.0,20.0,,,,,,1.0,6.0,NT,1.0,,,,,,,,,,,,,,0,4,,"unit2 stopped traffic facing henderson intersection kenny unit1 directly behind unit2 , driver unit1 failed maintain assured clear distance ahead trying stop , causing front unit1 strike rear unit2 . unit1 sustained functional damage able driven scene . unit2 sustained minor damage able driven scene . injuries reported . driver unit1 cited acda . driver unit1 stated hydroplaned wet conditions .",O,"[0.9999998807907104, 7.679473412736115e-08, 1.8317956929081447e-08]",O,"[1.0, 1.7273791286243068e-09, 1.294878375530939e-12]",O,"[1.0, 0.0, 0.0]"
365,365,186208044,vehicle 1 was traveling south on i-71 south of mile post 53 when the driver stated that he hydroplaned and left the roadway to the west and the front driver side bumper struck the guard rail.,20186208044,2018,O,12/1/2018 0:00,8,SCLIIR00071**N,S,CLI,11.379,39.532902,-83.796458,43064,99999.0,12/15/2018 0:00,13,7,N,2.0,Y,Y,1.0,3,0,140050006.0,,,Y,11.392,SCLIIR00071**C,N,4,18-208,1,12,N,1,0,1,LIBERTY TOWNSHIP,1,N,Y,N,4.0,Y,0.5,,N,,N,LIBERTY TOWNSHIP,N,,0,,,,71,IR,,53.0,N,,,,2,,,,,N,N,N,0,0,N,1.0,0,2,1,,81127.0,N,53.527,38,Y,99,1,2,1,M,N,N,N,0,2,31,1,2,70,1,31,0,0,0,0,0,1,6,NT,1,70,,,,,,,,,,,,,,,,,,,,,,,,,,,,,,,,,,0,4,,vehicle traveling mile post driver stated hydroplaned left roadway front driver side bumper struck guard rail .,O,"[0.9983605742454529, 0.001560461474582553, 7.892772555351257e-05]",O,"[0.9821169972419739, 0.017566019669175148, 0.00031696833320893347]",O,"[0.92431640625, 0.074951171875, 0.0004992485046386719]"
366,366,186209395,operator of unit #1 stated that she was traveling southbound on i-270 coming up to the i-70 eastbound ramp when she hydroplaned and lost control of her vehicle. operator of unit #1 struck a freeway sign (exit 43b) then went down an embankment where the care rested. operator of unit #1 stated that she did not want to go to the hospital and that she just bit her lip. vehicle was impounded out of the embankment by the owner.,20186209395,2018,C,12/1/2018 0:00,6,SFRARA25114**C,S,FRA,1.646,39.936946,-82.849762,18000,99779.0,12/15/2018 0:00,13,7,N,4.0,Y,Y,2.0,12,0,27400.0,,,N,1.646,SFRARA25114**C,N,1,181043062,4,12,,0,0,1,COLUMBUS,1,N,N,N,,N,0.114,,Y,,N,COLUMBUS,N,,0,,I 270 E,,270,IR,,,N,,,I 70 E,1,70,IR,,,N,N,N,0,0,N,1.0,1,2,1,,,N,1.646,22,Y,99,1,2,1,F,N,N,N,0,2,37,1,2,65,1,37,0,0,0,0,0,1,6,NT,1,65,,,,,,,,,,,,,,,,,,,,,,,,,,,,,,,,,,0,4,,operator unit1 stated traveling coming ramp hydroplaned lost control vehicle . operator unit1 struck freeway sign went embankment care rested . operator unit1 stated want go hospital bit lip . vehicle impounded embankment owner .,C,"[7.03282785252668e-06, 0.9999922513961792, 6.57775046875031e-07]",C,"[1.2177139296909445e-06, 0.9999988079071045, 3.630401934628935e-08]",C,"[0.0006613731384277344, 0.9990234375, 1.3709068298339844e-06]"
367,367,186210116,"unit #1 was traveling south on i-77 near mile marker 142, unit #1 hydroplaned and left the right side of the highway striking a culvert.",20186210116,2018,AB,9/1/2018 0:00,4,SSUMIR00077**N,S,SUM,28.594,41.205477,-81.625831,4248,766.0,9/9/2018 0:00,13,1,N,2.0,Y,Y,1.0,21,0,,,,Y,28.588,SSUMIR00077**C,N,4,2018147,1,9,N,0,1,1,BATH TOWNSHIP,1,N,Y,N,4.0,Y,0.038,,N,,N,RICHFIELD,N,,0,,,HWY,77,IR,,142.0,N,,,,2,,,,,N,N,Y,0,0,N,1.0,0,2,1,,81386.0,N,142.116,52,Y,5,1,2,1,M,N,N,N,0,2,42,1,2,65,1,8,42,0,0,0,0,1,6,NT,4,60,,,,,,,,,,,,,,,,,,,,,,,,,,,,,,,,,,1,4,,"unit1 traveling near mile marker , unit1 hydroplaned left side striking culvert .",O,"[0.5683286190032959, 0.37043657898902893, 0.06123479828238487]",C,"[0.4448181986808777, 0.5433313846588135, 0.011850456707179546]",O,"[0.7939453125, 0.1873779296875, 0.0189666748046875]"
368,368,186210153,"driver of unit #1, traveling ir-77 s/b left lane, stated he hit standing water and hydroplaned. this caused unit #1 to turn several times in a 360 fashion per the driver. unit #1 impacted the guard rail face with its rear bumper area. driver showed fleet insurance through ean holdings. driver stated he has assured insurance, but could not produce a copy. driver also stated his wife rented the vehicle and has state farm insurance, but could not produce a copy",20186210153,2018,O,10/1/2018 0:00,4,SSUMIR00077**N,S,SUM,32.55,41.262112,-81.634548,66530,17668.0,10/7/2018 0:00,13,1,N,2.0,Y,Y,1.0,1,0,,,,Y,32.55,SSUMIR00077**C,N,3,2018156,1,10,N,1,0,1,RICHFIELD,1,,Y,N,4.0,Y,0.0,,N,,N,RICHFIELD,N,,0,,,HWY,77,IR,,146.0,N,,,,2,,,,,N,N,N,0,0,N,1.0,0,2,4,,39621.0,N,146.072,37,Y,99,1,2,1,M,N,N,N,0,2,30,1,2,65,1,8,30,0,0,0,0,1,6,NT,1,60,,,,,,,,,,,,,,,,,,,,,,,,,,,,,,,,,,0,4,,"driver unit1 , traveling ir left , stated hit standing water hydroplaned . caused unit1 turn several times fashion per driver . unit1 impacted guard rail face rear bumper area . driver showed fleet insurance ean holdings . driver stated assured insurance , could produce copy . driver also stated wife rented vehicle state farm insurance , could produce copy",O,"[0.9827256202697754, 0.01625024527311325, 0.0010241444688290358]",C,"[0.2786569595336914, 0.7205042243003845, 0.0008387886337004602]",O,"[0.533203125, 0.46484375, 0.0017375946044921875]"
369,369,186212406,"unit 1 was entering ir675 off of colonel glenn highway. unit 1 hydroplaned, ran off road right, struck a guardrail, spun around and struck the guardrail again before coming to a stop.",20186212406,2018,O,12/1/2018 0:00,8,SGRERA29191**C,S,GRE,0.178,39.773062,-84.091077,4724,22528.0,12/20/2018 0:00,13,5,Y,4.0,Y,Y,1.0,14,0,35900.0,b25eef57-d566-43e6-bf69-bf87ebad07fd,d844897e-62ed-4dbc-85eb-64bedce73528,Y,0.178,SGRERA29191**C,N,1,29-1200-29,1,12,,1,0,1,BEAVERCREEK TOWNSHIP,7,,N,N,,Y,0.0,RA,Y,,N,BEAVERCREEK TOWNSHIP,N,,0,,COLONEL GLENN,HWY,,,,,N,,,,1,675,IR,,,N,N,Y,0,0,N,1.0,0,2,4,,,N,0.178,22,Y,5,4,2,7,M,N,N,N,0,2,30,1,2,55,13,8,30,30,0,0,0,1,6,RT,4,40,,,,,,,,,,,,,,,,,,,,,,,,,,,,,,,,,,0,4,,"unit1 entering colonel glenn . unit1 hydroplaned , ran , struck guardrail , spun around struck guardrail coming stop .",O,"[0.9999934434890747, 6.039842446625698e-06, 4.975201477463997e-07]",O,"[0.8001878261566162, 0.19822324812412262, 0.001588942133821547]",O,"[1.0, 8.749961853027344e-05, 7.510185241699219e-06]"
370,370,186214615,"unit 01 was travelling in southbound in the center lane of the listed highway when they began to hydroplane, losing control and strikng the concrete barrier on the right shoulder lane.",20186214615,2018,O,12/1/2018 0:00,4,SSTAIR00077**N,S,STA,10.702,40.802193,-81.397978,12000,13375.0,12/20/2018 0:00,13,5,N,2.0,Y,Y,1.0,23,0,81400.0,,,Y,10.68,SSTAIR00077**C,N,3,1816442,1,12,N,1,0,1,CANTON,1,,Y,N,6.0,Y,0.0,,Y,,N,CANTON,N,,0,,,HWY,77,IR,,105.0,N,,,,2,,,,,N,N,N,0,0,N,1.0,0,2,3,,34445.0,N,105.684,20,Y,99,1,2,1,F,N,N,N,0,2,30,1,2,55,1,30,0,0,0,0,0,1,6,NT,1,55,,,,,,,,,,,,,,,,,,,,,,,,,,,,,,,,,,0,4,,"unit1 travelling center listed began hydroplane , losing control strikng concrete barrier shoulder .",O,"[0.9828987121582031, 0.016189612448215485, 0.0009116696892306209]",O,"[0.9942349791526794, 0.00554056279361248, 0.00022445592912845314]",O,"[1.0, 0.0, 0.0]"
371,371,186215004,"driver #1 stated she hydroplaned due to the rain on the roadway, as a result she lost control and struck the sidewalk curb damaging her right from wheel axle.",20186215004,2018,O,12/1/2018 0:00,8,CHAMCR00607**C,C,HAM,0.487,39.161792,-84.507333,15000,16885.0,12/20/2018 0:00,17,5,N,,Y,N,3.0,18,0,,011955b0-8209-44f8-98f7-6cacdb8e06d3,ea1e4cfe-b7e9-4d40-8100-29c24729adc2,N,0.487,CHAMCR00607**C,N,3,185018186,4,12,,1,0,1,CINCINNATI,1,,N,N,6.0,N,0.0,,Y,130,N,CINCINNATI,N,,0,W,MITCHELL,AVE,,,,,N,,,,3,,,,,N,N,N,0,0,N,,0,2,1,,104420.0,N,0.487,20,Y,99,4,3,1,F,N,N,N,0,2,0,1,2,0,1,8,0,0,0,0,0,1,6,NT,3,0,,,,,,,,,,,,,,,,,,,,,,,,,,,,,,,,,,0,4,,"driver stated hydroplaned due rain roadway , result lost control struck sidewalk curb damaging wheel axle .",O,"[0.9999994039535522, 5.711424364562845e-07, 4.737794512266191e-08]",O,"[0.9990097284317017, 0.0009840783895924687, 6.229927294043591e-06]",O,"[1.0, 4.172325134277344e-07, 0.0]"
372,372,186215101,"unit 1, eastbound, was turning right onto kauffman ave from state route 444. unit 1 hydroplaned and lost control of her vehicle and struck unit 2 in the left side. unit 2, northwest bound, was stopped on kauffman ave waiting for traffic light.",20186215101,2018,O,12/1/2018 0:00,8,CGRECR00054**C,C,GRE,0.027,39.796349,-84.085107,4220,22528.0,12/27/2018 0:00,19,5,N,,N,N,4.0,16,0,,69c31002-de22-4ff4-aec2-296651fc8c28,d76f8f4b-510c-4d7a-9628-fa462955765c,N,0.027,CGRECR00054**C,N,1,29-1218-29,2,12,,3,0,2,BATH TOWNSHIP,3,,N,Y,4.0,N,0.0,SR,Y,,N,BATH TOWNSHIP,N,,0,,KAUFFMAN,AVE,,,,,N,,,,1,444,SR,,,N,N,Y,0,0,N,,0,2,1,,20150.0,N,0.027,18,Y,5,4,7,1,F,N,N,N,0,2,0,1,2,55,5,20,0,0,0,0,0,1,2,RT,4,15,62.0,1.0,7.0,6.0,1.0,M,,2.0,55.0,11.0,20.0,,,,,,1.0,2.0,NT,4.0,,,,,,,,,,,,,,0,4,,"unit1 , , turning onto kauffman state . unit1 hydroplaned lost control vehicle struck unit2 left side . unit2 , , stopped kauffman waiting traffic light .",O,"[0.9973439574241638, 0.0025054828729480505, 0.00015063594037201256]",O,"[0.979794979095459, 0.019764194265007973, 0.0004407996602822095]",O,"[1.0, 2.562999725341797e-06, 4.172325134277344e-07]"
373,373,186216389,unit 1 was travelling in the left lane. unit 2 was traveling in the right lane. unit 1 hydroplaned across all three lanes coming across the right lane in front of unit 2. unit 2 attempted to stop but was unable and struck the driver side of unit 1.,20186216389,2018,O,12/1/2018 0:00,8,SHAMIR00275**N,S,HAM,14.347,39.237539,-84.626236,16616,16885.0,12/31/2018 0:00,5,2,N,2.0,N,Y,1.0,5,0,,,,Y,14.132,SHAMIR00275**C,Y,2,2018-1006656,1,12,N,2,0,2,COLERAIN TOWNSHIP,1,,Y,N,6.0,Y,0.0,,N,,N,COLERAIN TOWNSHIP,N,,0,,,,275,IR,,32.0,N,,,,2,,,,,N,N,N,0,0,N,1.0,0,2,1,,91415.0,N,31.947,35,Y,99,3,4,1,F,N,N,N,0,2,0,1,2,65,1,13,20,0,0,0,0,1,6,NT,1,50,34.0,1.0,3.0,4.0,1.0,M,,2.0,65.0,1.0,20.0,,,,,,1.0,6.0,NT,15.0,60.0,,,,,,,,,,,,,0,4,,unit1 travelling left . unit2 traveling . unit1 hydroplaned across three lanes coming across front unit2 . unit2 attempted stop unable struck driver side unit1 .,AB,"[0.017052242532372475, 0.44868066906929016, 0.5342670679092407]",C,"[0.0038494945038110018, 0.9913081526756287, 0.004842359572649002]",C,"[0.396484375, 0.468505859375, 0.135498046875]"
374,374,186216619,unit 1 northbound i-71 hydroplaned losing control of vehicle spun out and struck a retaining wall.,20186216619,2018,O,12/1/2018 0:00,8,SHAMIR00071**C,S,HAM,3.743,39.133324,-84.493902,15000,16885.0,12/27/2018 0:00,13,5,N,2.0,N,Y,1.0,19,0,38600.0,,,Y,3.743,SHAMIR00071**C,N,3,185018509,1,12,N,1,0,1,CINCINNATI,1,,Y,N,8.0,Y,0.0,,N,,N,CINCINNATI,N,,0,,,,71,IR,,3.7,N,,,,2,,,,,N,N,N,0,0,N,2.0,0,2,2,,45308.0,N,3.743,46,Y,99,2,1,1,M,N,N,N,0,2,51,1,2,55,1,13,51,0,0,0,0,1,6,NT,1,55,,,,,,,,,,,,,,,,,,,,,,,,,,,,,,,,,,0,4,,unit1 hydroplaned losing control vehicle spun struck retaining wall .,O,"[0.9445886015892029, 0.0531778447329998, 0.00223355321213603]",C,"[0.34889477491378784, 0.6492321491241455, 0.001873121247626841]",O,"[1.0, 7.987022399902344e-06, 5.960464477539062e-07]"
375,375,186216700,unit #2 left lane along jersey barrier. unit #1 passing unit #2 when hydroplaned and lost control spinning into path of unit #2 causing crash. no injuries reported. both vehicles towed from scene.,20186216700,2018,O,12/1/2018 0:00,8,SHAMIR00075**C,S,HAM,2.225,39.11981,-84.53533,15000,16885.0,12/31/2018 0:00,5,2,N,2.0,N,Y,1.0,11,0,,,,Y,2.225,SHAMIR00075**C,N,1,185018648,1,12,N,2,0,2,CINCINNATI,1,,Y,N,8.0,Y,0.0,,Y,,N,CINCINNATI,N,,0,,,,75,IR,,2.3,N,,,,2,,,,,N,N,N,0,0,N,1.0,0,2,1,,110977.0,N,2.225,19,Y,99,1,2,1,F,N,N,N,0,2,0,1,2,55,1,20,0,0,0,0,0,1,6,NT,1,55,32.0,1.0,1.0,2.0,1.0,F,,2.0,55.0,1.0,20.0,,,,,,1.0,6.0,NT,3.0,55.0,,,,,,,,,,,,,0,4,,unit2 left along jersey barrier . unit1 passing unit2 hydroplaned lost control spinning path unit2 causing crash . injuries reported . vehicles towed scene .,O,"[0.9999998807907104, 9.121496447050959e-08, 2.2726775128489862e-08]",O,"[0.9995937943458557, 0.00037131280987523496, 3.489914524834603e-05]",O,"[1.0, 0.0, 0.0]"
376,376,186216851,southbound on sr. 4 in the left lane unit #1 hydroplaned on the wet pavement and slid off the right side of the roadway striking a guardrail.,20186216851,2018,C,12/1/2018 0:00,7,SCLASR00004**N,S,CLA,8.504,39.906904,-83.910526,6054,99999.0,12/31/2018 0:00,13,2,N,2.0,Y,Y,2.0,8,0,,,,N,8.5,SCLASR00004**C,N,1,12-1528-12,1,12,N,0,0,1,BETHEL TOWNSHIP,7,S,Y,N,4.0,Y,0.5,,N,,N,BETHEL TOWNSHIP,N,,0,,,,4,SR,,9.0,N,,,,2,,,,,N,N,Y,0,0,N,1.0,1,2,2,,176709.0,N,73.888,40,Y,5,5,8,1,M,N,N,N,0,2,30,1,2,70,1,8,30,0,0,0,0,1,6,NT,1,70,,,,,,,,,,,,,,,,,,,,,,,,,,,,,,,,,,0,4,,sr. left unit1 hydroplaned wet pavement slid side roadway striking guardrail .,O,"[0.9999992847442627, 6.502850169454177e-07, 6.008044550753766e-08]",O,"[0.9946812987327576, 0.0053025283850729465, 1.614655411685817e-05]",O,"[1.0, 1.0132789611816406e-06, 5.960464477539063e-08]"
377,377,186216994,"unit 1 was traveling wb, on sr 125, near benjamin street, and hydroplaned while attempting to stop in traffic. the unit 1 driver lost control and the vehicle went off of the right side of the roadway and into an area of grass, on country inn's property. the unit 1 driver was also found to be driving without a valid dl and was summons and released to a valid driver. the property owner of country inn was on scene and info was exchnaged with the unit 1 driver.",20186216994,2018,O,12/1/2018 0:00,8,SCLESR00125**C,S,CLE,2.418,39.061438,-84.271758,78288,16885.0,12/31/2018 0:00,17,2,N,2.0,Y,N,3.0,16,0,,5d4b60db-d761-47fd-9769-12f3021a5fc1,25ba99b1-69fc-4dcf-b400-6fe00391010d,N,2.418,SCLESR00125**C,N,3,1-18-16979,1,12,N,1,0,1,UNION TOWNSHIP,1,,N,N,4.0,Y,0.0,TR,N,,N,UNION TOWNSHIP,N,,0,,,,125,SR,,,N,,,BENJAMIN,1,,,,ST,N,N,N,0,0,N,3.0,0,2,1,,190180.0,N,9.947,53,Y,99,3,4,1,F,N,N,N,0,2,0,1,2,40,1,8,99,99,99,99,99,1,6,NT,1,1,,,,,,,,,,,,,,,,,,,,,,,,,,,,,,,,,,0,4,,"unit1 traveling , , near benjamin , hydroplaned attempting stop traffic . unit1 driver lost control vehicle went side roadway area grass , country inn 's property . unit1 driver also found driving without valid dl summons released valid driver . property owner country inn scene info exchnaged unit1 driver .",O,"[0.9999997615814209, 2.2134318555799837e-07, 2.525855791191134e-08]",O,"[0.9967193007469177, 0.0032802987843751907, 3.680012241602526e-07]",O,"[1.0, 1.5676021575927734e-05, 1.430511474609375e-06]"