,id,OBJECTID,Narrative,DOCUMENT_NBR,CRASH_YR,CRASH_SEVERITY_CD,CRASH_MONTH_YEAR,DISTRICT_NBR,NLFID,NLF_JUR_CD,NLF_COUNTY_CD,COUNTY_LOG_NBR,ODOT_LATITUDE_NBR,ODOT_LONGITUDE_NBR,ODOT_FIPS_CD,AREA_CODE,CRASH_DATE,CRASH_TYPE_CD,DAY_IN_WEEK_CD,DISTRACTED_DRIVER_IND,FACILITY_TYPE_CD,FHWA_RDWY_DEPARTURE_IND,FREEWAY_IND,FUNCTIONAL_CLASS_CD,HOUR_OF_CRASH,INCAPAC_INJURIES_NBR,INTERCHANGE_ID,INTERSECTION_ID_CURRENT,INTERSECTION_LEG_ID,INTERSTATE_IND,INV_LOG_NBR,INV_NLFID,IS_COMMERCIAL_RELATED,LIGHT_COND_PRIMARY_CD,LOCAL_REPORT_NUMBER_ID,MAINTENANCE_AUTHORITY_CD,MONTH_OF_CRASH,NHS_CD,NO_INJURY_REPORTED_NBR,NON_INCAPAC_INJURIES_NBR,NUMBER_OF_UNITS_NBR,ODOT_CITY_VILLAGE_TWP_NME,ODOT_CRASH_LOCATION_CD,ODOT_DIR_FROM_REF_CD,ODOT_DIV_UNDIV_IND,ODOT_INTERSECTION_REL_IND,ODOT_LANES_NBR,ODOT_MAINTAINED_HWY_IND,ODOT_MILES_FROM_REF_NBR,ODOT_REF_ROUTE_PREFIX_CD,ODOT_YOUNG_DRIVER_IND,ODPS_ADDRESS_REFERENCE,ODPS_ALCOHOL_IND,ODPS_CITY_VILLAGE_TWP_NME,ODPS_DRUG_IND,ODPS_LOC_DIR_SUFFIX_CD,ODPS_LOC_IN_WORK_ZONE_CD,ODPS_LOC_ROAD_DIRECTION_CD,ODPS_LOC_ROAD_NME,ODPS_LOC_ROAD_SUFFIX_CD,ODPS_LOC_ROUTE_ID,ODPS_LOC_ROUTE_PREFIX_CD,ODPS_LOC_ROUTE_SUFFIX_CD,ODPS_MILEPOST_REFERENCE,ODPS_MOTORCYCLE_IND,ODPS_REF_DIR_SUFFIX_CD,ODPS_REF_DIRECTION_CD,ODPS_REF_GIVEN,ODPS_REF_POINT_USED_CD,ODPS_REF_ROUTE_ID,ODPS_REF_ROUTE_PREFIX_CD,ODPS_REF_ROUTE_SUFFIX_CD,ODPS_REF_SUFFIX_CD,ODPS_SCHOOL_ZONE_IND,ODPS_SENIOR_DRIVER_IND,ODPS_SPEED_IND,ODPS_TOTAL_FATALITIES_NBR,ODPS_TYPE_OF_WORK_ZONE_CD,ODPS_WORK_ZONE_IND,OPER_ACCESS_CONTROL_CD,POSSIBLE_INJURIES_NBR,ROAD_COND_PRIMARY_CD,ROAD_CONTOUR_CD,SA_RAMP_ID,SA_SEGMENT_ID,SECONDARY_CRASH,STATE_TRUE_LOG_NBR,U1_AGE_NBR,U1_AT_FAULT_IND,U1_CONT_CIR_PRIMARY_CD,U1_DIRECTION_FROM_CD,U1_DIRECTION_TO_CD,U1_DISTRACTED_BY_1_CD,U1_GENDER_CD,U1_IS_ALCOHOL_SUSPECTED,U1_IS_MARIJUANA_SUSPECTED,U1_IS_OTHER_DRUG_SUSPECTED,U1_NON_MOTORIST_LOC_CD,U1_NUMBER_OF_THRU_LANES,U1_OBJECT_STRUCK,U1_ODPS_UNIT_NBR,U1_OPERATINGIN_AUTONOMOUS_MODE,U1_POSTED_SPEED_NBR,U1_PRECRASH_ACTION_CD,U1_SEQ_OF_EVENTS_1_CD,U1_SEQ_OF_EVENTS_2_CD,U1_SEQ_OF_EVENTS_3_CD,U1_SEQ_OF_EVENTS_4_CD,U1_SEQ_OF_EVENTS_5_CD,U1_SEQ_OF_EVENTS_6_CD,U1_SPECIAL_FUNCTION_CD,U1_TRAFFIC_CONTROL_CD,U1_TURN_CD,U1_TYPE_OF_UNIT_CD,U1_UNIT_SPEED_NBR,U2_AGE_NBR,U2_CONT_CIR_PRIMARY_CD,U2_DIRECTION_FROM_CD,U2_DIRECTION_TO_CD,U2_DISTRACTED_BY_1_CD,U2_GENDER_CD,U2_NON_MOTORIST_LOC_CD,U2_ODPS_UNIT_NBR,U2_POSTED_SPEED_NBR,U2_PRECRASH_ACTION_CD,U2_SEQ_OF_EVENTS_1_CD,U2_SEQ_OF_EVENTS_2_CD,U2_SEQ_OF_EVENTS_3_CD,U2_SEQ_OF_EVENTS_4_CD,U2_SEQ_OF_EVENTS_5_CD,U2_SEQ_OF_EVENTS_6_CD,U2_SPECIAL_FUNCTION_CD,U2_TRAFFIC_CONTROL_CD,U2_TURN_CD,U2_TYPE_OF_UNIT_CD,U2_UNIT_SPEED_NBR,U3_CONT_CIR_PRIMARY_CD,U3_ODPS_UNIT_NBR,U3_PRECRASH_ACTION_CD,U3_SEQ_OF_EVENTS_1_CD,U3_SEQ_OF_EVENTS_2_CD,U3_SEQ_OF_EVENTS_3_CD,U3_SEQ_OF_EVENTS_4_CD,U3_SEQ_OF_EVENTS_5_CD,U3_SEQ_OF_EVENTS_6_CD,U3_SPECIAL_FUNCTION_CD,U3_TRAFFIC_CONTROL_CD,U3_TYPE_OF_UNIT_CD,UNRESTRAIN_OCCUPANTS,WEATHER_COND_CD,V1,clean_Narrative,BERT_predictions,BERT_prediction_probabilities,RoBERTa_predictions,RoBERTa_predictions_probabilities,distilBERT_predictions,distilBERT_predictions_probabilities
378,378,186217741,unit on was west bond on sr 55 in the area of sr 201. unit one hydroplaned in the high water on the roadway caused by the heavy rain. unit one went off the right side of the roadway and struck a utility pole.,20186217741,2018,C,12/1/2018 0:00,7,SMIASR00055**C,S,MIA,19.297,40.060852,-84.071968,44968,99999.0,12/31/2018 0:00,13,2,N,2.0,Y,N,5.0,18,0,,94e3dc88-13c1-4587-8b63-eb99424872f3,fd521f6d-fe60-47fe-8ea9-61dcc82da924,N,19.297,SMIASR00055**C,N,4,18SO19777,1,12,,0,0,1,LOSTCREEK TOWNSHIP,1,W,N,N,2.0,Y,0.1,SR,N,,N,LOSTCREEK TOWNSHIP,N,,0,,,,55,SR,,,N,,,,1,201,SR,,,N,N,N,0,0,N,3.0,2,6,1,,296395.0,N,19.297,49,Y,99,3,4,1,M,N,N,N,0,2,40,1,2,55,1,8,40,0,0,0,0,1,6,NT,1,50,,,,,,,,,,,,,,,,,,,,,,,,,,,,,,,,,,0,4,,unit bond area . unit1 hydroplaned high water roadway caused heavy rain . unit1 went side roadway struck utility pole .,O,"[0.8668462634086609, 0.12094948440790176, 0.012204303406178951]",C,"[0.06354474276304245, 0.9346291422843933, 0.00182615895755589]",O,"[0.986328125, 0.01291656494140625, 0.0008859634399414062]"
379,379,186217896,"unit 01 was traveling s/e bound on i-480 near at the 37mp. unit 01 stated that she was traveling in the right lane and hit a patch of water in the roadway and hydroplaned. unit 01 then stated that she went off the roadway right, and then struck the """"exit 37"""" sign. unit 01 stated that no other vehicles were involved and was intending to continue on s/e bound on i-480.",20186217896,2018,C,12/1/2018 0:00,4,SSUMRA77218**C,S,SUM,0.063,41.306278,-81.442512,78050,99745.0,12/31/2018 0:00,13,2,N,4.0,Y,N,3.0,16,0,87500.0,,,N,0.063,SSUMRA77218**C,N,3,1832646,4,12,,0,0,1,TWINSBURG,8,,N,N,,N,0.0,,N,,N,TWINSBURG,N,,0,,,,480,IR,,37.0,N,,,,2,,,,,N,N,N,0,0,N,1.0,2,2,1,,,N,0.063,38,Y,99,6,7,1,F,N,N,N,0,2,37,1,2,65,1,8,37,0,0,0,0,1,6,NT,1,60,,,,,,,,,,,,,,,,,,,,,,,,,,,,,,,,,,0,4,,"unit1 traveling e near 37mp . unit1 stated traveling hit patch water roadway hydroplaned . unit1 stated went roadway , struck `` '' exit `` '' sign . unit1 stated vehicles involved intending continue e .",O,"[0.9999998807907104, 7.389687795011923e-08, 1.1934326415996566e-08]",O,"[1.0, 2.4258707889690534e-11, 9.628657192308626e-15]",O,"[1.0, 0.0, 0.0]"
380,380,186218266,"the driver of unit #1 states she had entered the intersection of sr18 and smith rd, facing east, to make a left turn from the left turn lane onto smith rd on a yellow light and began making her turn after the light turned red. the driver unit #2 states he was traveling west on sr18 approaching smith rd. the driver of unit #2 further stated he hydroplaned and failed to stop for the red light, striking unit #1.",20186218266,2018,AB,12/1/2018 0:00,4,CSUMCR00116**C,C,SUM,0.018,41.135638,-81.626248,26166,766.0,12/31/2018 0:00,6,2,N,,N,N,3.0,16,0,,4906660c-90f1-4818-bd00-bf147a7cd579,cb2233df-4239-4e5f-b611-62cf5d08d631,N,0.018,CSUMCR00116**C,N,3,18045379,4,12,,0,2,2,FAIRLAWN,2,,N,Y,4.0,N,0.0,SR,Y,,N,FAIRLAWN,Y,,0,,,,18,SR,,,N,,,SMITH,1,,,,RD,N,N,N,0,0,N,,0,2,2,,57368.0,N,0.018,24,Y,3,3,4,1,M,N,N,N,0,2,0,2,2,35,1,20,0,0,0,0,0,1,2,NT,1,35,52.0,1.0,4.0,1.0,1.0,F,,1.0,35.0,6.0,20.0,,,,,,1.0,2.0,LT,3.0,15.0,,,,,,,,,,,,,0,4,,"driver unit1 states entered intersection smith , facing , make left turn left turn onto smith yellow light began making turn light turned red . driver unit2 states traveling approaching smith driver unit2 stated hydroplaned failed stop red light , striking unit1 .",O,"[0.999998927116394, 9.202086062032322e-07, 1.0614281364951239e-07]",O,"[0.9969354867935181, 0.002986132400110364, 7.843377534300089e-05]",O,"[1.0, 0.0, 0.0]"
381,381,186218333,"unit 1 was west on n. montgomery county line rd. hydroplane through water, ran off the road and struck a ditch and overturned landing on its top",20186218333,2018,O,12/1/2018 0:00,7,CMOTCR00002**C,C,MOT,6.891,39.920657,-84.356,78456,22528.0,12/31/2018 0:00,13,2,N,,Y,N,7.0,19,0,,,,N,6.891,CMOTCR00002**C,N,4,18SO19783,2,12,,2,0,1,UNION TOWNSHIP,1,,N,N,2.0,N,0.0,,Y,8283,N,UNION TOWNSHIP,N,,0,,MONTGOMERY COUNTY LINE,RD,,,,,N,,,,3,,,,,N,N,N,0,0,N,,0,2,1,,777.0,N,6.891,23,Y,99,3,4,1,M,N,N,N,0,2,44,1,2,55,1,8,44,1,0,0,0,1,6,NT,1,55,,,,,,,,,,,,,,,,,,,,,,,,,,,,,,,,,,0,2,,"unit1 montgomery county line hydroplane water , ran struck ditch overturned landing top",O,"[0.9994813799858093, 0.0004907271941192448, 2.7863219656865112e-05]",O,"[0.8025439977645874, 0.195241779088974, 0.002214182633906603]",O,"[0.94140625, 0.05694580078125, 0.0014772415161132812]"
382,382,186218463,unit #1 stated he started to hydroplane and lost control of the vehicle. unit #1 started to spin and entered the left lane when it was struck by unit #2. unit #1 then spun around again and ended up off the right side of the roadway in the median. trailer info: 2007 53' fontaine trailer vin# 1r1f345237k570509 plate: me 2172265,20186218463,2018,O,12/1/2018 0:00,3,SRICUS00030**C,S,RIC,7.61,40.784722,-82.589388,58520,54091.0,12/31/2018 0:00,5,2,N,2.0,N,Y,2.0,16,0,76300.0,,,N,7.61,SRICUS00030**C,Y,4,18-21946,4,12,N,2,0,2,ONTARIO,1,E,Y,N,4.0,N,0.019,,N,,N,ONTARIO,N,,0,,US ROUTE 30 E,,30,US,,,N,,N,LEXINGTON SPRINGMILL,1,,,,RD,N,N,N,0,0,N,1.0,0,2,1,,284929.0,N,126.267,52,Y,99,4,3,1,M,N,N,N,0,2,0,1,2,70,1,20,0,0,0,0,0,1,6,NT,1,60,61.0,1.0,4.0,3.0,1.0,M,,2.0,70.0,1.0,20.0,,,,,,1.0,6.0,NT,15.0,70.0,,,,,,,,,,,,,0,4,,unit1 stated started hydroplane lost control vehicle . unit1 started spin entered left struck unit2 . unit1 spun around ended side roadway median . trailer info : ' fontaine trailer vin 1r1f345237k5759 plate :,O,"[0.953848123550415, 0.04089107736945152, 0.005260821897536516]",O,"[0.9910780787467957, 0.008494436740875244, 0.00042745028622448444]",O,"[0.9892578125, 0.0100860595703125, 0.0004963874816894531]"
383,383,186219055,"unit 1 was traveling northbound on the on ramp from shepherd lane to north ir 75. unit 1 stated that toward the bottom of the ramp unit 1 hydroplaned into the wall on the right shoulder. unit 1 then over corrected to the left and went into the large left shoulder striking unit 2 in the rear. unit 2 was parked on the left shoulder up against the concrete wall, disabled.",20186219055,2018,C,12/1/2018 0:00,8,CHAMCR07007**C,C,HAM,0.025,39.236041,-84.450686,25802,16885.0,12/31/2018 0:00,7,2,N,,Y,N,5.0,11,0,,,,N,0.025,CHAMCR07007**C,N,1,AA18590,4,12,,0,0,2,EVENDALE,1,,N,N,2.0,N,0.0,IR,Y,,N,EVENDALE,N,,4,,SHEPHERD,LN,,,,,N,,,,1,75,IR,,,N,N,N,0,3,Y,,1,2,4,,105084.0,N,0.025,22,Y,99,2,1,1,F,N,N,N,0,1,35,1,9,45,1,8,35,9,21,0,0,1,6,NT,1,45,,1.0,2.0,1.0,,,,2.0,45.0,10.0,20.0,,,,,,1.0,6.0,NT,4.0,0.0,,,,,,,,,,,,,0,4,,"unit1 traveling ramp shepherd . unit1 stated toward bottom ramp unit1 hydroplaned wall shoulder . unit1 corrected left went large left shoulder striking unit2 rear . unit2 parked left shoulder concrete wall , disabled .",C,"[0.11384976655244827, 0.8385313153266907, 0.04761889949440956]",C,"[0.23711833357810974, 0.7603057026863098, 0.002575988881289959]",O,"[0.9990234375, 0.0005168914794921875, 2.7954578399658203e-05]"
384,384,193015818,"unit one was traveling east on ir-90 in the number one lane. unit two was traveling east on ir-90 in the number three lane. unit one hit a patch of standing water, hydroplaned, lost control of the vehicle, ran off the road to the left, redirected and crossed over two lanes of traffic to the right. unit one struck the center front of unit two with the right rear of unit one.",20193015818,2019,O,1/1/2019 0:00,12,SCUYIR00090**C,S,CUY,21.614,41.542428,-81.621743,8336,17668.0,1/23/2019 0:00,5,4,N,2.0,Y,Y,1.0,14,0,,,,Y,21.614,SCUYIR00090**C,N,1,1900068,1,1,N,4,0,2,BRATENAHL,1,E,Y,N,8.0,Y,0.019,,Y,,N,BRATENAHL,N,,0,,,,90,IR,,177.4,N,,,177 4,2,,,,,N,N,N,0,0,N,1.0,0,2,1,,91359.0,N,177.433,19,Y,99,4,3,1,M,N,N,N,0,4,0,1,0,60,1,9,20,0,0,0,0,1,6,NT,1,1,64.0,1.0,4.0,3.0,1.0,M,,2.0,60.0,11.0,20.0,,,,,,1.0,6.0,NT,1.0,1.0,,,,,,,,,,,,,0,4,,"unit1 traveling ir number one . unit2 traveling ir number three . unit1 hit patch standing water , hydroplaned , lost control vehicle , ran left , redirected crossed two lanes traffic . unit1 struck center front unit2 rear unit1 .",AB,"[7.634866960870568e-06, 0.0003706075076479465, 0.9996217489242554]",O,"[0.9078251123428345, 0.09113620966672897, 0.0010386653011664748]",C,"[0.003803253173828125, 0.9716796875, 0.02490234375]"
385,385,193016319,"unit #1 was driving west on frebis ave passing s 19th ave, unit #1 driver, positively identified by oln #ta019832, stated an unknown vehicle was in unit #1's lane of travel. unit #1 driver stated she veered out of the way causing her to hydroplane in standing water on the road and strike a tree. witness at scene stated the events were exactly as the driver of unit #1 stated but did not want to provide person information. due to the unknown circumstances and the inability to corroborate the story of the driver with the incident a citation was not issued.",20193016319,2019,O,2/1/2019 0:00,6,MFRAMR00875**C,M,FRA,0.925,39.935212,-82.977632,18000,19234.0,2/4/2019 0:00,13,2,N,,Y,N,4.0,17,0,,edcfc194-7db5-4453-a158-8b63e677ec0c,5947448e-cfc6-49d1-8af7-b863ae8049e7,N,0.925,MFRAMR00875**C,N,4,190095425,4,2,,1,0,1,COLUMBUS,1,W,N,N,2.0,N,0.004,MR,N,,N,COLUMBUS,N,,0,,Frebis,AVE,,,,,N,,S,19th,1,,,,ST,N,N,N,0,0,N,,0,1,1,,61598.0,N,0.925,29,Y,15,3,4,1,F,N,N,N,0,2,48,1,2,35,1,9,48,0,0,0,0,1,6,NT,1,20,,,,,,,,,,,,,,,,,,,,,,,,,,,,,,,,,,0,4,,"unit1 driving frebis passing , unit1 driver , positively identified oln , stated unknown vehicle unit1 's travel . unit1 driver stated veered causing hydroplane standing water strike tree . witness scene stated events exactly driver unit1 stated want provide person information . due unknown circumstances inability corroborate story driver incident citation issued .",O,"[0.9999988079071045, 1.0950467412840226e-06, 9.567772707441691e-08]",O,"[1.0, 2.041196101032483e-10, 4.751449884585202e-13]",O,"[1.0, 4.172325134277344e-07, 5.960464477539063e-08]"
386,386,193017244,"both units were north bound on i-75. the driver of unit #1 lost control of her vehicle when it started to hydroplane across the expressway. it was originally in the far right hand lane when it started to slide uncontrollably on the wet surface of the road untilit ended up in the middle lane facing the wrong way. unit #2, also traveling northbound on i-75 and in the middle lane was struck on its front end by unit #1 with its front end.",20193017244,2019,O,1/1/2019 0:00,8,SHAMIR00075**C,S,HAM,8.212,39.178564,-84.486453,15000,16885.0,1/19/2019 0:00,5,7,N,2.0,N,Y,1.0,11,0,,f276cbc4-c25c-4e06-91fc-39c728249e56,80cf228f-4a12-4f8b-8888-1ad1e2d7c80f,Y,8.212,SHAMIR00075**C,N,1,195000815,1,1,N,2,0,2,CINCINNATI,1,N,Y,N,6.0,Y,0.2,,Y,,N,CINCINNATI,N,,0,,,,75,IR,,8.0,N,,,8,2,,,,,N,N,N,0,0,N,1.0,0,2,1,,56737.0,N,8.212,24,Y,1,2,1,1,F,N,N,N,0,4,0,1,2,70,1,20,0,0,0,0,0,1,6,NT,1,55,25.0,1.0,2.0,1.0,1.0,M,,2.0,70.0,1.0,20.0,,,,,,1.0,6.0,NT,1.0,55.0,,,,,,,,,,,,,0,4,,"units i. driver unit1 lost control vehicle started hydroplane across expressway . originally far started slide uncontrollably wet surface untilit ended middle facing wrong . unit2 , also traveling middle struck front end unit1 front end .",C,"[0.21086077392101288, 0.7650004029273987, 0.024138852953910828]",O,"[0.9875999689102173, 0.011875173076987267, 0.0005248789093457162]",O,"[1.0, 9.357929229736328e-06, 1.3113021850585938e-06]"
387,387,193017373,"unit #1 was traveling southbound on i-71 in the far left lane. unit #1 drove through high water in the area of the 15.5 mile post. unit #1 then hydroplaned, lost control and struck the median wall.",20193017373,2019,C,2/1/2019 0:00,8,SHAMIR00071**C,S,HAM,15.497,39.244548,-84.365916,51716,16885.0,2/6/2019 0:00,17,4,N,2.0,Y,Y,1.0,10,0,,0ded5ff0-977c-48f0-9528-52be8fa2b063,f11a0cb0-f6d9-4a42-bac3-b4f413dca719,Y,15.497,SHAMIR00071**C,N,1,2.019E+12,1,2,N,0,0,1,MONTGOMERY,1,,Y,N,6.0,Y,0.0,,N,,N,MONTGOMERY,N,,0,,I71 Sb Exwy,HWY,71,IR,,15.5,N,,,15 5,2,,,,,N,N,N,0,0,N,2.0,1,2,1,,39485.0,N,15.497,31,Y,99,1,2,1,F,N,N,N,0,4,0,1,2,65,99,9,0,0,0,0,0,1,6,NT,1,60,,,,,,,,,,,,,,,,,,,,,,,,,,,,,,,,,,0,4,,"unit1 traveling far left . unit1 drove high water area . mile post . unit1 hydroplaned , lost control struck median wall .",C,"[0.0447511225938797, 0.9358078837394714, 0.019441084936261177]",C,"[0.16006788611412048, 0.8032006025314331, 0.03673151135444641]",C,"[0.1724853515625, 0.81005859375, 0.0176544189453125]"
388,388,193017392,unit 3 1 was traveling west on state route 126. the weather was rain which at times was heavy rain causing several spots of standing water on the roadway. while traveling westbound the driver of unit # 1 went through a spot of standing water and began to hydroplane causing her to veer into the guardrail causing damage to both the guardrail and unit # 1. while unit # 1 was sliding on the roadway the front left tire became flat causing the vehicle to be disabled.,20193017392,2019,O,2/1/2019 0:00,8,SHAMSR00126**N,S,HAM,16.81,39.220706,-84.416418,75973,16885.0,2/6/2019 0:00,13,4,N,2.0,Y,Y,2.0,10,0,,,,N,16.941,SHAMSR00126**C,N,1,2.019E+12,1,2,N,1,0,1,SYCAMORE TOWNSHIP,1,,Y,N,4.0,Y,0.0,,N,,N,READING,N,,0,W,State Route 126,HWY,126,SR,,30.0,N,,,30 0,2,,,,,N,N,N,0,0,N,1.0,0,2,1,,191997.0,N,29.95,43,Y,22,3,4,1,F,N,N,N,0,2,30,1,0,55,1,30,0,0,0,0,0,1,6,NT,2,50,,,,,,,,,,,,,,,,,,,,,,,,,,,,,,,,,,0,4,,unit3 traveling state . weather rain times heavy rain causing several spots standing water roadway . traveling driver unit1 went spot standing water began hydroplane causing veer guardrail causing damage guardrail unit1 . unit1 sliding roadway front left tire became flat causing vehicle disabled .,O,"[0.9995620846748352, 0.00041343580232933164, 2.4482569642714225e-05]",O,"[0.9999994039535522, 6.359983331094554e-07, 2.2162593982244516e-09]",O,"[1.0, 0.0, 0.0]"
389,389,193017495,"unit #1,2 and 3 were traveling nb ir71 in the left lane. unit #1 hydroplaned in high waters on the roadway and spun to the right. unit #2 hydroplaned and struck the passenger side door of unit #1. unit #2 was then struck in the rear by unit #3.",20193017495,2019,C,2/1/2019 0:00,8,SHAMIR00071**C,S,HAM,15.738,39.247948,-84.365556,51716,16885.0,2/6/2019 0:00,5,4,N,2.0,N,Y,1.0,10,0,39600.0,,,Y,15.738,SHAMIR00071**C,N,1,2.019E+12,1,2,N,0,0,3,MONTGOMERY,1,S,Y,N,6.0,Y,0.006,,N,,N,MONTGOMERY,N,,0,,I71 Nb Exwy,HWY,71,IR,,15.7,N,,,15 7,2,,,,,N,N,Y,0,0,N,2.0,7,2,1,,39485.0,N,15.738,51,N,99,2,1,1,M,N,N,N,0,3,0,1,2,65,1,20,0,0,0,0,0,99,6,NT,1,68,28.0,1.0,2.0,1.0,1.0,M,,2.0,65.0,1.0,20.0,,,,,,1.0,6.0,NT,2.0,60.0,1.0,3.0,1.0,20.0,,,,,,1.0,6.0,1.0,5,4,,"unit1 , traveling left . unit1 hydroplaned high waters roadway spun . unit2 hydroplaned struck passenger side door unit1 . unit2 struck rear unit3 .",C,"[0.029987234622240067, 0.9581297636032104, 0.011882954277098179]",C,"[0.2068033367395401, 0.774296760559082, 0.018899915739893913]",O,"[0.73876953125, 0.2322998046875, 0.0287628173828125]"
390,390,193017986,"all units were traveling n/b sr-315 n/o w. 3rd ave in the left lane. driver of unit # 1 stated that traffic in front of her came to a sudden stop. driver of unit # 1 stated: """" i hydroplaned on the water and couldn't stop."""" driver of unit # 1 stated that she was unable to stop in time striking unit # 2 from behind. driver of unit # 2 stated that traffic in front of her came to a sudden stop. driver of unit # 2 stated that she was able to stop safely for traffic in front of her, but was struck from behind by unit # 1. driver of unit # 2 stated that the impact from being struck from behind caused unit # 2 to strike unit # 3 from behind. driver of unit # 3 stated that traffic in front of her came to a sudden stop. driver of unit # 3 stated that she was able to stop safely for traffic in front of her. driver of unit # 3 stated; """" the third car back there ( unit # 3) hit the car in back of me ( unit # 2) causing the car ( unit # 2) to hit me."""" driver of unit # 3 continued by stating; """" i felt only one bump.""""",20193017986,2019,O,2/1/2019 0:00,6,SFRASR00315**C,S,FRA,2.65,39.984551,-83.021998,18000,19234.0,2/6/2019 0:00,2,4,N,2.0,N,Y,2.0,7,0,,,,N,2.65,SFRASR00315**C,N,3,190099727,4,2,N,3,0,3,COLUMBUS,1,N,Y,N,6.0,N,0.057,,N,,N,COLUMBUS,N,N,0,,STATE ROUTE 315 E,,315,SR,,,N,,W,3RD,1,,,,AVE,N,N,N,0,0,N,1.0,0,2,3,,329317.0,N,2.65,36,Y,8,2,1,1,F,N,N,N,0,3,0,1,2,55,1,20,0,0,0,0,0,1,6,NT,1,40,39.0,1.0,2.0,1.0,1.0,F,,2.0,55.0,11.0,20.0,,,,,,1.0,6.0,NT,1.0,0.0,1.0,3.0,11.0,20.0,,,,,,1.0,6.0,3.0,0,4,,"units traveling sr n left . driver unit1 stated traffic front came sudden stop . driver unit1 stated : `` '' hydroplaned water could n't stop . '' '' driver unit1 stated unable stop time striking unit2 behind . driver unit2 stated traffic front came sudden stop . driver unit2 stated able stop safely traffic front , struck behind unit1 . driver unit2 stated impact struck behind caused unit2 strike unit3 behind . driver unit3 stated traffic front came sudden stop . driver unit3 stated able stop safely traffic front . driver unit3 stated ; `` '' third car back hit car back causing car hit . '' '' driver unit3 continued stating ; `` '' felt one bump . '' ''",O,"[0.9999998807907104, 8.97342005146129e-08, 1.545477346098778e-08]",O,"[0.9997207522392273, 0.0002706963859964162, 8.629854164610151e-06]",O,"[1.0, 1.5497207641601562e-06, 1.1920928955078125e-07]"
391,391,193021113,"unit #1 was sb on ir 77 in the left lane when her vision was obstructed by a wave of water that emanated from standing water thrown by vehicles in the nb lanes. at the same instant she drove into standing water that was in the same location on the sb side. unit #1 lost control, hydroplaned and went off the left side of the roadway striking the center concrete median wall. no damage to median wall.",20193021113,2019,O,2/1/2019 0:00,4,SSUMIR00077**N,S,SUM,16.581,41.076476,-81.574105,1000,766.0,2/12/2019 0:00,13,3,N,2.0,Y,Y,1.0,10,0,,,,Y,16.572,SSUMIR00077**C,N,1,T19001062,1,2,N,1,0,1,AKRON,1,,Y,N,6.0,Y,0.0,,Y,,N,AKRON,N,,0,,,,77,IR,,,N,,,Stoner,1,,,,ST,N,N,N,0,0,N,1.0,0,1,1,,47076.0,N,130.103,20,Y,99,1,2,1,F,N,N,N,0,3,35,1,9,60,1,9,35,0,0,0,0,1,6,NT,1,60,,,,,,,,,,,,,,,,,,,,,,,,,,,,,,,,,,0,4,,"unit1 left vision obstructed wave water emanated standing water thrown vehicles lanes . instant drove standing water location side . unit1 lost control , hydroplaned went left side roadway striking center concrete median wall . damage median wall .",C,"[8.561289723729715e-05, 0.9996761083602905, 0.00023832761507946998]",C,"[0.04050445556640625, 0.9591643810272217, 0.0003310857282485813]",O,"[1.0, 4.172325134277344e-07, 0.0]"
392,392,193021184,"unit 1 traveled west on state route 113 near green road. as unit 1 approached the intersection, she stated she hydroplaned causing the unit to spin. while spinning, unit 1 ran off the right side of the road and struck a guardrail.",20193021184,2019,O,2/1/2019 0:00,3,SERISR00113**C,S,ERI,20.646,41.332715,-82.348438,27482,99999.0,2/4/2019 0:00,13,2,N,2.0,Y,N,5.0,11,0,,4f12cc35-949d-4680-b1ef-3a7a396d5ca8,0eea94f0-a9be-45c3-996a-84e88170e1d5,N,20.646,SERISR00113**C,N,1,2.019E+13,1,2,,2,0,1,FLORENCE TOWNSHIP,3,,N,Y,2.0,Y,0.0,TR,N,,N,FLORENCE TOWNSHIP,N,,0,,,,113,SR,,,N,,,GREEN,1,,,,RD,N,N,N,0,0,N,3.0,0,2,4,,154574.0,N,27.386,45,Y,99,5,9,1,F,N,N,N,0,1,30,1,0,50,1,8,30,0,0,0,0,1,6,NT,1,50,,,,,,,,,,,,,,,,,,,,,,,,,,,,,,,,,,0,1,,"unit1 traveled state near green . unit1 approached intersection , stated hydroplaned causing unit spin . spinning , unit1 ran side struck guardrail .",O,"[0.9999595880508423, 3.7834055547136813e-05, 2.5739257125678705e-06]",O,"[0.9997841715812683, 0.00021373989875428379, 2.1005482722102897e-06]",O,"[0.9990234375, 0.001056671142578125, 0.00010794401168823242]"