,id,OBJECTID,Narrative,DOCUMENT_NBR,CRASH_YR,CRASH_SEVERITY_CD,CRASH_MONTH_YEAR,DISTRICT_NBR,NLFID,NLF_JUR_CD,NLF_COUNTY_CD,COUNTY_LOG_NBR,ODOT_LATITUDE_NBR,ODOT_LONGITUDE_NBR,ODOT_FIPS_CD,AREA_CODE,CRASH_DATE,CRASH_TYPE_CD,DAY_IN_WEEK_CD,DISTRACTED_DRIVER_IND,FACILITY_TYPE_CD,FHWA_RDWY_DEPARTURE_IND,FREEWAY_IND,FUNCTIONAL_CLASS_CD,HOUR_OF_CRASH,INCAPAC_INJURIES_NBR,INTERCHANGE_ID,INTERSECTION_ID_CURRENT,INTERSECTION_LEG_ID,INTERSTATE_IND,INV_LOG_NBR,INV_NLFID,IS_COMMERCIAL_RELATED,LIGHT_COND_PRIMARY_CD,LOCAL_REPORT_NUMBER_ID,MAINTENANCE_AUTHORITY_CD,MONTH_OF_CRASH,NHS_CD,NO_INJURY_REPORTED_NBR,NON_INCAPAC_INJURIES_NBR,NUMBER_OF_UNITS_NBR,ODOT_CITY_VILLAGE_TWP_NME,ODOT_CRASH_LOCATION_CD,ODOT_DIR_FROM_REF_CD,ODOT_DIV_UNDIV_IND,ODOT_INTERSECTION_REL_IND,ODOT_LANES_NBR,ODOT_MAINTAINED_HWY_IND,ODOT_MILES_FROM_REF_NBR,ODOT_REF_ROUTE_PREFIX_CD,ODOT_YOUNG_DRIVER_IND,ODPS_ADDRESS_REFERENCE,ODPS_ALCOHOL_IND,ODPS_CITY_VILLAGE_TWP_NME,ODPS_DRUG_IND,ODPS_LOC_DIR_SUFFIX_CD,ODPS_LOC_IN_WORK_ZONE_CD,ODPS_LOC_ROAD_DIRECTION_CD,ODPS_LOC_ROAD_NME,ODPS_LOC_ROAD_SUFFIX_CD,ODPS_LOC_ROUTE_ID,ODPS_LOC_ROUTE_PREFIX_CD,ODPS_LOC_ROUTE_SUFFIX_CD,ODPS_MILEPOST_REFERENCE,ODPS_MOTORCYCLE_IND,ODPS_REF_DIR_SUFFIX_CD,ODPS_REF_DIRECTION_CD,ODPS_REF_GIVEN,ODPS_REF_POINT_USED_CD,ODPS_REF_ROUTE_ID,ODPS_REF_ROUTE_PREFIX_CD,ODPS_REF_ROUTE_SUFFIX_CD,ODPS_REF_SUFFIX_CD,ODPS_SCHOOL_ZONE_IND,ODPS_SENIOR_DRIVER_IND,ODPS_SPEED_IND,ODPS_TOTAL_FATALITIES_NBR,ODPS_TYPE_OF_WORK_ZONE_CD,ODPS_WORK_ZONE_IND,OPER_ACCESS_CONTROL_CD,POSSIBLE_INJURIES_NBR,ROAD_COND_PRIMARY_CD,ROAD_CONTOUR_CD,SA_RAMP_ID,SA_SEGMENT_ID,SECONDARY_CRASH,STATE_TRUE_LOG_NBR,U1_AGE_NBR,U1_AT_FAULT_IND,U1_CONT_CIR_PRIMARY_CD,U1_DIRECTION_FROM_CD,U1_DIRECTION_TO_CD,U1_DISTRACTED_BY_1_CD,U1_GENDER_CD,U1_IS_ALCOHOL_SUSPECTED,U1_IS_MARIJUANA_SUSPECTED,U1_IS_OTHER_DRUG_SUSPECTED,U1_NON_MOTORIST_LOC_CD,U1_NUMBER_OF_THRU_LANES,U1_OBJECT_STRUCK,U1_ODPS_UNIT_NBR,U1_OPERATINGIN_AUTONOMOUS_MODE,U1_POSTED_SPEED_NBR,U1_PRECRASH_ACTION_CD,U1_SEQ_OF_EVENTS_1_CD,U1_SEQ_OF_EVENTS_2_CD,U1_SEQ_OF_EVENTS_3_CD,U1_SEQ_OF_EVENTS_4_CD,U1_SEQ_OF_EVENTS_5_CD,U1_SEQ_OF_EVENTS_6_CD,U1_SPECIAL_FUNCTION_CD,U1_TRAFFIC_CONTROL_CD,U1_TURN_CD,U1_TYPE_OF_UNIT_CD,U1_UNIT_SPEED_NBR,U2_AGE_NBR,U2_CONT_CIR_PRIMARY_CD,U2_DIRECTION_FROM_CD,U2_DIRECTION_TO_CD,U2_DISTRACTED_BY_1_CD,U2_GENDER_CD,U2_NON_MOTORIST_LOC_CD,U2_ODPS_UNIT_NBR,U2_POSTED_SPEED_NBR,U2_PRECRASH_ACTION_CD,U2_SEQ_OF_EVENTS_1_CD,U2_SEQ_OF_EVENTS_2_CD,U2_SEQ_OF_EVENTS_3_CD,U2_SEQ_OF_EVENTS_4_CD,U2_SEQ_OF_EVENTS_5_CD,U2_SEQ_OF_EVENTS_6_CD,U2_SPECIAL_FUNCTION_CD,U2_TRAFFIC_CONTROL_CD,U2_TURN_CD,U2_TYPE_OF_UNIT_CD,U2_UNIT_SPEED_NBR,U3_CONT_CIR_PRIMARY_CD,U3_ODPS_UNIT_NBR,U3_PRECRASH_ACTION_CD,U3_SEQ_OF_EVENTS_1_CD,U3_SEQ_OF_EVENTS_2_CD,U3_SEQ_OF_EVENTS_3_CD,U3_SEQ_OF_EVENTS_4_CD,U3_SEQ_OF_EVENTS_5_CD,U3_SEQ_OF_EVENTS_6_CD,U3_SPECIAL_FUNCTION_CD,U3_TRAFFIC_CONTROL_CD,U3_TYPE_OF_UNIT_CD,UNRESTRAIN_OCCUPANTS,WEATHER_COND_CD,V1,clean_Narrative,BERT_predictions,BERT_prediction_probabilities,RoBERTa_predictions,RoBERTa_predictions_probabilities,distilBERT_predictions,distilBERT_predictions_probabilities
393,393,193022971,"unit 1 was traveling eastbound on the on ramp to state route 562 and while negotiating the curve, hydroplaned and struck the guard rail located approximately at the 0.2 mile marker. there were no injuries reported.",20193022971,2019,O,2/1/2019 0:00,8,SHAMSR00562**N,S,HAM,1.613,39.169808,-84.468543,15000,16885.0,2/11/2019 0:00,13,2,N,2.0,Y,Y,2.0,19,0,,,,N,1.543,SHAMSR00562**C,N,3,195002003,4,2,N,1,0,1,CINCINNATI,1,,Y,N,4.0,N,0.0,,N,,N,CINCINNATI,N,,0,,,,562,SR,,1.0,N,,,,2,,,,,N,Y,N,0,0,N,1.0,0,2,3,,163296.0,N,1.613,72,Y,11,2,3,1,M,N,N,N,0,1,31,1,2,40,13,8,31,0,0,0,0,1,6,RT,1,0,,,,,,,,,,,,,,,,,,,,,,,,,,,,,,,,,,0,4,,"unit1 traveling ramp state negotiating curve , hydroplaned struck guard rail located approximately . mile marker . injuries reported .",O,"[0.9999996423721313, 3.2387114856646804e-07, 5.33527639845488e-08]",O,"[0.9999998807907104, 1.725151719256246e-07, 1.7143155783827524e-09]",O,"[1.0, 0.0, 0.0]"
394,394,193023333,"unit #1 was northbound on sr 8 in the center lane. the vehicle experienced a hydroplane event due to poor tire condition, causing the vehicle to yaw in a counterclockwise direction. the back right of the vehicle struck the concrete median before the spinning off across the roadway to final rest on the right shoulder. no injuries but the rear axle was broken, passenger side airbags deployed, and heavy damage to the body at the right rear.",20193023333,2019,O,2/1/2019 0:00,4,SSUMSR00008**C,S,SUM,11.669,41.216979,-81.488772,36651,766.0,2/12/2019 0:00,13,3,N,2.0,Y,Y,2.0,17,0,,,,N,11.669,SSUMSR00008**C,N,5,20190332,4,2,N,1,0,1,HUDSON,1,S,Y,N,6.0,N,0.133,,N,,N,HUDSON,N,S,0,,STATE ROUTE 8 E,,8,SR,,,N,,W,BARLOW,1,,,,RD,N,N,N,0,0,N,1.0,0,2,1,,180756.0,N,11.669,29,Y,18,2,1,1,F,N,N,N,0,3,35,1,2,65,1,9,35,8,0,0,0,1,6,NT,1,65,,,,,,,,,,,,,,,,,,,,,,,,,,,,,,,,,,0,4,,"unit1 center . vehicle experienced hydroplane event due poor tire condition , causing vehicle yaw counterclockwise direction . back vehicle struck concrete median spinning across roadway final rest shoulder . injuries rear axle broken , passenger side airbags deployed , heavy damage body rear .",O,"[0.5058490633964539, 0.4568549394607544, 0.03729594871401787]",C,"[0.2109113484621048, 0.41640686988830566, 0.37268173694610596]",O,"[0.9990234375, 0.0008492469787597656, 0.0001672506332397461]"
395,395,193025809,"unit 1 was e b on i-480 in lane 2 approaching ridge rd, when the unit hydroplaned and began spinning counter-clockwise. the center front of unit 1 struck the center concrete median wall.",20193025809,2019,C,2/1/2019 0:00,12,SCUYIR00480**C,S,CUY,12.803,41.422142,-81.739271,9246,17668.0,2/20/2019 0:00,13,4,N,2.0,Y,Y,1.0,18,0,19900.0,,,Y,12.803,SCUYIR00480**C,N,3,190012831,1,2,N,1,0,1,BROOKLYN,1,W,Y,N,8.0,Y,0.152,,N,,N,BROOKLYN,N,W,0,,I 480 E,,480,IR,,,N,,,RIDGE,1,,,,RD,N,N,N,0,0,N,1.0,1,2,1,,45577.0,N,15.107,31,Y,1,4,3,1,M,N,N,N,0,4,35,1,0,60,1,35,0,0,0,0,0,1,6,NT,3,1,,,,,,,,,,,,,,,,,,,,,,,,,,,,,,,,,,0,4,,"unit1 b approaching ridge , unit hydroplaned began spinning counterclockwise . center front unit1 struck center concrete median wall .",AB,"[0.03374018892645836, 0.13520880043506622, 0.8310509920120239]",C,"[0.23754540085792542, 0.7571132183074951, 0.005341350566595793]",O,"[0.77978515625, 0.2183837890625, 0.0020656585693359375]"
396,396,193026259,"unit 01 was traveling east on ir 275 in the left lane. unit 01 hydroplaned, went off the roadway left, struck the guard wire, spun, and came to rest facing west.",20193026259,2019,AB,2/1/2019 0:00,8,SHAMIR00275**C,S,HAM,33.601,39.251717,-84.316501,76582,16885.0,2/20/2019 0:00,13,4,N,2.0,Y,Y,1.0,17,0,,8b66718e-654b-45f8-b35c-e658badcbf63,203de61a-a240-4dc5-9ee1-69961454d2f0,Y,33.601,SHAMIR00275**C,N,1,2019-5551,1,2,N,0,1,1,THE INDIAN HILL,1,,Y,N,6.0,Y,0.0,,Y,,N,COLERAIN TOWNSHIP,N,,0,,,,275,IR,,33.6,N,,,33 6,2,,,,,N,N,N,0,0,N,1.0,0,2,1,,45555.0,N,51.201,22,Y,11,4,3,1,F,N,N,N,0,3,33,1,0,65,1,9,33,0,0,0,0,1,6,NT,1,60,,,,,,,,,,,,,,,,,,,,,,,,,,,,,,,,,,0,4,,"unit1 traveling left . unit1 hydroplaned , went roadway left , struck guard wire , spun , came rest facing .",O,"[0.9978936314582825, 0.00189655099529773, 0.0002098752884194255]",C,"[0.1074167937040329, 0.7962546944618225, 0.09632844477891922]",O,"[0.9912109375, 0.007904052734375, 0.00075531005859375]"
397,397,193027017,"unit 1 was eastbound west fork rd when the vehicle ran off road right, into a culvert and struck a tree causing disabling damage. the operator of unit 1 states she hydroplaned and over corrected, causing her vehicle to run off the roadway. operator of unit 1 stated she had minor rib pain from the airbag deployment but refused a life squad.",20193027017,2019,O,2/1/2019 0:00,8,,C,HAM,,39.1826,-84.59299,31752,99999.0,2/23/2019 0:00,13,7,N,2.0,Y,N,,19,0,,,,N,,,N,4,2.019E+12,80,2,,1,0,1,GREEN TOWNSHIP,1,,N,N,2.0,N,0.0,,N,3210,N,GREEN TOWNSHIP,N,,0,,WEST FORK,RD,,,,,N,,,3210TH,3,,,,,N,Y,N,0,0,N,,0,2,1,,,N,,70,Y,99,4,3,1,F,N,N,N,0,2,48,1,0,40,1,8,42,48,0,0,0,1,6,NT,1,40,,,,,,,,,,,,,,,,,,,,,,,,,,,,,,,,,,0,4,,"unit1 fork vehicle ran , culvert struck tree causing disabling damage . operator unit1 states hydroplaned corrected , causing vehicle run roadway . operator unit1 stated minor rib pain airbag deployment refused life squad .",C,"[1.249990532414813e-06, 0.9999983310699463, 5.027213205721637e-07]",C,"[2.129594491862008e-07, 0.9999994039535522, 3.7815397035956266e-07]",C,"[7.092952728271484e-06, 1.0, 1.0728836059570312e-06]"
398,398,193034718,unit 1 was traveling in the high speed lane westbound on i74 around the 13.8mp. unit 2 was traveling in the high speed lane eastbound on i74 at the 13.8mp. unit 1 failed to maintain reasonable control traveling into the grass median and onto the opposite lane of travel striking into unit 2. unit 1 struck unit 2 in the driver side area. damage on unit 1 was in the left front area. unit 1 was towed by hubbards. no injuries reported at the time. driver of unit 1 stated that he hydroplaned on water due to the rain.,20193034718,2019,O,3/1/2019 0:00,8,SHAMIR00074**N,S,HAM,13.915,39.186307,-84.619157,31752,16885.0,3/9/2019 0:00,18,7,N,2.0,Y,Y,1.0,17,0,,,,Y,13.837,SHAMIR00074**C,N,1,2.019E+12,1,3,N,4,0,2,GREEN TOWNSHIP,1,,Y,N,4.0,Y,0.0,,N,,N,GREEN TOWNSHIP,N,,0,E,I74 Eb Exwy / I74 Eb Exwy To,HWY,74,IR,,13.8,N,,,13 8,2,,,,,N,N,Y,0,0,N,1.0,0,2,1,,81180.0,N,13.915,32,Y,11,3,4,1,M,N,N,N,0,2,0,1,0,50,1,10,20,0,0,0,0,1,6,NT,1,65,45.0,1.0,4.0,3.0,1.0,F,,2.0,15.0,1.0,20.0,,,,,,1.0,6.0,NT,3.0,65.0,,,,,,,,,,,,,0,4,,unit1 traveling high speed around .8mp . unit2 traveling high speed .8mp . unit1 failed maintain reasonable control traveling grass median onto opposite travel striking unit2 . unit1 struck unit2 driver side area . damage unit1 left front area . unit1 towed hubbards . injuries reported time . driver unit1 stated hydroplaned water due rain .,O,"[0.9999998807907104, 1.7101666571761598e-07, 2.8180540567745993e-08]",O,"[0.9999983310699463, 1.6537906049052253e-06, 2.026955270295616e-09]",O,"[1.0, 5.960464477539063e-08, 0.0]"
399,399,193035054,"accident occurred on i-70 e between i-270 and wilson road.unit 1 was travelling eastbound on i-70 when it struck unit 2 from behind. unit 2 spun out in the road. unit 1 continued eastbound on i-70 leaving the scene of the crash. unit 2 was disabled and was towed for the owner by pro towdriver of unit 2 stated that unit 1 was a maroon suv bearing oh tag hps6527. officers attempted to make contact with the owner of the vehicle, however the listed tag was not the correct vehicle. officers found the vehicle on an unrelated run where the driver of unit 1 stated that he had been driving on i-70, he hydroplaned, and hit another car. driver of unit 1 stated that he panicked and drove away.driver of unit 1 was issued a summons for hit-skip and failure to control.",20193035054,2019,O,3/1/2019 0:00,6,SFRAIR00070**C,S,FRA,7.481,39.975844,-83.1084,18000,19234.0,3/9/2019 0:00,2,7,N,2.0,N,Y,1.0,19,0,,,,Y,7.481,SFRAIR00070**C,N,3,190187753,1,3,N,4,0,2,COLUMBUS,1,W,Y,N,9.0,Y,0.284,,N,,N,COLUMBUS,N,W,0,,I 70 E,,70,IR,,,N,,,I 270 E,1,270,IR,,,N,N,N,0,0,N,1.0,0,2,1,,39410.0,N,93.508,36,Y,8,4,3,1,M,N,N,N,0,4,0,1,2,0,1,20,0,0,0,0,0,1,6,NT,3,70,45.0,1.0,4.0,3.0,1.0,M,,2.0,,1.0,20.0,,,,,,1.0,6.0,NT,1.0,60.0,,,,,,,,,,,,,0,4,,"accident occurred wilson .unit1 travelling struck unit2 behind . unit2 spun . unit1 continued leaving scene crash . unit2 disabled towed owner pro towdriver unit2 stated unit1 maroon suv bearing oh tag hps6527 . officers attempted make contact owner vehicle , however listed tag correct vehicle . officers found vehicle unrelated run driver unit1 stated driving , hydroplaned , hit another car . driver unit1 stated panicked drove away.driver unit1 issued summons hitskip failure control .",O,"[0.9999996423721313, 3.130035963749833e-07, 2.7303718397320154e-08]",O,"[0.9999774694442749, 2.2393134713638574e-05, 7.797554957278408e-08]",O,"[1.0, 9.5367431640625e-07, 5.960464477539063e-08]"
400,400,193038595,"unit 01 was traveling east on rt 62 approaching the market ave n exit ramp, m.p. 24. unit 01 lost control, leaving the roadway to the right and struck a guardrail. driver and passenger both sustained injuries. witness to the crash states unit 01 hydroplaned on the wet roadway which led into the loss of control.",20193038595,2019,AB,3/1/2019 0:00,4,SSTAUS00062**C,S,STA,23.632,40.829092,-81.373772,12000,13375.0,3/14/2019 0:00,13,5,N,2.0,Y,Y,2.0,23,1,,,,N,23.632,SSTAUS00062**C,N,3,1903087,4,3,N,0,1,1,CANTON,1,,Y,N,4.0,N,0.0,,N,,N,CANTON,N,NW,0,,62 EB,HWY,62,US,,24.0,N,,,24,2,,,,,N,N,Y,0,0,N,1.0,0,2,1,,346513.0,N,232.598,39,Y,5,4,3,9,F,N,N,N,0,4,30,1,0,0,1,8,30,0,0,0,0,1,6,NT,1,0,,,,,,,,,,,,,,,,,,,,,,,,,,,,,,,,,,1,1,,"unit1 traveling approaching market exit ramp , m.p . . unit1 lost control , leaving roadway struck guardrail . driver passenger sustained injuries . witness crash states unit1 hydroplaned wet roadway led loss control .",AB,"[1.4608387388648225e-08, 1.518059633554003e-07, 0.9999998807907104]",AB,"[0.0009303465485572815, 0.15938504040241241, 0.8396846055984497]",AB,"[1.7285346984863281e-06, 0.00036978721618652344, 1.0]"
401,401,193040683,unit #1 was traveling eastbound on 6th st when he hit a puddle and began to hydroplane striking #2.,20193040683,2019,O,3/1/2019 0:00,8,SHAMUS00050**C,S,HAM,19.436,39.100744,-84.539419,15000,16885.0,3/14/2019 0:00,5,5,N,2.0,N,Y,2.0,20,0,44500.0,,,N,19.436,SHAMUS00050**C,N,3,195003440,4,3,3,2,0,2,CINCINNATI,1,,Y,N,6.0,N,0.0,,Y,1285,N,CINCINNATI,N,,0,W,6TH,ST,,,,,N,,,1285TH,3,,,,,N,N,N,0,0,N,2.0,0,2,2,,272303.0,N,19.436,25,Y,99,4,3,1,M,N,N,N,0,3,0,1,2,50,1,20,0,0,0,0,0,1,6,NT,1,50,38.0,1.0,4.0,3.0,1.0,M,,2.0,50.0,1.0,20.0,,,,,,1.0,6.0,NT,1.0,50.0,,,,,,,,,,,,,0,4,,unit1 traveling hit puddle began hydroplane striking .,O,"[0.9999990463256836, 7.924875831122336e-07, 8.241097049221935e-08]",O,"[0.9999933242797852, 6.54273253530846e-06, 6.59041958783746e-08]",O,"[1.0, 0.0, 0.0]"
402,402,193043084,"unit #1 was traveling nb on i-75 and attempted to change lanes from the middle lane to the left lane as he was approaching exit 209. unit hit a wet spot and hydroplaned, causing unit #1 to lose control. unit #1 then struck the center median and then went across traffic. unit #1 came to rest in the right lane of traffic.",20193043084,2019,O,3/1/2019 0:00,2,SLUCIR00075**C,S,LUC,9.347,41.699692,-83.501539,77000,87868.0,3/14/2019 0:00,13,5,N,2.0,Y,Y,1.0,14,0,,,,Y,9.347,SLUCIR00075**C,N,1,1.90314E+13,1,3,N,1,0,1,TOLEDO,1,S,Y,N,6.0,Y,0.057,,N,,N,TOLEDO,N,,0,,,,75,IR,,209.0,N,,,209,2,,,,,N,N,Y,0,0,N,1.0,0,2,3,,34214.0,N,208.929,31,Y,5,2,1,1,M,N,N,N,0,6,32,1,0,60,3,9,32,8,0,0,0,1,6,NT,3,60,,,,,,,,,,,,,,,,,,,,,,,,,,,,,,,,,,0,4,,"unit1 traveling attempted change lanes middle left approaching exit . unit hit wet spot hydroplaned , causing unit1 lose control . unit1 struck center median went across traffic . unit1 came rest traffic .",C,"[0.07863203436136246, 0.9008368253707886, 0.02053108811378479]",O,"[0.9275012612342834, 0.07230940461158752, 0.00018930534133687615]",C,"[0.306884765625, 0.68017578125, 0.0132598876953125]"
403,403,193045336,unit # 1 was traveling n/b when the vehicle hit a puddle of water and hydroplane into the concrete barrier,20193045336,2019,O,3/1/2019 0:00,8,SHAMIR00075**C,S,HAM,6.412,39.162233,-84.510161,15000,16885.0,3/14/2019 0:00,13,5,N,2.0,Y,Y,1.0,7,0,41200.0,,,Y,6.412,SHAMIR00075**C,N,3,195003387,1,3,N,1,0,1,CINCINNATI,1,,Y,N,7.0,Y,0.0,,N,,N,CINCINNATI,N,,0,,,,75,IR,,6.4,N,,,6 4,2,,,,,N,N,N,0,0,N,1.0,0,2,1,,91164.0,N,6.412,37,Y,1,2,1,1,M,N,N,N,0,4,35,1,2,0,1,8,35,0,0,0,0,1,6,NT,1,0,,,,,,,,,,,,,,,,,,,,,,,,,,,,,,,,,,0,4,,unit1 traveling vehicle hit puddle water hydroplane concrete barrier,O,"[0.9999624490737915, 3.608522820286453e-05, 1.4816022257946315e-06]",O,"[0.9988453388214111, 0.0011458212975412607, 8.861696187523194e-06]",O,"[0.9921875, 0.007694244384765625, 0.00010150671005249023]"
404,404,193046614,"unit 1 was traveling east on state route 129 at approximately mile marker 17. unit 1 hydroplaned, causing them lose control of their vehicle and striking the concrete median barrier.",20193046614,2019,O,3/1/2019 0:00,8,SBUTSR00129**C,S,BUT,16.995,39.385376,-84.521574,25984,16885.0,3/30/2019 0:00,13,7,N,2.0,Y,Y,2.0,21,0,,,,N,16.995,SBUTSR00129**C,N,4,19-03-0249,1,3,N,2,0,1,FAIRFIELD TOWNSHIP,1,W,Y,N,4.0,Y,0.005,,N,,N,FAIRFIELD TOWNSHIP,N,,0,,,,129,SR,,17.0,N,,,17,2,,,,,N,N,Y,0,0,N,1.0,0,2,1,,190743.0,N,16.995,29,Y,11,4,3,1,M,N,N,N,0,4,35,1,0,65,1,9,35,0,0,0,0,1,6,NT,4,70,,,,,,,,,,,,,,,,,,,,,,,,,,,,,,,,,,0,4,,"unit1 traveling state approximately mile marker . unit1 hydroplaned , causing lose control vehicle striking concrete median barrier .",O,"[0.8341944217681885, 0.145281121134758, 0.020524462684988976]",C,"[0.33434706926345825, 0.6507810354232788, 0.014871947467327118]",O,"[0.97705078125, 0.020843505859375, 0.0016508102416992188]"
405,405,193046995,"on 03/30/2019 unit 1 was traveling eb in 670 in the 1 st from the nb median, w/o neil ave. unit 2 was traveling eb on 670 in the 4th lane from the nb median, after entering the freeway from 315nb. unit 1 stated that he was traveling behind a semi truck and temporarely lost sight of the road due to heavy water splashing onto his windshield. he stated that he lost control of his vehicle, hit the concrete median, and slid across the freeway in the direction of unit 2. unit 1 stated he struck unit 2 and pulled off to the side of the road.unit 2 stated that she had just got onto 670eb from 315nb. she stated that unit 1 hit high water and lost control of his vehicle. she stated that he then hit her on the left side causing her to spin into the guard rail. this action spun her vehicle facing wb on 670eb. unit 2 stated that she then pulled the vehicle into the emergency lane facing wb. responding officer observed a number of vehicles hitting the high standing water on 670eb and hydroplane temporarely, in the area unit 1 lost control of his vehicle.due to statements",20193046995,2019,O,3/1/2019 0:00,6,SFRAIR00670**C,S,FRA,2.764,39.971781,-83.016749,18000,19234.0,3/30/2019 0:00,5,7,N,2.0,N,Y,1.0,7,0,,,,Y,2.764,SFRAIR00670**C,N,3,190247498,1,3,N,3,0,2,COLUMBUS,1,W,Y,N,6.0,Y,0.25,,N,,N,COLUMBUS,N,,0,,,,670,IR,,,N,,,Neil,1,,,,AVE,N,N,Y,0,0,N,1.0,0,6,2,,81555.0,N,2.764,28,Y,17,4,3,1,M,N,N,N,0,4,0,1,2,55,1,3,20,0,0,0,0,1,6,NT,1,60,39.0,1.0,4.0,3.0,1.0,F,,2.0,55.0,1.0,20.0,8.0,30.0,,,,1.0,6.0,NT,3.0,55.0,,,,,,,,,,,,,0,4,,"unit1 traveling median , w neil . unit2 traveling median , entering freeway 315nb . unit1 stated traveling behind semi truck temporarely lost sight due heavy water splashing onto windshield . stated lost control vehicle , hit concrete median , slid across freeway direction unit2 . unit1 stated struck unit2 pulled side .unit2 stated got onto 67eb 315nb . stated unit1 hit high water lost control vehicle . stated hit left side causing spin guard rail . action spun vehicle facing 67eb . unit2 stated pulled vehicle emergency facing . responding officer observed number vehicles hitting high standing water 67eb hydroplane temporarely , area unit1 lost control vehicle.due statements",O,"[0.9999747276306152, 2.459841016388964e-05, 7.115830840120907e-07]",O,"[0.9984446167945862, 0.0014933290658518672, 6.210643914528191e-05]",O,"[0.998046875, 0.00208282470703125, 3.612041473388672e-05]"
406,406,193047750,"unit #1 was traveling eastbound on i-275 in the left middle lane, when she hydroplaned and lost control of her vehicle. which caused her to spinout and cross over the left most through lane and onto the left shoulder striking the concrete barrier and causing the unit to face oncoming traffic.",20193047750,2019,O,3/1/2019 0:00,8,SHAMIR00275**C,S,HAM,25.115,39.293023,-84.453397,74104,16885.0,3/30/2019 0:00,13,7,N,2.0,Y,Y,1.0,17,0,,,,Y,25.115,SHAMIR00275**C,N,1,2.019E+12,1,3,N,1,0,1,SPRINGDALE,1,,Y,N,8.0,Y,0.0,,Y,,N,SPRINGDALE,N,,0,,IR 275,HWY,275,IR,,43.0,N,,,43 0,2,,,,,N,N,N,0,0,N,1.0,0,2,2,,47362.0,N,42.715,17,Y,99,4,3,1,F,N,N,N,0,4,35,1,0,65,1,9,35,0,0,0,0,1,6,NT,1,45,,,,,,,,,,,,,,,,,,,,,,,,,,,,,,,,,,0,4,,"unit1 traveling left middle , hydroplaned lost control vehicle . caused spinout cross left onto left shoulder striking concrete barrier causing unit face oncoming traffic .",O,"[0.8720940351486206, 0.10655763745307922, 0.021348323673009872]",O,"[0.49205195903778076, 0.49027782678604126, 0.017670288681983948]",O,"[0.54248046875, 0.431396484375, 0.0260162353515625]"
407,407,193049905,"unit 1 was traveling northbound on interstate 71 and when at the 3.7 mile marker, the vehicle hydroplaned sending unit 1 into the concrete barrier on the right side causing damage to the front end of the vehicle. there were no injuries reported.",20193049905,2019,O,3/1/2019 0:00,8,SHAMIR00071**C,S,HAM,3.712,39.133372,-84.493867,15000,16885.0,3/14/2019 0:00,13,5,N,2.0,Y,Y,1.0,18,0,38600.0,,,Y,3.712,SHAMIR00071**C,N,1,195003432,1,3,N,1,0,1,CINCINNATI,1,,Y,N,8.0,Y,0.0,,N,,N,CINCINNATI,N,,0,,,,71,IR,,3.7,N,,,,2,,,,,N,N,N,0,0,N,2.0,0,2,3,,45308.0,N,3.712,28,Y,99,2,1,1,F,N,N,N,0,5,35,1,2,55,13,8,35,0,0,0,0,1,6,NT,1,0,,,,,,,,,,,,,,,,,,,,,,,,,,,,,,,,,,0,4,,"unit1 traveling interstate . mile marker , vehicle hydroplaned sending unit1 concrete barrier side causing damage front end vehicle . injuries reported .",O,"[0.9999985694885254, 1.3227789850134286e-06, 1.5031071143312147e-07]",O,"[0.9999996423721313, 3.7936985108899535e-07, 4.184837365528438e-09]",O,"[1.0, 0.0, 0.0]"
408,408,193052501,"unit # 1 was traveling southbound on 71 southbound during heavy rain and high winds, unit #1 hit water on the highway then hydroplaning striking the guardrail at the 471 southbound ramp. unit #1 lost control after striking the guardrail spinning facing the opposite direction on the 471 southbound exit ramp.",20193052501,2019,O,3/1/2019 0:00,8,,S,HAM,,39.111559,-84.531269,15000,,3/30/2019 0:00,13,7,N,4.0,Y,Y,1.0,21,0,,,,Y,,,N,3,195004149,4,3,N,1,0,1,CINCINNATI,7,,Y,N,5.0,Y,0.0,,Y,,N,CINCINNATI,N,,0,,,HWY,71,IR,,1.9,N,,,1 9,2,,,,,N,N,N,0,0,N,1.0,0,6,1,,,N,,25,Y,99,1,2,9,M,N,N,N,0,5,36,1,2,55,3,36,0,0,0,0,0,1,6,NT,1,55,,,,,,,,,,,,,,,,,,,,,,,,,,,,,,,,,,0,4,,"unit1 traveling heavy rain high winds , unit1 hit water hydroplaning striking guardrail ramp . unit1 lost control striking guardrail spinning facing opposite direction exit ramp .",O,"[0.9760861396789551, 0.02150270715355873, 0.002411139663308859]",O,"[0.9952319264411926, 0.00468622287735343, 8.188645733753219e-05]",O,"[1.0, 8.940696716308594e-07, 5.960464477539063e-08]"