,id,OBJECTID,Narrative,DOCUMENT_NBR,CRASH_YR,CRASH_SEVERITY_CD,CRASH_MONTH_YEAR,DISTRICT_NBR,NLFID,NLF_JUR_CD,NLF_COUNTY_CD,COUNTY_LOG_NBR,ODOT_LATITUDE_NBR,ODOT_LONGITUDE_NBR,ODOT_FIPS_CD,AREA_CODE,CRASH_DATE,CRASH_TYPE_CD,DAY_IN_WEEK_CD,DISTRACTED_DRIVER_IND,FACILITY_TYPE_CD,FHWA_RDWY_DEPARTURE_IND,FREEWAY_IND,FUNCTIONAL_CLASS_CD,HOUR_OF_CRASH,INCAPAC_INJURIES_NBR,INTERCHANGE_ID,INTERSECTION_ID_CURRENT,INTERSECTION_LEG_ID,INTERSTATE_IND,INV_LOG_NBR,INV_NLFID,IS_COMMERCIAL_RELATED,LIGHT_COND_PRIMARY_CD,LOCAL_REPORT_NUMBER_ID,MAINTENANCE_AUTHORITY_CD,MONTH_OF_CRASH,NHS_CD,NO_INJURY_REPORTED_NBR,NON_INCAPAC_INJURIES_NBR,NUMBER_OF_UNITS_NBR,ODOT_CITY_VILLAGE_TWP_NME,ODOT_CRASH_LOCATION_CD,ODOT_DIR_FROM_REF_CD,ODOT_DIV_UNDIV_IND,ODOT_INTERSECTION_REL_IND,ODOT_LANES_NBR,ODOT_MAINTAINED_HWY_IND,ODOT_MILES_FROM_REF_NBR,ODOT_REF_ROUTE_PREFIX_CD,ODOT_YOUNG_DRIVER_IND,ODPS_ADDRESS_REFERENCE,ODPS_ALCOHOL_IND,ODPS_CITY_VILLAGE_TWP_NME,ODPS_DRUG_IND,ODPS_LOC_DIR_SUFFIX_CD,ODPS_LOC_IN_WORK_ZONE_CD,ODPS_LOC_ROAD_DIRECTION_CD,ODPS_LOC_ROAD_NME,ODPS_LOC_ROAD_SUFFIX_CD,ODPS_LOC_ROUTE_ID,ODPS_LOC_ROUTE_PREFIX_CD,ODPS_LOC_ROUTE_SUFFIX_CD,ODPS_MILEPOST_REFERENCE,ODPS_MOTORCYCLE_IND,ODPS_REF_DIR_SUFFIX_CD,ODPS_REF_DIRECTION_CD,ODPS_REF_GIVEN,ODPS_REF_POINT_USED_CD,ODPS_REF_ROUTE_ID,ODPS_REF_ROUTE_PREFIX_CD,ODPS_REF_ROUTE_SUFFIX_CD,ODPS_REF_SUFFIX_CD,ODPS_SCHOOL_ZONE_IND,ODPS_SENIOR_DRIVER_IND,ODPS_SPEED_IND,ODPS_TOTAL_FATALITIES_NBR,ODPS_TYPE_OF_WORK_ZONE_CD,ODPS_WORK_ZONE_IND,OPER_ACCESS_CONTROL_CD,POSSIBLE_INJURIES_NBR,ROAD_COND_PRIMARY_CD,ROAD_CONTOUR_CD,SA_RAMP_ID,SA_SEGMENT_ID,SECONDARY_CRASH,STATE_TRUE_LOG_NBR,U1_AGE_NBR,U1_AT_FAULT_IND,U1_CONT_CIR_PRIMARY_CD,U1_DIRECTION_FROM_CD,U1_DIRECTION_TO_CD,U1_DISTRACTED_BY_1_CD,U1_GENDER_CD,U1_IS_ALCOHOL_SUSPECTED,U1_IS_MARIJUANA_SUSPECTED,U1_IS_OTHER_DRUG_SUSPECTED,U1_NON_MOTORIST_LOC_CD,U1_NUMBER_OF_THRU_LANES,U1_OBJECT_STRUCK,U1_ODPS_UNIT_NBR,U1_OPERATINGIN_AUTONOMOUS_MODE,U1_POSTED_SPEED_NBR,U1_PRECRASH_ACTION_CD,U1_SEQ_OF_EVENTS_1_CD,U1_SEQ_OF_EVENTS_2_CD,U1_SEQ_OF_EVENTS_3_CD,U1_SEQ_OF_EVENTS_4_CD,U1_SEQ_OF_EVENTS_5_CD,U1_SEQ_OF_EVENTS_6_CD,U1_SPECIAL_FUNCTION_CD,U1_TRAFFIC_CONTROL_CD,U1_TURN_CD,U1_TYPE_OF_UNIT_CD,U1_UNIT_SPEED_NBR,U2_AGE_NBR,U2_CONT_CIR_PRIMARY_CD,U2_DIRECTION_FROM_CD,U2_DIRECTION_TO_CD,U2_DISTRACTED_BY_1_CD,U2_GENDER_CD,U2_NON_MOTORIST_LOC_CD,U2_ODPS_UNIT_NBR,U2_POSTED_SPEED_NBR,U2_PRECRASH_ACTION_CD,U2_SEQ_OF_EVENTS_1_CD,U2_SEQ_OF_EVENTS_2_CD,U2_SEQ_OF_EVENTS_3_CD,U2_SEQ_OF_EVENTS_4_CD,U2_SEQ_OF_EVENTS_5_CD,U2_SEQ_OF_EVENTS_6_CD,U2_SPECIAL_FUNCTION_CD,U2_TRAFFIC_CONTROL_CD,U2_TURN_CD,U2_TYPE_OF_UNIT_CD,U2_UNIT_SPEED_NBR,U3_CONT_CIR_PRIMARY_CD,U3_ODPS_UNIT_NBR,U3_PRECRASH_ACTION_CD,U3_SEQ_OF_EVENTS_1_CD,U3_SEQ_OF_EVENTS_2_CD,U3_SEQ_OF_EVENTS_3_CD,U3_SEQ_OF_EVENTS_4_CD,U3_SEQ_OF_EVENTS_5_CD,U3_SEQ_OF_EVENTS_6_CD,U3_SPECIAL_FUNCTION_CD,U3_TRAFFIC_CONTROL_CD,U3_TYPE_OF_UNIT_CD,UNRESTRAIN_OCCUPANTS,WEATHER_COND_CD,V1,clean_Narrative,BERT_predictions,BERT_prediction_probabilities,RoBERTa_predictions,RoBERTa_predictions_probabilities,distilBERT_predictions,distilBERT_predictions_probabilities
409,409,193053032,"driver of unit # 1 stated that she was traveling w/b i-670 in the left lane. driver of unit # 1 stated; """" i hydroplaned on the water in the roadway and my car spun out."""" driver of unit # 1 stated she ran off the roadway to the left; struck the left side concrete median; and came to rest facing e/b off on the left side of the roadway. driver of unit # 1 complained of some soreness in her neck and left leg. driver of unit # 1 was treated at scene by cfd medic # 10. driver of unit # 1 was not transported, but will seek medical attention later if needed.",20193053032,2019,C,3/1/2019 0:00,6,SFRAIR00670**N,S,FRA,1.546,39.967796,-83.042209,18000,19234.0,3/30/2019 0:00,13,7,N,2.0,Y,Y,1.0,10,0,,,,Y,1.172,SFRAIR00670**C,N,1,190246188,1,3,N,0,0,1,COLUMBUS,1,W,Y,N,8.0,Y,0.095,,N,,N,COLUMBUS,N,,0,,,,670,IR,,,N,,,Grandview,1,,,,AVE,N,N,N,0,0,N,1.0,1,2,3,,57027.0,N,1.546,26,Y,99,3,4,1,F,N,N,N,0,4,35,1,2,65,13,9,35,0,0,0,0,1,6,NT,1,65,,,,,,,,,,,,,,,,,,,,,,,,,,,,,,,,,,0,4,,"driver unit1 stated traveling left . driver unit1 stated ; `` '' hydroplaned water roadway car spun . '' '' driver unit1 stated ran roadway left ; struck left side concrete median ; came rest facing left side roadway . driver unit1 complained soreness neck left leg . driver unit1 treated scene cfd medic . driver unit1 transported , seek medical attention later needed .",C,"[1.857494225987466e-06, 0.9999973773956299, 6.664855050075857e-07]",C,"[2.8993412115596584e-07, 0.9999996423721313, 1.0958075336020556e-07]",C,"[4.112720489501953e-06, 1.0, 8.344650268554688e-07]"
410,410,193059698,unit 1 was driving westbound on riggins road west of wilcox approaching riggins run. the driver of unit 1 did not negotiate a curve in the road and his vehicle continued head across the oncoming (eastbound) lane of riggins rd. unit 1 went over the curb on the south side of riggins rd and struck a city light pole (city pole # 235108) with the front of unit 1 knocking the pole down and off its base. the driver of unit 1 stated that his front tires had worn tread and that the vehicle hydroplaned at the curve in the road. the juvenile driver of unit 1 was issued a traffic summons for failure to control (# 1750309). the driver was not hurt in the accident. washington township fire unit 95 reported on the scene initially and cpd officers contacted the city of columbus about the damaged light pole.,20193059698,2019,O,4/1/2019 0:00,6,MFRAMR04212**C,M,FRA,1.189,40.062553,-83.155453,18000,19234.0,4/19/2019 0:00,13,6,N,2.0,Y,N,5.0,14,0,,,,N,1.189,MFRAMR04212**C,N,1,190308705,4,4,,1,0,1,COLUMBUS,1,E,N,N,4.0,N,0.004,,Y,,N,COLUMBUS,N,,0,,RIGGINS,RD,,,,,N,,,RIGGINS RUN,1,,,,RD,N,N,N,0,0,N,3.0,0,2,3,,322593.0,N,1.189,16,Y,18,3,4,1,M,N,N,N,0,2,39,1,0,0,13,11,9,39,0,0,0,1,6,NT,4,40,,,,,,,,,,,,,,,,,,,,,,,,,,,,,,,,,,0,4,,unit1 driving riggins wilcox approaching riggins run . driver unit1 negotiate curve vehicle continued head across oncoming riggins unit1 went curb side riggins struck city light pole front unit1 knocking pole base . driver unit1 stated front tires worn tread vehicle hydroplaned curve . juvenile driver unit1 issued traffic summons failure control . driver hurt accident . washington township fire unit95 reported scene initially cpd officers contacted city columbus damaged light pole .,O,"[0.9999997615814209, 2.3674074611790275e-07, 3.555043548431058e-08]",O,"[1.0, 2.3145471317320698e-08, 1.640118076073893e-11]",O,"[1.0, 0.0, 0.0]"
411,411,193059799,unit #2 was slowing down with traffic on clough pike. unit #1 hydroplaned and struck unit #2 in the rear.,20193059799,2019,O,4/1/2019 0:00,8,CCLECR00033**C,C,CLE,2.628,39.081276,-84.262916,78288,16885.0,4/19/2019 0:00,2,6,N,,N,N,4.0,17,0,,1fdd77cd-fc50-41db-bf64-a4a6b64796e2,433a17f1-b07f-4cc8-8e38-b9c0b3c8a2ce,N,2.628,CCLECR00033**C,N,1,2.019E+13,2,4,,2,0,2,UNION TOWNSHIP,1,W,N,N,2.0,N,0.003,TR,N,,N,UNION TOWNSHIP,N,,0,,CLOUGH,PI,33,CR,,,N,,,PINE TREE,1,2066,TR,,LN,N,Y,N,0,0,N,,0,2,1,,13908.0,N,2.628,29,Y,8,4,9,1,F,N,N,N,0,2,0,1,0,40,1,20,0,0,0,0,0,1,6,NT,1,5,69.0,1.0,4.0,,1.0,F,,2.0,40.0,11.0,20.0,,,,,,1.0,6.0,,3.0,30.0,,,,,,,,,,,,,0,2,,unit2 slowing traffic clough pike . unit1 hydroplaned struck unit2 rear .,O,"[0.9324974417686462, 0.06525392085313797, 0.002248565200716257]",C,"[0.2718607187271118, 0.7243548035621643, 0.003784574568271637]",O,"[0.96435546875, 0.03436279296875, 0.0017414093017578125]"
412,412,193060577,"unit 2 was traveling west on ir 275 near the 30/2 mile post in the second lane from the right. unit 1 was traveling in the left lane on ir 275 near the 30/2 mile post. operator of unit 1 failed to maintain control of his vehicle, hydroplaning, then running off the road to the the left. unit 1 was uncontrolled and rotated across the lanes striking unit 2.",20193060577,2019,O,4/1/2019 0:00,8,SHAMIR00275**N,S,HAM,30.435,39.28162,-84.365246,75973,16885.0,4/19/2019 0:00,5,6,N,2.0,Y,Y,1.0,17,0,,3a169d9f-8eba-401e-bf03-7ab85f7c33c3,3c4fac98-5303-4e43-bb40-af7d941b5b71,Y,30.193,SHAMIR00275**C,N,1,2019-13010,1,4,N,2,0,2,SYCAMORE TOWNSHIP,1,,Y,N,8.0,Y,0.0,,Y,,N,COLERAIN TOWNSHIP,N,,0,,275,HWY,275,IR,,30.2,N,,,30 2,2,,,,,N,N,Y,0,0,N,1.0,0,2,2,,81512.0,N,48.035,18,Y,5,3,4,1,M,N,N,N,0,4,0,1,0,65,1,9,20,0,0,0,0,1,6,NT,1,65,24.0,1.0,3.0,4.0,1.0,M,,2.0,65.0,1.0,20.0,,,,,,1.0,6.0,NT,4.0,60.0,,,,,,,,,,,,,0,4,,"unit2 traveling near mile post second . unit1 traveling left near mile post . operator unit1 failed maintain control vehicle , hydroplaning , running left . unit1 uncontrolled rotated across lanes striking unit2 .",C,"[0.009766906499862671, 0.9702052474021912, 0.0200278852134943]",AB,"[2.6933734261547215e-05, 0.0009310771129094064, 0.9990419745445251]",C,"[0.0026187896728515625, 0.79736328125, 0.2001953125]"
413,413,193061179,unit #1 was traveling south on warner rd. and began to slow to make a left (east turn) onto grand division. unit #1 was then struck by unit #2 in the rear of the vehicle by unit #2's front end. driver of unit #2 stated that her truck hydroplaned due to the heavy rain fall and she was unable to stop in time. all parties stated they were not in need of medical treatment.,20193061179,2019,O,4/1/2019 0:00,12,CCUYCR00078**C,C,CUY,1.432,41.43395,-81.630844,29428,17668.0,4/19/2019 0:00,2,6,N,2.0,N,N,5.0,16,0,,61855c18-dd8c-470e-a9c5-6349b6099dfa,2bcc61df-c09b-44b0-9c74-1a756cbdab7c,N,1.432,CCUYCR00078**C,N,1,20191302,4,4,,4,0,2,GARFIELD HEIGHTS,2,N,N,Y,4.0,N,0.019,,N,4618,N,GARFIELD HEIGHTS,N,,0,,WARNER,RD,,,,,N,,,4618TH,3,,,,,N,N,N,0,0,N,,0,2,1,,19626.0,N,1.432,29,Y,1,1,2,1,F,N,N,N,0,2,0,2,2,35,1,20,0,0,0,0,0,1,6,NT,4,20,41.0,1.0,1.0,3.0,1.0,M,,1.0,35.0,6.0,20.0,,,,,,1.0,6.0,LT,1.0,5.0,,,,,,,,,,,,,0,4,,unit1 traveling warner began slow make left onto grand division . unit1 struck unit2 rear vehicle unit2 's front end . driver unit2 stated truck hydroplaned due heavy rain fall unable stop time . parties stated need medical treatment .,O,"[0.9999998807907104, 1.1597682458841518e-07, 1.7797159301835563e-08]",O,"[1.0, 1.5054912871903525e-10, 2.7270609273370716e-13]",O,"[1.0, 1.7881393432617188e-07, 0.0]"
414,414,193069333,unit 1 advised that he had a malfunction with the brakes and could not slow down in time for the curve. unit 1 then advised that he hydroplaned and went off the right side of the roadway and struck a fence.,20193069333,2019,O,4/1/2019 0:00,8,,C,CLI,,39.31512,-83.94457,47670,99999.0,4/26/2019 0:00,13,6,N,2.0,Y,N,,1,0,,,,N,,,N,4,19-57,80,4,,1,0,1,MARION TOWNSHIP,1,,N,N,2.0,N,0.0,,N,3537,N,MARION TOWNSHIP,N,,0,,SECONDCREEK,RD,,,,,N,,,,3,,,,,N,N,N,0,0,N,,0,2,4,,,N,,32,Y,11,5,8,1,M,N,N,N,0,2,37,1,0,55,13,8,37,46,0,0,0,1,6,NT,2,55,,,,,,,,,,,,,,,,,,,,,,,,,,,,,,,,,,0,4,,unit1 advised malfunction brakes could slow time curve . unit1 advised hydroplaned went side roadway struck fence .,O,"[0.9998569488525391, 0.0001377342559862882, 5.275227977108443e-06]",O,"[0.9983878135681152, 0.0015207466203719378, 9.144794603344053e-05]",O,"[1.0, 3.3974647521972656e-05, 1.6689300537109375e-06]"
415,415,193069627,"unit 01 was travelling east on ohio state route 02 in the leftmost lane when it began to hydroplane. unit 01 began to spin out of control. the front right side of the vehicle impacted the concrete barrier on th enorth side of the highway, then slid south until the rear of the vehicle impacted and came to final rest on the concrete median on the other side of the highway.",20193069627,2019,O,5/1/2019 0:00,12,SLAKSR00002**C,S,LAK,4.062,41.643009,-81.424676,85484,17668.0,5/1/2019 0:00,13,4,N,2.0,Y,Y,2.0,19,0,,8a133d50-0def-479a-b3be-5626e67c1e47,f1db210d-10af-430a-890d-b4e306baf368,N,4.062,SLAKSR00002**C,N,2,1911477,4,5,N,1,0,1,WILLOUGHBY,1,,Y,N,6.0,N,0.0,RA,N,,N,WILLOUGHBY,N,,0,,,,2,SR,,,N,,,,1,640,SR,,,N,N,N,0,0,N,1.0,0,2,1,,175557.0,N,212.394,27,Y,99,4,3,1,M,N,N,N,0,6,35,1,0,65,1,9,35,35,0,0,0,1,6,NT,1,65,,,,,,,,,,,,,,,,,,,,,,,,,,,,,,,,,,0,4,,"unit1 travelling ohio state leftmost began hydroplane . unit1 began spin control . front side vehicle impacted concrete barrier enorth side , slid rear vehicle impacted came final rest concrete median side .",C,"[0.3563954830169678, 0.5851404070854187, 0.058464087545871735]",O,"[0.9999291896820068, 7.000390178291127e-05, 8.247239975389675e-07]",O,"[0.85693359375, 0.1258544921875, 0.0171356201171875]"
416,416,193069669,unit 1 was traveling ir 77 northbound near the mile post 154 when he hydroplaned and lost control of his vehicle going off the road to the right and striking the guard rail causing listed damage.,20193069669,2019,C,5/1/2019 0:00,12,SCUYIR00077**C,S,CUY,6.936,41.375639,-81.652463,37240,17668.0,5/1/2019 0:00,13,4,N,2.0,Y,Y,1.0,19,0,,,,Y,6.936,SCUYIR00077**C,N,1,20190462,1,5,N,0,0,1,INDEPENDENCE,1,S,Y,N,8.0,Y,0.013,,N,,N,INDEPENDENCE,N,,0,,,,77,IR,,154.0,N,,,154,2,,,,,N,N,Y,0,0,N,1.0,1,2,1,,91242.0,N,154.078,46,Y,5,2,1,1,M,N,N,N,0,4,30,1,2,60,1,8,30,0,0,0,0,1,6,NT,1,60,,,,,,,,,,,,,,,,,,,,,,,,,,,,,,,,,,0,4,,unit1 traveling near mile post hydroplaned lost control vehicle going striking guard rail causing listed damage .,O,"[0.9990736246109009, 0.0008813561289571226, 4.497537520364858e-05]",O,"[0.5828200578689575, 0.4106242060661316, 0.006555759347975254]",O,"[0.9990234375, 0.0005526542663574219, 1.531839370727539e-05]"
417,417,193069670,"unit 1 was traveling ir 480 eastbound near the ir 77 overpass when he stated he hit some water and hydroplaned, loosing control of his vehicle and struck the concrete barrier off of the right side of the road causing listed damage. squad was called for male with back pain.",20193069670,2019,C,5/1/2019 0:00,12,SCUYIR00480**C,S,CUY,17.9,41.407071,-81.647417,37240,17668.0,5/2/2019 0:00,13,5,N,2.0,Y,Y,1.0,3,0,15000.0,,,Y,17.9,SCUYIR00480**C,N,3,20190464,1,5,N,0,0,1,INDEPENDENCE,1,,Y,N,6.0,Y,0.0,IR,N,,N,INDEPENDENCE,N,,0,,I 480 E,,480,IR,,,N,,,I 77 E,1,77,IR,,,N,N,Y,0,0,N,1.0,1,2,2,,45580.0,N,20.204,42,Y,5,4,3,1,M,N,N,N,0,3,35,1,2,60,1,8,35,0,0,0,0,1,6,NT,1,67,,,,,,,,,,,,,,,,,,,,,,,,,,,,,,,,,,0,4,,"unit1 traveling near overpass stated hit water hydroplaned , loosing control vehicle struck concrete barrier side causing listed damage . squad called male back pain .",C,"[4.111351881874725e-05, 0.9999569654464722, 1.8595425217426964e-06]",C,"[1.8207070979769924e-06, 0.9999982118606567, 3.336401732667582e-08]",C,"[2.300739288330078e-05, 1.0, 1.7881393432617188e-07]"
418,418,193092452,"unit 2 was traveling southbound on s high st just south of cullman rd in the outside lane. unit 1 was traveling southbound on s high st just south of cullman rd in the inside lane. the driver and passenger of unit 2 stated unit 1 suddenly moved into the outside lane and struck unit 2 on the driver's side. the driver of unit 1 stated he tried to brake and hydroplaned into the outside lane, striking unit 2. the driver of unit 2 was transported to grant medical center by cfd medic #2 and treated for back pain. the passenger of unit 2 was transported to grant medical center by cfd medic 2 and treated for neck pain. the driver of unit 1 was issued a citation for 2131.08a1 ctc driving within lanes.",20193092452,2019,AB,5/1/2019 0:00,6,SFRAUS00023**C,S,FRA,7.201,39.905094,-82.995362,18000,19234.0,5/23/2019 0:00,5,5,N,2.0,N,N,3.0,9,0,,74b9ccb7-f52e-47de-8a11-ae8f4bd67914,7bd61414-ae5c-4cc8-b7f3-01bce8a01329,N,7.201,SFRAUS00023**C,N,1,190411965,4,5,N,1,2,2,COLUMBUS,1,S,N,N,4.0,N,0.009,MR,Y,,N,COLUMBUS,N,,0,S,High,ST,,,,,N,,,Cullman,1,,,,RD,N,N,N,0,0,N,3.0,0,2,1,,316153.0,N,85.521,21,Y,9,1,2,1,M,N,N,N,0,2,0,1,0,0,1,20,0,0,0,0,0,1,6,NT,4,35,56.0,1.0,1.0,2.0,1.0,F,,2.0,,1.0,20.0,,,,,,1.0,6.0,NT,1.0,30.0,,,,,,,,,,,,,0,2,,"unit2 traveling high cullman outside . unit1 traveling high cullman inside . driver passenger unit2 stated unit1 suddenly moved outside struck unit2 driver 's side . driver unit1 stated tried brake hydroplaned outside , striking unit2 . driver unit2 transported grant medical center cfd medic treated back pain . passenger unit2 transported grant medical center cfd medic treated neck pain . driver unit1 issued citation .8a1 ctc driving within lanes .",AB,"[6.555927393492311e-05, 0.004176823887974024, 0.9957576394081116]",C,"[1.5488785720663145e-05, 0.9324379563331604, 0.06754657626152039]",C,"[1.1861324310302734e-05, 0.9990234375, 0.0007729530334472656]"
419,419,193093463,"unit #1 was south bound on i-71 crossing over e. 17th ave. the driver of unit #1 stated that another vehicle changed lanes in front of her, and when she applied the brakes, the car slid sideways. unit #1 appeared to have hydroplaned in some water from the rain striking the concrete barrier with the drivers front fender. after striking the barrier, unit #1 spun around and struck the barrier again with the passenger rear quarter panel. unit #1 then crossed over all four lanes of the roadway and went down an embankment coming to rest against some brush and small trees. driver of unit #1 was injured and was transported to grant hospital by cfd medic #18 in stable condition. unit #1 was towed to the police impound lot for safe keeping. r/o followed up at grant on the driver and she was treated by dr. carlson for neck and back pain.driver of unit #1 was cited for failure to control.",20193093463,2019,AB,5/1/2019 0:00,6,MFRAMR00705**C,M,FRA,1.212,40.000659,-82.983222,18000,19234.0,5/4/2019 0:00,13,7,N,,Y,N,4.0,15,0,,2c6c65e6-55e2-4085-8989-def09bb3f234,f2c7a97a-0478-4b68-8ceb-8d7e66b316de,N,1.212,MFRAMR00705**C,N,1,190353913,4,5,,1,1,1,COLUMBUS,1,S,N,N,4.0,N,0.095,MR,Y,,N,COLUMBUS,N,,0,,,,71,IR,,,N,,E,17TH,1,,,,AVE,N,N,N,0,0,N,,0,2,1,,114570.0,N,1.212,18,Y,99,1,2,1,F,N,N,N,0,4,35,1,0,60,1,35,8,45,48,0,0,1,6,NT,1,1,,,,,,,,,,,,,,,,,,,,,,,,,,,,,,,,,,0,2,,"unit1 crossing . driver unit1 stated another vehicle changed lanes front , applied brakes , car slid sideways . unit1 appeared hydroplaned water rain striking concrete barrier drivers front fender . striking barrier , unit1 spun around struck barrier passenger rear quarter panel . unit1 crossed four lanes roadway went embankment coming rest brush small trees . driver unit1 injured transported grant hospital cfd medic stable condition . unit1 towed police impound lot safe keeping . r followed grant driver treated . carlson neck back pain.driver unit1 cited failure control .",AB,"[8.810435974737629e-05, 0.021582569926977158, 0.9783293604850769]",C,"[9.759754675542354e-07, 0.9965944886207581, 0.0034045486245304346]",C,"[4.410743713378906e-06, 1.0, 1.7523765563964844e-05]"
420,420,193095178,"unit 1 was traveling westbound on ir-90, approaching columbia rd. unit 1 drove through a large pool of standing water and hydroplaned. unit 1 struck the median wall.",20193095178,2019,C,5/1/2019 0:00,12,SCUYIR00090**C,S,CUY,4.216,41.474958,-81.889422,83622,17668.0,5/28/2019 0:00,13,3,N,2.0,N,Y,1.0,20,0,,,,Y,4.216,SCUYIR00090**C,N,3,1915668,1,5,N,0,0,1,WESTLAKE,1,W,Y,N,6.0,Y,0.341,,N,,N,WESTLAKE,N,,0,,I 90 W,,90,IR,,,N,,,CLAGUE,1,,,,RD,N,N,N,0,0,N,1.0,1,2,1,,91352.0,N,160.035,28,N,1,3,4,1,F,N,N,N,0,4,35,1,0,60,1,13,9,35,0,0,0,1,6,NT,1,60,,,,,,,,,,,,,,,,,,,,,,,,,,,,,,,,,,0,4,,"unit1 traveling ir , approaching columbia unit1 drove large pool standing water hydroplaned . unit1 struck median wall .",C,"[0.03114943578839302, 0.9577726721763611, 0.011077887378633022]",C,"[0.005441834218800068, 0.9937573671340942, 0.0008008221047930419]",O,"[0.9697265625, 0.0295257568359375, 0.0009121894836425781]"
421,421,193096471,"unit 1 was travelling north on colerain ave in the right through lane. unit 2 was travelling west on byrnside turn left to go south on colerain ave. unit 2 received the green light and entered the roadway, unit 1 failed to maintain reasonable control of his vehicle, and when he tried to stop he stated he hydroplaned, causing him to strike unit 2 on the driver door.",20193096471,2019,AB,5/1/2019 0:00,8,SHAMUS00027**C,S,HAM,10.543,39.205502,-84.58276,16616,16885.0,5/2/2019 0:00,6,5,N,2.0,N,N,3.0,7,0,,d3580010-c0e9-41a3-9341-400e8a890745,1d388f06-ea6f-44c8-9b97-6cfcefd92347,N,10.543,SHAMUS00027**C,N,1,2019-14580,1,5,N,1,1,2,COLERAIN TOWNSHIP,2,,N,Y,4.0,Y,0.0,,Y,6300,N,COLERAIN TOWNSHIP,N,,0,,COLERAIN,AVE,27,US,,,N,,,6300TH,3,,,,,N,N,N,0,0,N,3.0,0,1,2,,261590.0,N,10.543,24,Y,3,2,1,1,M,N,N,N,0,4,0,1,0,35,1,20,0,0,0,0,0,1,2,NT,1,35,61.0,1.0,3.0,2.0,1.0,M,,2.0,35.0,6.0,20.0,,,,,,1.0,2.0,LT,3.0,10.0,,,,,,,,,,,,,0,1,,"unit1 travelling colerain . unit2 travelling byrnside turn left go colerain . unit2 received green light entered roadway , unit1 failed maintain reasonable control vehicle , tried stop stated hydroplaned , causing strike unit2 driver door .",C,"[0.0010861253831535578, 0.9986452460289001, 0.00026865419931709766]",O,"[0.8312265872955322, 0.1661040186882019, 0.0026693614199757576]",O,"[0.97705078125, 0.02154541015625, 0.0013427734375]"
422,422,193097627,unit #1 was traveling east bound on w south range road and approaching high water at approximately 55 mph. unit #1 continued to go through the water and hydroplaned through the water causing unit #1 to lose control and crash into a ditch. upon rest unit #1 became totaled due to the high amount of water that then entered the vehicle along with the front end damage sustained from the impact into the ditch. it should be noted that there were no signs posted for the road to be closed when unit #1 traveled into the water and that there was a lot of fog outside as well making it extremely difficult to see.,20193097627,2019,O,5/1/2019 0:00,4,SMAHSR00165**C,S,MAH,11.366,40.944215,-80.833942,31794,99999.0,5/29/2019 0:00,17,4,N,2.0,N,N,5.0,2,0,,7c0fcfe1-08ec-475d-990d-7342f126e6f8,da45c2cb-d965-4c7b-9f95-8ae21498e86f,N,11.366,SMAHSR00165**C,N,4,18-19-003561,1,5,,1,0,1,GREEN TOWNSHIP,1,E,N,N,2.0,Y,0.17,TR,Y,,N,GREEN TOWNSHIP,N,,0,W,South Range,RD,165,SR,,,N,,,Youngstown Salem,1,62,US,,RD,N,N,N,0,0,N,3.0,0,2,2,,189636.0,N,11.366,19,Y,1,4,3,1,M,N,N,N,0,2,0,1,0,55,1,13,0,0,0,0,0,1,6,NT,1,55,,,,,,,,,,,,,,,,,,,,,,,,,,,,,,,,,,0,4,,unit1 traveling range approaching high water approximately mph . unit1 continued go water hydroplaned water causing unit1 lose control crash ditch . upon rest unit1 became totaled due high amount water entered vehicle along front end damage sustained impact ditch . noted signs posted closed unit1 traveled water lot fog outside well making extremely difficult see .,O,"[0.9999940395355225, 5.641643838316668e-06, 4.029784861359076e-07]",C,"[0.00909989234060049, 0.985554039478302, 0.005346085410565138]",O,"[1.0, 5.960464477539063e-08, 0.0]"