,id,OBJECTID,Narrative,DOCUMENT_NBR,CRASH_YR,CRASH_SEVERITY_CD,CRASH_MONTH_YEAR,DISTRICT_NBR,NLFID,NLF_JUR_CD,NLF_COUNTY_CD,COUNTY_LOG_NBR,ODOT_LATITUDE_NBR,ODOT_LONGITUDE_NBR,ODOT_FIPS_CD,AREA_CODE,CRASH_DATE,CRASH_TYPE_CD,DAY_IN_WEEK_CD,DISTRACTED_DRIVER_IND,FACILITY_TYPE_CD,FHWA_RDWY_DEPARTURE_IND,FREEWAY_IND,FUNCTIONAL_CLASS_CD,HOUR_OF_CRASH,INCAPAC_INJURIES_NBR,INTERCHANGE_ID,INTERSECTION_ID_CURRENT,INTERSECTION_LEG_ID,INTERSTATE_IND,INV_LOG_NBR,INV_NLFID,IS_COMMERCIAL_RELATED,LIGHT_COND_PRIMARY_CD,LOCAL_REPORT_NUMBER_ID,MAINTENANCE_AUTHORITY_CD,MONTH_OF_CRASH,NHS_CD,NO_INJURY_REPORTED_NBR,NON_INCAPAC_INJURIES_NBR,NUMBER_OF_UNITS_NBR,ODOT_CITY_VILLAGE_TWP_NME,ODOT_CRASH_LOCATION_CD,ODOT_DIR_FROM_REF_CD,ODOT_DIV_UNDIV_IND,ODOT_INTERSECTION_REL_IND,ODOT_LANES_NBR,ODOT_MAINTAINED_HWY_IND,ODOT_MILES_FROM_REF_NBR,ODOT_REF_ROUTE_PREFIX_CD,ODOT_YOUNG_DRIVER_IND,ODPS_ADDRESS_REFERENCE,ODPS_ALCOHOL_IND,ODPS_CITY_VILLAGE_TWP_NME,ODPS_DRUG_IND,ODPS_LOC_DIR_SUFFIX_CD,ODPS_LOC_IN_WORK_ZONE_CD,ODPS_LOC_ROAD_DIRECTION_CD,ODPS_LOC_ROAD_NME,ODPS_LOC_ROAD_SUFFIX_CD,ODPS_LOC_ROUTE_ID,ODPS_LOC_ROUTE_PREFIX_CD,ODPS_LOC_ROUTE_SUFFIX_CD,ODPS_MILEPOST_REFERENCE,ODPS_MOTORCYCLE_IND,ODPS_REF_DIR_SUFFIX_CD,ODPS_REF_DIRECTION_CD,ODPS_REF_GIVEN,ODPS_REF_POINT_USED_CD,ODPS_REF_ROUTE_ID,ODPS_REF_ROUTE_PREFIX_CD,ODPS_REF_ROUTE_SUFFIX_CD,ODPS_REF_SUFFIX_CD,ODPS_SCHOOL_ZONE_IND,ODPS_SENIOR_DRIVER_IND,ODPS_SPEED_IND,ODPS_TOTAL_FATALITIES_NBR,ODPS_TYPE_OF_WORK_ZONE_CD,ODPS_WORK_ZONE_IND,OPER_ACCESS_CONTROL_CD,POSSIBLE_INJURIES_NBR,ROAD_COND_PRIMARY_CD,ROAD_CONTOUR_CD,SA_RAMP_ID,SA_SEGMENT_ID,SECONDARY_CRASH,STATE_TRUE_LOG_NBR,U1_AGE_NBR,U1_AT_FAULT_IND,U1_CONT_CIR_PRIMARY_CD,U1_DIRECTION_FROM_CD,U1_DIRECTION_TO_CD,U1_DISTRACTED_BY_1_CD,U1_GENDER_CD,U1_IS_ALCOHOL_SUSPECTED,U1_IS_MARIJUANA_SUSPECTED,U1_IS_OTHER_DRUG_SUSPECTED,U1_NON_MOTORIST_LOC_CD,U1_NUMBER_OF_THRU_LANES,U1_OBJECT_STRUCK,U1_ODPS_UNIT_NBR,U1_OPERATINGIN_AUTONOMOUS_MODE,U1_POSTED_SPEED_NBR,U1_PRECRASH_ACTION_CD,U1_SEQ_OF_EVENTS_1_CD,U1_SEQ_OF_EVENTS_2_CD,U1_SEQ_OF_EVENTS_3_CD,U1_SEQ_OF_EVENTS_4_CD,U1_SEQ_OF_EVENTS_5_CD,U1_SEQ_OF_EVENTS_6_CD,U1_SPECIAL_FUNCTION_CD,U1_TRAFFIC_CONTROL_CD,U1_TURN_CD,U1_TYPE_OF_UNIT_CD,U1_UNIT_SPEED_NBR,U2_AGE_NBR,U2_CONT_CIR_PRIMARY_CD,U2_DIRECTION_FROM_CD,U2_DIRECTION_TO_CD,U2_DISTRACTED_BY_1_CD,U2_GENDER_CD,U2_NON_MOTORIST_LOC_CD,U2_ODPS_UNIT_NBR,U2_POSTED_SPEED_NBR,U2_PRECRASH_ACTION_CD,U2_SEQ_OF_EVENTS_1_CD,U2_SEQ_OF_EVENTS_2_CD,U2_SEQ_OF_EVENTS_3_CD,U2_SEQ_OF_EVENTS_4_CD,U2_SEQ_OF_EVENTS_5_CD,U2_SEQ_OF_EVENTS_6_CD,U2_SPECIAL_FUNCTION_CD,U2_TRAFFIC_CONTROL_CD,U2_TURN_CD,U2_TYPE_OF_UNIT_CD,U2_UNIT_SPEED_NBR,U3_CONT_CIR_PRIMARY_CD,U3_ODPS_UNIT_NBR,U3_PRECRASH_ACTION_CD,U3_SEQ_OF_EVENTS_1_CD,U3_SEQ_OF_EVENTS_2_CD,U3_SEQ_OF_EVENTS_3_CD,U3_SEQ_OF_EVENTS_4_CD,U3_SEQ_OF_EVENTS_5_CD,U3_SEQ_OF_EVENTS_6_CD,U3_SPECIAL_FUNCTION_CD,U3_TRAFFIC_CONTROL_CD,U3_TYPE_OF_UNIT_CD,UNRESTRAIN_OCCUPANTS,WEATHER_COND_CD,V1,clean_Narrative,BERT_predictions,BERT_prediction_probabilities,RoBERTa_predictions,RoBERTa_predictions_probabilities,distilBERT_predictions,distilBERT_predictions_probabilities
423,423,193098160,unit 01 told this unit that he was south bound on i 75 and changed lanes then hydroplaned on the wet road and struck the center wall.,20193098160,2019,O,5/1/2019 0:00,2,SLUCIR00075**N,S,LUC,0.169,41.620299,-83.541872,77000,87868.0,5/30/2019 0:00,13,5,N,2.0,Y,Y,1.0,8,0,59200.0,8c89d775-fd50-4228-8da7-e4b9bb7954b6,a88d5223-411f-4d1c-8efd-69de0e8db51c,Y,0.17,SLUCIR00075**C,N,1,1.9053E+13,1,5,N,1,0,1,TOLEDO,1,N,Y,N,6.0,Y,0.038,RA,N,,N,TOLEDO,N,,0,,,,75,IR,,,N,,,MIAMI,1,,,,ST,N,N,N,0,0,N,1.0,0,2,1,,91177.0,N,199.751,53,Y,99,1,2,1,M,N,N,N,0,3,35,1,0,65,3,35,35,0,0,0,0,1,6,NT,1,60,,,,,,,,,,,,,,,,,,,,,,,,,,,,,,,,,,0,4,,unit1 told unit changed lanes hydroplaned wet struck center wall .,O,"[0.7104160189628601, 0.28755104541778564, 0.002032962627708912]",O,"[0.7182484269142151, 0.2816011607646942, 0.00015040200378280133]",O,"[1.0, 2.193450927734375e-05, 4.172325134277344e-07]"
424,424,193098586,"unit #1 was southbound on i-75, in the left lane, and while rounding a curve, started to hydroplane on wet pavement. unit #1 lost control and struck the concrete median barrier wall.",20193098586,2019,O,5/1/2019 0:00,2,SLUCIR00075**N,S,LUC,2.35,41.650311,-83.549169,77000,87868.0,5/30/2019 0:00,13,5,N,2.0,Y,Y,1.0,8,0,,,,Y,2.35,SLUCIR00075**C,N,1,1.9053E+13,1,5,N,1,0,1,TOLEDO,1,,Y,N,6.0,Y,0.0,,N,,N,TOLEDO,N,,0,S,I 75 SOUTH,HWY,75,IR,,202.0,N,,,202,2,,,,,N,N,N,0,0,N,1.0,0,2,3,,39541.0,N,201.932,61,Y,99,1,2,1,M,N,N,N,0,3,35,1,0,60,1,9,35,0,0,0,0,1,6,NT,5,55,,,,,,,,,,,,,,,,,,,,,,,,,,,,,,,,,,0,4,,"unit1 , left , rounding curve , started hydroplane wet pavement . unit1 lost control struck concrete median barrier wall .",O,"[0.5515885949134827, 0.41019773483276367, 0.03821365907788277]",C,"[0.3508986532688141, 0.6105627417564392, 0.038538552820682526]",O,"[0.92333984375, 0.0751953125, 0.0015363693237304688]"
425,425,193109878,crash occurred in the eastbound lanes of i-270 east of sawmill rd. the operator of unit #1 stated she was traveling eastbound on i-270 in the #2 lane at approximately 70 mph. the operator of unit #2 stated she hydroplaned and lost control of the vehicle causing it to spin around and strike the median divider on the left shoulder. no injuries were reported. the driver of unit #1 was cited for failure to control.,20193109878,2019,O,6/1/2019 0:00,6,SFRAIR00270**C,S,FRA,22.004,40.111632,-83.050366,18000,19234.0,6/15/2019 0:00,13,7,N,2.0,Y,Y,1.0,23,0,27900.0,,,Y,22.004,SFRAIR00270**C,N,3,190488342,1,6,N,1,0,1,COLUMBUS,1,E,Y,N,8.0,Y,0.568,,Y,,N,COLUMBUS,N,,0,,I 270 E,,270,IR,,,N,,,SAWMILL,1,,,,RD,N,N,Y,0,0,N,1.0,0,2,1,,56906.0,N,22.004,22,Y,99,4,3,1,F,N,N,N,0,4,35,1,0,65,1,35,0,0,0,0,0,1,6,NT,1,70,,,,,,,,,,,,,,,,,,,,,,,,,,,,,,,,,,0,4,,crash occurred lanes sawmill operator unit1 stated traveling approximately mph . operator unit2 stated hydroplaned lost control vehicle causing spin around strike median divider left shoulder . injuries reported . driver unit1 cited failure control .,O,"[0.9999998807907104, 1.709851744635671e-07, 3.368005607740088e-08]",O,"[0.9999942779541016, 5.453977337310789e-06, 2.1354732382405928e-07]",O,"[1.0, 0.0, 0.0]"
426,426,193110008,"unit 1 was traveling eastbound on state route 2 around the curve west of n. lake street. the operator of unit 1 stated he hydroplaned on the wet road and unit 1 spun in circles off the roadway into the ditch on the right side of the road. unit 1 was found in the edge of the woods on the right side of the roadway and it appeared it had struck a tree on the driver side of the vehicle. i observed the driver side airbags to be deployed and heavy damage to the entire driver side of the vehicle including dented doors, a missing front door handle, and it appeared the moon roof was broken off and raised from the track. unit 1 is insured through state farm.",20193110008,2019,O,6/1/2019 0:00,3,SLORSR00002**C,S,LOR,5.496,41.410788,-82.24582,1798,51364.0,6/13/2019 0:00,13,5,N,2.0,Y,Y,2.0,19,0,,d2364893-6427-4be7-8b67-fa675bad5697,324881cb-8441-4685-b07f-cb6682b43f7a,N,5.496,SLORSR00002**C,N,2,2019-00005098,4,6,N,1,0,1,AMHERST,1,W,Y,N,4.0,N,0.095,,Y,,N,AMHERST,N,,0,,STATE ROUTE 2,HWY,2,SR,,162.7,N,,,162 7,2,,,,,N,N,N,0,0,N,1.0,0,2,3,,124914.0,N,162.409,20,Y,11,4,3,1,M,N,N,N,0,2,48,1,0,65,13,8,44,48,0,0,0,1,6,NT,1,60,,,,,,,,,,,,,,,,,,,,,,,,,,,,,,,,,,0,4,,"unit1 traveling state around curve lake . operator unit1 stated hydroplaned wet unit1 spun circles roadway ditch side . unit1 found edge woods side roadway appeared struck tree driver side vehicle . observed driver side airbags deployed heavy damage entire driver side vehicle including dented doors , missing front door handle , appeared moon roof broken raised track . unit1 insured state farm .",O,"[0.9997221827507019, 0.00026380849885754287, 1.3887201021134388e-05]",C,"[0.018334191292524338, 0.9801132678985596, 0.0015525444177910686]",O,"[1.0, 5.960464477539063e-08, 0.0]"
427,427,193110119,"unit 1 was traveling w b on ir-90 in the left lane. an unknown vehicle attempted to unsafely merge in front of unit 1 causing him to apply his brakes. the application of the brakes and pouring rain caused unit 1 to hydroplane, sending him off the road to the left into the grass median. unit 1 then struck a concrete drain in the median causing functional damage to his vehicle. no injuries were reported at scene.",20193110119,2019,O,6/1/2019 0:00,12,SLAKIR00090**N,S,LAK,6.788,41.634239,-81.388729,85484,17668.0,6/16/2019 0:00,13,1,N,2.0,Y,Y,1.0,13,0,,,,Y,6.79,SLAKIR00090**C,N,1,1916114,1,6,N,2,0,1,WILLOUGHBY,1,,Y,N,6.0,Y,0.0,,N,,N,WILLOUGHBY,N,,0,,,,90,IR,,192.8,N,,,192 8,2,,,,,N,N,N,0,0,N,1.0,0,2,1,,56896.0,N,192.84,27,Y,15,5,8,1,M,N,N,N,0,3,54,1,0,65,1,9,44,54,0,0,0,1,6,NT,1,55,,,,,,,,,,,,,,,,,,,,,,,,,,,,,,,,,,0,4,,"unit1 traveling b ir left . unknown vehicle attempted unsafely merge front unit1 causing apply brakes . application brakes pouring rain caused unit1 hydroplane , sending left grass median . unit1 struck concrete drain median causing functional damage vehicle . injuries reported scene .",O,"[0.9999998807907104, 1.763844039714968e-07, 3.263922110363637e-08]",O,"[1.0, 1.7684632924730437e-10, 3.951398873359123e-14]",O,"[1.0, 0.0, 0.0]"
428,428,193110300,unit #1 was northbound on ir 71 in the #2 lane. unit #1 began hydroplaning in the rain and lost control. unit #1 ran off the road to the right and came to rest in a ditch. unit #1 sustained disabling damaged and was towed from the scene.,20193110300,2019,O,6/1/2019 0:00,12,SCUYIR00071**N,S,CUY,14.925,41.448606,-81.747752,9246,17668.0,6/16/2019 0:00,13,1,N,2.0,Y,Y,1.0,1,0,,7873cd68-f233-4bd2-9bb3-1256a179a12a,172b02ac-4ee7-47b4-9e5c-8aa40fff7054,Y,14.875,SCUYIR00071**C,N,3,190043386,1,6,N,1,0,1,BROOKLYN,1,S,Y,N,8.0,Y,0.009,,Y,,N,BROOKLYN,N,,0,N,71 NB,HWY,71,IR,,243.6,N,,,243 6,2,,,,,N,N,Y,0,0,N,1.0,0,2,3,,56634.0,N,243.616,21,Y,11,2,1,1,M,N,N,N,0,4,44,1,2,60,1,8,44,0,0,0,0,1,6,NT,1,65,,,,,,,,,,,,,,,,,,,,,,,,,,,,,,,,,,0,4,,unit1 . unit1 began hydroplaning rain lost control . unit1 ran came rest ditch . unit1 sustained disabling damaged towed scene .,C,"[0.07988612353801727, 0.8576883673667908, 0.062425535172224045]",O,"[0.9999185800552368, 8.012823673198e-05, 1.2913241107526119e-06]",O,"[1.0, 0.00011593103408813477, 8.821487426757812e-06]"
429,429,193110370,on 6 5 19 unit # 1 was traveling i-271 n b express. unit # 1 began to hydroplane. unit # 1 then struck the concrete median. the driver of unit # 1 failed to maintain reasonable control of the motor vehicle. the driver of unit # 1 was cited for 434.025 reasonable control pp-14407. driver of unit # 1 transported to hillcrest hospital for injuries.,20193110370,2019,AB,6/1/2019 0:00,12,SCUYIR00271**C,S,CUY,8.654,41.470445,-81.48874,61686,17668.0,6/5/2019 0:00,13,4,N,2.0,Y,Y,1.0,1,0,,,,Y,8.654,SCUYIR00271**C,N,3,1970094,1,6,N,0,1,1,PEPPER PIKE,1,N,Y,N,10.0,Y,0.028,,N,,N,PEPPER PIKE,N,,0,,,,271,IR,,30.4,N,,,,2,,,,,N,N,N,0,0,N,1.0,0,2,1,,34932.0,N,30.618,33,Y,1,2,1,1,M,N,N,N,0,5,35,1,0,60,1,9,35,0,0,0,0,1,6,NT,1,1,,,,,,,,,,,,,,,,,,,,,,,,,,,,,,,,,,0,4,,unit1 traveling b express . unit1 began hydroplane . unit1 struck concrete median . driver unit1 failed maintain reasonable control motor vehicle . driver unit1 cited . reasonable control pp . driver unit1 transported hillcrest hospital injuries .,AB,"[3.586747254757938e-08, 4.1199376710210345e-07, 0.9999995231628418]",AB,"[0.0004663081490434706, 0.08282110095024109, 0.9167126417160034]",C,"[0.0004715919494628906, 0.9931640625, 0.00628662109375]"
430,430,193110469,unit #1 was in the left lane of ir-480 east approaching mp 27 4 when vehicles ahead braked. unit #1 braked and moved to the right lane to avoid traffic. unit #1 drove into a standing body of water and began to hydroplane. unit #1 then struck the concrete wall to the right and came to final rest in the right lane.,20193110469,2019,O,6/1/2019 0:00,12,SCUYIR00480**C,S,CUY,25.243,41.416137,-81.514511,4920,17668.0,6/16/2019 0:00,13,1,N,2.0,Y,Y,1.0,16,0,,,,Y,25.243,SCUYIR00480**C,N,2,1900197,1,6,N,1,0,1,BEDFORD HEIGHTS,1,,Y,N,4.0,Y,0.0,,N,,N,BEDFORD HEIGHTS,N,,0,,,,480,IR,,27.4,N,,,27 4,2,,,,,N,N,N,0,0,N,1.0,0,2,4,,45588.0,N,27.547,35,Y,15,4,3,1,M,N,N,N,0,2,30,1,0,60,11,30,0,0,0,0,0,1,6,NT,1,50,,,,,,,,,,,,,,,,,,,,,,,,,,,,,,,,,,0,4,,unit1 left ir approaching mp vehicles ahead braked . unit1 braked moved avoid traffic . unit1 drove standing body water began hydroplane . unit1 struck concrete wall came final rest .,O,"[0.9999574422836304, 3.9811340684536844e-05, 2.6970151338900905e-06]",O,"[0.9999924898147583, 7.342616299865767e-06, 1.1895757978663823e-07]",O,"[1.0, 6.014108657836914e-05, 1.6689300537109375e-06]"
431,431,193110485,unit #1 was traveling westbound on interstate 480 in the slow speed lane. unit #1 hydroplaned and ran off the road into a ditch causing disabling damage to the unit. unit #1 struck a portion of the fence line after the vehicle came to rest. unit #1 caused significant damage to the fence. operator of unit #1 was at fault and cited for failure to control.,20193110485,2019,C,6/1/2019 0:00,12,SCUYIR00480**N,S,CUY,25.308,41.415545,-81.513612,4920,17668.0,6/16/2019 0:00,13,1,N,2.0,Y,Y,1.0,15,0,,,,Y,25.304,SCUYIR00480**C,N,1,1900196,1,6,N,0,0,1,BEDFORD HEIGHTS,1,E,Y,N,4.0,Y,0.019,,Y,,N,BEDFORD HEIGHTS,N,,0,W,I 480 WESTBOUND,HWY,480,IR,,27.4,N,,,27 4,2,,,,,N,N,N,0,0,N,1.0,1,2,1,,45588.0,N,27.612,21,Y,99,3,4,1,M,N,N,N,0,2,44,1,2,60,1,8,44,0,0,0,0,1,6,NT,1,60,,,,,,,,,,,,,,,,,,,,,,,,,,,,,,,,,,0,4,,unit1 traveling interstate slow speed . unit1 hydroplaned ran ditch causing disabling damage unit . unit1 struck portion fence line vehicle came rest . unit1 caused significant damage fence . operator unit1 fault cited failure control .,C,"[0.36786705255508423, 0.5600494742393494, 0.07208344340324402]",C,"[0.12723036110401154, 0.870141863822937, 0.002627786248922348]",O,"[0.92431640625, 0.0732421875, 0.0028629302978515625]"
432,432,193110877,unit one was merging onto i-675 from colonel glenn hwy and hydroplaned into the concrete median.,20193110877,2019,O,6/1/2019 0:00,8,SGRERA29019**C,S,GRE,0.201,39.773344,-84.091067,4724,22528.0,6/15/2019 0:00,13,7,N,4.0,Y,Y,1.0,22,0,35900.0,,,Y,0.201,SGRERA29019**C,N,4,2019-00019982,1,6,,1,0,1,BEAVERCREEK TOWNSHIP,7,N,N,N,,Y,0.038,,Y,,N,BEAVERCREEK TOWNSHIP,N,,0,,COLONEL GLENN,HWY,,,,,N,,,I 675,1,,,,HWY,N,N,Y,0,0,N,1.0,0,2,1,,,N,0.201,17,Y,5,1,2,1,M,N,N,N,0,3,35,1,0,55,13,8,35,0,0,0,0,1,6,NT,1,30,,,,,,,,,,,,,,,,,,,,,,,,,,,,,,,,,,0,4,,unit1 merging onto colonel glenn hydroplaned concrete median .,O,"[0.9999998807907104, 9.936422173950632e-08, 1.7020205689277645e-08]",O,"[0.9999550580978394, 4.430106491781771e-05, 6.506104455183959e-07]",O,"[1.0, 0.0, 0.0]"
433,433,193111281,unit #1 was traveling northbound on interstate 71. unit #1 drove through a patch of water and hydroplaned. unit #1 overturned and drove into the ditch.,20193111281,2019,O,6/1/2019 0:00,6,SDELIR00071**C,S,DEL,13.099,40.313808,-82.913488,40362,99999.0,6/15/2019 0:00,16,7,N,2.0,N,Y,1.0,20,0,,,,Y,13.099,SDELIR00071**C,N,4,2.019E+13,1,6,N,2,0,1,KINGSTON TOWNSHIP,1,E,Y,N,6.0,Y,0.01,CR,N,,N,KINGSTON TOWNSHIP,N,,0,,I 71 N,,71,IR,,,N,,,,1,34,CR,,,N,N,N,0,0,N,1.0,0,2,1,,56663.0,N,134.043,53,Y,1,2,9,1,F,N,N,N,0,2,0,1,9,70,1,1,0,0,0,0,0,1,6,NT,3,60,,,,,,,,,,,,,,,,,,,,,,,,,,,,,,,,,,0,4,,unit1 traveling interstate . unit1 drove patch water hydroplaned . unit1 overturned drove ditch .,C,"[0.006239552050828934, 0.9778003692626953, 0.01596013456583023]",C,"[0.00875827856361866, 0.9743014574050903, 0.016940172761678696]",C,"[0.396728515625, 0.55859375, 0.04498291015625]"
434,434,193111350,"unit 1 was travelling north on i71. unit 1 hydroplaned, left the roadway, and came to rest in a ditch just north of the sr741 overpass.",20193111350,2019,O,6/1/2019 0:00,8,SWARIR00071**C,S,WAR,5.126,39.354475,-84.266308,48188,16885.0,6/15/2019 0:00,13,7,N,2.0,Y,Y,1.0,17,0,,2de9fa82-0f79-4e4e-b618-c0cbf9d312ba,5ca56d8b-4e60-40cd-9bed-a7b00386e374,Y,5.126,SWARIR00071**C,N,1,2.019E+12,1,6,N,3,0,1,MASON,1,S,Y,N,6.0,Y,0.011,,N,,N,MASON,N,,0,,Interstate 71 N/B,RD,71,IR,,25.0,N,,,,2,,,,,N,N,N,0,0,N,1.0,0,2,1,,91058.0,N,25.026,27,Y,1,8,5,1,F,N,N,N,0,3,44,1,0,65,1,8,44,0,0,0,0,1,6,NT,1,55,,,,,,,,,,,,,,,,,,,,,,,,,,,,,,,,,,0,4,,"unit1 travelling . unit1 hydroplaned , left roadway , came rest ditch overpass .",O,"[0.9976938366889954, 0.0021874569356441498, 0.00011868589353980497]",O,"[0.8526315093040466, 0.14254800975322723, 0.00482046278193593]",O,"[0.97705078125, 0.0206756591796875, 0.0022563934326171875]"
435,435,193111874,units were westbound on i 76 approaching the central interchange. unit 1 was in lane 1 and his vehicle hydroplaned on the wet roadway and spun into unit 2 which was in lane 2. unit 1 continued spinning until it crashed into a cement barrier.,20193111874,2019,O,6/1/2019 0:00,4,SSUMIR00076**N,S,SUM,11.587,41.062005,-81.504226,1000,766.0,6/17/2019 0:00,5,2,N,2.0,N,Y,1.0,5,0,84600.0,,,Y,11.584,SSUMIR00076**C,N,2,T19003543,1,6,N,2,0,2,AKRON,1,,Y,N,4.0,Y,0.0,IR,Y,,N,AKRON,N,,0,,I 76 W,,76,IR,,,N,,,I 77 W,1,77,IR,,,N,N,N,0,0,N,1.0,0,1,1,,47017.0,N,23.735,26,Y,99,3,4,1,M,N,N,N,0,2,0,1,9,55,1,20,0,0,0,0,0,1,6,NT,3,55,25.0,1.0,3.0,4.0,1.0,M,,2.0,55.0,1.0,20.0,,,,,,1.0,6.0,NT,4.0,55.0,,,,,,,,,,,,,0,4,,units approaching central interchange . unit1 vehicle hydroplaned wet roadway spun unit2 . unit1 continued spinning crashed cement barrier .,O,"[0.9605912566184998, 0.03513609245419502, 0.004272654186934233]",O,"[0.985526442527771, 0.014400342479348183, 7.314093090826645e-05]",O,"[1.0, 0.0, 0.0]"
436,436,193112813,"the driver of unit 1 stated that she was traveling northbound on harrisburg pike approaching the intersection of harrisburg pike and alkire rd. the driver of unit 1 stated that she saw unit 2, traveling in front of her, suddenly stop. the driver of unit 1 stated that she attempted to stop but hydroplaned on the wet surface. the driver of unit 1 stated that she slid into the rear of unit 2. the driver of unit 2 stated that she was traveling norhtbound on harrisburg pike approaching the same intersection. the driver of unit 2 stated that the vehicle traveling in front of her suddenly stopped which caused her to slam on her brakes. the driver of unit 2 stated that unit 1 hit her in the rear of the vehicle. both drivers and all occupants of both units complained of no injuries at the time of this report and refused to be treated by medics on scene. the driver of unit 1 was cited for acda.",20193112813,2019,O,6/1/2019 0:00,6,SFRAUS00062**C,S,FRA,9.14,39.915022,-83.065952,18000,19234.0,6/17/2019 0:00,2,2,N,2.0,N,N,3.0,20,0,,3fff476b-03e9-44e4-924a-5d148df12c52,24882932-f5a9-4baa-a0ed-08ab704242aa,N,9.14,SFRAUS00062**C,N,2,190494079,4,6,,5,0,2,COLUMBUS,2,,N,Y,2.0,N,0.0,CR,Y,,N,COLUMBUS,N,,0,,HARRISBURG,PI,,,,,N,,,ALKIRE,1,,,,RD,N,N,N,0,0,N,3.0,0,2,1,,346466.0,N,104.455,22,Y,8,2,1,1,F,N,N,N,0,2,0,1,0,45,1,20,0,0,0,0,0,1,2,NT,1,15,28.0,1.0,2.0,1.0,1.0,F,,2.0,45.0,11.0,20.0,,,,,,1.0,2.0,NT,1.0,0.0,,,,,,,,,,,,,0,4,,"driver unit1 stated traveling harrisburg pike approaching intersection harrisburg pike alkire driver unit1 stated saw unit2 , traveling front , suddenly stop . driver unit1 stated attempted stop hydroplaned wet surface . driver unit1 stated slid rear unit2 . driver unit2 stated traveling norhtbound harrisburg pike approaching intersection . driver unit2 stated vehicle traveling front suddenly stopped caused slam brakes . driver unit2 stated unit1 hit rear vehicle . drivers occupants units complained injuries time report refused treated medics scene . driver unit1 cited acda .",O,"[0.9999992847442627, 7.318054713323363e-07, 5.4267189852907904e-08]",O,"[0.8897974491119385, 0.11020009964704514, 2.3929608232720057e-06]",O,"[0.83251953125, 0.16748046875, 7.69495964050293e-05]"
437,437,193113860,"unit 1 driver stated he hydroplaned, lost control, and hit the median wall. due to wet roads, there were no black marks showing route of travel.",20193113860,2019,O,6/1/2019 0:00,9,SSCIUS00052**C,S,SCI,25.811,38.755236,-82.88304,64304,99761.0,6/16/2019 0:00,13,1,N,2.0,Y,N,3.0,5,0,,,,N,25.811,SSCIUS00052**C,N,2,2191670009,4,6,H,1,0,1,PORTSMOUTH,1,W,Y,N,4.0,N,0.189,,Y,,N,PORTSMOUTH,N,,0,,,,52,US,,26.0,N,,,26,2,,,,,N,N,N,0,0,N,1.0,0,2,1,,316728.0,N,144.358,21,Y,22,4,3,1,M,N,N,N,0,4,35,1,2,55,1,35,0,0,0,0,0,1,6,NT,1,55,,,,,,,,,,,,,,,,,,,,,,,,,,,,,,,,,,0,4,,"unit1 driver stated hydroplaned , lost control , hit median wall . due wet roads , black marks showing travel .",C,"[0.0828416496515274, 0.9149569272994995, 0.002201441442593932]",C,"[0.04921015352010727, 0.9493804574012756, 0.001409354736097157]",O,"[1.0, 1.7881393432617188e-07, 0.0]"
438,438,193113889,accident occurred on i-270 westbound approximately 300 feet east of milepost 26.2. driver #1 stated he was westbound on i-270 when he hydroplaned and hit the median wall. no injury was claimed at scene. driver #1 was cited for failure to control 2131.33a ctc.,20193113889,2019,O,6/1/2019 0:00,6,SFRAIR00270**N,S,FRA,25.87,40.110502,-82.97745,18000,19234.0,6/17/2019 0:00,13,2,N,2.0,Y,Y,1.0,23,0,27900.0,,,Y,25.862,SFRAIR00270**C,N,3,190494453,1,6,N,1,0,1,COLUMBUS,1,E,Y,N,8.0,Y,0.057,,Y,,N,COLUMBUS,N,,0,,,,270,IR,,26.2,N,,,26 2,2,,,,,N,N,N,0,0,N,1.0,0,2,1,,56907.0,N,25.87,22,Y,99,3,4,1,M,N,N,N,0,4,35,1,2,65,1,9,35,0,0,0,0,1,6,NT,1,65,,,,,,,,,,,,,,,,,,,,,,,,,,,,,,,,,,0,4,,accident occurred approximately feet milepost .. driver stated hydroplaned hit median wall . injury claimed scene . driver cited failure control .33a ctc .,O,"[0.9947551488876343, 0.004879814572632313, 0.00036494515370577574]",O,"[0.999992847442627, 7.049282885418506e-06, 7.245532174238178e-08]",O,"[1.0, 2.384185791015625e-07, 0.0]"
439,439,193114296,upon my arrival i made contact with unit 01. unit 01 stated he was traveling southbound on us rt 23 when he hydroplaned. unit 01 drove into the median striking two roadway signs.,20193114296,2019,O,6/1/2019 0:00,6,SPICUS00023**N,S,PIC,9.903,39.619055,-82.950506,15077,99714.0,6/17/2019 0:00,13,2,N,2.0,Y,N,3.0,22,0,,,,N,9.903,SPICUS00023**C,Y,4,AC06190032,1,6,H,1,0,1,CIRCLEVILLE TOWNSHIP,1,S,Y,N,4.0,Y,0.057,,N,,N,CIRCLEVILLE TOWNSHIP,N,,0,,,,23,US,,10.0,N,,,10,2,,,,,N,N,N,0,0,N,1.0,0,2,1,,240387.0,N,65.063,58,Y,11,1,2,1,M,N,N,N,0,4,37,1,0,60,1,9,37,0,0,0,0,1,6,NT,15,50,,,,,,,,,,,,,,,,,,,,,,,,,,,,,,,,,,0,4,,upon arrival made contact unit1 . unit1 stated traveling us hydroplaned . unit1 drove median striking two roadway signs .,O,"[1.0, 3.999544873067862e-08, 1.2867464427301911e-08]",O,"[1.0, 1.218885348208687e-08, 1.2811511400367959e-11]",O,"[1.0, 0.0, 0.0]"