,id,OBJECTID,Narrative,DOCUMENT_NBR,CRASH_YR,CRASH_SEVERITY_CD,CRASH_MONTH_YEAR,DISTRICT_NBR,NLFID,NLF_JUR_CD,NLF_COUNTY_CD,COUNTY_LOG_NBR,ODOT_LATITUDE_NBR,ODOT_LONGITUDE_NBR,ODOT_FIPS_CD,AREA_CODE,CRASH_DATE,CRASH_TYPE_CD,DAY_IN_WEEK_CD,DISTRACTED_DRIVER_IND,FACILITY_TYPE_CD,FHWA_RDWY_DEPARTURE_IND,FREEWAY_IND,FUNCTIONAL_CLASS_CD,HOUR_OF_CRASH,INCAPAC_INJURIES_NBR,INTERCHANGE_ID,INTERSECTION_ID_CURRENT,INTERSECTION_LEG_ID,INTERSTATE_IND,INV_LOG_NBR,INV_NLFID,IS_COMMERCIAL_RELATED,LIGHT_COND_PRIMARY_CD,LOCAL_REPORT_NUMBER_ID,MAINTENANCE_AUTHORITY_CD,MONTH_OF_CRASH,NHS_CD,NO_INJURY_REPORTED_NBR,NON_INCAPAC_INJURIES_NBR,NUMBER_OF_UNITS_NBR,ODOT_CITY_VILLAGE_TWP_NME,ODOT_CRASH_LOCATION_CD,ODOT_DIR_FROM_REF_CD,ODOT_DIV_UNDIV_IND,ODOT_INTERSECTION_REL_IND,ODOT_LANES_NBR,ODOT_MAINTAINED_HWY_IND,ODOT_MILES_FROM_REF_NBR,ODOT_REF_ROUTE_PREFIX_CD,ODOT_YOUNG_DRIVER_IND,ODPS_ADDRESS_REFERENCE,ODPS_ALCOHOL_IND,ODPS_CITY_VILLAGE_TWP_NME,ODPS_DRUG_IND,ODPS_LOC_DIR_SUFFIX_CD,ODPS_LOC_IN_WORK_ZONE_CD,ODPS_LOC_ROAD_DIRECTION_CD,ODPS_LOC_ROAD_NME,ODPS_LOC_ROAD_SUFFIX_CD,ODPS_LOC_ROUTE_ID,ODPS_LOC_ROUTE_PREFIX_CD,ODPS_LOC_ROUTE_SUFFIX_CD,ODPS_MILEPOST_REFERENCE,ODPS_MOTORCYCLE_IND,ODPS_REF_DIR_SUFFIX_CD,ODPS_REF_DIRECTION_CD,ODPS_REF_GIVEN,ODPS_REF_POINT_USED_CD,ODPS_REF_ROUTE_ID,ODPS_REF_ROUTE_PREFIX_CD,ODPS_REF_ROUTE_SUFFIX_CD,ODPS_REF_SUFFIX_CD,ODPS_SCHOOL_ZONE_IND,ODPS_SENIOR_DRIVER_IND,ODPS_SPEED_IND,ODPS_TOTAL_FATALITIES_NBR,ODPS_TYPE_OF_WORK_ZONE_CD,ODPS_WORK_ZONE_IND,OPER_ACCESS_CONTROL_CD,POSSIBLE_INJURIES_NBR,ROAD_COND_PRIMARY_CD,ROAD_CONTOUR_CD,SA_RAMP_ID,SA_SEGMENT_ID,SECONDARY_CRASH,STATE_TRUE_LOG_NBR,U1_AGE_NBR,U1_AT_FAULT_IND,U1_CONT_CIR_PRIMARY_CD,U1_DIRECTION_FROM_CD,U1_DIRECTION_TO_CD,U1_DISTRACTED_BY_1_CD,U1_GENDER_CD,U1_IS_ALCOHOL_SUSPECTED,U1_IS_MARIJUANA_SUSPECTED,U1_IS_OTHER_DRUG_SUSPECTED,U1_NON_MOTORIST_LOC_CD,U1_NUMBER_OF_THRU_LANES,U1_OBJECT_STRUCK,U1_ODPS_UNIT_NBR,U1_OPERATINGIN_AUTONOMOUS_MODE,U1_POSTED_SPEED_NBR,U1_PRECRASH_ACTION_CD,U1_SEQ_OF_EVENTS_1_CD,U1_SEQ_OF_EVENTS_2_CD,U1_SEQ_OF_EVENTS_3_CD,U1_SEQ_OF_EVENTS_4_CD,U1_SEQ_OF_EVENTS_5_CD,U1_SEQ_OF_EVENTS_6_CD,U1_SPECIAL_FUNCTION_CD,U1_TRAFFIC_CONTROL_CD,U1_TURN_CD,U1_TYPE_OF_UNIT_CD,U1_UNIT_SPEED_NBR,U2_AGE_NBR,U2_CONT_CIR_PRIMARY_CD,U2_DIRECTION_FROM_CD,U2_DIRECTION_TO_CD,U2_DISTRACTED_BY_1_CD,U2_GENDER_CD,U2_NON_MOTORIST_LOC_CD,U2_ODPS_UNIT_NBR,U2_POSTED_SPEED_NBR,U2_PRECRASH_ACTION_CD,U2_SEQ_OF_EVENTS_1_CD,U2_SEQ_OF_EVENTS_2_CD,U2_SEQ_OF_EVENTS_3_CD,U2_SEQ_OF_EVENTS_4_CD,U2_SEQ_OF_EVENTS_5_CD,U2_SEQ_OF_EVENTS_6_CD,U2_SPECIAL_FUNCTION_CD,U2_TRAFFIC_CONTROL_CD,U2_TURN_CD,U2_TYPE_OF_UNIT_CD,U2_UNIT_SPEED_NBR,U3_CONT_CIR_PRIMARY_CD,U3_ODPS_UNIT_NBR,U3_PRECRASH_ACTION_CD,U3_SEQ_OF_EVENTS_1_CD,U3_SEQ_OF_EVENTS_2_CD,U3_SEQ_OF_EVENTS_3_CD,U3_SEQ_OF_EVENTS_4_CD,U3_SEQ_OF_EVENTS_5_CD,U3_SEQ_OF_EVENTS_6_CD,U3_SPECIAL_FUNCTION_CD,U3_TRAFFIC_CONTROL_CD,U3_TYPE_OF_UNIT_CD,UNRESTRAIN_OCCUPANTS,WEATHER_COND_CD,V1,clean_Narrative,BERT_predictions,BERT_prediction_probabilities,RoBERTa_predictions,RoBERTa_predictions_probabilities,distilBERT_predictions,distilBERT_predictions_probabilities
440,440,193114827,"unit 1 was eastbound 275 at the 40mm. unit 1 hydroplaned, failed to maintain control and struck the center median with the front driver's side of unit 1. unit 1 cited for failure to control.",20193114827,2019,AB,6/1/2019 0:00,8,SHAMIR00275**C,S,HAM,22.107,39.299259,-84.508519,74104,16885.0,6/19/2019 0:00,13,4,N,2.0,Y,Y,1.0,16,0,,,,Y,22.107,SHAMIR00275**C,N,1,2.019E+12,1,6,N,0,1,1,SPRINGDALE,1,,Y,N,8.0,Y,0.0,,Y,,N,SPRINGDALE,N,,0,E,IR 275,HWY,275,IR,,40.0,N,,,40 0,2,,,,,N,N,N,0,0,N,1.0,0,2,2,,34949.0,N,39.707,23,Y,11,4,3,1,M,N,N,N,0,4,35,1,2,65,1,9,35,0,0,0,0,1,6,NT,4,65,,,,,,,,,,,,,,,,,,,,,,,,,,,,,,,,,,0,4,,"unit1 4mm . unit1 hydroplaned , failed maintain control struck center median front driver 's side unit1 . unit1 cited failure control .",C,"[0.00015278489445336163, 0.9996867179870605, 0.00016047061944846064]",C,"[0.09874054789543152, 0.88719642162323, 0.01406304445117712]",O,"[0.97314453125, 0.0253448486328125, 0.0010747909545898438]"
441,441,193114991,"unit 1 was s/b on bennett and had stopped to turn left onto northdale. unit 2 was also s/b bennett. he stated that his vehicle had hydroplaned and was trying to gain control of his vehicle,, didn't see unit 1 stopped and struck the rear of unit 1. tfd responded and treated the involved parties at the scene.",20193114991,2019,C,6/1/2019 0:00,2,MLUCMR04069**C,M,LUC,1.671,41.716753,-83.556721,77000,87868.0,6/20/2019 0:00,2,5,Y,,N,N,5.0,11,0,,9048b798-021c-4d8e-9a39-7e7352dcb32a,824394e9-3c82-4333-96d2-907a1b95457f,N,1.671,MLUCMR04069**C,N,1,1.9062E+13,4,6,,0,0,2,TOLEDO,1,,N,N,2.0,N,0.0,MR,N,,N,TOLEDO,N,,0,,BENNETT,RD,,,,,N,,,NORTHDALE,1,,,,DR,N,N,N,0,0,N,,4,2,1,,287556.0,N,1.671,26,Y,8,1,2,7,M,N,N,N,0,2,0,2,0,35,1,20,0,0,0,0,0,1,6,NT,1,0,28.0,1.0,1.0,2.0,1.0,F,,1.0,35.0,11.0,20.0,,,,,,1.0,6.0,NT,1.0,,,,,,,,,,,,,,0,4,,"unit1 bennett stopped turn left onto northdale . unit2 also bennett . stated vehicle hydroplaned trying gain control vehicle , , n't see unit1 stopped struck rear unit1 . tfd responded treated involved parties scene .",C,"[3.7277621345310763e-07, 0.9999995231628418, 1.2557863726669893e-07]",C,"[5.537078209272295e-07, 0.999998927116394, 4.6751276272516407e-07]",C,"[1.7762184143066406e-05, 1.0, 4.172325134277344e-07]"
442,442,193115459,"unit 1 was traveling eb on us 30e. due to heavy rainfall, there was standing water on us30. unit 1 hydroplaned, and went off the road to the north of the roadway, striking the guard rail. unit 1 sustained heavy damage to the front of the vehicle. no injuries were reported. unit 1 was towed by ronk's.",20193115459,2019,O,6/1/2019 0:00,3,SRICUS00030**C,S,RIC,7.559,40.784684,-82.590372,58520,54091.0,6/15/2019 0:00,13,7,N,2.0,Y,Y,2.0,23,0,76300.0,,,N,7.559,SRICUS00030**C,N,3,19-10523,4,6,N,1,0,1,ONTARIO,1,,Y,N,4.0,N,0.0,,N,,N,ONTARIO,N,,0,,US ROUTE 30 E,,30,US,,,N,,,LEXINGTON SPRINGMILL,1,,,,RD,N,N,N,0,0,N,1.0,0,2,1,,284929.0,N,126.216,44,Y,11,4,3,1,M,N,N,N,0,2,54,1,2,70,1,54,0,0,0,0,0,1,6,NT,1,60,,,,,,,,,,,,,,,,,,,,,,,,,,,,,,,,,,0,4,,"unit1 traveling us 3e . due heavy rainfall , standing water . unit1 hydroplaned , went roadway , striking guard rail . unit1 sustained heavy damage front vehicle . injuries reported . unit1 towed ronk 's .",O,"[0.9999997615814209, 2.1050776410902472e-07, 3.397478209876681e-08]",O,"[0.999976396560669, 2.342940388189163e-05, 1.7224397197423968e-07]",O,"[1.0, 0.0, 0.0]"
443,443,193117108,"unit #1 was traveling on i-480 e b near the area of fitch rd. in the center lane. the operator of unit #1 stated that he hydroplaned and was unable to control the vehicle. unit #1 veered off the roadway to the right, slid down a hill while spinning and came to rest by striking a ditch with the rear end of the vehicle. r n r nthe operator of the vehicle (ansel) stated that he was not hurt and was wearing a seatbelt. r n r n",20193117108,2019,O,6/1/2019 0:00,12,SCUYIR00480**C,S,CUY,2.386,41.400587,-81.928368,56882,17668.0,6/24/2019 0:00,13,2,N,2.0,Y,Y,1.0,21,0,,,,Y,2.386,SCUYIR00480**C,N,2,T77059,1,6,N,1,0,1,NORTH OLMSTED,1,W,Y,N,6.0,Y,0.86,,N,,N,NORTH OLMSTED,N,,0,,I 480 E,,480,IR,,,N,,,STEARNS,1,,,,RD,N,N,N,0,0,N,1.0,0,6,2,,56975.0,N,4.69,46,Y,1,4,3,1,M,N,N,N,0,3,44,1,2,60,3,8,12,44,0,0,0,1,6,NT,1,55,,,,,,,,,,,,,,,,,,,,,,,,,,,,,,,,,,0,4,,"unit1 traveling b near area fitch center . operator unit1 stated hydroplaned unable control vehicle . unit1 veered roadway , slid hill spinning came rest striking ditch rear end vehicle . r nthe operator vehicle stated hurt wearing seatbelt . r n",C,"[0.10821859538555145, 0.8235428333282471, 0.06823858618736267]",C,"[5.04637137055397e-05, 0.999901294708252, 4.831776823266409e-05]",C,"[0.0002416372299194336, 1.0, 6.4373016357421875e-06]"
444,444,193117194,"unit 01 was travelling southbound on i-271 at the 22.0 milepost in heavy rain. standing water was accumulating on the roadway. unit 01 hit a patch of standing water, causing him to lose control and hydroplane. unit 01 then spun the vehicle around hitting the concrete barrier on the east side of the roadway before coming to a stop facing northbound. no airbag deployment nor injuries were reported.",20193117194,2019,O,6/1/2019 0:00,12,SCUYIR00271**N,S,CUY,0.694,41.359892,-81.515092,57750,17668.0,6/24/2019 0:00,13,2,N,2.0,Y,Y,1.0,21,0,,94a68ddc-8132-4601-82fa-8d25ab033b7f,a1c8b21d-d114-47b4-9eec-73f991ef8cfd,Y,0.701,SCUYIR00271**C,N,4,190619,1,6,N,1,0,1,OAKWOOD,1,,Y,N,6.0,Y,0.0,,N,,N,OAKWOOD,N,,4,,I 271,HWY,271,IR,,22.0,N,,,22 0,2,,,,,N,N,N,0,5,Y,1.0,0,6,1,,34930.0,N,22.658,35,Y,99,1,2,1,M,N,N,N,0,3,35,1,0,60,1,35,0,0,0,0,0,1,6,NT,1,50,,,,,,,,,,,,,,,,,,,,,,,,,,,,,,,,,,0,4,,"unit1 travelling . milepost heavy rain . standing water accumulating roadway . unit1 hit patch standing water , causing lose control hydroplane . unit1 spun vehicle around hitting concrete barrier side roadway coming stop facing . airbag deployment injuries reported .",O,"[0.9999936819076538, 5.942882580711739e-06, 3.696103760830738e-07]",O,"[1.0, 5.475788000808279e-08, 6.30249949451489e-11]",O,"[1.0, 5.960464477539063e-08, 0.0]"
445,445,193119921,unit #1 was travelling e b on i-90 and approaching the overpass of dover center rd. unit #1 was in the high speed lane. unit #1 hit a water puddle ( heavy rains were in effect at the time ) and hydroplaned. unit #1 went off road left and struck the concrete median barrier.,20193119921,2019,AB,6/1/2019 0:00,12,SCUYIR00090**C,S,CUY,0.94,41.468195,-81.951281,83622,17668.0,6/20/2019 0:00,13,5,N,2.0,Y,Y,1.0,14,0,15800.0,,,Y,0.94,SCUYIR00090**C,N,1,1918236,1,6,N,0,1,1,WESTLAKE,1,W,Y,N,6.0,Y,0.009,,Y,,N,WESTLAKE,N,,0,,I 90 E,,90,IR,,,N,,,CROCKER,1,,,,RD,N,N,Y,0,0,N,1.0,0,2,2,,34755.0,N,156.759,22,Y,15,4,3,1,M,N,N,N,0,3,35,1,0,60,1,9,35,0,0,0,0,1,6,NT,1,70,,,,,,,,,,,,,,,,,,,,,,,,,,,,,,,,,,0,4,,unit1 travelling b approaching overpass dover center unit1 high speed . unit1 hit water puddle hydroplaned . unit1 went left struck concrete median barrier .,C,"[0.06267692148685455, 0.9300140738487244, 0.007308952044695616]",C,"[0.11167237162590027, 0.8870800733566284, 0.0012474885443225503]",C,"[0.190185546875, 0.787109375, 0.022979736328125]"
446,446,193120970,vehicle #1 was on i77 southbound in the center lane near wallings road approaching the 151.8 mile post. this driver said his vehicle was struck and he began to spin around. he came to a stop on the left berm. vehicle #2 was also southbound but in the left lane. the roadway was wet and it was raining. driver #2 stated he lost contol of the vehicle due to hydroplaning and he impacted vehicle #1. he said he also spun around and came to a stop on the right berm. point of impact on vehicle #1 was on the left rear wheel which caused a skuff mark. damage on vehicle #2 was the right front corner. driver of vehicle #2 called police later to report that he found paint scrape marks on his left rear corner which were not there before.,20193120970,2019,O,6/1/2019 0:00,12,SCUYIR00077**N,S,CUY,4.721,41.343917,-81.650041,9064,17668.0,6/24/2019 0:00,5,2,N,2.0,N,Y,1.0,21,0,14700.0,,,Y,4.735,SCUYIR00077**C,N,3,2019194,1,6,N,3,0,2,BROADVIEW HEIGHTS,1,,Y,N,6.0,Y,0.0,,N,,N,BROADVIEW HEIGHTS,N,S,0,,77,RD,77,IR,,151.8,N,,,151 8,2,,,,,N,Y,Y,0,0,N,1.0,0,2,1,,47022.0,N,151.863,30,Y,5,1,2,1,M,N,N,N,0,3,0,2,0,60,1,20,0,0,0,0,0,1,6,NT,1,50,66.0,1.0,1.0,2.0,1.0,M,,1.0,60.0,1.0,20.0,,,,,,1.0,6.0,NT,1.0,60.0,,,,,,,,,,,,,0,4,,vehicle center near wallings approaching . mile post . driver said vehicle struck began spin around . came stop left berm . vehicle also left . roadway wet raining . driver stated lost contol vehicle due hydroplaning impacted vehicle . said also spun around came stop berm . point impact vehicle left rear wheel caused skuff mark . damage vehicle front corner . driver vehicle called police later report found paint scrape marks left rear corner .,O,"[1.0, 5.9478356462250304e-08, 1.3411472821189818e-08]",O,"[1.0, 2.333907372920052e-11, 3.8630468995101e-14]",O,"[1.0, 0.0, 0.0]"
447,447,193122927,"unit 1 traveling s/b on sr 57 in the right curb lane approx. 100 ft south of the sr 57/sr 301 (n. abbe rd) intersection. unit 2 was traveling next to unit 1 in the left curb lane on sr 57 s/b approx. 100 ft south of the sr 57/sr 301 (n. abbe rd) intersection. unit 2 advised that he it a large puddle of water that was in the roadway and hydroplaned to the left, into unit 1. unit 2's driver's side front then struck unit 1's passenger front, causing unit 1's vehicle to cross over the cement median and come to a final rest in the n/b lane of travel. unit 2 the ran off the road to the right and drove in the right side curb lawn before coming to a final rest. it should be noted that there was heavy rain fall at the time of accident and a lot of water on the roadway.",20193122927,2019,C,6/1/2019 0:00,3,SLORSR00057**N,S,LOR,16.811,41.385831,-82.077537,25256,51364.0,6/20/2019 0:00,5,5,N,2.0,N,N,3.0,14,0,,06b177ea-f1c7-418c-93ba-b162cabfcc7a,6bcfc88a-cd4a-4911-b78a-cb487165b76e,N,16.809,SLORSR00057**C,N,1,2019-00017274,4,6,N,1,0,2,ELYRIA,1,S,Y,N,4.0,N,0.019,CR,Y,,N,ELYRIA,N,,0,,,,57,SR,,,N,,,ABBE,1,301,SR,,RD,N,N,N,0,0,N,2.0,1,2,3,,296419.0,N,50.773,20,Y,99,1,2,1,M,N,N,N,0,2,0,2,0,50,1,20,8,0,0,0,0,1,6,NT,1,50,33.0,1.0,1.0,2.0,1.0,F,,1.0,50.0,1.0,20.0,9.0,36.0,,,,1.0,6.0,NT,1.0,50.0,,,,,,,,,,,,,0,4,,"unit1 traveling curb approx . ft sr intersection . unit2 traveling next unit1 left curb approx . ft sr intersection . unit2 advised large puddle water roadway hydroplaned left , unit1 . unit2 's driver 's side front struck unit1 's passenger front , causing unit1 's vehicle cross cement median come final rest travel . unit2 ran drove side curb lawn coming final rest . noted heavy rain fall time accident lot water roadway .",C,"[0.007256578654050827, 0.9893646240234375, 0.003378814086318016]",C,"[0.0011709785321727395, 0.998044490814209, 0.0007844973588362336]",C,"[0.0035648345947265625, 0.9921875, 0.004314422607421875]"
448,448,193126495,"unit #2 was southbound on state route 315 from w lane ave and was stopped in heavy traffic. unit #1 was behind unit #2 and did fail to maintain assured clear distance ahead, hydroplaned, and struck unit #2. unit #1 then struck the concrete median. both drivers concurred with this account. all involved parties stated they were not aware of any injuries at the time of report.",20193126495,2019,O,7/1/2019 0:00,6,SFRASR00315**N,S,FRA,3.806,40.000717,-83.029935,18000,19234.0,7/3/2019 0:00,2,4,N,2.0,N,Y,2.0,15,0,34100.0,5c56ee2b-7c79-40fd-aef9-93d3e1aff613,9aa7525a-732e-4dc4-a746-0b16e53c8670,N,3.929,SFRASR00315**C,N,1,190545519,4,7,N,3,0,2,COLUMBUS,1,N,Y,N,8.0,N,0.284,RA,N,,N,COLUMBUS,N,,0,,,,315,SR,,,N,,,KINNEAR,1,,,,RD,N,N,N,0,0,N,1.0,0,2,3,,179917.0,N,3.806,41,Y,8,1,2,1,M,N,N,N,0,4,35,1,0,55,1,20,35,0,0,0,0,1,6,NT,4,55,40.0,1.0,1.0,2.0,1.0,F,,2.0,55.0,11.0,20.0,,,,,,1.0,6.0,NT,3.0,0.0,,,,,,,,,,,,,0,4,,"unit2 state stopped heavy traffic . unit1 behind unit2 fail maintain assured clear distance ahead , hydroplaned , struck unit2 . unit1 struck concrete median . drivers concurred account . involved parties stated aware injuries time report .",O,"[0.9999995231628418, 4.199922329917172e-07, 4.846144463499513e-08]",O,"[1.0, 5.565284677544469e-09, 3.021820207255166e-12]",O,"[1.0, 0.0, 0.0]"
449,449,193126678,unit 1 was travelling southbound on i-77 in the left lane approaching harris rd. unit 1 stated he lost control of the vehicle as it hydroplaned on water from the heavy rains. unit 1 spun across the middle and right lane and off the right side of the roadway. the front center of unit 1 struck the guardrail face 100 yards north of harris rd.,20193126678,2019,O,7/1/2019 0:00,4,,S,POR,,41.336394,-81.3857,9064,,7/5/2019 0:00,13,6,N,1.0,Y,Y,1.0,14,0,,,,Y,,,N,1,2019205,1,7,N,1,0,1,BROADVIEW HEIGHTS,1,N,Y,N,3.0,Y,0.057,,N,,N,BROADVIEW HEIGHTS,N,,0,,I 77 S,,77,IR,,,N,,,HARRIS,1,,,,RD,N,N,Y,0,0,N,1.0,0,2,2,,,N,,38,Y,5,1,2,1,M,N,N,N,0,3,30,1,0,60,9,8,30,0,0,0,0,1,6,NT,1,55,,,,,,,,,,,,,,,,,,,,,,,,,,,,,,,,,,0,4,,unit1 travelling left approaching harris unit1 stated lost control vehicle hydroplaned water heavy rains . unit1 spun across middle side roadway . front center unit1 struck guardrail face yards harris .,O,"[0.999998927116394, 9.009190762299113e-07, 8.452892785726362e-08]",O,"[0.9194566011428833, 0.0804431140422821, 0.00010032950376626104]",O,"[1.0, 0.0, 0.0]"
450,450,193126778,unit 1 was traveling westbound on sycamore rd. near tucker rd. when it hydroplaned on standing water on the roadway. unit 1 lost control and went off the roadway left and struck a flooded ditch. unit 1 became submerged in the water and the driver escaped out a window. the driver climbed onto the roof of unit 1 and jumped off onto land before unit 1 was shoved under a small bridge. unit 1 suffered disabling damage and was not able to be recovered until the flood waters receded. county engineers inspected the bridge and cleared it for vehicular travel and no damage was noticed to the bridge. the ohio state highway patrol towed the vehicle at a later time.,20193126778,2019,O,7/1/2019 0:00,5,CKNOCR00027**C,C,KNO,2.709,40.318193,-82.612158,50204,99999.0,7/3/2019 0:00,13,4,N,,Y,N,6.0,6,0,,,,N,2.709,CKNOCR00027**C,N,4,4/19/2008,2,7,,1,0,1,MILFORD TOWNSHIP,1,W,N,N,2.0,N,0.084,,Y,,N,MILFORD TOWNSHIP,N,,0,,SYCAMORE,RD,,,,,N,,,TUCKER,1,,,,RD,N,N,N,0,0,N,,0,6,1,,52088.0,N,2.709,18,Y,99,3,4,1,M,N,N,N,0,2,44,1,0,55,1,29,44,27,0,0,0,1,6,NT,1,55,,,,,,,,,,,,,,,,,,,,,,,,,,,,,,,,,,0,4,,unit1 traveling sycamore near tucker hydroplaned standing water roadway . unit1 lost control went roadway left struck flooded ditch . unit1 became submerged water driver escaped window . driver climbed onto roof unit1 jumped onto land unit1 shoved small bridge . unit1 suffered disabling damage able recovered flood waters receded . county engineers inspected bridge cleared vehicular travel damage noticed bridge . ohio state patrol towed vehicle later time .,O,"[0.9999996423721313, 3.455918999861751e-07, 2.9361304498820573e-08]",O,"[0.9998262524604797, 0.00017369807756040245, 1.420977611132912e-07]",O,"[1.0, 8.344650268554688e-07, 5.960464477539063e-08]"
451,451,193126866,unit 1 and 2 were traveling on ir 90 eastbound. unit 1 was in lane #2 and unit 2 was in lane #3. unit 1 stated he hydroplaned in the roadway causing him to spin out of control. unit 2 then struck unit 1 as he came into their lane disabling unit 1.,20193126866,2019,O,7/1/2019 0:00,12,SCUYIR00090**C,S,CUY,28.897,41.599465,-81.506044,25704,17668.0,7/6/2019 0:00,2,7,N,2.0,N,Y,1.0,8,0,,,,Y,28.897,SCUYIR00090**C,N,1,1990815,1,7,N,5,0,2,EUCLID,1,E,Y,N,8.0,Y,0.003,,N,,N,EUCLID,N,,0,,90 E B,HWY,90,IR,,184.8,N,,,184 8,2,,,,,N,N,N,0,0,N,1.0,0,2,2,,39676.0,N,184.716,43,Y,22,4,3,1,M,N,N,N,0,4,0,1,0,60,1,20,0,0,0,0,0,1,6,NT,1,60,43.0,1.0,4.0,3.0,1.0,M,,2.0,60.0,1.0,20.0,,,,,,1.0,6.0,NT,3.0,50.0,,,,,,,,,,,,,0,4,,unit1 traveling . unit1 unit2 . unit1 stated hydroplaned roadway causing spin control . unit2 struck unit1 came disabling unit1 .,C,"[0.41536638140678406, 0.5044664144515991, 0.08016716688871384]",C,"[0.275162011384964, 0.7172903418540955, 0.007547682151198387]",O,"[0.927734375, 0.05682373046875, 0.0157623291015625]"
452,452,193127168,"unit #1 was north on sr8n in the second lane from the center median. unit #2 was north on sr8n in the far right lane. according to the driver of unit #2, he hydroplaned and slid to across two lanes. unit #2 lost control and slid to the left across two lanes. unit #2 slid into the path of unit #1 and was struck by unit #1. the right front tire of unit #2 did appear to be worn. plate for unit #2 comes back to a 2008 dodge owned by darrell c sampson sr. the vin for unit #2 comes back to the listed driver of unit #2, with a plate of hkz6623, which expired on 2/28/19.",20193127168,2019,O,7/1/2019 0:00,4,SSUMSR00008**C,S,SUM,0.609,41.067319,-81.504099,1000,766.0,7/5/2019 0:00,5,6,N,2.0,N,Y,2.0,15,0,,bdb3570e-91c9-4ae2-94cd-ee5213980b71,99e44c0b-927d-4804-8cae-09188fade6b7,N,0.609,SSUMSR00008**C,N,1,T19003889,4,7,N,3,0,2,AKRON,1,,Y,N,6.0,N,0.0,,Y,,N,AKRON,N,,0,,,,8,SR,,0.6,N,,,0 6,2,,,,,N,N,N,0,0,N,1.0,0,2,2,,295671.0,N,0.609,20,Y,99,2,1,1,M,N,N,N,0,4,0,2,9,55,1,20,0,0,0,0,0,1,6,NT,1,0,55.0,1.0,2.0,1.0,1.0,M,,1.0,55.0,1.0,20.0,,,,,,1.0,6.0,NT,1.0,,,,,,,,,,,,,,0,4,,"unit1 sr8n second center median . unit2 sr8n far . according driver unit2 , hydroplaned slid across two lanes . unit2 lost control slid left across two lanes . unit2 slid path unit1 struck unit1 . front tire unit2 appear worn . plate unit2 comes back dodge owned darrell c sampson sr. vin unit2 comes back listed driver unit2 , plate hkz6623 , expired .",C,"[0.004119716584682465, 0.9567782878875732, 0.0391019731760025]",O,"[0.5874686241149902, 0.40884730219841003, 0.0036840743850916624]",O,"[0.8828125, 0.11444091796875, 0.0029087066650390625]"
453,453,193128800,unit 1 traveling east on state rte 20 and hydroplaned off the roadway at the intersection of west collins rd.,20193128800,2019,O,7/1/2019 0:00,3,SHURUS00020**C,S,HUR,19.559,41.248611,-82.508076,77158,99999.0,7/6/2019 0:00,13,7,N,2.0,Y,N,3.0,14,0,,552a316a-7194-4b0c-b1c5-08a5a3eb9618,d266c690-95a7-43f4-9c92-f337bf21b3b5,N,19.559,SHURUS00020**C,N,1,2.019E+13,1,7,N,1,0,1,TOWNSEND TOWNSHIP,1,E,N,N,2.0,Y,0.014,TR,N,,N,TOWNSEND TOWNSHIP,N,,0,,,,20,US,,,N,,,,1,57,TR,,,N,N,Y,0,0,N,3.0,0,2,1,,260645.0,N,136.728,31,Y,5,4,9,1,F,N,N,N,0,2,44,1,0,55,1,9,44,0,0,0,0,1,6,NT,1,40,,,,,,,,,,,,,,,,,,,,,,,,,,,,,,,,,,0,4,,unit1 traveling state rte hydroplaned roadway intersection collins .,O,"[0.9999988079071045, 1.0198501740887878e-06, 9.65370858807546e-08]",O,"[0.995867133140564, 0.0037661795504391193, 0.00036672374699264765]",O,"[1.0, 0.0, 0.0]"
454,454,193130677,unit 1 was northbound on i75 near milepost 208 when the vehicle began to spin and struck the concrete median. the operator of unit 1 stated that the vehicle hydroplaned.,20193130677,2019,O,7/1/2019 0:00,2,SLUCIR00075**C,S,LUC,8.429,41.691272,-83.5118,77000,87868.0,7/6/2019 0:00,13,7,N,2.0,Y,Y,1.0,15,0,,,,Y,8.429,SLUCIR00075**C,N,1,1.90706E+13,1,7,N,3,0,1,TOLEDO,1,N,Y,N,7.0,Y,0.095,,N,,N,TOLEDO,N,,0,,,,75,IR,,208.0,N,,,208,2,,,,,N,N,Y,0,0,N,1.0,0,2,3,,91180.0,N,208.011,29,Y,5,2,1,1,M,N,N,N,0,4,35,1,0,60,1,35,0,0,0,0,0,1,6,NT,1,60,,,,,,,,,,,,,,,,,,,,,,,,,,,,,,,,,,0,4,,unit1 near milepost vehicle began spin struck concrete median . operator unit1 stated vehicle hydroplaned .,C,"[0.14334441721439362, 0.8482633829116821, 0.008392270654439926]",O,"[0.9442198872566223, 0.05486971139907837, 0.0009103472111746669]",O,"[1.0, 8.887052536010742e-05, 9.59634780883789e-06]"