,id,OBJECTID,Narrative,DOCUMENT_NBR,CRASH_YR,CRASH_SEVERITY_CD,CRASH_MONTH_YEAR,DISTRICT_NBR,NLFID,NLF_JUR_CD,NLF_COUNTY_CD,COUNTY_LOG_NBR,ODOT_LATITUDE_NBR,ODOT_LONGITUDE_NBR,ODOT_FIPS_CD,AREA_CODE,CRASH_DATE,CRASH_TYPE_CD,DAY_IN_WEEK_CD,DISTRACTED_DRIVER_IND,FACILITY_TYPE_CD,FHWA_RDWY_DEPARTURE_IND,FREEWAY_IND,FUNCTIONAL_CLASS_CD,HOUR_OF_CRASH,INCAPAC_INJURIES_NBR,INTERCHANGE_ID,INTERSECTION_ID_CURRENT,INTERSECTION_LEG_ID,INTERSTATE_IND,INV_LOG_NBR,INV_NLFID,IS_COMMERCIAL_RELATED,LIGHT_COND_PRIMARY_CD,LOCAL_REPORT_NUMBER_ID,MAINTENANCE_AUTHORITY_CD,MONTH_OF_CRASH,NHS_CD,NO_INJURY_REPORTED_NBR,NON_INCAPAC_INJURIES_NBR,NUMBER_OF_UNITS_NBR,ODOT_CITY_VILLAGE_TWP_NME,ODOT_CRASH_LOCATION_CD,ODOT_DIR_FROM_REF_CD,ODOT_DIV_UNDIV_IND,ODOT_INTERSECTION_REL_IND,ODOT_LANES_NBR,ODOT_MAINTAINED_HWY_IND,ODOT_MILES_FROM_REF_NBR,ODOT_REF_ROUTE_PREFIX_CD,ODOT_YOUNG_DRIVER_IND,ODPS_ADDRESS_REFERENCE,ODPS_ALCOHOL_IND,ODPS_CITY_VILLAGE_TWP_NME,ODPS_DRUG_IND,ODPS_LOC_DIR_SUFFIX_CD,ODPS_LOC_IN_WORK_ZONE_CD,ODPS_LOC_ROAD_DIRECTION_CD,ODPS_LOC_ROAD_NME,ODPS_LOC_ROAD_SUFFIX_CD,ODPS_LOC_ROUTE_ID,ODPS_LOC_ROUTE_PREFIX_CD,ODPS_LOC_ROUTE_SUFFIX_CD,ODPS_MILEPOST_REFERENCE,ODPS_MOTORCYCLE_IND,ODPS_REF_DIR_SUFFIX_CD,ODPS_REF_DIRECTION_CD,ODPS_REF_GIVEN,ODPS_REF_POINT_USED_CD,ODPS_REF_ROUTE_ID,ODPS_REF_ROUTE_PREFIX_CD,ODPS_REF_ROUTE_SUFFIX_CD,ODPS_REF_SUFFIX_CD,ODPS_SCHOOL_ZONE_IND,ODPS_SENIOR_DRIVER_IND,ODPS_SPEED_IND,ODPS_TOTAL_FATALITIES_NBR,ODPS_TYPE_OF_WORK_ZONE_CD,ODPS_WORK_ZONE_IND,OPER_ACCESS_CONTROL_CD,POSSIBLE_INJURIES_NBR,ROAD_COND_PRIMARY_CD,ROAD_CONTOUR_CD,SA_RAMP_ID,SA_SEGMENT_ID,SECONDARY_CRASH,STATE_TRUE_LOG_NBR,U1_AGE_NBR,U1_AT_FAULT_IND,U1_CONT_CIR_PRIMARY_CD,U1_DIRECTION_FROM_CD,U1_DIRECTION_TO_CD,U1_DISTRACTED_BY_1_CD,U1_GENDER_CD,U1_IS_ALCOHOL_SUSPECTED,U1_IS_MARIJUANA_SUSPECTED,U1_IS_OTHER_DRUG_SUSPECTED,U1_NON_MOTORIST_LOC_CD,U1_NUMBER_OF_THRU_LANES,U1_OBJECT_STRUCK,U1_ODPS_UNIT_NBR,U1_OPERATINGIN_AUTONOMOUS_MODE,U1_POSTED_SPEED_NBR,U1_PRECRASH_ACTION_CD,U1_SEQ_OF_EVENTS_1_CD,U1_SEQ_OF_EVENTS_2_CD,U1_SEQ_OF_EVENTS_3_CD,U1_SEQ_OF_EVENTS_4_CD,U1_SEQ_OF_EVENTS_5_CD,U1_SEQ_OF_EVENTS_6_CD,U1_SPECIAL_FUNCTION_CD,U1_TRAFFIC_CONTROL_CD,U1_TURN_CD,U1_TYPE_OF_UNIT_CD,U1_UNIT_SPEED_NBR,U2_AGE_NBR,U2_CONT_CIR_PRIMARY_CD,U2_DIRECTION_FROM_CD,U2_DIRECTION_TO_CD,U2_DISTRACTED_BY_1_CD,U2_GENDER_CD,U2_NON_MOTORIST_LOC_CD,U2_ODPS_UNIT_NBR,U2_POSTED_SPEED_NBR,U2_PRECRASH_ACTION_CD,U2_SEQ_OF_EVENTS_1_CD,U2_SEQ_OF_EVENTS_2_CD,U2_SEQ_OF_EVENTS_3_CD,U2_SEQ_OF_EVENTS_4_CD,U2_SEQ_OF_EVENTS_5_CD,U2_SEQ_OF_EVENTS_6_CD,U2_SPECIAL_FUNCTION_CD,U2_TRAFFIC_CONTROL_CD,U2_TURN_CD,U2_TYPE_OF_UNIT_CD,U2_UNIT_SPEED_NBR,U3_CONT_CIR_PRIMARY_CD,U3_ODPS_UNIT_NBR,U3_PRECRASH_ACTION_CD,U3_SEQ_OF_EVENTS_1_CD,U3_SEQ_OF_EVENTS_2_CD,U3_SEQ_OF_EVENTS_3_CD,U3_SEQ_OF_EVENTS_4_CD,U3_SEQ_OF_EVENTS_5_CD,U3_SEQ_OF_EVENTS_6_CD,U3_SPECIAL_FUNCTION_CD,U3_TRAFFIC_CONTROL_CD,U3_TYPE_OF_UNIT_CD,UNRESTRAIN_OCCUPANTS,WEATHER_COND_CD,V1,clean_Narrative,BERT_predictions,BERT_prediction_probabilities,RoBERTa_predictions,RoBERTa_predictions_probabilities,distilBERT_predictions,distilBERT_predictions_probabilities
455,455,193133344,unit #1 was traveling east on wards corner rd. and failed to maintain control striking unit #2 which was westbound on wards corner rd. the driver of unit #1 advised he hydroplaned causing his tires to lock-up.,20193133344,2019,AB,7/1/2019 0:00,8,CCLECR00127**C,C,CLE,3.368,39.242037,-84.253937,49322,16885.0,7/15/2019 0:00,6,2,N,,N,N,4.0,17,0,,b78c3543-bc01-45d0-a482-73b9270fe7e6,dd8cfb80-d1df-4491-8a32-b6b9c98ffd92,N,3.368,CCLECR00127**C,N,1,19-10146,2,7,,0,2,2,MIAMI TOWNSHIP,1,,N,N,2.0,N,0.0,TR,Y,,N,MIAMI TOWNSHIP,N,,0,,WARDS CORNER,RD,,,,,N,,,ARNOLD PALMER,1,,,,DR,N,N,N,0,0,N,,0,2,3,,26137.0,N,3.368,20,Y,99,4,3,1,M,N,N,N,0,2,0,1,0,40,13,20,0,0,0,0,0,1,6,NT,3,25,56.0,1.0,3.0,4.0,1.0,M,,2.0,40.0,13.0,20.0,,,,,,1.0,6.0,NT,2.0,30.0,,,,,,,,,,,,,0,2,,unit1 traveling wards corner failed maintain control striking unit2 wards corner driver unit1 advised hydroplaned causing tires lockup .,O,"[0.9999737739562988, 2.4982731702039018e-05, 1.2297996363486163e-06]",O,"[0.999997615814209, 2.237615262856707e-06, 6.183964984529666e-08]",O,"[1.0, 2.980232238769531e-07, 0.0]"
456,456,193134500,unit 1 was traveling west bound on arlington near byrne when she hydroplaned and as a result struck unit 2 who was also traveling west bound on arlington. unit 2 also struck unit 3 who was traveling west bound on arlington.a passenger in unit 2 walked to utmc for a face laceration. there were no other injuries.,20193134500,2019,AB,7/1/2019 0:00,2,MLUCMR04036**C,M,LUC,0.0,41.61786,-83.625796,77000,87868.0,7/16/2019 0:00,2,3,N,,N,N,4.0,16,0,,b33d28ed-b195-4b8c-a8c6-09eb3ba3f049,25389934-50fb-429f-a5a0-f64c2e1f5cf1,N,0.0,MLUCMR04036**C,N,1,1.90716E+13,4,7,,3,1,3,TOLEDO,1,,N,N,2.0,N,0.0,MR,N,,N,TOLEDO,N,,0,,ARLINGTON,AVE,,,,,N,,S,BYRNE,1,,,,RD,N,N,N,0,0,N,,0,2,1,,127219.0,N,0.0,28,Y,8,3,4,1,F,N,N,N,0,4,0,1,0,45,1,20,0,0,0,0,0,1,6,NT,3,0,26.0,1.0,3.0,4.0,1.0,F,,2.0,45.0,1.0,20.0,,,,,,1.0,6.0,NT,1.0,,1.0,3.0,1.0,20.0,,,,,,1.0,6.0,1.0,1,4,,unit1 traveling arlington near byrne hydroplaned result struck unit2 also traveling arlington . unit2 also struck unit3 traveling arlington.a passenger unit2 walked utmc face laceration . injuries .,C,"[2.380605508278677e-07, 0.9999992847442627, 4.320663435919414e-07]",C,"[3.5340286785867647e-07, 0.9999938011169434, 5.7950605878431816e-06]",C,"[1.0728836059570312e-06, 1.0, 4.172325134277344e-07]"
457,457,193135110,"unit #1 was exiting sr 8 north to gorge blvd. unit #1 stated there was heavy rain, she hydroplaned and struck the stop sign. unit #1 was cited for fail to control.",20193135110,2019,C,7/1/2019 0:00,4,CSUMCR07011**C,C,SUM,1.133,41.113233,-81.494555,1000,766.0,7/17/2019 0:00,13,4,N,,Y,N,7.0,13,0,,c8aeb991-f813-468e-9105-55ab111f9c16,8d9c1e8f-f0bd-4d32-a16b-217f733502ca,N,1.133,CSUMCR07011**C,N,1,T19004104,4,7,,0,0,1,AKRON,1,,N,Y,2.0,N,0.0,RA,Y,,N,AKRON,N,,0,,STATE ROUTE 8 N,,8,SR,,,N,,,GORGE,1,,,,BLVD,N,N,N,0,0,N,,1,3,3,,40348.0,N,1.133,22,Y,99,4,3,1,F,N,N,N,0,1,37,1,9,25,1,8,37,0,0,0,0,1,4,NT,1,10,,,,,,,,,,,,,,,,,,,,,,,,,,,,,,,,,,0,4,,"unit1 exiting gorge . unit1 stated heavy rain , hydroplaned struck stop sign . unit1 cited fail control .",O,"[0.9999991655349731, 6.908456953169662e-07, 6.385230477690129e-08]",O,"[0.9999362230300903, 6.308899901341647e-05, 7.742389698250918e-07]",O,"[1.0, 1.4483928680419922e-05, 2.384185791015625e-07]"
458,458,193137748,unit 1 was driving east bound on i 275 at the 33/0 mile post. unit 1 was in the left lane and drove into standing water on the road way causing him to hydroplane and spin. unit 1 struck the cable barrier on the roadway and damaged 8 metal posts.,20193137748,2019,O,7/1/2019 0:00,8,SHAMIR00275**C,S,HAM,15.706,39.253513,-84.605713,16616,16885.0,7/18/2019 0:00,13,5,N,2.0,Y,Y,1.0,14,0,,,,Y,15.706,SHAMIR00275**C,N,1,2019-24770,1,7,N,1,0,1,COLERAIN TOWNSHIP,1,,Y,N,6.0,Y,0.0,,N,,N,COLERAIN TOWNSHIP,N,,0,,,,275,IR,,330.0,N,,,,2,,,,,N,N,N,0,0,N,1.0,0,2,3,,34947.0,N,33.306,28,Y,99,4,3,1,M,N,N,N,0,3,33,1,0,65,1,9,33,0,0,0,0,1,6,NT,1,60,,,,,,,,,,,,,,,,,,,,,,,,,,,,,,,,,,0,4,,unit1 driving mile post . unit1 left drove standing water causing hydroplane spin . unit1 struck cable barrier roadway damaged metal posts .,O,"[0.9999990463256836, 7.898573244347062e-07, 7.578599081625725e-08]",O,"[1.0, 2.420404432434964e-10, 3.7437384464190926e-13]",O,"[1.0, 0.0, 0.0]"
459,459,193138336,"unit #1 was traveling westbound on ir90, east of cahoon road, in the right lane. unit #1 hydroplaned and traveled onto the right shoulder, striking the guardrail. unit #1 was towed by kufner s towing. the driver was uninjured.",20193138336,2019,O,7/1/2019 0:00,12,SCUYIR00090**N,S,CUY,2.109,41.467303,-81.928845,83622,17668.0,7/22/2019 0:00,13,2,N,2.0,Y,Y,1.0,8,0,,,,Y,2.111,SCUYIR00090**C,N,1,1921485,1,7,N,1,0,1,WESTLAKE,1,E,Y,N,6.0,Y,0.019,,N,,N,WESTLAKE,N,,0,,IR90 W B,HWY,90,IR,,158.0,N,,,158,2,,,,,N,N,N,0,0,N,1.0,0,2,3,,47172.0,N,157.928,28,Y,22,3,4,1,M,N,N,N,0,3,30,1,0,60,1,8,30,0,0,0,0,1,6,NT,1,50,,,,,,,,,,,,,,,,,,,,,,,,,,,,,,,,,,0,4,,"unit1 traveling , cahoon , . unit1 hydroplaned traveled onto shoulder , striking guardrail . unit1 towed kufner towing . driver uninjured .",O,"[0.9999998807907104, 6.92930939294456e-08, 1.3557350797555046e-08]",O,"[1.0, 6.422017362339716e-10, 3.456690771293236e-13]",O,"[1.0, 2.384185791015625e-07, 0.0]"
460,460,193138494,"the driver of unit #1 stated that her vehicle hydroplaned and spun out, causing her vehicle to strike unit #2. both vehicles came to rest in the left median with unit #2 striking , and doing damage to the guardrail.",20193138494,2019,O,7/1/2019 0:00,6,SFRAIR00070**C,S,FRA,18.64,39.931748,-82.928723,18000,19234.0,7/17/2019 0:00,5,4,N,2.0,N,Y,1.0,19,0,,,,Y,18.64,SFRAIR00070**C,N,1,190590850,1,7,N,2,0,2,COLUMBUS,1,W,Y,N,6.0,Y,0.038,US,Y,,N,COLUMBUS,N,,0,,I 70 E,,70,IR,,,N,,,,1,33,US,,,N,N,N,0,0,N,1.0,0,2,3,,90761.0,N,104.667,22,Y,99,4,3,1,F,N,N,N,0,3,0,1,0,65,3,20,0,0,0,0,0,1,6,NT,1,65,38.0,1.0,4.0,3.0,1.0,F,,2.0,65.0,1.0,20.0,,,,,,1.0,6.0,NT,1.0,60.0,,,,,,,,,,,,,0,4,,"driver unit1 stated vehicle hydroplaned spun , causing vehicle strike unit2 . vehicles came rest left median unit2 striking , damage guardrail .",C,"[0.10156141221523285, 0.8941138386726379, 0.004324781708419323]",C,"[0.027339350432157516, 0.9723495244979858, 0.00031114197918213904]",O,"[1.0, 5.960464477539063e-08, 0.0]"
461,461,193139031,"unit one was traveling eastbound on laskey. unit two was turning left onto laskey (westbound). unit two then hydroplaned, the driver could not gain control of the vehicle and then struck the rear of unit one.",20193139031,2019,O,7/1/2019 0:00,2,CLUCCR00010**C,C,LUC,2.707,41.706535,-83.609722,77000,87868.0,7/23/2019 0:00,18,3,N,,N,N,3.0,19,0,,a3ecbfb1-5c98-4ee2-81ba-a5fc104dd1e4,5d49c915-b638-401a-a0fa-f0c3c133bc92,N,2.707,CLUCCR00010**C,N,1,1.90723E+13,4,7,,2,0,2,TOLEDO,1,,N,Y,4.0,N,0.0,MR,Y,,N,TOLEDO,N,,0,W,LASKEY,RD,,,,,N,,,TRIMBLE,1,,,,RD,N,N,N,0,0,N,,0,2,1,,3630.0,N,2.707,16,Y,15,6,3,1,F,N,N,N,0,4,0,2,0,35,6,20,0,0,0,0,0,1,4,LT,3,15,25.0,1.0,4.0,3.0,1.0,M,,1.0,35.0,1.0,20.0,,,,,,1.0,6.0,NT,4.0,35.0,,,,,,,,,,,,,0,4,,"unit1 traveling laskey . unit2 turning left onto laskey . unit2 hydroplaned , driver could gain control vehicle struck rear unit1 .",O,"[0.9613165855407715, 0.03521343320608139, 0.003470044117420912]",O,"[0.9770379066467285, 0.022405307739973068, 0.0005568180349655449]",O,"[0.97314453125, 0.02398681640625, 0.0023746490478515625]"
462,462,193139240,unit 1 was east on butternut ridge rd. stopped at a stop sign at columbia rd. unit 1 made a left turn on to columbia rd. and hydroplaned on the standing water before running off the right side of the road and striking a bike lane sign. r n r nunit 1 was not issued a traffic citation due to the fact that an unusually heavy rain storm played a role in the crash.,20193139240,2019,O,7/1/2019 0:00,12,CCUYCR00290**C,C,CUY,0.038,41.405284,-81.899685,56882,17668.0,7/16/2019 0:00,13,3,N,,Y,N,4.0,20,0,,d01d84bf-9f33-429f-bf50-a74929cca58b,3d6a765a-bc68-4c33-ae10-675c63488a48,N,0.038,CCUYCR00290**C,N,1,T77127,4,7,,1,0,1,NORTH OLMSTED,1,N,N,Y,2.0,N,0.009,CR,Y,,N,NORTH OLMSTED,N,,0,,COLUMBIA,RD,,,,,N,,,BUTTERNUT RIDGE,1,,,,RD,N,N,N,0,0,N,,0,2,1,,34902.0,N,0.038,20,Y,1,4,1,1,F,N,N,N,0,2,37,1,0,25,6,8,37,0,0,0,0,1,4,LT,4,10,,,,,,,,,,,,,,,,,,,,,,,,,,,,,,,,,,0,4,,unit1 butternut ridge stopped stop sign columbia unit1 made left turn columbia hydroplaned standing water running side striking bike sign . r nunit1 issued traffic citation due fact unusually heavy rain storm played role crash .,O,"[0.9999998807907104, 6.290247256401926e-08, 1.5612155124244964e-08]",O,"[1.0, 5.3619730877585425e-09, 2.0288324839579097e-11]",O,"[1.0, 1.1920928955078125e-07, 0.0]"
463,463,193139459,"unit 1 was eastbound on the entrance ramp to i-76 from sr 57 and attempting to merge onto the highway. unit 1 hydroplaned due to extremely rainy conditions and ran off the road right, went into the ditch, and then struck a bush.",20193139459,2019,C,7/1/2019 0:00,3,SMEDRA52006**C,S,MED,0.004,41.034357,-81.758657,80318,22528.0,7/21/2019 0:00,13,1,N,4.0,Y,Y,2.0,21,0,66900.0,6c4d8dae-b9e5-47f3-919d-2e72993b80db,08934555-8aff-482f-963d-eb42c7e49e57,N,0.004,SMEDRA52006**C,N,4,21907127,1,7,,0,0,1,WADSWORTH TOWNSHIP,7,E,N,N,,Y,0.028,SR,Y,,N,WADSWORTH,N,,0,,,,76,IR,,,N,,,,1,57,SR,,,N,N,N,0,0,N,1.0,2,2,3,,,N,0.004,17,Y,99,8,3,1,M,N,N,N,0,2,42,1,2,65,13,8,42,48,0,0,0,1,6,RT,4,35,,,,,,,,,,,,,,,,,,,,,,,,,,,,,,,,,,0,4,,"unit1 entrance ramp attempting merge onto . unit1 hydroplaned due extremely rainy conditions ran , went ditch , struck bush .",O,"[0.9999715089797974, 2.7241507268627174e-05, 1.2127829904784448e-06]",O,"[0.9999978542327881, 2.100650590364239e-06, 1.1921652998125865e-08]",O,"[1.0, 0.0, 0.0]"
464,464,193139562,"unit # 1 stated he was unsure what happened he stated he was driving along, and his vehicle all the sudden turned right, and struck unit #2. he stated he then traveled back towards the center median, and struck the median. he stated unit #2 was forced off the road, and he struck a tree. unit #2 agreed with unit #1, but he, and the wit added that he believed unit #1 hydroplaned on water on the roadway. unit #1 was cited for fail to control, cite #1756212. unit #2 was transported by cfd medic #15 to grant er for pain to his right arm. his er doctor was doctor gabriel.",20193139562,2019,AB,7/1/2019 0:00,6,SFRASR00104**C,S,FRA,12.504,39.919603,-82.930533,18000,19234.0,7/17/2019 0:00,5,4,N,2.0,N,Y,2.0,12,0,,,,N,12.504,SFRASR00104**C,N,1,190589644,4,7,N,1,1,2,COLUMBUS,1,E,Y,N,4.0,N,0.1,,Y,,N,COLUMBUS,N,,0,,STATE ROUTE 104 E,,104,SR,,,N,,,ALUM CREEK,1,,,,DR,N,N,N,0,0,N,1.0,0,2,4,,296990.0,N,94.504,21,Y,99,4,3,1,M,N,N,N,0,3,35,1,2,65,1,20,35,0,0,0,0,1,6,NT,1,55,54.0,1.0,4.0,3.0,1.0,M,,2.0,65.0,1.0,20.0,8.0,48.0,,,,1.0,6.0,NT,4.0,55.0,,,,,,,,,,,,,0,4,,"unit1 stated unsure happened stated driving along , vehicle sudden turned , struck unit2 . stated traveled back towards center median , struck median . stated unit2 forced , struck tree . unit2 agreed unit1 , , wit added believed unit1 hydroplaned water roadway . unit1 cited fail control , cite . unit2 transported cfd medic grant pain arm . doctor doctor gabriel .",C,"[4.939200834996882e-07, 0.9999972581863403, 2.222972398158163e-06]",C,"[6.283802349571488e-07, 0.999992847442627, 6.5775761868280824e-06]",C,"[3.814697265625e-06, 1.0, 8.761882781982422e-06]"
465,465,193142527,"unit 1 was driving west bound on i 275 in the left lane. unit 1 hydroplaned and lost control at the 30/2 mile marker, causing him to spin out of control and strike the cable median.",20193142527,2019,C,7/1/2019 0:00,8,SHAMIR00275**N,S,HAM,12.819,39.226929,-84.649502,16616,16885.0,7/22/2019 0:00,13,2,N,2.0,Y,Y,1.0,15,0,,,,Y,12.589,SHAMIR00275**C,N,1,2019-25301,1,7,N,0,0,1,COLERAIN TOWNSHIP,1,,Y,N,6.0,Y,0.0,,N,,N,COLERAIN TOWNSHIP,N,,0,,,,275,IR,,302.0,N,,,,2,,,,,N,N,N,0,0,N,1.0,1,2,4,,39742.0,N,30.419,31,Y,11,3,4,1,M,N,N,N,0,4,33,1,0,65,1,9,33,0,0,0,0,1,6,NT,1,65,,,,,,,,,,,,,,,,,,,,,,,,,,,,,,,,,,0,4,,"unit1 driving left . unit1 hydroplaned lost control mile marker , causing spin control strike cable median .",O,"[0.9999641180038452, 3.3684878872008994e-05, 2.1806192762596766e-06]",O,"[0.9621092081069946, 0.03738080710172653, 0.0005099860136397183]",O,"[1.0, 1.7344951629638672e-05, 1.3709068298339844e-06]"
466,466,193143954,on 06/15/2019 unit #1 lost control of their vehicle on williams road west of kleinline lane striking unit #2 parked at 1689 williams road and striking an electric pole #100434 on the southside of williams road. unit #1 stated they hydroplanned. unit #1 was prepared and issued a citation for failure to control into franklin county municipal court.,20193143954,2019,AB,6/1/2019 0:00,6,CFRACR00123**C,C,FRA,2.614,39.889556,-82.947474,57862,19234.0,6/15/2019 0:00,7,7,N,,Y,N,4.0,23,0,,,,N,2.614,CFRACR00123**C,N,5,19-000258,4,6,,0,1,2,OBETZ,1,W,N,N,2.0,N,0.25,,N,,N,OBETZ,N,,0,,,,123,CR,,,N,,,KLEINLINE,1,,,,LN,N,N,N,0,0,N,,0,2,1,,35997.0,N,2.614,45,Y,99,3,4,1,F,N,N,N,0,2,40,1,0,45,1,20,9,40,0,0,0,1,6,NT,1,25,,1.0,3.0,4.0,,,,2.0,45.0,10.0,20.0,7.0,,,,,1.0,6.0,NT,1.0,,,,,,,,,,,,,,0,4,,unit1 lost control vehicle williams kleinline striking unit2 parked williams striking electric pole southside williams . unit1 stated hydroplanned . unit1 prepared issued citation failure control franklin county municipal .,C,"[3.947153527406044e-05, 0.9999513626098633, 9.150870027951896e-06]",O,"[0.9759300947189331, 0.023277007043361664, 0.0007928835111670196]",C,"[0.316162109375, 0.662109375, 0.0217742919921875]"
467,467,193151820,"unit 1 was driving southbound on south hamilton road, north of tech center drive. unit 2 was driving northbound on south hamilton road. the driver of unit 1 stated she hydroplaned and lost control of her vehicle. unit 1 went across the center line and struck the front portion unit 2 with the passenger side. unit 1 came to a final rest on the road on the east side of the road facing northbound.",20193151820,2019,C,8/1/2019 0:00,6,SFRASR00317**C,S,FRA,16.801,39.998254,-82.868204,29106,19234.0,8/4/2019 0:00,6,1,N,2.0,Y,N,3.0,21,0,,088f39f0-83c8-4e34-8e63-f15d3eb33a5d,6a19e5eb-0f8d-4bc2-bb3b-7986ba3bfb2e,N,16.801,SFRASR00317**C,N,1,19GAH-18203-AC,4,8,N,2,0,2,GAHANNA,1,N,Y,N,4.0,N,0.031,MR,N,,N,GAHANNA,N,,0,S,HAMILTON,RD,317,SR,,,N,,,TECH CENTER,1,,,,DR,N,N,N,0,0,N,2.0,1,2,1,,179937.0,N,16.801,54,Y,99,1,2,1,F,N,N,N,0,4,44,1,0,45,1,11,20,44,0,0,0,1,6,NT,1,35,27.0,1.0,2.0,1.0,1.0,M,,2.0,45.0,1.0,20.0,,,,,,1.0,6.0,NT,1.0,45.0,,,,,,,,,,,,,0,4,,"unit1 driving hamilton , tech center . unit2 driving hamilton . driver unit1 stated hydroplaned lost control vehicle . unit1 went across center line struck front portion unit2 passenger side . unit1 came final rest side facing .",C,"[0.01915689744055271, 0.9397111535072327, 0.041131943464279175]",C,"[0.040790993720293045, 0.9573698043823242, 0.0018392369383946061]",O,"[0.9990234375, 0.00115203857421875, 0.0001323223114013672]"
468,468,193153210,"unit #1 was eb on sr 82 during a intense rain storm. driver of unit #1 stated the vehicle began to hydroplane and she lost control. unit #1 spun and slid off the road into a ditch, coming to rest against an embankment.",20193153210,2019,O,8/1/2019 0:00,4,STRUSR00082**C,S,TRU,28.42,41.226975,-80.542926,9190,97831.0,8/7/2019 0:00,13,4,N,2.0,Y,N,3.0,14,0,,,,N,28.42,STRUSR00082**C,N,1,19-005022,1,8,N,1,0,1,BROOKFIELD TOWNSHIP,1,E,Y,N,4.0,Y,1.0,CR,N,,N,BROOKFIELD TOWNSHIP,N,,0,,STATE ROUTE 82 E,,82,SR,,,N,,,BEDFORD,1,175,CR,,RD,N,N,Y,0,0,N,2.0,0,2,4,,188927.0,N,87.081,29,Y,5,4,3,1,F,N,N,N,0,2,44,1,0,60,13,8,44,45,0,0,0,1,6,NT,1,60,,,,,,,,,,,,,,,,,,,,,,,,,,,,,,,,,,0,4,,"unit1 intense rain storm . driver unit1 stated vehicle began hydroplane lost control . unit1 spun slid ditch , coming rest embankment .",O,"[0.9999176263809204, 7.850988185964525e-05, 3.807829898505588e-06]",O,"[0.9999997615814209, 2.765431474927027e-07, 2.4387686314852886e-10]",O,"[1.0, 1.7881393432617188e-07, 0.0]"
469,469,193153400,"unit # 1 was traveling sb on ir 77 at the 105.6 mp in the far left lane, lane 1. unit # 1 failed to control his vehicle, hydroplaned, ran off road left and struck the concrete positive median barrier, and then traveled across the roadway into lane 2 , the middle lane, and struck unit # 2 in the drivers side semi trailer, traveling underneath the semi trailer, continued off road right and stuck embankment. unit # 2 was traveling sb in the middle lane.",20193153400,2019,AB,8/1/2019 0:00,4,SSTAIR00077**N,S,STA,10.649,40.801464,-81.397649,12000,13375.0,8/7/2019 0:00,5,4,N,2.0,Y,Y,1.0,14,0,81400.0,b80d5ab2-5d5c-4363-9056-f4b556eae07b,27e58974-ad19-4fa1-a6b0-49ddc2466cd2,Y,10.629,SSTAIR00077**C,Y,1,1910455,1,8,N,1,1,2,CANTON,1,,Y,N,6.0,Y,0.0,,Y,,N,CANTON,N,,0,,,,77,IR,,105.6,N,,,105 6,2,,,,,N,N,N,0,0,N,1.0,0,1,3,,34445.0,N,105.631,23,Y,99,1,2,1,M,N,N,N,0,3,35,1,0,55,1,9,35,20,45,0,0,1,6,NT,1,0,34.0,1.0,1.0,2.0,1.0,M,,2.0,55.0,1.0,20.0,,,,,,1.0,6.0,NT,15.0,,,,,,,,,,,,,,0,1,,"unit1 traveling . mp far left , . unit1 failed control vehicle , hydroplaned , ran left struck concrete positive median barrier , traveled across roadway , middle , struck unit2 drivers side semi trailer , traveling underneath semi trailer , continued stuck embankment . unit2 traveling middle .",C,"[0.018676653504371643, 0.8762077689170837, 0.1051156222820282]",C,"[0.06587138772010803, 0.8691743016242981, 0.06495434790849686]",C,"[0.0025882720947265625, 0.98828125, 0.00917816162109375]"
470,470,193154551,"unit#1 was traveling east bound on youngstown rd in the center lane. unit#2 was traveling east bound on youngstown rd in the curb lane. unit#1 advised due to the heavy rain and wind she began to hydroplane. unit#1 said her car started to turn and drift into the curb lane, striking unit#2. unit#1 then went over the curb and landed in the grass. unit#2 advised she saw unit#1 hydroplane before striking her.",20193154551,2019,AB,8/1/2019 0:00,4,STRUUS00422**C,S,TRU,15.148,41.213226,-80.765774,80892,97831.0,8/6/2019 0:00,5,3,N,2.0,N,N,3.0,14,0,,,,N,15.148,STRUUS00422**C,N,1,19-21515,4,8,,2,1,2,WARREN,1,,N,N,4.0,N,0.0,,Y,4400,N,WARREN,N,,0,,YOUNGSTOWN,RD,,,,,N,,,,3,,,,,N,N,N,0,0,N,3.0,0,2,1,,319048.0,N,57.474,20,Y,1,4,3,1,F,N,N,N,0,4,0,1,0,35,1,20,0,0,0,0,0,1,6,NT,1,20,46.0,1.0,4.0,3.0,1.0,F,,2.0,35.0,1.0,20.0,,,,,,1.0,6.0,NT,4.0,15.0,,,,,,,,,,,,,0,4,,"unit1 traveling youngstown center . unit2 traveling youngstown curb . unit1 advised due heavy rain wind began hydroplane . unit1 said car started turn drift curb , striking unit2 . unit1 went curb landed grass . unit2 advised saw unit1 hydroplane striking .",C,"[0.03228282555937767, 0.9629726409912109, 0.004744478035718203]",O,"[1.0, 3.959876337944479e-08, 1.490555769090296e-11]",O,"[0.91748046875, 0.08062744140625, 0.00200653076171875]"
471,471,193160277,"unit #1 was traveling northbound on i77 in the middle lane during heavy rain. unit #1 attempted to change lanes right, hydroplaned, went off road right and struck guardrail face.",20193160277,2019,O,8/1/2019 0:00,12,SCUYIR00077**C,S,CUY,5.141,41.349632,-81.649472,9064,17668.0,8/15/2019 0:00,13,5,N,2.0,Y,Y,1.0,15,0,,,,Y,5.141,SCUYIR00077**C,N,1,2019236,1,8,N,1,0,1,BROADVIEW HEIGHTS,1,N,Y,N,6.0,Y,0.095,,N,,N,BROADVIEW HEIGHTS,N,,0,,I 77 N,,77,IR,,,N,,E,WALLINGS,1,,,,RD,N,N,N,0,0,N,1.0,0,2,1,,47022.0,N,152.283,60,Y,22,2,1,1,M,N,N,N,0,3,30,1,0,60,3,8,30,0,0,0,0,1,6,NT,4,60,,,,,,,,,,,,,,,,,,,,,,,,,,,,,,,,,,0,4,,"unit1 traveling middle heavy rain . unit1 attempted change lanes , hydroplaned , went struck guardrail face .",O,"[0.9999998807907104, 1.5726256208381528e-07, 1.9025149455842438e-08]",O,"[0.9999992847442627, 7.424795853694377e-07, 1.1758525264582431e-09]",O,"[1.0, 0.0, 0.0]"