,id,OBJECTID,Narrative,DOCUMENT_NBR,CRASH_YR,CRASH_SEVERITY_CD,CRASH_MONTH_YEAR,DISTRICT_NBR,NLFID,NLF_JUR_CD,NLF_COUNTY_CD,COUNTY_LOG_NBR,ODOT_LATITUDE_NBR,ODOT_LONGITUDE_NBR,ODOT_FIPS_CD,AREA_CODE,CRASH_DATE,CRASH_TYPE_CD,DAY_IN_WEEK_CD,DISTRACTED_DRIVER_IND,FACILITY_TYPE_CD,FHWA_RDWY_DEPARTURE_IND,FREEWAY_IND,FUNCTIONAL_CLASS_CD,HOUR_OF_CRASH,INCAPAC_INJURIES_NBR,INTERCHANGE_ID,INTERSECTION_ID_CURRENT,INTERSECTION_LEG_ID,INTERSTATE_IND,INV_LOG_NBR,INV_NLFID,IS_COMMERCIAL_RELATED,LIGHT_COND_PRIMARY_CD,LOCAL_REPORT_NUMBER_ID,MAINTENANCE_AUTHORITY_CD,MONTH_OF_CRASH,NHS_CD,NO_INJURY_REPORTED_NBR,NON_INCAPAC_INJURIES_NBR,NUMBER_OF_UNITS_NBR,ODOT_CITY_VILLAGE_TWP_NME,ODOT_CRASH_LOCATION_CD,ODOT_DIR_FROM_REF_CD,ODOT_DIV_UNDIV_IND,ODOT_INTERSECTION_REL_IND,ODOT_LANES_NBR,ODOT_MAINTAINED_HWY_IND,ODOT_MILES_FROM_REF_NBR,ODOT_REF_ROUTE_PREFIX_CD,ODOT_YOUNG_DRIVER_IND,ODPS_ADDRESS_REFERENCE,ODPS_ALCOHOL_IND,ODPS_CITY_VILLAGE_TWP_NME,ODPS_DRUG_IND,ODPS_LOC_DIR_SUFFIX_CD,ODPS_LOC_IN_WORK_ZONE_CD,ODPS_LOC_ROAD_DIRECTION_CD,ODPS_LOC_ROAD_NME,ODPS_LOC_ROAD_SUFFIX_CD,ODPS_LOC_ROUTE_ID,ODPS_LOC_ROUTE_PREFIX_CD,ODPS_LOC_ROUTE_SUFFIX_CD,ODPS_MILEPOST_REFERENCE,ODPS_MOTORCYCLE_IND,ODPS_REF_DIR_SUFFIX_CD,ODPS_REF_DIRECTION_CD,ODPS_REF_GIVEN,ODPS_REF_POINT_USED_CD,ODPS_REF_ROUTE_ID,ODPS_REF_ROUTE_PREFIX_CD,ODPS_REF_ROUTE_SUFFIX_CD,ODPS_REF_SUFFIX_CD,ODPS_SCHOOL_ZONE_IND,ODPS_SENIOR_DRIVER_IND,ODPS_SPEED_IND,ODPS_TOTAL_FATALITIES_NBR,ODPS_TYPE_OF_WORK_ZONE_CD,ODPS_WORK_ZONE_IND,OPER_ACCESS_CONTROL_CD,POSSIBLE_INJURIES_NBR,ROAD_COND_PRIMARY_CD,ROAD_CONTOUR_CD,SA_RAMP_ID,SA_SEGMENT_ID,SECONDARY_CRASH,STATE_TRUE_LOG_NBR,U1_AGE_NBR,U1_AT_FAULT_IND,U1_CONT_CIR_PRIMARY_CD,U1_DIRECTION_FROM_CD,U1_DIRECTION_TO_CD,U1_DISTRACTED_BY_1_CD,U1_GENDER_CD,U1_IS_ALCOHOL_SUSPECTED,U1_IS_MARIJUANA_SUSPECTED,U1_IS_OTHER_DRUG_SUSPECTED,U1_NON_MOTORIST_LOC_CD,U1_NUMBER_OF_THRU_LANES,U1_OBJECT_STRUCK,U1_ODPS_UNIT_NBR,U1_OPERATINGIN_AUTONOMOUS_MODE,U1_POSTED_SPEED_NBR,U1_PRECRASH_ACTION_CD,U1_SEQ_OF_EVENTS_1_CD,U1_SEQ_OF_EVENTS_2_CD,U1_SEQ_OF_EVENTS_3_CD,U1_SEQ_OF_EVENTS_4_CD,U1_SEQ_OF_EVENTS_5_CD,U1_SEQ_OF_EVENTS_6_CD,U1_SPECIAL_FUNCTION_CD,U1_TRAFFIC_CONTROL_CD,U1_TURN_CD,U1_TYPE_OF_UNIT_CD,U1_UNIT_SPEED_NBR,U2_AGE_NBR,U2_CONT_CIR_PRIMARY_CD,U2_DIRECTION_FROM_CD,U2_DIRECTION_TO_CD,U2_DISTRACTED_BY_1_CD,U2_GENDER_CD,U2_NON_MOTORIST_LOC_CD,U2_ODPS_UNIT_NBR,U2_POSTED_SPEED_NBR,U2_PRECRASH_ACTION_CD,U2_SEQ_OF_EVENTS_1_CD,U2_SEQ_OF_EVENTS_2_CD,U2_SEQ_OF_EVENTS_3_CD,U2_SEQ_OF_EVENTS_4_CD,U2_SEQ_OF_EVENTS_5_CD,U2_SEQ_OF_EVENTS_6_CD,U2_SPECIAL_FUNCTION_CD,U2_TRAFFIC_CONTROL_CD,U2_TURN_CD,U2_TYPE_OF_UNIT_CD,U2_UNIT_SPEED_NBR,U3_CONT_CIR_PRIMARY_CD,U3_ODPS_UNIT_NBR,U3_PRECRASH_ACTION_CD,U3_SEQ_OF_EVENTS_1_CD,U3_SEQ_OF_EVENTS_2_CD,U3_SEQ_OF_EVENTS_3_CD,U3_SEQ_OF_EVENTS_4_CD,U3_SEQ_OF_EVENTS_5_CD,U3_SEQ_OF_EVENTS_6_CD,U3_SPECIAL_FUNCTION_CD,U3_TRAFFIC_CONTROL_CD,U3_TYPE_OF_UNIT_CD,UNRESTRAIN_OCCUPANTS,WEATHER_COND_CD,V1,clean_Narrative,BERT_predictions,BERT_prediction_probabilities,RoBERTa_predictions,RoBERTa_predictions_probabilities,distilBERT_predictions,distilBERT_predictions_probabilities
472,472,193161750,unit #1 stated she was north bound ir 71 in either lane 2 or 3 when the vehicle hydroplaned and swerved to the left causing the vehicle to strike the center median wall several times before coming to a stop on the left hand berm.,20193161750,2019,O,8/1/2019 0:00,12,SCUYIR00071**C,S,CUY,15.283,41.4461,-81.741148,9246,17668.0,8/17/2019 0:00,13,7,N,2.0,Y,Y,1.0,14,0,,,,Y,15.283,SCUYIR00071**C,N,1,1920040207,1,8,N,3,0,1,BROOKLYN,1,N,Y,N,8.0,Y,0.009,,N,,N,BROOKLYN,N,,0,N,71 NB,HWY,71,IR,,243.8,N,,,243 8,2,,,,,N,N,Y,0,0,N,1.0,0,2,3,,45283.0,N,243.974,26,Y,11,2,1,1,F,N,N,N,0,4,35,1,2,60,1,9,35,0,0,0,0,1,6,NT,1,70,,,,,,,,,,,,,,,,,,,,,,,,,,,,,,,,,,0,4,,unit1 stated either vehicle hydroplaned swerved left causing vehicle strike center median wall several times coming stop left berm .,C,"[5.0840157200582325e-05, 0.9997994303703308, 0.000149726532981731]",C,"[0.003559970762580633, 0.9926262497901917, 0.0038138022646307945]",C,"[0.017974853515625, 0.958984375, 0.0235443115234375]"
473,473,193162641,"unit #1 was traveling ir 480 w/b in inclement weather at the stated speed of 68 mph. unit #1 began to hydroplane, drove off the roadway into the grass median and struck a light pole. no injuries were reported. hilltop garage towed the vehicle.",20193162641,2019,O,8/1/2019 0:00,12,SCUYIR00480**N,S,CUY,19.439,41.411443,-81.618035,29428,17668.0,8/15/2019 0:00,13,5,N,2.0,Y,Y,1.0,14,0,,fe2fafa1-dbf7-4c1f-889b-e7107da2df14,0df4bc45-18fd-4793-b4da-6dbd94b911f9,Y,19.456,SCUYIR00480**C,N,1,201900026,1,8,N,2,0,1,GARFIELD HEIGHTS,1,E,Y,N,8.0,Y,0.047,,N,,N,BROOKLYN HEIGHTS,N,,0,,,,480,IR,,19.4,N,,,19 4,2,,,,,N,N,Y,0,0,N,1.0,0,2,1,,39773.0,N,21.743,53,Y,11,3,4,1,M,N,N,N,0,4,39,1,2,60,1,9,39,0,0,0,0,1,6,NT,1,68,,,,,,,,,,,,,,,,,,,,,,,,,,,,,,,,,,0,4,,"unit1 traveling inclement weather stated speed mph . unit1 began hydroplane , drove roadway grass median struck light pole . injuries reported . hilltop garage towed vehicle .",O,"[0.9999998807907104, 8.046760768820604e-08, 2.1863925780962745e-08]",O,"[1.0, 3.0718949606267643e-09, 1.1837929725019847e-12]",O,"[1.0, 0.0, 0.0]"
474,474,193163187,unit #1 was nb on i-71 in the left lane. unit #1 hit a puddle and hydroplaned. unit #1 spun around all 4 lanes. unit #2 was in the center lane behind unit #1. unit #2 slowed down and stayed in the center lane. unit #1 struck unit #2 before it's driver regained control.,20193163187,2019,C,8/1/2019 0:00,8,SHAMIR00071**C,S,HAM,16.129,39.253783,-84.364141,51716,16885.0,8/17/2019 0:00,5,7,N,2.0,N,Y,1.0,15,0,,ab0e8ca5-ea0f-4d3f-964f-abac9e94b407,a4d483a9-92ee-4ada-a569-dd44e55ed182,Y,16.129,SHAMIR00071**C,N,1,2.019E+12,1,8,N,1,0,2,MONTGOMERY,1,,Y,N,6.0,Y,0.0,,Y,,N,MONTGOMERY,N,,0,N,I71 Nb Exwy,HWY,71,IR,,16.1,N,,,16 1,2,,,,,N,N,Y,0,0,N,2.0,1,2,1,,39485.0,N,16.129,22,Y,5,2,1,1,M,N,N,N,0,3,0,1,0,65,1,20,0,0,0,0,0,1,6,NT,1,40,61.0,1.0,2.0,1.0,1.0,F,,2.0,65.0,11.0,20.0,,,,,,1.0,6.0,NT,1.0,35.0,,,,,,,,,,,,,0,4,,unit1 left . unit1 hit puddle hydroplaned . unit1 spun around lanes . unit2 center behind unit1 . unit2 slowed stayed center . unit1 struck unit2 's driver regained control .,C,"[0.033288370817899704, 0.9601830840110779, 0.0065284473821520805]",C,"[0.029082925990223885, 0.9247397184371948, 0.04617740958929062]",C,"[0.05926513671875, 0.91259765625, 0.027984619140625]"
475,475,193163304,"unit #3 was wb on ir 70 wb in lane #1 (far left lane) and had stopped due to heavy traffic stopping ahead of him in his lane. unit #2 was wb in lane #1 and had stopped directly behind unit #3. unit #1 was wb in lane #1 behind unit #2, then struck the rear of unit #2 forcing unit #2 forward into the rear of unit #3. the driver of unit #1 told reporting officer that his vehicle began hydroplaning on the wet roadway just prior to this accident and that he was unable to get stopped prior to striking the rear of unit #2. the driver of unit #1 complained of soreness to his chest, possibly from his seatbelt tightening and his vehicle's airbag deployment, but did not request to have paramedics respond to check him at the scene. cpd officer robet perry #1568 assisted reporting officer at the scene and issued a citation to the driver of unit #1 for acda, section 2133.03a, ccc, mm, citation #1761976.",20193163304,2019,AB,8/1/2019 0:00,6,SFRAIR00070**N,S,FRA,15.97,39.953662,-82.962779,18000,19234.0,8/14/2019 0:00,2,4,N,2.0,N,Y,1.0,17,0,26900.0,,,Y,15.97,SFRAIR00070**C,N,1,190679274,1,8,N,1,1,3,COLUMBUS,1,W,Y,N,8.0,Y,0.092,,Y,,N,COLUMBUS,N,,0,,I 70 E,,70,IR,,,N,,,MILLER,1,,,,AVE,N,N,Y,0,0,N,1.0,1,2,1,,56427.0,N,101.997,19,Y,8,3,4,1,M,N,N,N,0,4,0,1,0,55,1,20,0,0,0,0,0,1,6,NT,1,60,28.0,1.0,3.0,4.0,1.0,M,,2.0,55.0,11.0,20.0,20.0,,,,,1.0,6.0,NT,1.0,0.0,1.0,3.0,11.0,20.0,,,,,,1.0,6.0,4.0,0,1,,"unit3 stopped due heavy traffic stopping ahead . unit2 stopped directly behind unit3 . unit1 behind unit2 , struck rear unit2 forcing unit2 forward rear unit3 . driver unit1 told reporting officer vehicle began hydroplaning wet roadway prior accident unable get stopped prior striking rear unit2 . driver unit1 complained soreness chest , possibly seatbelt tightening vehicle 's airbag deployment , request paramedics respond check scene . cpd officer robet perry assisted reporting officer scene issued citation driver unit1 acda , section .3a , ccc , mm , citation .",C,"[0.019238494336605072, 0.9806337952613831, 0.00012780181714333594]",C,"[4.392073151393561e-06, 0.9999955892562866, 2.0775015485696713e-08]",C,"[8.165836334228516e-06, 1.0, 5.364418029785156e-07]"
476,476,193169081,"driver of unit number one stated that he was driving down 271s and began to merge onto 480e when his vehicle hydroplane causing him to strike the wall on the passenger side of his vehicle, then coming back across the lanes hitting the wall with the driver side of his vehicle and finally coming to a rest.",20193169081,2019,C,8/1/2019 0:00,12,SCUYIR00480**C,S,CUY,29.912,41.351465,-81.512048,57750,17668.0,8/17/2019 0:00,13,7,N,2.0,Y,Y,1.0,16,0,18100.0,,,Y,29.912,SCUYIR00480**C,N,1,190819,1,8,N,0,0,1,OAKWOOD,1,,Y,N,4.0,Y,0.0,,Y,,N,OAKWOOD,N,,4,,IR 480,HWY,480,IR,,32.0,N,,,32 0,2,,,,,N,N,N,0,3,Y,1.0,1,2,4,,128882.0,N,32.216,24,Y,9,1,2,1,M,N,N,N,0,2,51,1,0,55,1,8,51,9,51,0,0,1,6,NT,1,50,,,,,,,,,,,,,,,,,,,,,,,,,,,,,,,,,,0,4,,"driver unit number one stated driving 271s began merge onto 48e vehicle hydroplane causing strike wall passenger side vehicle , coming back across lanes hitting wall driver side vehicle finally coming rest .",C,"[0.03444001451134682, 0.9630609154701233, 0.002499098889529705]",O,"[0.9781984090805054, 0.021474473178386688, 0.00032706611091271043]",C,"[0.364013671875, 0.62060546875, 0.015716552734375]"
477,477,193170093,unit #1 was traveling s/b on the on ramp to rt 11 from e 21 st. unit #1 hydroplaned and lost control veering off-road right into a ditch.,20193170093,2019,O,7/1/2019 0:00,4,TATBTR00399**C,T,ATB,0.231,41.88864,-80.78192,2638,99704.0,7/20/2019 0:00,13,7,N,,Y,N,5.0,6,0,3500.0,80326cfa-d181-49f0-87e2-99cae89aff4d,83af2200-3a2f-453d-a00f-bad01237e1d3,N,0.231,TATBTR00399**C,N,2,20190154,4,7,,1,0,1,ASHTABULA,1,S,N,N,4.0,N,0.009,RA,N,,N,ASHTABULA,N,,0,W,21ST,ST,,,,,N,,,,1,11,SR,,,N,N,N,0,0,N,,0,2,4,,336626.0,N,0.231,30,Y,11,1,2,0,M,N,N,N,0,1,44,1,0,35,1,8,44,0,0,0,0,1,6,NT,1,0,,,,,,,,,,,,,,,,,,,,,,,,,,,,,,,,,,0,4,,unit1 traveling ramp unit1 hydroplaned lost control veering ditch .,O,"[0.9634660482406616, 0.033079829066991806, 0.0034541133791208267]",C,"[0.21478141844272614, 0.7792853116989136, 0.005933297332376242]",O,"[1.0, 0.0003571510314941406, 1.5556812286376953e-05]"
478,478,193170993,"unit 1 was traveling on sr 32, wb, near the nb 275 on ramp, and hydroplaned. unit 1 failed to control and traveled off of the right side of the roadway and into the grass roughly 40 yards before final rest.",20193170993,2019,O,8/1/2019 0:00,8,SCLESR00032**N,S,CLE,2.062,39.098493,-84.274298,78288,16885.0,8/26/2019 0:00,17,2,N,2.0,Y,N,3.0,18,0,10500.0,92efc83a-fcad-414a-96fd-e67a9d3e5063,035b7ee2-5b51-4274-8b60-0f263435acb9,N,2.063,SCLESR00032**C,N,1,2.019E+13,1,8,N,2,0,1,UNION TOWNSHIP,1,N,Y,N,4.0,Y,0.028,RA,Y,,N,UNION TOWNSHIP,N,,0,,,,32,SR,,,N,,,I 275 N,1,275,IR,,,N,N,Y,0,0,N,2.0,0,2,1,,150964.0,N,9.585,17,Y,11,3,9,1,M,N,N,N,0,2,0,1,0,55,1,8,0,0,0,0,0,1,6,NT,1,58,,,,,,,,,,,,,,,,,,,,,,,,,,,,,,,,,,0,4,,"unit1 traveling , , near ramp , hydroplaned . unit1 failed control traveled side roadway grass roughly yards final rest .",O,"[0.9968891739845276, 0.0029237018898129463, 0.00018722731329035014]",O,"[0.9626398086547852, 0.035716522485017776, 0.0016436721198260784]",O,"[0.990234375, 0.00884246826171875, 0.0004611015319824219]"
479,479,193173817,unit 1 traveled on the interstate (ir) 70 eastbound (eb) exit ramp to kelton ave west of mile post 102. unit 1 driver stated unit 1 hit collected water at the base of the ramp and hydroplaned / lost traction. unit 1 driver failed to control unit1 and struck the cement retaining wall on the right (south) side of the ramp. unit 1 came to rest along the cement retaining wall. there was not apparent damage to the cement retaining wall that was struck by unit 1.,20193173817,2019,O,8/1/2019 0:00,6,SFRAIR00070**C,S,FRA,15.899,39.953516,-82.964327,18000,19234.0,8/26/2019 0:00,13,2,N,2.0,Y,Y,1.0,22,0,26900.0,7284085e-60b1-47e0-be18-37b7448fec53,6ee5592c-2b63-49aa-9afc-c132dd6f8d89,Y,15.899,SFRAIR00070**C,N,3,190718745,1,8,N,1,0,1,COLUMBUS,1,W,Y,N,8.0,Y,0.061,,Y,,N,COLUMBUS,N,,0,,,,70,IR,,102.0,N,,,102,2,,,,,N,N,N,0,0,N,1.0,0,2,2,,56427.0,N,101.926,20,Y,99,4,3,1,F,N,N,N,0,1,51,1,0,55,1,51,0,0,0,0,0,1,6,NT,1,40,,,,,,,,,,,,,,,,,,,,,,,,,,,,,,,,,,0,4,,unit1 traveled interstate exit ramp kelton mile post . unit1 driver stated unit1 hit collected water base ramp hydroplaned lost traction . unit1 driver failed control unit1 struck cement retaining wall side ramp . unit1 came rest along cement retaining wall . apparent damage cement retaining wall struck unit1 .,O,"[0.9712725281715393, 0.02637597732245922, 0.0023514670319855213]",O,"[0.9969573020935059, 0.0030297827906906605, 1.3004972970520612e-05]",O,"[1.0, 5.960464477539063e-08, 0.0]"
480,480,193175528,the driver of unit #2 stated that he was traveling north on i-77 in the right lane and attempted to change into the middle lane. unit #2 was also traveling n/b on i.77 in the middle lane. the driver of unit #2 stated that the vehicle hydroplaned and he lost control of it which caused his vehicle to strike unit #1.,20193175528,2019,O,8/1/2019 0:00,4,SSUMIR00077**C,S,SUM,22.906,41.131182,-81.651652,18658,766.0,8/6/2019 0:00,2,3,N,2.0,N,Y,1.0,16,0,,,,Y,22.906,SSUMIR00077**C,Y,1,21908025,1,8,N,2,0,2,COPLEY TOWNSHIP,1,S,Y,N,6.0,Y,0.17,,Y,,N,COPLEY TOWNSHIP,N,,0,,,,77,IR,,137.0,N,,,137,2,,,,,N,N,Y,0,0,N,1.0,0,2,2,,91298.0,N,136.428,24,Y,5,2,1,1,M,N,N,N,0,3,0,2,2,65,1,20,0,0,0,0,0,1,6,NT,3,60,56.0,1.0,2.0,1.0,1.0,M,,1.0,65.0,1.0,20.0,,,,,,1.0,6.0,NT,15.0,55.0,,,,,,,,,,,,,0,4,,driver unit2 stated traveling attempted change middle . unit2 also traveling i. middle . driver unit2 stated vehicle hydroplaned lost control caused vehicle strike unit1 .,C,"[0.00958309043198824, 0.9857389330863953, 0.004677876364439726]",O,"[0.9842795133590698, 0.015541228465735912, 0.0001792797411326319]",O,"[0.83447265625, 0.1602783203125, 0.005001068115234375]"
481,481,193176678,"unit 1 was traveling northbound on state route 315 in the center lane, just north of king avenue. unit 1 hydroplaned due to a puddle of water, causing unit 1 to swerve into the right lane, striking unit 2 on unit 2's left side (shattering unit 1's rear right passenger side window). unit 1 subsequently spun out, causing unit 1's left rear side to strike the guard rail on the right side of 315 n/b. unit 1 then spins out again, causing unit 1 to travel into the left lane and strike unit 3 on unit 3's front right side. unit 1 then bounces off unit 3, and strikes unit 4 on unit 4's right rear side (attached trailer for unit 3). the driver of unit 1 was issued a citation for ctc 2131.33 (a) failure to control via mail.",20193176678,2019,O,8/1/2019 0:00,6,SFRASR00315**C,S,FRA,3.268,39.992761,-83.024671,18000,19234.0,8/26/2019 0:00,5,2,N,2.0,N,Y,2.0,14,0,34100.0,,,N,3.268,SFRASR00315**C,N,1,190717436,4,8,N,7,0,4,COLUMBUS,1,N,Y,N,6.0,N,0.095,,N,,N,COLUMBUS,N,,0,,,,315,SR,,,N,,,KING,1,,,,AVE,N,N,Y,0,0,N,1.0,0,2,1,,329318.0,N,3.268,36,Y,99,2,1,1,F,N,N,N,0,3,30,1,0,55,1,13,20,30,20,23,0,1,6,NT,3,60,64.0,1.0,2.0,1.0,1.0,M,,2.0,60.0,1.0,20.0,,,,,,1.0,6.0,NT,20.0,55.0,1.0,3.0,1.0,20.0,,,,,,1.0,6.0,99.0,0,4,,"unit1 traveling state center , king . unit1 hydroplaned due puddle water , causing unit1 swerve , striking unit2 unit2 's left side . unit1 subsequently spun , causing unit1 's left rear side strike guard rail side n b. unit1 spins , causing unit1 travel left strike unit3 unit3 's front side . unit1 bounces unit3 , strikes unit4 unit4 's rear side . driver unit1 issued citation ctc . failure control via mail .",C,"[0.09076658636331558, 0.9010022878646851, 0.008231135085225105]",C,"[0.05479590594768524, 0.9436554312705994, 0.0015486694173887372]",C,"[0.026397705078125, 0.9658203125, 0.007259368896484375]"
482,482,193186779,unit #1 was traveling west on i.r. 76. unit #1 hydroplaned due to the heavy rainfall and spun out of control. unit #1 hit the concrete barrier on the south side of the road. the vehicle came to a stop on the north side of the road.,20193186779,2019,O,9/1/2019 0:00,4,SSUMIR00076**N,S,SUM,1.017,41.04011,-81.668757,57260,766.0,9/13/2019 0:00,13,6,N,2.0,Y,Y,1.0,23,0,,,,Y,1.007,SSUMIR00076**C,N,3,21909075,1,9,N,1,0,1,NORTON,1,W,Y,N,6.0,Y,0.114,,N,,N,NORTON,N,,0,,I 76 E,,76,IR,,,N,,,HAMETOWN,1,,,,RD,N,N,N,0,0,N,1.0,0,2,4,,81338.0,N,13.165,54,Y,11,3,4,1,M,N,N,N,0,3,35,1,2,65,1,9,35,0,0,0,0,1,6,NT,1,50,,,,,,,,,,,,,,,,,,,,,,,,,,,,,,,,,,0,4,,unit1 traveling i.r . . unit1 hydroplaned due heavy rainfall spun control . unit1 hit concrete barrier side . vehicle came stop side .,O,"[0.9997324347496033, 0.0002544770250096917, 1.3167144061299041e-05]",C,"[0.1814240962266922, 0.8169639706611633, 0.0016119407955557108]",O,"[1.0, 0.00035858154296875, 2.9802322387695312e-05]"
483,483,193187803,"unit #1 was stopped in traffic, w/b on sr 283 (lakeshore blvd), waiting to make a left turn onto e.330th st. unit #2 was traveling w/b on sr 283 (lakeshore blvd). the driver of unit #2 failed to maintain an assured clear distance and struck unit #1 from behind. the driver of unit #2 stated that it had just rained very hard, and he hydroplaned into unit #1. accident was not recorded at the scene, unit #2's information was taken over the phone; no pictures to attach.",20193187803,2019,O,9/1/2019 0:00,12,SLAKSR00283**C,S,LAK,2.226,41.651754,-81.462065,85638,17668.0,9/6/2019 0:00,2,6,N,2.0,N,N,4.0,15,0,,14a1180c-9e8c-44f4-a917-a7dcd61ad31d,384dd68f-3bf4-41ea-861c-62c8c6381379,N,2.226,SLAKSR00283**C,N,1,AR1909134,4,9,,4,0,2,WILLOWICK,1,,N,N,2.0,N,0.0,MR,Y,,N,WILLOWICK,N,,0,,,,283,SR,,,N,,E,330TH,1,,,,ST,N,N,N,0,0,N,3.0,0,2,1,,195334.0,N,14.447,21,Y,8,3,4,1,M,N,N,N,0,2,0,2,2,35,1,20,0,0,0,0,0,1,6,NT,1,35,22.0,1.0,3.0,4.0,1.0,M,,1.0,35.0,11.0,20.0,,,,,,1.0,6.0,NT,1.0,,,,,,,,,,,,,,0,2,,"unit1 stopped traffic , , waiting make left turn onto e. unit2 traveling . driver unit2 failed maintain assured clear distance struck unit1 behind . driver unit2 stated rained hard , hydroplaned unit1 . accident recorded scene , unit2 's information taken phone ; pictures attach .",O,"[0.7324044704437256, 0.2648039758205414, 0.002791536273434758]",C,"[0.07718484848737717, 0.9223507046699524, 0.0004644686996471137]",O,"[1.0, 3.3736228942871094e-05, 1.5497207641601562e-06]"
484,484,193191734,the driver of unit 1 stated she traveling eastbound on i-70 e just west of exit 93 in the rain when she lost control of the vehicle and hydroplaned into the north-side guardrail. there was no damage to city/state property. the driver of unit 1 was transported by cfd medic 26 to grant medical center in stable condition for treatment by dr. jiang for possible minor injuries.,20193191734,2019,AB,9/1/2019 0:00,6,SFRAIR00070**C,S,FRA,4.871,39.977416,-83.157639,18000,19234.0,9/21/2019 0:00,13,7,N,2.0,Y,Y,1.0,18,0,,,,Y,4.871,SFRAIR00070**C,N,1,190801194,1,9,N,0,1,1,COLUMBUS,1,W,Y,N,6.0,Y,0.4,,Y,,N,COLUMBUS,N,,0,,,,70,IR,,,N,,,Hilliard Rome,1,,,,RD,N,N,Y,0,0,N,1.0,0,2,1,,45240.0,N,90.898,19,Y,11,4,3,1,F,N,N,N,0,4,41,1,0,65,1,41,0,0,0,0,0,1,6,NT,1,75,,,,,,,,,,,,,,,,,,,,,,,,,,,,,,,,,,0,4,,driver unit1 stated traveling exit rain lost control vehicle hydroplaned side guardrail . damage city state property . driver unit1 transported cfd medic grant medical center stable condition treatment . jiang possible minor injuries .,C,"[8.49194208285553e-08, 0.9999997615814209, 1.4744945531219855e-07]",C,"[1.084229381831392e-07, 0.9999995231628418, 4.098579609035369e-07]",C,"[5.960464477539063e-08, 1.0, 0.0]"
485,485,193195290,"unit 01 was stopped, traveling westbound in the northern most lane of i-70 at mile marker 155 to continue through the city of zanesville. failed to obey traffic control device by remaining in the right lane while traveling through city limits. unit 02 was traveling westbound behind unit 01 to take maple off ramp. unit 02 then hydroplaned and failed to maintain assured clear distance ahead and struck unit 01 in the rear. unit 02 received disabling damage. unit 01 received minor damage to the rear end of the trailer.",20193195290,2019,AB,9/1/2019 0:00,5,SMUSIR00070**N,S,MUS,12.014,39.944667,-82.001953,88084,99786.0,9/1/2019 0:00,2,1,N,2.0,N,Y,1.0,9,0,72860.0,,,Y,12.091,SMUSIR00070**C,Y,1,19-023864,1,9,N,1,1,2,ZANESVILLE,1,E,Y,N,4.0,Y,0.011,,Y,,N,ZANESVILLE,N,,0,,,,70,IR,,155.0,N,,,,2,,,,,N,N,N,0,0,N,1.0,0,2,2,,39444.0,N,154.799,19,Y,8,3,4,1,F,N,N,N,0,1,0,2,0,55,1,20,0,0,0,0,0,1,6,NT,1,55,59.0,99.0,3.0,4.0,1.0,M,,1.0,,11.0,20.0,,,,,,1.0,6.0,NT,15.0,,,,,,,,,,,,,,0,4,,"unit1 stopped , traveling northern mile marker continue city zanesville . failed obey traffic control device remaining traveling city limits . unit2 traveling behind unit1 take maple ramp . unit2 hydroplaned failed maintain assured clear distance ahead struck unit1 rear . unit2 received disabling damage . unit1 received minor damage rear end trailer .",O,"[0.8255559802055359, 0.1702156364917755, 0.004228307865560055]",C,"[0.019272804260253906, 0.9783025979995728, 0.0024245879612863064]",O,"[0.9697265625, 0.026702880859375, 0.0033626556396484375]"
486,486,193197590,unit 1 was traveling northbound on sr 104 when the vehicle hydroplaned and crashed into a guardrail.,20193197590,2019,AB,9/1/2019 0:00,6,SPICSR00104**C,S,PIC,13.0,39.685215,-83.004912,37982,99999.0,9/29/2019 0:00,13,1,N,2.0,Y,N,5.0,18,0,,,,N,13.0,SPICSR00104**C,N,4,AC09190054,1,9,,0,1,1,JACKSON TOWNSHIP,1,,N,N,2.0,Y,0.0,,Y,,N,JACKSON TOWNSHIP,N,,0,,,,104,SR,,13.0,N,,,13,2,,,,,N,N,N,0,0,N,3.0,0,2,3,,186941.0,N,73.53,17,Y,11,2,1,1,F,N,N,N,0,2,30,1,0,55,1,8,31,30,0,0,0,1,6,NT,1,35,,,,,,,,,,,,,,,,,,,,,,,,,,,,,,,,,,0,4,,unit1 traveling vehicle hydroplaned crashed guardrail .,O,"[0.997032880783081, 0.0027612533885985613, 0.00020590057829394937]",C,"[0.20569567382335663, 0.7933293581008911, 0.0009749800665304065]",O,"[0.9990234375, 0.0006361007690429688, 4.464387893676758e-05]"
487,487,193198302,"unit #1 was traveling eastbound on i-480 near tiedeman road. unit #1 hydroplaned, ran off the road to the right and struck the barrier.",20193198302,2019,O,12/1/2019 0:00,12,SCUYIR00480**C,S,CUY,11.617,41.42591,-81.7614,9246,17668.0,12/29/2019 0:00,13,1,N,2.0,Y,Y,1.0,9,0,19800.0,,,Y,11.617,SCUYIR00480**C,N,1,1920091362,1,12,N,2,0,1,BROOKLYN,1,W,Y,N,8.0,Y,0.009,,N,,N,BROOKLYN,N,,0,,I 480 E,,480,IR,,,N,,,TIEDEMAN,1,,,,RD,N,N,Y,0,0,N,1.0,0,2,1,,56982.0,N,13.921,33,Y,5,4,3,1,M,N,N,N,0,4,34,1,0,60,1,8,34,0,0,0,0,1,6,NT,4,60,,,,,,,,,,,,,,,,,,,,,,,,,,,,,,,,,,0,4,,"unit1 traveling near tiedeman . unit1 hydroplaned , ran struck barrier .",O,"[0.9630352258682251, 0.03405047953128815, 0.0029142512939870358]",C,"[0.03720284253358841, 0.9483816027641296, 0.01441557053476572]",O,"[1.0, 9.238719940185547e-06, 7.748603820800781e-07]"