,id,OBJECTID,Narrative,DOCUMENT_NBR,CRASH_YR,CRASH_SEVERITY_CD,CRASH_MONTH_YEAR,DISTRICT_NBR,NLFID,NLF_JUR_CD,NLF_COUNTY_CD,COUNTY_LOG_NBR,ODOT_LATITUDE_NBR,ODOT_LONGITUDE_NBR,ODOT_FIPS_CD,AREA_CODE,CRASH_DATE,CRASH_TYPE_CD,DAY_IN_WEEK_CD,DISTRACTED_DRIVER_IND,FACILITY_TYPE_CD,FHWA_RDWY_DEPARTURE_IND,FREEWAY_IND,FUNCTIONAL_CLASS_CD,HOUR_OF_CRASH,INCAPAC_INJURIES_NBR,INTERCHANGE_ID,INTERSECTION_ID_CURRENT,INTERSECTION_LEG_ID,INTERSTATE_IND,INV_LOG_NBR,INV_NLFID,IS_COMMERCIAL_RELATED,LIGHT_COND_PRIMARY_CD,LOCAL_REPORT_NUMBER_ID,MAINTENANCE_AUTHORITY_CD,MONTH_OF_CRASH,NHS_CD,NO_INJURY_REPORTED_NBR,NON_INCAPAC_INJURIES_NBR,NUMBER_OF_UNITS_NBR,ODOT_CITY_VILLAGE_TWP_NME,ODOT_CRASH_LOCATION_CD,ODOT_DIR_FROM_REF_CD,ODOT_DIV_UNDIV_IND,ODOT_INTERSECTION_REL_IND,ODOT_LANES_NBR,ODOT_MAINTAINED_HWY_IND,ODOT_MILES_FROM_REF_NBR,ODOT_REF_ROUTE_PREFIX_CD,ODOT_YOUNG_DRIVER_IND,ODPS_ADDRESS_REFERENCE,ODPS_ALCOHOL_IND,ODPS_CITY_VILLAGE_TWP_NME,ODPS_DRUG_IND,ODPS_LOC_DIR_SUFFIX_CD,ODPS_LOC_IN_WORK_ZONE_CD,ODPS_LOC_ROAD_DIRECTION_CD,ODPS_LOC_ROAD_NME,ODPS_LOC_ROAD_SUFFIX_CD,ODPS_LOC_ROUTE_ID,ODPS_LOC_ROUTE_PREFIX_CD,ODPS_LOC_ROUTE_SUFFIX_CD,ODPS_MILEPOST_REFERENCE,ODPS_MOTORCYCLE_IND,ODPS_REF_DIR_SUFFIX_CD,ODPS_REF_DIRECTION_CD,ODPS_REF_GIVEN,ODPS_REF_POINT_USED_CD,ODPS_REF_ROUTE_ID,ODPS_REF_ROUTE_PREFIX_CD,ODPS_REF_ROUTE_SUFFIX_CD,ODPS_REF_SUFFIX_CD,ODPS_SCHOOL_ZONE_IND,ODPS_SENIOR_DRIVER_IND,ODPS_SPEED_IND,ODPS_TOTAL_FATALITIES_NBR,ODPS_TYPE_OF_WORK_ZONE_CD,ODPS_WORK_ZONE_IND,OPER_ACCESS_CONTROL_CD,POSSIBLE_INJURIES_NBR,ROAD_COND_PRIMARY_CD,ROAD_CONTOUR_CD,SA_RAMP_ID,SA_SEGMENT_ID,SECONDARY_CRASH,STATE_TRUE_LOG_NBR,U1_AGE_NBR,U1_AT_FAULT_IND,U1_CONT_CIR_PRIMARY_CD,U1_DIRECTION_FROM_CD,U1_DIRECTION_TO_CD,U1_DISTRACTED_BY_1_CD,U1_GENDER_CD,U1_IS_ALCOHOL_SUSPECTED,U1_IS_MARIJUANA_SUSPECTED,U1_IS_OTHER_DRUG_SUSPECTED,U1_NON_MOTORIST_LOC_CD,U1_NUMBER_OF_THRU_LANES,U1_OBJECT_STRUCK,U1_ODPS_UNIT_NBR,U1_OPERATINGIN_AUTONOMOUS_MODE,U1_POSTED_SPEED_NBR,U1_PRECRASH_ACTION_CD,U1_SEQ_OF_EVENTS_1_CD,U1_SEQ_OF_EVENTS_2_CD,U1_SEQ_OF_EVENTS_3_CD,U1_SEQ_OF_EVENTS_4_CD,U1_SEQ_OF_EVENTS_5_CD,U1_SEQ_OF_EVENTS_6_CD,U1_SPECIAL_FUNCTION_CD,U1_TRAFFIC_CONTROL_CD,U1_TURN_CD,U1_TYPE_OF_UNIT_CD,U1_UNIT_SPEED_NBR,U2_AGE_NBR,U2_CONT_CIR_PRIMARY_CD,U2_DIRECTION_FROM_CD,U2_DIRECTION_TO_CD,U2_DISTRACTED_BY_1_CD,U2_GENDER_CD,U2_NON_MOTORIST_LOC_CD,U2_ODPS_UNIT_NBR,U2_POSTED_SPEED_NBR,U2_PRECRASH_ACTION_CD,U2_SEQ_OF_EVENTS_1_CD,U2_SEQ_OF_EVENTS_2_CD,U2_SEQ_OF_EVENTS_3_CD,U2_SEQ_OF_EVENTS_4_CD,U2_SEQ_OF_EVENTS_5_CD,U2_SEQ_OF_EVENTS_6_CD,U2_SPECIAL_FUNCTION_CD,U2_TRAFFIC_CONTROL_CD,U2_TURN_CD,U2_TYPE_OF_UNIT_CD,U2_UNIT_SPEED_NBR,U3_CONT_CIR_PRIMARY_CD,U3_ODPS_UNIT_NBR,U3_PRECRASH_ACTION_CD,U3_SEQ_OF_EVENTS_1_CD,U3_SEQ_OF_EVENTS_2_CD,U3_SEQ_OF_EVENTS_3_CD,U3_SEQ_OF_EVENTS_4_CD,U3_SEQ_OF_EVENTS_5_CD,U3_SEQ_OF_EVENTS_6_CD,U3_SPECIAL_FUNCTION_CD,U3_TRAFFIC_CONTROL_CD,U3_TYPE_OF_UNIT_CD,UNRESTRAIN_OCCUPANTS,WEATHER_COND_CD,V1,clean_Narrative,BERT_predictions,BERT_prediction_probabilities,RoBERTa_predictions,RoBERTa_predictions_probabilities,distilBERT_predictions,distilBERT_predictions_probabilities
488,488,193201355,"on 10-2-19, unit #3, unit #2 & unit #1 were traveling s b on pearl rd. at whitney rd. in the inner lane and unit #4 was traveling in the same direction in the outer lane. unit #3 and unit #2 came to a stop in traffic, unit #1 which was traveling directly behind unit #2, applied his brakes, however he states he hydroplaned on the rain slicked ground. this cause unit #1 to strike unit #2, which pushed unit #2 into unit #3. unit #1 was then ricocheted back into the outer curb lane from the impact, striking unit #4.",20193201355,2019,C,10/1/2019 0:00,12,SCUYUS00042**C,S,CUY,4.835,41.342904,-81.826782,75098,17668.0,10/2/2019 0:00,2,4,N,2.0,N,N,3.0,16,0,,35a1cf5c-e43b-4d50-9c51-fea55c5fdd98,880b981d-2e05-45c4-86ae-f4de29afbba4,N,4.835,SCUYUS00042**C,N,1,19094959,4,10,N,3,0,4,STRONGSVILLE,2,S,N,Y,4.0,N,0.0,CR,N,,N,STRONGSVILLE,N,,0,,PEARL,RD,42,US,,,N,,,WHITNEY,1,,,,RD,N,Y,N,0,0,N,3.0,1,2,1,,242659.0,N,230.624,35,Y,8,1,2,1,M,N,N,N,0,4,0,1,0,35,1,20,0,0,0,0,0,1,2,NT,4,25,72.0,1.0,1.0,2.0,1.0,M,,2.0,35.0,11.0,20.0,,,,,,1.0,2.0,NT,4.0,0.0,1.0,3.0,11.0,20.0,,,,,,1.0,2.0,1.0,0,4,,", unit3 , unit2 & unit1 traveling b pearl whitney inner unit4 traveling direction outer . unit3 unit2 came stop traffic , unit1 traveling directly behind unit2 , applied brakes , however states hydroplaned rain slicked ground . cause unit1 strike unit2 , pushed unit2 unit3 . unit1 ricocheted back outer curb impact , striking unit4 .",C,"[0.11231624335050583, 0.8807668685913086, 0.006916934158653021]",C,"[0.09931422024965286, 0.899286687374115, 0.0013990948209539056]",C,"[0.372314453125, 0.6083984375, 0.0194091796875]"
489,489,193203733,unit 1 was driving on heath rd. unit 1 began hydroplanning and left the roadway. unit 1 struck a pole on the side of the road.,20193203733,2019,O,10/1/2019 0:00,5,MLICMR00958**C,M,LIC,0.131,40.023397,-82.46878,34748,61705.0,10/7/2019 0:00,13,2,N,2.0,Y,N,7.0,6,0,,,,N,0.131,MLICMR00958**C,N,2,1/19/2232,4,10,,1,0,1,HEATH,1,,N,N,2.0,N,0.0,,N,691,N,HEATH,N,,0,,HEATH,RD,,,,,N,,,,3,,,,,N,Y,N,0,0,N,3.0,0,2,3,,317580.0,N,0.131,80,Y,11,4,3,1,F,N,N,N,0,2,40,1,0,0,13,40,0,0,0,0,0,1,6,NT,1,0,,,,,,,,,,,,,,,,,,,,,,,,,,,,,,,,,,0,4,,unit1 driving heath unit1 began hydroplanning left roadway . unit1 struck pole side .,C,"[0.3976772427558899, 0.5103756189346313, 0.09194710105657578]",O,"[0.9940128922462463, 0.005602044984698296, 0.0003850605571642518]",O,"[1.0, 4.988908767700195e-05, 4.649162292480469e-06]"
490,490,193203964,unit 1 was traveling wb on water st. in the village of darbyville at the s curve. unit 1 hydroplaned while negotiating the curve and crossed the center line into the opposite lane of travel. unit 1 continued off the roadway to the left and came to a stop into a guardrail.,20193203964,2019,O,10/1/2019 0:00,6,MPICMR00210**C,M,PIC,0.006,39.697448,-83.111706,20212,99999.0,10/7/2019 0:00,13,2,N,,Y,N,7.0,6,0,,fdf84b8b-af28-4e54-b459-0870e9c2c227,140036d7-2b36-4d01-b59f-f499a2223a44,N,0.006,MPICMR00210**C,N,3,AC10190009,4,10,,4,0,1,DARBYVILLE,1,E,N,N,1.0,N,0.006,,N,8925,N,DARBYVILLE,N,,0,,WATER,ST,,,,,N,,,8925TH,3,,,,,N,N,Y,0,0,N,,0,2,4,,48113.0,N,0.006,35,Y,5,3,4,1,F,N,N,N,0,2,30,1,0,35,13,11,9,30,0,0,0,1,6,NT,3,35,,,,,,,,,,,,,,,,,,,,,,,,,,,,,,,,,,0,4,,unit1 traveling water village darbyville curve . unit1 hydroplaned negotiating curve crossed center line opposite travel . unit1 continued roadway left came stop guardrail .,O,"[0.9971941709518433, 0.0025099036283791065, 0.0002958369441330433]",O,"[0.9924330711364746, 0.007253285963088274, 0.0003135821607429534]",O,"[1.0, 3.5762786865234375e-06, 3.5762786865234375e-07]"
491,491,193204508,"vehicles #1 & #2 waiting to turn at light. upon the green light, vehicle #1 began hydroplaning and struck vehicle #2. both cars stopped but vehicle #1 refused to wait for police and left the scene.",20193204508,2019,O,10/1/2019 0:00,8,CHAMCR00625**C,C,HAM,2.832,39.158705,-84.567067,15000,16885.0,10/6/2019 0:00,18,1,N,,N,N,4.0,13,0,40600.0,edeb06b7-cbbd-42d8-9854-eb2cde77b2b4,4c39437a-808f-4246-8869-c8e14937c388,N,2.832,CHAMCR00625**C,N,1,195013847,4,10,,2,0,2,CINCINNATI,2,,N,Y,2.0,N,0.0,,N,2110,N,CINCINNATI,N,,0,,MONTANA,AVE,,,,,N,,,2110TH,3,,,,,N,N,N,0,0,N,,0,2,1,,34055.0,N,2.832,44,Y,1,3,2,1,F,N,N,N,0,4,0,1,2,0,6,20,0,0,0,0,0,1,2,LT,3,0,43.0,1.0,3.0,2.0,1.0,F,,2.0,,6.0,20.0,,,,,,1.0,2.0,LT,3.0,,,,,,,,,,,,,,0,4,,"vehicles & waiting turn light . upon green light , vehicle began hydroplaning struck vehicle . cars stopped vehicle refused wait police left scene .",O,"[0.9999990463256836, 8.201975560950814e-07, 7.287808756473169e-08]",O,"[1.0, 1.1849032865995923e-10, 1.3294613077519807e-13]",O,"[1.0, 0.0, 0.0]"
492,492,193213944,"unit 1 was traveling north on i77. unit 01 hydroplaned and went off the left side of the road, striking the concrete barrier.",20193213944,2019,O,5/1/2019 0:00,4,SSUMIR00077**N,S,SUM,23.177,41.135343,-81.650905,18658,766.0,5/1/2019 0:00,13,4,N,2.0,Y,Y,1.0,23,0,86300.0,,,Y,23.181,SSUMIR00077**C,N,3,21905004,1,5,N,1,0,1,COPLEY TOWNSHIP,1,S,Y,N,6.0,Y,0.002,,Y,,N,COPLEY TOWNSHIP,N,,0,,77N,HWY,77,IR,,136.6,N,,,136 6,2,,,,,N,N,Y,0,0,N,1.0,0,2,1,,47079.0,N,136.699,18,Y,2,2,1,1,F,N,N,N,0,3,35,1,2,65,1,9,35,0,0,0,0,1,6,NT,1,70,,,,,,,,,,,,,,,,,,,,,,,,,,,,,,,,,,0,4,,"unit1 traveling . unit1 hydroplaned went left side , striking concrete barrier .",O,"[0.9598631858825684, 0.03587519749999046, 0.004261587280780077]",O,"[0.5195169448852539, 0.4671131372451782, 0.013369917869567871]",O,"[0.9873046875, 0.01190948486328125, 0.0010442733764648438]"
493,493,193216586,"r n unit #01 was travelling eb on i-480 in the right lane. due to heavy rain, unit #01 started to hydroplane and the driver lost control and went off the right side of the road, into the grass, up an embankment striking several trees and then a fence.",20193216586,2019,O,10/1/2019 0:00,12,SCUYIR00480**C,S,CUY,0.505,41.389421,-81.960885,56882,17668.0,10/16/2019 0:00,13,4,N,2.0,Y,Y,1.0,5,0,,,,Y,0.505,SCUYIR00480**C,N,3,T77416,1,10,N,1,0,1,NORTH OLMSTED,1,W,Y,N,6.0,Y,1.0,SR,N,,N,NORTH OLMSTED,N,,0,,I 480 E,,480,IR,,,N,,,STATE ROUTE 10 E,1,10,SR,,,N,N,N,0,0,N,1.0,0,6,1,,56974.0,N,2.809,45,Y,11,4,3,1,F,N,N,N,0,3,46,1,0,60,1,8,45,48,46,0,0,1,6,NT,1,60,,,,,,,,,,,,,,,,,,,,,,,,,,,,,,,,,,0,4,,"r unit1 travelling . due heavy rain , unit1 started hydroplane driver lost control went side , grass , embankment striking several trees fence .",O,"[0.8620160818099976, 0.13391231000423431, 0.004071621224284172]",O,"[0.9989514350891113, 0.0010395800927653909, 8.874453669704963e-06]",O,"[1.0, 9.5367431640625e-07, 1.1920928955078125e-07]"
494,494,193217083,unit 1 was traveling eastbound on rte 20 when it hydroplaned and exited the roadway. unit 1 sustained disabling damage and was towed by white's towing. driver of unit 1 was cited for failure to control.,20193217083,2019,O,9/1/2019 0:00,3,SHURUS00020**C,S,HUR,12.541,41.222014,-82.617113,57316,99754.0,9/30/2019 0:00,13,2,N,2.0,Y,N,3.0,7,0,,,,N,12.541,SHURUS00020**C,N,1,2.019E+13,1,9,N,1,0,1,NORWALK TOWNSHIP,1,W,Y,N,4.0,Y,0.114,,Y,,N,NORWALK TOWNSHIP,N,,0,,,,20,US,,,N,,,,1,250,US,,,N,N,Y,0,0,N,1.0,0,2,1,,315964.0,N,129.71,20,Y,11,4,9,1,M,N,N,N,0,2,37,1,0,60,1,8,37,0,0,0,0,1,6,NT,1,65,,,,,,,,,,,,,,,,,,,,,,,,,,,,,,,,,,0,4,,unit1 traveling rte hydroplaned exited roadway . unit1 sustained disabling damage towed white 's towing . driver unit1 cited failure control .,O,"[0.9999998807907104, 1.1355870555007641e-07, 1.558098006171349e-08]",O,"[0.9561943411827087, 0.04313703998923302, 0.0006686347187496722]",O,"[1.0, 5.7816505432128906e-05, 2.9802322387695312e-06]"
495,495,193217299,unit 1 was traveling sb on douglas rd in the middle lane when it hydroplaned and went left of center striking unit 2 who was in the middle nb lane of travel. after unit 1 struck unit 2 unit 2 was spun around then struck by unit 3 who was traveling in same lane behind unit 2 nb on douglas rd. unit 1 cited for accident. no injuries reported at the time of accident.,20193217299,2019,O,10/1/2019 0:00,2,MLUCMR04019**N,M,LUC,1.558,41.67507,-83.607382,77000,87868.0,10/16/2019 0:00,6,4,N,,N,N,4.0,16,0,,,,N,1.587,MLUCMR04019**C,Y,1,1.91016E+13,4,10,,4,0,3,TOLEDO,1,S,Y,N,4.0,N,0.057,MR,Y,,N,TOLEDO,N,,0,,DOUGLAS,RD,,,,,N,,,HAUGHTON,1,,,,DR,N,N,N,0,0,N,,0,2,1,,84723.0,N,1.558,22,Y,7,1,2,1,M,N,N,N,0,4,0,1,0,35,1,20,20,0,0,0,0,1,6,NT,1,0,32.0,1.0,2.0,1.0,1.0,F,,2.0,35.0,1.0,20.0,20.0,,,,,1.0,6.0,NT,1.0,,1.0,3.0,1.0,20.0,,,,,,1.0,6.0,14.0,0,4,,unit1 traveling douglas middle hydroplaned went left center striking unit2 middle travel . unit1 struck unit2 unit2 spun around struck unit3 traveling behind unit2 douglas unit1 cited accident . injuries reported time accident .,O,"[0.9999786615371704, 1.9340634025866166e-05, 2.052114041362074e-06]",O,"[0.9988699555397034, 0.0010080052306875587, 0.00012200221681268886]",O,"[1.0, 6.318092346191406e-06, 9.5367431640625e-07]"
496,496,193221875,"the accident occurred on interstate 270 e/b west of linworth rd. the driver of unit 1 stated she was traveling e/b on i270 approaching linworth rd. the driver of unit 1 stated she hydroplaned, sideswiped an unknown semi trailer, hit the median wall and stopped against the median wall facing the wrong direction. the driver of unit 1 stated the semi truck driver continued e/b on i 270. no injuries were reported.",20193221875,2019,O,10/1/2019 0:00,6,SFRAIR00270**C,S,FRA,22.426,40.112139,-83.042425,18000,19234.0,10/26/2019 0:00,5,7,N,2.0,N,Y,1.0,14,0,27900.0,,,Y,22.426,SFRAIR00270**C,N,1,190905450,1,10,N,2,0,2,COLUMBUS,1,W,Y,N,8.0,Y,0.019,,N,,N,COLUMBUS,N,,0,,I 270 E,,270,IR,,,N,,,LINWORTH,1,,,,RD,N,N,N,0,0,N,1.0,0,2,2,,47254.0,N,22.426,34,Y,99,4,3,1,F,N,N,N,0,4,35,1,0,65,1,20,9,35,35,0,0,1,6,NT,3,65,,1.0,4.0,3.0,,,,2.0,65.0,1.0,20.0,,,,,,,,NT,15.0,,,,,,,,,,,,,,0,4,,"accident occurred interstate linworth driver unit1 stated traveling approaching linworth driver unit1 stated hydroplaned , sideswiped unknown semi trailer , hit median wall stopped median wall facing wrong direction . driver unit1 stated semi truck driver continued . injuries reported .",O,"[0.9999998807907104, 7.372723587195651e-08, 3.0972412190521936e-08]",O,"[1.0, 1.3797106790391922e-09, 3.7807945793208453e-13]",O,"[1.0, 0.0, 0.0]"
497,497,193222135,"unit 1 was n/b i-270 in lane 4. the driver stated that an unknown car cut him off. he hydroplaned off the right side of the road, spinning and striking a guard rail. unit 1 sustained heavy damage. the driver sustained cuts and was taken to the hospital by his wife.",20193222135,2019,AB,10/1/2019 0:00,6,SFRAIR00270**N,S,FRA,38.569,39.991597,-82.856524,29106,19234.0,10/26/2019 0:00,13,7,N,2.0,Y,Y,1.0,12,0,27900.0,,,Y,38.562,SFRAIR00270**C,N,1,19GAH-26089-AC,1,10,N,0,1,1,GAHANNA,1,N,Y,N,8.0,Y,0.038,,N,,N,GAHANNA,N,,0,,IR 270 NB,HWY,270,IR,,38.6,N,,,38 6,2,,,,,N,N,N,0,0,N,1.0,0,2,1,,34873.0,N,38.569,42,N,15,2,1,1,M,N,N,N,0,4,31,1,0,65,1,8,31,0,0,0,0,1,6,NT,1,55,,,,,,,,,,,,,,,,,,,,,,,,,,,,,,,,,,0,4,,"unit1 . driver stated unknown car cut . hydroplaned side , spinning striking guard rail . unit1 sustained heavy damage . driver sustained cuts taken hospital wife .",C,"[1.1183981314388802e-06, 0.9999934434890747, 5.442599103844259e-06]",C,"[1.0799964229590842e-06, 0.9999802112579346, 1.8714032194111496e-05]",C,"[8.344650268554688e-07, 1.0, 2.384185791015625e-07]"
498,498,193222890,"unit #1 south bound i-75, hydroplaned and struck concrete barrier.",20193222890,2019,O,10/1/2019 0:00,8,SHAMIR00075**N,S,HAM,1.873,39.11589,-84.533163,15000,16885.0,10/26/2019 0:00,13,7,N,2.0,Y,Y,1.0,9,0,40900.0,,,Y,1.929,SHAMIR00075**C,N,1,195014915,1,10,N,1,0,1,CINCINNATI,1,,Y,N,8.0,Y,0.0,,N,,N,CINCINNATI,N,,0,,75,HWY,,,,1.9,N,,,1 9,2,,IR,,,N,N,Y,0,0,N,1.0,0,2,3,,34127.0,N,1.873,30,Y,5,1,2,1,M,N,N,N,0,4,35,1,2,0,1,35,0,0,0,0,0,1,6,NT,1,70,,,,,,,,,,,,,,,,,,,,,,,,,,,,,,,,,,0,4,,"unit1 , hydroplaned struck concrete barrier .",O,"[0.5045954585075378, 0.48807525634765625, 0.0073292870074510574]",C,"[0.049414150416851044, 0.9488145709037781, 0.0017712374683469534]",O,"[1.0, 0.00032019615173339844, 1.2040138244628906e-05]"
499,499,193223876,unit 1 was traveling north on sr 180 approaching sr 56. unit 1 began to hydroplane when they began to brake and slid thru the intersection and off the north side of sr 56 into the ditch.,20193223876,2019,O,10/1/2019 0:00,6,SPICSR00056**C,S,PIC,33.331,39.475168,-82.750966,70184,99999.0,10/26/2019 0:00,13,7,N,2.0,Y,N,5.0,23,0,,752803c7-de19-4c22-8fac-eeca3c402045,5a460b60-43ec-4232-b4b6-f2fd6ce7ea56,N,33.331,SPICSR00056**C,N,4,AC10190071,1,10,,2,0,1,SALTCREEK TOWNSHIP,1,S,N,Y,2.0,Y,0.004,SR,Y,,N,SALTCREEK TOWNSHIP,N,,0,,,,56,SR,,,N,,,,1,180,SR,,,N,N,Y,0,0,N,3.0,0,2,2,,135462.0,N,67.129,23,Y,5,2,1,1,F,N,N,N,0,2,44,1,0,55,11,44,0,0,0,0,0,1,4,NT,1,0,,,,,,,,,,,,,,,,,,,,,,,,,,,,,,,,,,0,4,,unit1 traveling approaching . unit1 began hydroplane began brake slid thru intersection side ditch .,O,"[0.9999269247055054, 6.854808452771977e-05, 4.575835646392079e-06]",O,"[0.9999978542327881, 2.1029838990216376e-06, 1.3690628186679987e-08]",O,"[1.0, 4.76837158203125e-06, 2.980232238769531e-07]"
500,500,193226455,unit 1 was north bound on s. washington st. near webster ave. unit 1 made the curve at webster ave and began to lose control on the wet roadway. unit 1 began to hydroplane and spun clockwise striking the east side curb causing damage to both driver side tires before coming to a rest next to aep pole 743b1- 107. unit 1 received functional damage and had to be towed from the scene.,20193226455,2019,O,4/1/2019 0:00,1,SVANUS00127**C,S,VAN,9.258,40.86081,-84.583151,79562,99777.0,4/20/2019 0:00,13,7,N,2.0,Y,N,4.0,13,0,,524f574f-55ea-405c-aec5-0225b8c2d3e6,ab80037f-cf96-4765-9444-a6e0e513a59a,N,9.258,SVANUS00127**C,N,1,19-675,4,4,,1,0,1,VAN WERT,1,,N,N,2.0,N,0.0,,Y,800,N,VAN WERT,N,,0,S,WASHINGTON,ST,127,US,,,N,,,800TH,3,,,,,N,N,Y,0,0,N,3.0,0,2,3,,346616.0,N,128.725,22,Y,5,2,1,1,M,N,N,N,0,2,43,1,0,35,1,43,40,0,0,0,0,1,6,NT,1,25,,,,,,,,,,,,,,,,,,,,,,,,,,,,,,,,,,0,4,,unit1 washington near webster . unit1 made curve webster began lose control wet roadway . unit1 began hydroplane spun clockwise striking side curb causing damage driver side tires coming rest next aep pole 743b1 . unit1 received functional damage towed scene .,O,"[0.9999713897705078, 2.6943496777676046e-05, 1.7114269894591416e-06]",O,"[0.9999998807907104, 6.324027168602697e-08, 2.2455425019440867e-10]",O,"[1.0, 8.58306884765625e-06, 8.940696716308594e-07]"
501,501,193226522,unit #1 was south on i76w. unit #1 hydroplaned on the wet roads and struck the center concrete median. unit #1 came back across the lanes and flipped over onto its roof.,20193226522,2019,AB,10/1/2019 0:00,4,SSUMIR00076**N,S,SUM,7.236,41.047517,-81.565046,1000,766.0,10/26/2019 0:00,13,7,N,2.0,Y,Y,1.0,16,0,,9bbaaa70-0e6e-4e67-8dd1-fa7b016c72df,84ef41e4-9cdc-4cf2-9dd1-b4b0a905f645,Y,7.467,SSUMIR00076**C,N,1,T19208868,1,10,N,0,1,1,AKRON,1,,Y,N,6.0,Y,0.0,RA,N,,N,AKRON,N,,0,,I 76 S,,76,IR,,,N,,,BATTLES,1,,,,AVE,N,N,N,0,0,N,1.0,0,2,2,,81343.0,N,19.384,36,Y,99,1,2,1,F,N,N,N,0,3,35,1,9,55,1,35,1,0,0,0,0,1,6,NT,1,0,,,,,,,,,,,,,,,,,,,,,,,,,,,,,,,,,,0,4,,unit1 . unit1 hydroplaned wet roads struck center concrete median . unit1 came back across lanes flipped onto roof .,C,"[0.0010917935287579894, 0.9979735016822815, 0.0009347011218778789]",C,"[0.0008857357315719128, 0.9990233182907104, 9.100617171498016e-05]",O,"[0.80126953125, 0.1982421875, 0.0006651878356933594]"
502,502,193226675,unit 1 was westbound on e sandusky ave in the 600 block. unit 2 was westbound on e sandusky ave stopped in traffic in the 600 block. unit 1 observed unit 2 stopped in traffic. unit 1 began to attempt to stop. unit 1 began to hydroplane on the wet roadway. unit 1 struck the center rear of unit 2 with the front bumper of her vehicle.,20193226675,2019,O,10/1/2019 0:00,7,SLOGSR00540**C,S,LOG,0.674,40.363996,-83.747136,5130,99706.0,10/30/2019 0:00,2,4,N,2.0,N,N,4.0,14,0,,706fc4b2-3a6b-4ce5-b34d-5070ae38f846,4b391e87-379c-4461-b07a-fda91f230948,N,0.674,SLOGSR00540**C,N,1,2.019E+12,4,10,,2,0,2,BELLEFONTAINE,1,E,N,N,3.0,N,0.077,MR,Y,,N,BELLEFONTAINE,N,,0,E,SANDUSKY,AVE,,,,,N,,N,HAYES,1,,,,ST,N,N,N,0,0,N,3.0,0,2,2,,162935.0,N,0.674,17,Y,8,3,4,1,F,N,N,N,0,2,0,1,0,35,1,20,0,0,0,0,0,1,6,NT,1,35,17.0,1.0,3.0,4.0,1.0,M,,2.0,35.0,11.0,20.0,,,,,,1.0,6.0,NT,1.0,0.0,,,,,,,,,,,,,0,4,,unit1 sandusky . unit2 sandusky stopped traffic . unit1 observed unit2 stopped traffic . unit1 began attempt stop . unit1 began hydroplane wet roadway . unit1 struck center rear unit2 front bumper vehicle .,O,"[0.9999991655349731, 6.781888259865809e-07, 6.093701188092382e-08]",O,"[0.9893097877502441, 0.010262813419103622, 0.00042739539640024304]",O,"[1.0, 2.014636993408203e-05, 3.5762786865234375e-07]"
503,503,193226792,unit1 was driving n/b on the 315 on ramp and attempting to merge into traffic in the middle lane on st. rt. 315. unit 2 was directly in front of unit 1 and attempting to merge into traffic in the middle lane on st. rt 315. driver of unit 1 stated that as she attempted to merge her vehicle hydroplaned and she lost control of her vehicle. driver of unit 1 stated that she attmpted to regain control of her vehicle but collided with unit 2 in the process. driver of unit 1 stated that both her vehicle and unit 2 ended up in the tree line area on the east side of the freeway after the collision. driver of unit 1 was cited for failure to control.,20193226792,2019,O,10/1/2019 0:00,6,SFRASR00315**C,S,FRA,5.177,40.018488,-83.033994,18000,19234.0,10/30/2019 0:00,5,4,N,2.0,N,Y,2.0,19,0,34300.0,,,N,5.177,SFRASR00315**C,N,3,190917586,4,10,N,2,0,2,COLUMBUS,1,N,Y,N,6.0,N,0.047,,Y,,N,COLUMBUS,N,,0,,,,315,SR,,,N,,,ACKERMAN,1,,,,RD,N,N,N,0,0,N,1.0,0,2,2,,193213.0,N,5.177,19,Y,9,2,1,1,F,N,N,N,0,3,0,1,2,0,3,20,0,0,0,0,0,1,6,NT,3,0,30.0,1.0,2.0,1.0,1.0,M,,2.0,,1.0,20.0,,,,,,1.0,6.0,NT,1.0,,,,,,,,,,,,,,0,4,,unit1 driving ramp attempting merge traffic middle . . unit2 directly front unit1 attempting merge traffic middle . driver unit1 stated attempted merge vehicle hydroplaned lost control vehicle . driver unit1 stated attmpted regain control vehicle collided unit2 process . driver unit1 stated vehicle unit2 ended tree line area side freeway collision . driver unit1 cited failure control .,O,"[0.9997281432151794, 0.00026354403235018253, 8.308466021844652e-06]",C,"[0.10195546597242355, 0.8968616724014282, 0.0011828974820673466]",O,"[1.0, 3.5762786865234375e-07, 5.960464477539063e-08]"
504,504,193227298,"unit 1 was traveling south on state route 4 and as unit 1 crossed over the on ramp for interstate 70 westbound, unit 1 failed to maintain control and hydroplaned on the wet roadway. the vehicle spun and then the rear crashed into the guardrail before traveling down the grass embankment and coming to final rest.",20193227298,2019,AB,10/1/2019 0:00,7,SMOTSR00235**N,S,MOT,1.634,39.866474,-84.056194,36610,22528.0,10/26/2019 0:00,13,7,N,2.0,Y,N,3.0,21,1,8300.0,,,N,1.735,SMOTSR00235**C,N,5,19-074849,4,10,N,3,0,1,HUBER HEIGHTS,1,,Y,N,4.0,N,0.0,RA,Y,,N,HUBER HEIGHTS,N,,0,,STATE ROUTE 4 S,,4,SR,,,N,,,I 70 S,1,70,IR,,,N,N,N,0,0,N,3.0,0,2,1,,190631.0,N,12.983,22,Y,99,1,2,1,F,N,N,N,0,3,44,1,0,60,1,30,44,0,0,0,0,1,6,NT,3,60,,,,,,,,,,,,,,,,,,,,,,,,,,,,,,,,,,0,4,,"unit1 traveling state unit1 crossed ramp interstate , unit1 failed maintain control hydroplaned wet roadway . vehicle spun rear crashed guardrail traveling grass embankment coming final rest .",O,"[0.9999727010726929, 2.5866162104648538e-05, 1.3740186659561004e-06]",O,"[0.9947015643119812, 0.00528381485491991, 1.4593741070711985e-05]",O,"[1.0, 0.00014889240264892578, 1.4483928680419922e-05]"