,id,OBJECTID,Narrative,DOCUMENT_NBR,CRASH_YR,CRASH_SEVERITY_CD,CRASH_MONTH_YEAR,DISTRICT_NBR,NLFID,NLF_JUR_CD,NLF_COUNTY_CD,COUNTY_LOG_NBR,ODOT_LATITUDE_NBR,ODOT_LONGITUDE_NBR,ODOT_FIPS_CD,AREA_CODE,CRASH_DATE,CRASH_TYPE_CD,DAY_IN_WEEK_CD,DISTRACTED_DRIVER_IND,FACILITY_TYPE_CD,FHWA_RDWY_DEPARTURE_IND,FREEWAY_IND,FUNCTIONAL_CLASS_CD,HOUR_OF_CRASH,INCAPAC_INJURIES_NBR,INTERCHANGE_ID,INTERSECTION_ID_CURRENT,INTERSECTION_LEG_ID,INTERSTATE_IND,INV_LOG_NBR,INV_NLFID,IS_COMMERCIAL_RELATED,LIGHT_COND_PRIMARY_CD,LOCAL_REPORT_NUMBER_ID,MAINTENANCE_AUTHORITY_CD,MONTH_OF_CRASH,NHS_CD,NO_INJURY_REPORTED_NBR,NON_INCAPAC_INJURIES_NBR,NUMBER_OF_UNITS_NBR,ODOT_CITY_VILLAGE_TWP_NME,ODOT_CRASH_LOCATION_CD,ODOT_DIR_FROM_REF_CD,ODOT_DIV_UNDIV_IND,ODOT_INTERSECTION_REL_IND,ODOT_LANES_NBR,ODOT_MAINTAINED_HWY_IND,ODOT_MILES_FROM_REF_NBR,ODOT_REF_ROUTE_PREFIX_CD,ODOT_YOUNG_DRIVER_IND,ODPS_ADDRESS_REFERENCE,ODPS_ALCOHOL_IND,ODPS_CITY_VILLAGE_TWP_NME,ODPS_DRUG_IND,ODPS_LOC_DIR_SUFFIX_CD,ODPS_LOC_IN_WORK_ZONE_CD,ODPS_LOC_ROAD_DIRECTION_CD,ODPS_LOC_ROAD_NME,ODPS_LOC_ROAD_SUFFIX_CD,ODPS_LOC_ROUTE_ID,ODPS_LOC_ROUTE_PREFIX_CD,ODPS_LOC_ROUTE_SUFFIX_CD,ODPS_MILEPOST_REFERENCE,ODPS_MOTORCYCLE_IND,ODPS_REF_DIR_SUFFIX_CD,ODPS_REF_DIRECTION_CD,ODPS_REF_GIVEN,ODPS_REF_POINT_USED_CD,ODPS_REF_ROUTE_ID,ODPS_REF_ROUTE_PREFIX_CD,ODPS_REF_ROUTE_SUFFIX_CD,ODPS_REF_SUFFIX_CD,ODPS_SCHOOL_ZONE_IND,ODPS_SENIOR_DRIVER_IND,ODPS_SPEED_IND,ODPS_TOTAL_FATALITIES_NBR,ODPS_TYPE_OF_WORK_ZONE_CD,ODPS_WORK_ZONE_IND,OPER_ACCESS_CONTROL_CD,POSSIBLE_INJURIES_NBR,ROAD_COND_PRIMARY_CD,ROAD_CONTOUR_CD,SA_RAMP_ID,SA_SEGMENT_ID,SECONDARY_CRASH,STATE_TRUE_LOG_NBR,U1_AGE_NBR,U1_AT_FAULT_IND,U1_CONT_CIR_PRIMARY_CD,U1_DIRECTION_FROM_CD,U1_DIRECTION_TO_CD,U1_DISTRACTED_BY_1_CD,U1_GENDER_CD,U1_IS_ALCOHOL_SUSPECTED,U1_IS_MARIJUANA_SUSPECTED,U1_IS_OTHER_DRUG_SUSPECTED,U1_NON_MOTORIST_LOC_CD,U1_NUMBER_OF_THRU_LANES,U1_OBJECT_STRUCK,U1_ODPS_UNIT_NBR,U1_OPERATINGIN_AUTONOMOUS_MODE,U1_POSTED_SPEED_NBR,U1_PRECRASH_ACTION_CD,U1_SEQ_OF_EVENTS_1_CD,U1_SEQ_OF_EVENTS_2_CD,U1_SEQ_OF_EVENTS_3_CD,U1_SEQ_OF_EVENTS_4_CD,U1_SEQ_OF_EVENTS_5_CD,U1_SEQ_OF_EVENTS_6_CD,U1_SPECIAL_FUNCTION_CD,U1_TRAFFIC_CONTROL_CD,U1_TURN_CD,U1_TYPE_OF_UNIT_CD,U1_UNIT_SPEED_NBR,U2_AGE_NBR,U2_CONT_CIR_PRIMARY_CD,U2_DIRECTION_FROM_CD,U2_DIRECTION_TO_CD,U2_DISTRACTED_BY_1_CD,U2_GENDER_CD,U2_NON_MOTORIST_LOC_CD,U2_ODPS_UNIT_NBR,U2_POSTED_SPEED_NBR,U2_PRECRASH_ACTION_CD,U2_SEQ_OF_EVENTS_1_CD,U2_SEQ_OF_EVENTS_2_CD,U2_SEQ_OF_EVENTS_3_CD,U2_SEQ_OF_EVENTS_4_CD,U2_SEQ_OF_EVENTS_5_CD,U2_SEQ_OF_EVENTS_6_CD,U2_SPECIAL_FUNCTION_CD,U2_TRAFFIC_CONTROL_CD,U2_TURN_CD,U2_TYPE_OF_UNIT_CD,U2_UNIT_SPEED_NBR,U3_CONT_CIR_PRIMARY_CD,U3_ODPS_UNIT_NBR,U3_PRECRASH_ACTION_CD,U3_SEQ_OF_EVENTS_1_CD,U3_SEQ_OF_EVENTS_2_CD,U3_SEQ_OF_EVENTS_3_CD,U3_SEQ_OF_EVENTS_4_CD,U3_SEQ_OF_EVENTS_5_CD,U3_SEQ_OF_EVENTS_6_CD,U3_SPECIAL_FUNCTION_CD,U3_TRAFFIC_CONTROL_CD,U3_TYPE_OF_UNIT_CD,UNRESTRAIN_OCCUPANTS,WEATHER_COND_CD,V1,clean_Narrative,BERT_predictions,BERT_prediction_probabilities,RoBERTa_predictions,RoBERTa_predictions_probabilities,distilBERT_predictions,distilBERT_predictions_probabilities
505,505,193228540,unit #1 struck unit #2 in rear. this collision then forced unit #2 into the rear of unit #3. the driver of unit #1 stated that she tried to stop but hydroplaned.,20193228540,2019,AB,10/1/2019 0:00,12,CCUYCR00028**C,C,CUY,2.001,41.438226,-81.480344,58604,17668.0,10/31/2019 0:00,2,5,N,,N,N,4.0,15,0,,,,N,2.001,CCUYCR00028**C,N,1,2019093,4,10,,1,2,3,ORANGE,1,N,N,Y,2.0,N,0.001,,Y,4486,N,ORANGE,N,,0,,BRAINARD,RD,,,,,N,,,,3,,,,,N,N,N,0,0,N,,1,2,1,,5383.0,N,2.001,19,Y,8,1,2,1,F,N,N,N,0,2,0,1,2,35,99,20,0,0,0,0,0,1,4,NT,1,25,57.0,1.0,1.0,2.0,1.0,M,,2.0,35.0,11.0,20.0,20.0,,,,,1.0,4.0,NT,3.0,0.0,1.0,3.0,11.0,20.0,,,,,,1.0,4.0,1.0,0,4,,unit1 struck unit2 rear . collision forced unit2 rear unit3 . driver unit1 stated tried stop hydroplaned .,O,"[0.949752151966095, 0.04727856442332268, 0.0029692421667277813]",O,"[0.8843708634376526, 0.11476977169513702, 0.0008592879748903215]",O,"[0.810546875, 0.1812744140625, 0.0081024169921875]"
506,506,193229459,driver of unit #1 stated he was traveling in the inside lane of 315 southbound when an unknown vehicle cut in front of him causing him to hit his brakes quickly. driver of unit #1 stated due to the rain and the roads being wet he began to hydroplane and fishtail. driver of unit #1 stated he was unable to regain control and unit #1 spun into the left side concrete median. unit #1 sustained disabling damage and was towed by pro-tow.,20193229459,2019,O,10/1/2019 0:00,6,SFRASR00315**N,S,FRA,2.472,39.98412,-83.022187,18000,19234.0,10/26/2019 0:00,13,7,N,2.0,Y,Y,2.0,12,0,,,,N,2.621,SFRASR00315**C,N,1,190905142,4,10,N,1,0,1,COLUMBUS,1,S,Y,N,6.0,N,0.081,,Y,,N,COLUMBUS,N,,0,,STATE ROUTE 315 S,,315,SR,,,N,,W,3RD,1,,,,AVE,N,N,N,0,0,N,1.0,0,2,2,,195023.0,N,2.472,17,Y,1,1,2,1,M,N,N,N,0,3,35,1,0,55,1,9,35,0,0,0,0,1,6,NT,4,55,,,,,,,,,,,,,,,,,,,,,,,,,,,,,,,,,,0,4,,driver unit1 stated traveling inside unknown vehicle cut front causing hit brakes quickly . driver unit1 stated due rain roads wet began hydroplane fishtail . driver unit1 stated unable regain control unit1 spun left side concrete median . unit1 sustained disabling damage towed protow .,O,"[0.99998939037323, 9.987096746044699e-06, 6.319683052424807e-07]",O,"[0.9993859529495239, 0.000605652283411473, 8.363677807210479e-06]",O,"[1.0, 0.00013136863708496094, 6.854534149169922e-06]"
507,507,193231863,unit 1 was traveling on i-480 east in lane four. unit 1 hydroplaned and went off the left side of the road. unit 1 struck the concrete median near mile post 13.4.,20193231863,2019,C,10/1/2019 0:00,12,SCUYIR00480**C,S,CUY,11.244,41.424854,-81.768371,9246,17668.0,10/31/2019 0:00,13,5,N,2.0,Y,Y,1.0,14,0,,423473c8-62d8-4a80-97ce-33ecccc47f11,f4aa79b2-5644-434c-9a2c-7f49771b7eba,Y,11.244,SCUYIR00480**C,N,1,1920070776,1,10,N,0,0,1,BROOKLYN,1,E,Y,N,8.0,Y,0.028,,N,,N,BROOKLYN,N,,0,,480 EB,HWY,,,,13.4,N,,,13 4,2,,,,,N,N,Y,0,0,N,1.0,1,2,3,,56981.0,N,13.548,30,Y,5,4,3,1,M,N,N,N,0,4,35,1,2,60,1,9,35,0,0,0,0,1,6,NT,1,55,,,,,,,,,,,,,,,,,,,,,,,,,,,,,,,,,,0,4,,unit1 traveling four . unit1 hydroplaned went left side . unit1 struck concrete median near mile post ..,O,"[0.9780492186546326, 0.01871073804795742, 0.003240015357732773]",C,"[0.43502047657966614, 0.5312119126319885, 0.03376757353544235]",O,"[0.97998046875, 0.0194091796875, 0.0008969306945800781]"
508,508,193233007,"unit 1 stated that she was travelling eastbound on snell rd, which turns into albion rd. at the county line, and was attempting to make a left turn northbound on marks rd, when she hydroplaned, lost control and went off the road, striking a utility pole.",20193233007,2019,AB,10/1/2019 0:00,3,TLORTR00129**C,T,LOR,1.586,41.330644,-81.87729,16910,99999.0,10/27/2019 0:00,13,1,N,,Y,N,7.0,3,0,,65bbe353-0095-47ba-968f-a0d4842f9aea,f87ca873-22c3-4be9-b996-1303a4733276,N,1.586,TLORTR00129**C,N,4,19103546,3,10,,1,1,1,COLUMBIA TOWNSHIP,3,,N,Y,2.0,N,0.0,CR,Y,,N,STRONGSVILLE,N,,0,,ALBION,RD,,,,,N,N,,MARKS,1,,,,RD,N,N,Y,0,0,N,,0,2,1,,172158.0,N,1.586,20,Y,11,4,1,1,F,N,N,N,0,1,40,1,2,25,6,8,40,0,0,0,0,1,6,LT,1,35,,,,,,,,,,,,,,,,,,,,,,,,,,,,,,,,,,1,2,,"unit1 stated travelling snell , turns albion county line , attempting make left turn marks , hydroplaned , lost control went , striking utility pole .",O,"[0.9699923396110535, 0.025692667812108994, 0.004315072670578957]",O,"[0.9990082383155823, 0.0009411248029209673, 5.058518217992969e-05]",O,"[1.0, 2.980232238769531e-07, 0.0]"
509,509,193233593,"unit #1 was stopped northbound on richmond rd. while waiting to make a left turn onto forbes rd, she was struck from behind by unit #2. r nunit #2 was traveling northbound on richmond rd. behind unit #1. the driver of unit #2 stated she lost control of her vehicle due to hydroplaning and struck unit #1 in the rear.",20193233593,2019,C,10/1/2019 0:00,12,CCUYCR00108**C,C,CUY,1.578,41.37249,-81.489118,30632,17668.0,10/31/2019 0:00,2,5,N,,N,N,4.0,17,0,,2994c54e-3748-4905-9f86-901847069460,50f9976f-6464-480e-b35c-ebf94b0a126a,N,1.578,CCUYCR00108**C,N,2,201949,4,10,,1,0,2,GLENWILLOW,3,,N,Y,2.0,N,0.0,CR,N,,N,GLENWILLOW,N,,0,,RICHMOND,RD,,,,,N,,,FORBES,1,,,,RD,N,N,N,0,0,N,,1,2,2,,63997.0,N,1.578,63,Y,8,2,1,1,F,N,N,N,0,2,0,2,0,35,1,20,0,0,0,0,0,1,6,NT,1,10,60.0,1.0,2.0,1.0,1.0,F,,1.0,35.0,11.0,20.0,,,,,,1.0,6.0,NT,1.0,0.0,,,,,,,,,,,,,0,4,,"unit1 stopped richmond waiting make left turn onto forbes , struck behind unit2 . nunit2 traveling richmond behind unit1 . driver unit2 stated lost control vehicle due hydroplaning struck unit1 rear .",C,"[0.02829837054014206, 0.9651409983634949, 0.006560539361089468]",C,"[0.23510287702083588, 0.7358415722846985, 0.02905557118356228]",O,"[1.0, 0.00045490264892578125, 2.282857894897461e-05]"
510,510,193235510,unit #1 driver was westbound on st rt 188. unit #1 driver hydroplaned and lost control of his vehicle. unit #1 then crossed over the center line into the eastbound lane and into the ditch on the south side of the roadway. unit #1 then struck fencing and rolled 2 times before landing back on the wheels in a field.,20193235510,2019,AB,11/1/2019 0:00,5,SFAISR00188**C,S,FAI,2.679,39.69663,-82.79383,1637,99999.0,11/7/2019 0:00,13,5,N,2.0,Y,N,6.0,5,0,,,,N,2.679,SFAISR00188**C,N,4,A19-0742,1,11,,0,1,1,AMANDA TOWNSHIP,1,,N,N,2.0,Y,0.0,,N,9930,N,AMANDA,N,,0,,LANCASTER CIRCLEVILLE,RD,,,,,N,,,9930TH,3,,,,,N,N,Y,0,0,N,3.0,0,2,1,,297544.0,N,10.709,28,Y,99,3,4,1,M,N,N,N,0,2,46,1,2,55,1,9,44,46,1,0,0,1,6,NT,1,65,,,,,,,,,,,,,,,,,,,,,,,,,,,,,,,,,,0,1,,unit1 driver . unit1 driver hydroplaned lost control vehicle . unit1 crossed center line ditch side roadway . unit1 struck fencing rolled times landing back wheels field .,C,"[0.0011076468508690596, 0.996297299861908, 0.0025951056741178036]",C,"[0.0029821950010955334, 0.9939906597137451, 0.0030271434225142]",C,"[0.004337310791015625, 0.9931640625, 0.002811431884765625]"
511,511,193236239,"unit 1 was traveling west on w funderburg rd. approaching zimmerman rd. unit 2 was traveling the opposite direction but also approaching zimmerman rd. unit 1 lost control of the vehicle attempting to negotiate the curve and struck unit 2 on the driver side door. the driver of unit 1 stated that he was not speeding, but he thought the vehicle was hydroplaning.",20193236239,2019,O,11/1/2019 0:00,8,CGRECR00509**C,C,GRE,0.095,39.791458,-84.043597,25914,22528.0,11/7/2019 0:00,6,5,N,,N,N,5.0,10,0,,5bc74281-c6fc-46f2-be9c-a3ea69b0faa7,5891e4a5-9ddf-4b50-8159-543fd64deddc,N,0.095,CGRECR00509**C,N,1,2019-00045914,4,11,,2,0,2,FAIRBORN,1,N,N,N,2.0,N,0.009,MR,Y,,N,FAIRBORN,N,,0,W,FUNDERBURG,RD,,,,,N,,,Zimmerman,1,,,,RD,N,N,N,0,0,N,,0,3,4,,29067.0,N,0.095,24,Y,99,3,4,1,M,N,N,N,0,2,0,1,0,35,13,20,0,0,0,0,0,1,6,NT,1,35,46.0,1.0,4.0,3.0,1.0,M,,2.0,35.0,13.0,20.0,,,,,,1.0,6.0,NT,4.0,35.0,,,,,,,,,,,,,0,6,,"unit1 traveling funderburg approaching zimmerman unit2 traveling opposite direction also approaching zimmerman unit1 lost control vehicle attempting negotiate curve struck unit2 driver side door . driver unit1 stated speeding , thought vehicle hydroplaning .",O,"[0.9951230883598328, 0.004643481224775314, 0.00023350103583652526]",O,"[0.9250330924987793, 0.06936334073543549, 0.005603604018688202]",O,"[1.0, 5.960464477539063e-08, 0.0]"
512,512,193238644,"unit #2 was driving approximately 30mph northbound in the right lane on jackson pike, approaching sr104eb. unit #1 was stopped in traffic in the left lane facing northbound on jackson pike at the intersection of sr104eb. as unit #2 was approaching the red light for northbound traffic at jackson pike and sr104eb, unit #1 suddenly merged into the right northbound lane on jackson pike. to avoid striking unit #1, driver of unit #2 quickly hit the brakes. due to the inclement weather, snow/rain mix, unit #2 hydroplaned north-eastbound off the roadway. when unit #2 exited the roadway, unit #2 struck a lane marker sign. unit #1 continued eastbound on sr104eb. unit #2 sustained functional damage to the center front and the lane marker sign was completely separated from the metal base. occupant of unit #2 stated that unit #1 was a dark gray or black chevrolet pickup truck, but did not know the model.",20193238644,2019,O,11/1/2019 0:00,6,SFRASR00104**C,S,FRA,7.977,39.917054,-83.01338,18000,19234.0,11/11/2019 0:00,5,2,N,2.0,Y,N,4.0,20,0,28000.0,,,N,7.977,SFRASR00104**C,N,3,190951256,4,11,,4,0,2,COLUMBUS,2,S,N,Y,2.0,N,0.014,RA,Y,,N,COLUMBUS,N,,0,,JACKSON,PIKE,,,,,N,,,STATE ROUTE 104 N,1,104,SR,,,N,N,N,0,0,N,3.0,0,3,1,,328247.0,N,89.977,0,Y,9,2,1,1,U,N,N,N,0,2,0,1,0,0,3,13,0,0,0,0,0,1,2,NT,4,0,24.0,1.0,2.0,1.0,1.0,F,,2.0,45.0,1.0,8.0,37.0,,,,,1.0,2.0,NT,3.0,30.0,,,,,,,,,,,,,0,6,,"unit2 driving approximately 3mph jackson pike , approaching . unit1 stopped traffic left facing jackson pike intersection . unit2 approaching red light traffic jackson pike , unit1 suddenly merged jackson pike . avoid striking unit1 , driver unit2 quickly hit brakes . due inclement weather , snow rain mix , unit2 hydroplaned roadway . unit2 exited roadway , unit2 struck marker sign . unit1 continued . unit2 sustained functional damage center front marker sign completely separated metal base . occupant unit2 stated unit1 dark gray black chevrolet pickup truck , know model .",O,"[0.9999998807907104, 1.1087523432706803e-07, 1.6935203461798665e-08]",O,"[0.9999995231628418, 4.60278101854783e-07, 3.1539197919983053e-09]",O,"[1.0, 0.0, 0.0]"
513,513,193242904,"unit #1 was traveling on ir-90 west near e.88th in lane #4. unit #2 was traveling on ir-90 west in lane #3. unit #2 began to hydroplane and entered into lane #4, striking the left front of unit #1.",20193242904,2019,O,11/1/2019 0:00,12,SCUYIR00090**N,S,CUY,21.565,41.542937,-81.621113,8336,17668.0,11/1/2019 0:00,5,6,N,2.0,N,Y,1.0,5,0,,,,Y,21.661,SCUYIR00090**C,N,3,1900738,1,11,N,2,0,2,BRATENAHL,1,E,Y,N,8.0,Y,0.047,,N,,N,BRATENAHL,N,,0,,,,90,IR,,177.4,N,,,177 4,2,,,,,N,N,N,0,0,N,1.0,0,2,1,,91359.0,N,177.384,39,Y,99,3,4,1,M,N,N,N,0,4,0,2,0,60,1,20,0,0,0,0,0,1,6,NT,1,60,59.0,1.0,3.0,4.0,1.0,F,,1.0,60.0,1.0,20.0,,,,,,1.0,6.0,NT,1.0,60.0,,,,,,,,,,,,,0,4,,"unit1 traveling ir near e. . unit2 traveling ir . unit2 began hydroplane entered , striking left front unit1 .",O,"[0.9998468160629272, 0.0001452104188501835, 7.960043149068952e-06]",O,"[0.9999984502792358, 1.5744984693810693e-06, 4.744599024775198e-08]",O,"[0.9853515625, 0.01250457763671875, 0.0015048980712890625]"
514,514,193248081,"unit 1 was traveling eastbound on interstate 90 near mile marker 163.6 in lane 2. unit 1 began to hydroplane, lost control and left the roadway striking the median wall. after striking the median wall, unit 1 traveled southbound, crossing all 4 lanes of traffic and struck the bridge rail/fence with the front of the vehicle. unit 1 sustained heavy front end damage and was no longer functional.",20193248081,2019,AB,8/1/2019 0:00,12,SCUYIR00090**C,S,CUY,7.672,41.471794,-81.82446,68056,17668.0,8/19/2019 0:00,13,2,N,2.0,Y,Y,1.0,1,0,,,,Y,7.672,SCUYIR00090**C,N,3,201901381,1,8,N,0,1,1,ROCKY RIVER,1,W,Y,N,8.0,Y,0.019,,N,,N,ROCKY RIVER,N,,0,,,,90,IR,,163.6,N,,,163 6,2,,,,,N,N,Y,0,0,N,1.0,0,2,1,,121724.0,N,163.491,27,Y,5,4,3,1,F,N,N,N,0,4,29,1,2,60,1,9,29,0,0,0,0,1,6,NT,1,60,,,,,,,,,,,,,,,,,,,,,,,,,,,,,,,,,,0,4,,"unit1 traveling interstate near mile marker . . unit1 began hydroplane , lost control left roadway striking median wall . striking median wall , unit1 traveled , crossing lanes traffic struck bridge rail fence front vehicle . unit1 sustained heavy front end damage longer functional .",AB,"[0.03608907759189606, 0.4462544918060303, 0.5176564455032349]",C,"[0.04949153587222099, 0.9323974251747131, 0.018111055716872215]",O,"[0.46630859375, 0.44384765625, 0.089599609375]"
515,515,193249014,the def. was traveling eastbound on old sr 74 (1200 blk) and crossed sr 32. the vehicles tires were nearly bald and it had just started to rain. when the vehicle attempted to negotiate a curve it lost traction due to hydroplaning and struck a utility pole off the right side of the roadway.,20193249014,2019,O,11/1/2019 0:00,8,CCLECR00171**C,C,CLE,4.368,39.088059,-84.236276,78288,16885.0,11/21/2019 0:00,13,5,N,,Y,N,5.0,12,0,,e8c3e1f1-3f87-41a1-8f47-cac4acf1832b,f49715ec-e4f7-4442-b509-65c09d2b8855,N,4.368,CCLECR00171**C,N,1,2.019E+13,2,11,,1,0,1,UNION TOWNSHIP,1,S,N,N,2.0,N,0.114,CR,Y,,N,UNION TOWNSHIP,N,,0,,,,171,CR,,,N,,,,1,32,SR,,,N,N,N,0,0,N,,0,2,4,,29526.0,N,4.368,18,Y,18,4,9,1,M,N,N,N,0,2,40,1,0,45,1,8,40,0,0,0,0,1,6,NT,1,20,,,,,,,,,,,,,,,,,,,,,,,,,,,,,,,,,,0,4,,def . traveling old crossed . vehicles tires nearly bald started rain . vehicle attempted negotiate curve lost traction due hydroplaning struck utility pole side roadway .,O,"[0.7280319333076477, 0.24886006116867065, 0.02310805954039097]",O,"[0.9986749291419983, 0.0012237922055646777, 0.0001011541171465069]",O,"[1.0, 1.7881393432617188e-07, 0.0]"
516,516,193249884,"unit #1's driver was westbound in her vehicle on w. mcmillan street and approaching a curve near the central parkway intersection. unit #2's driver was eastbound at approximately the same location. unit #1's driver stated she applied her vehicle's brakes but unit #1 """"hydroplaned"""" on the wet pavement, causing unit #1 to cross over the median lines on the roadway's curve and strike unit #2 at 1063 w. mcmillan street. unit #1's driver was in her third trimester of pregnancy and complained of stomach pain; cincinnati fire department's truck 21 paramedics responded to the crash scene, but unit #1's driver refused transport to a medical facility.",20193249884,2019,C,11/1/2019 0:00,8,CHAMCR00605**C,C,HAM,0.028,39.124592,-84.53322,15000,16885.0,11/20/2019 0:00,1,4,N,,Y,N,3.0,8,0,,2a37b4e8-9996-443d-b141-f31ffe4bb601,ff0551b7-8bbe-4f4c-84f9-e3c4c34278c4,N,0.028,CHAMCR00605**C,N,1,195016331,4,11,,1,0,2,CINCINNATI,2,,N,Y,3.0,N,0.0,,N,1063,N,CINCINNATI,N,,0,W,McMillan,ST,,,,,N,,,1063RD,3,,,,,N,N,N,0,0,N,,1,2,4,,43852.0,N,0.028,35,Y,7,3,4,1,F,N,N,N,0,4,0,1,2,35,1,11,20,0,0,0,0,1,6,NT,4,15,61.0,1.0,4.0,3.0,1.0,F,,2.0,35.0,1.0,20.0,,,,,,1.0,6.0,NT,1.0,25.0,,,,,,,,,,,,,0,2,,"unit1 's driver vehicle mcmillan approaching curve near central intersection . unit2 's driver approximately location . unit1 's driver stated applied vehicle 's brakes unit1 `` '' hydroplaned '' '' wet pavement , causing unit1 cross median lines roadway 's curve strike unit2 mcmillan . unit1 's driver third trimester pregnancy complained stomach pain ; cincinnati fire department 's truck paramedics responded crash scene , unit1 's driver refused transport medical facility .",O,"[0.9070077538490295, 0.09183681011199951, 0.001155446982011199]",C,"[7.442198466378613e-07, 0.9999991655349731, 6.111230277383584e-08]",C,"[0.00014889240264892578, 1.0, 6.139278411865234e-06]"
517,517,193254149,"unit #1 was traveling eastbound on southway st sw in the right hand lane approaching 2802 southway st sw, when the driver of unit #1 hit a water puddle, hydroplaning and slid off the left side of the roadway and collided with a tree.",20193254149,2019,C,11/1/2019 0:00,4,CSTACR00247**C,C,STA,0.86,40.783271,-81.483689,62078,13375.0,11/23/2019 0:00,13,7,N,,Y,N,4.0,19,0,,,,N,0.86,CSTACR00247**C,N,4,2019-17133,2,11,,0,0,1,PERRY TOWNSHIP,1,W,N,N,2.0,N,0.004,,N,2802,N,PERRY TOWNSHIP,N,,0,,Southway,ST,,,,,N,,,2802ND,3,,,,,N,N,N,0,0,N,,2,2,1,,37145.0,N,0.86,39,Y,11,4,3,1,M,N,N,N,0,2,48,1,0,45,1,9,48,0,0,0,0,1,6,NT,1,0,,,,,,,,,,,,,,,,,,,,,,,,,,,,,,,,,,0,4,,"unit1 traveling southway approaching southway sw , driver unit1 hit water puddle , hydroplaning slid left side roadway collided tree .",C,"[0.144296795129776, 0.819726824760437, 0.035976339131593704]",C,"[0.20316854119300842, 0.795577347278595, 0.001254093716852367]",O,"[1.0, 4.398822784423828e-05, 2.205371856689453e-06]"
518,518,193256155,"unit was traveling w b in i-480 w near mile post 27 4 in the left lane when it encountered a large area of standing water. unit 1 hydroplaned and lost control, leaving the roadway to the left and striking the concrete median wall.",20193256155,2019,O,12/1/2019 0:00,12,SCUYIR00480**N,S,CUY,25.288,41.415765,-81.513861,4920,17668.0,12/1/2019 0:00,13,1,N,2.0,Y,Y,1.0,6,0,,,,Y,25.285,SCUYIR00480**C,N,4,1900416,1,12,N,1,0,1,BEDFORD HEIGHTS,1,,Y,N,4.0,Y,0.0,,N,,N,BEDFORD HEIGHTS,N,,0,,,,480,IR,,27.4,N,,,,2,,,,,N,N,N,0,0,N,1.0,0,2,4,,45588.0,N,27.592,46,Y,1,3,4,1,F,N,N,N,0,4,35,1,2,60,1,9,35,0,0,0,0,1,6,NT,3,55,,,,,,,,,,,,,,,,,,,,,,,,,,,,,,,,,,0,4,,"unit traveling b near mile post left encountered large area standing water . unit1 hydroplaned lost control , leaving roadway left striking concrete median wall .",O,"[0.9966458678245544, 0.0031809573993086815, 0.00017312065756414086]",C,"[0.27677121758461, 0.721713662147522, 0.0015150360995903611]",O,"[1.0, 5.960464477539063e-08, 0.0]"
519,519,193256917,on the listed date and time unit #1 was traveling west bound on us 50. unit #1 driver advised the vehicle hydroplaned causing her to loose control sliding into the culvert. no injuries were reported. unit#1 driver was cited for failure to control. sora's towing responded to the location and towed the vehicle per owners request.,20193256917,2019,O,12/1/2019 0:00,8,SCLEUS00050**C,S,CLE,5.141,39.137692,-84.236713,49322,16885.0,12/1/2019 0:00,13,1,N,2.0,Y,N,5.0,9,0,,af647f6b-8f35-476a-a59d-976521d3b606,a2d76984-184d-41da-9b47-d46ec036c129,N,5.141,SCLEUS00050**C,N,1,19-17556,1,12,,1,0,1,MIAMI TOWNSHIP,1,W,N,N,2.0,Y,0.341,CR,Y,,N,MILFORD,N,,0,,,,50,US,,,N,,,Wolfpen Pleasant HIll,1,,,,RD,N,N,Y,0,0,N,3.0,0,2,1,,272290.0,N,41.351,24,Y,99,3,4,1,U,N,N,N,0,2,44,1,0,45,1,44,0,0,0,0,0,1,6,NT,1,50,,,,,,,,,,,,,,,,,,,,,,,,,,,,,,,,,,0,1,,listed date time unit1 traveling us . unit1 driver advised vehicle hydroplaned causing loose control sliding culvert . injuries reported . unit1 driver cited failure control . sora 's towing responded location towed vehicle per owners request .,O,"[0.9999998807907104, 7.938524504425004e-08, 1.9776347670585892e-08]",O,"[1.0, 3.329526376827374e-10, 2.3534397087382475e-13]",O,"[1.0, 0.0, 0.0]"