,id,OBJECTID,Narrative,DOCUMENT_NBR,CRASH_YR,CRASH_SEVERITY_CD,CRASH_MONTH_YEAR,DISTRICT_NBR,NLFID,NLF_JUR_CD,NLF_COUNTY_CD,COUNTY_LOG_NBR,ODOT_LATITUDE_NBR,ODOT_LONGITUDE_NBR,ODOT_FIPS_CD,AREA_CODE,CRASH_DATE,CRASH_TYPE_CD,DAY_IN_WEEK_CD,DISTRACTED_DRIVER_IND,FACILITY_TYPE_CD,FHWA_RDWY_DEPARTURE_IND,FREEWAY_IND,FUNCTIONAL_CLASS_CD,HOUR_OF_CRASH,INCAPAC_INJURIES_NBR,INTERCHANGE_ID,INTERSECTION_ID_CURRENT,INTERSECTION_LEG_ID,INTERSTATE_IND,INV_LOG_NBR,INV_NLFID,IS_COMMERCIAL_RELATED,LIGHT_COND_PRIMARY_CD,LOCAL_REPORT_NUMBER_ID,MAINTENANCE_AUTHORITY_CD,MONTH_OF_CRASH,NHS_CD,NO_INJURY_REPORTED_NBR,NON_INCAPAC_INJURIES_NBR,NUMBER_OF_UNITS_NBR,ODOT_CITY_VILLAGE_TWP_NME,ODOT_CRASH_LOCATION_CD,ODOT_DIR_FROM_REF_CD,ODOT_DIV_UNDIV_IND,ODOT_INTERSECTION_REL_IND,ODOT_LANES_NBR,ODOT_MAINTAINED_HWY_IND,ODOT_MILES_FROM_REF_NBR,ODOT_REF_ROUTE_PREFIX_CD,ODOT_YOUNG_DRIVER_IND,ODPS_ADDRESS_REFERENCE,ODPS_ALCOHOL_IND,ODPS_CITY_VILLAGE_TWP_NME,ODPS_DRUG_IND,ODPS_LOC_DIR_SUFFIX_CD,ODPS_LOC_IN_WORK_ZONE_CD,ODPS_LOC_ROAD_DIRECTION_CD,ODPS_LOC_ROAD_NME,ODPS_LOC_ROAD_SUFFIX_CD,ODPS_LOC_ROUTE_ID,ODPS_LOC_ROUTE_PREFIX_CD,ODPS_LOC_ROUTE_SUFFIX_CD,ODPS_MILEPOST_REFERENCE,ODPS_MOTORCYCLE_IND,ODPS_REF_DIR_SUFFIX_CD,ODPS_REF_DIRECTION_CD,ODPS_REF_GIVEN,ODPS_REF_POINT_USED_CD,ODPS_REF_ROUTE_ID,ODPS_REF_ROUTE_PREFIX_CD,ODPS_REF_ROUTE_SUFFIX_CD,ODPS_REF_SUFFIX_CD,ODPS_SCHOOL_ZONE_IND,ODPS_SENIOR_DRIVER_IND,ODPS_SPEED_IND,ODPS_TOTAL_FATALITIES_NBR,ODPS_TYPE_OF_WORK_ZONE_CD,ODPS_WORK_ZONE_IND,OPER_ACCESS_CONTROL_CD,POSSIBLE_INJURIES_NBR,ROAD_COND_PRIMARY_CD,ROAD_CONTOUR_CD,SA_RAMP_ID,SA_SEGMENT_ID,SECONDARY_CRASH,STATE_TRUE_LOG_NBR,U1_AGE_NBR,U1_AT_FAULT_IND,U1_CONT_CIR_PRIMARY_CD,U1_DIRECTION_FROM_CD,U1_DIRECTION_TO_CD,U1_DISTRACTED_BY_1_CD,U1_GENDER_CD,U1_IS_ALCOHOL_SUSPECTED,U1_IS_MARIJUANA_SUSPECTED,U1_IS_OTHER_DRUG_SUSPECTED,U1_NON_MOTORIST_LOC_CD,U1_NUMBER_OF_THRU_LANES,U1_OBJECT_STRUCK,U1_ODPS_UNIT_NBR,U1_OPERATINGIN_AUTONOMOUS_MODE,U1_POSTED_SPEED_NBR,U1_PRECRASH_ACTION_CD,U1_SEQ_OF_EVENTS_1_CD,U1_SEQ_OF_EVENTS_2_CD,U1_SEQ_OF_EVENTS_3_CD,U1_SEQ_OF_EVENTS_4_CD,U1_SEQ_OF_EVENTS_5_CD,U1_SEQ_OF_EVENTS_6_CD,U1_SPECIAL_FUNCTION_CD,U1_TRAFFIC_CONTROL_CD,U1_TURN_CD,U1_TYPE_OF_UNIT_CD,U1_UNIT_SPEED_NBR,U2_AGE_NBR,U2_CONT_CIR_PRIMARY_CD,U2_DIRECTION_FROM_CD,U2_DIRECTION_TO_CD,U2_DISTRACTED_BY_1_CD,U2_GENDER_CD,U2_NON_MOTORIST_LOC_CD,U2_ODPS_UNIT_NBR,U2_POSTED_SPEED_NBR,U2_PRECRASH_ACTION_CD,U2_SEQ_OF_EVENTS_1_CD,U2_SEQ_OF_EVENTS_2_CD,U2_SEQ_OF_EVENTS_3_CD,U2_SEQ_OF_EVENTS_4_CD,U2_SEQ_OF_EVENTS_5_CD,U2_SEQ_OF_EVENTS_6_CD,U2_SPECIAL_FUNCTION_CD,U2_TRAFFIC_CONTROL_CD,U2_TURN_CD,U2_TYPE_OF_UNIT_CD,U2_UNIT_SPEED_NBR,U3_CONT_CIR_PRIMARY_CD,U3_ODPS_UNIT_NBR,U3_PRECRASH_ACTION_CD,U3_SEQ_OF_EVENTS_1_CD,U3_SEQ_OF_EVENTS_2_CD,U3_SEQ_OF_EVENTS_3_CD,U3_SEQ_OF_EVENTS_4_CD,U3_SEQ_OF_EVENTS_5_CD,U3_SEQ_OF_EVENTS_6_CD,U3_SPECIAL_FUNCTION_CD,U3_TRAFFIC_CONTROL_CD,U3_TYPE_OF_UNIT_CD,UNRESTRAIN_OCCUPANTS,WEATHER_COND_CD,V1,clean_Narrative,BERT_predictions,BERT_prediction_probabilities,RoBERTa_predictions,RoBERTa_predictions_probabilities,distilBERT_predictions,distilBERT_predictions_probabilities
520,520,193257393,"unit #1 was eastbound on i-277 in lane 3. stowe, the driver, stated her vehicle hydroplaned on standing water. she lost control of the car. the vehicle started to spin. the left front fender struck the center concrete median. then the left rear fender struck the median. the car veered across the roadway and the right front struck the south side guard rail. the left side of the car was damaged. the right front of the car was heavily damaged. the guard rail was damaged.",20193257393,2019,O,11/1/2019 0:00,4,SSUMIR00277**C,S,SUM,1.336,41.028989,-81.547178,1000,766.0,11/23/2019 0:00,13,7,N,2.0,Y,Y,1.0,20,0,87200.0,,,Y,1.336,SSUMIR00277**C,N,3,T19221891,1,11,N,2,0,1,AKRON,1,,Y,N,6.0,Y,0.0,SR,N,,N,AKRON,N,,0,,,,277,IR,,,N,,,,1,93,SR,,,N,N,Y,0,0,N,1.0,0,2,2,,47372.0,N,1.336,36,Y,99,4,3,1,F,N,N,N,0,1,30,1,9,60,1,35,35,30,0,0,0,1,6,NT,1,68,,,,,,,,,,,,,,,,,,,,,,,,,,,,,,,,,,0,4,,"unit1 . stowe , driver , stated vehicle hydroplaned standing water . lost control car . vehicle started spin . left front fender struck center concrete median . left rear fender struck median . car veered across roadway front struck side guard rail . left side car damaged . front car heavily damaged . guard rail damaged .",C,"[0.027137979865074158, 0.9691793918609619, 0.0036827316507697105]",C,"[0.008030296303331852, 0.9917057752609253, 0.0002639843733049929]",O,"[0.9677734375, 0.0313720703125, 0.00030732154846191406]"
521,521,193257458,"on sunday 12/1/2019 at 4:59 pm, officers responded to a three car accident in the area of i-71 sb and e. broad street. officers spoke to the driver of unit #3 who said he was slowing for traffic when unit #2 struck him from behind. officers spoke to the driver of unit #2 who said that unit #3 would randomly stop and brake suddenly in front of him. he said unit #1 struck him from behind as traffic was slowing and it pushed him into unit #3. officers spoke to the driver of unit #1 who said he had hydroplaned and could not stop. he said he struck unit #2 from behind. all individuals involved refused medical treatment at the scene. driver of unit #1 was issued a traffic citation for assured cleared distance. driver of unit #2 has never had a license and was cited for no-ops.",20193257458,2019,O,12/1/2019 0:00,6,SFRAIR00071**N,S,FRA,17.561,39.964221,-82.983149,18000,19234.0,12/1/2019 0:00,5,1,N,2.0,N,Y,1.0,16,0,28200.0,,,Y,17.559,SFRAIR00071**C,N,3,191006070,1,12,N,5,0,3,COLUMBUS,1,N,Y,N,5.0,Y,0.038,,Y,,N,COLUMBUS,N,,0,,,,71,IR,,,N,,E,BROAD,1,,,,ST,N,N,N,0,0,N,1.0,0,2,1,,56675.0,N,108.605,20,Y,8,1,2,1,M,N,N,N,0,3,0,1,0,55,11,20,0,0,0,0,0,1,6,NT,1,10,30.0,1.0,1.0,2.0,1.0,M,,2.0,55.0,11.0,20.0,,,,,,1.0,6.0,NT,1.0,,1.0,3.0,11.0,20.0,,,,,,1.0,6.0,1.0,0,2,,"sunday : pm , officers responded three car accident area broad . officers spoke driver unit3 said slowing traffic unit2 struck behind . officers spoke driver unit2 said unit3 would randomly stop brake suddenly front . said unit1 struck behind traffic slowing pushed unit3 . officers spoke driver unit1 said hydroplaned could stop . said struck unit2 behind . individuals involved refused medical treatment scene . driver unit1 issued traffic citation assured cleared distance . driver unit2 never license cited noops .",O,"[0.9999651908874512, 3.378690598765388e-05, 1.1288751693427912e-06]",O,"[0.9960463643074036, 0.003953349776566029, 2.4750247007432336e-07]",O,"[0.994140625, 0.005382537841796875, 7.152557373046875e-06]"
522,522,193257653,"unit # 1 was traveling eastbound on ronald reagan highway (state route 126) in the high-speed lane. unit # 1 driver stated as he was traveling eastbound and his vehicle started to hydroplane due to the wet roads, this action caused unit # 1 front left portion to strike the concrete median barrier causing disabling damage to unit # 1.unit # 1 driver was found to be driving under suspension and cited for no license and reasonable control, no injuries were reported at the time of crash.p.o. a. berlin # 135",20193257653,2019,O,11/1/2019 0:00,8,SHAMSR00126**C,S,HAM,14.754,39.211058,-84.453549,75973,16885.0,11/30/2019 0:00,13,7,N,2.0,Y,Y,2.0,3,0,,,,N,14.754,SHAMSR00126**C,N,3,2.019E+12,1,11,N,1,0,1,SYCAMORE TOWNSHIP,1,,Y,N,4.0,Y,0.0,,N,,N,READING,N,,0,E,EB RONALD REAGAN,HWY,126,SR,,27.8,N,,,27 8,2,,,,,N,N,N,0,0,N,1.0,0,2,2,,190670.0,N,27.894,45,Y,1,4,3,1,M,N,N,N,0,2,35,1,0,0,1,35,0,0,0,0,0,1,6,NT,3,0,,,,,,,,,,,,,,,,,,,,,,,,,,,,,,,,,,0,4,,"unit1 traveling ronald reagan highspeed . unit1 driver stated traveling vehicle started hydroplane due wet roads , action caused unit1 front left portion strike concrete median barrier causing disabling damage unit1.unit1 driver found driving suspension cited license reasonable control , injuries reported time crash.p.o . a. berlin",O,"[1.0, 5.280456960576885e-08, 1.4212102605881682e-08]",O,"[0.9999945163726807, 5.391409558797022e-06, 7.249179390100835e-08]",O,"[1.0, 0.0, 0.0]"
523,523,193259450,"unit 1 driving south bound ir71 at the 7.6 milepost entering from the on ramp. unit 2 was traveling southbound in the right hand lane of travel at the 7.6 mile post. due to weather conditions unit 1 stated they lost control due to hydroplaning thus striking unit 2 in the passenger side panel. unit 1 sustained minimal front end damage, no injuries. unit 2 sustained disabling damage, no injuries.",20193259450,2019,O,11/1/2019 0:00,8,SHAMIR00071**N,S,HAM,7.776,39.161707,-84.436512,57386,16885.0,11/30/2019 0:00,5,7,N,2.0,N,Y,1.0,17,0,,3a33205e-32a7-43f7-bdac-d00c539f1ac5,dffd99a9-565f-4ccb-b3f2-5ba064d9e3c4,Y,7.698,SHAMIR00071**C,N,3,2.019E+12,1,11,N,2,0,2,NORWOOD,1,,Y,N,8.0,Y,0.0,IR,Y,,N,NORWOOD,N,,0,S,IR71 South,HWY,71,IR,,7.6,N,S,,7 6,2,,IR,,,N,N,N,0,0,N,2.0,0,2,1,,39483.0,N,7.776,25,Y,99,1,2,1,F,N,N,N,0,4,0,1,0,55,8,20,0,0,0,0,0,1,6,NT,1,30,26.0,1.0,1.0,2.0,1.0,M,,2.0,55.0,1.0,20.0,,,,,,1.0,6.0,NT,1.0,40.0,,,,,,,,,,,,,0,4,,"unit1 driving . milepost entering ramp . unit2 traveling travel . mile post . due weather conditions unit1 stated lost control due hydroplaning thus striking unit2 passenger side panel . unit1 sustained minimal front end damage , injuries . unit2 sustained disabling damage , injuries .",O,"[0.9999998807907104, 8.204403911804548e-08, 1.8565371462386793e-08]",O,"[0.9999914169311523, 8.226154932344798e-06, 3.3471147276031843e-07]",O,"[1.0, 5.960464477539063e-08, 0.0]"
524,524,193259454,unit #1 was moving north bound on main street in the right lane and lost control on the wet pavement hydroplaning striking unit #2 a parked motor vehicle on the right side of the roadway. unit#1 after striking unit #2 continued north bound on main street making a left onto e. 9th street.,20193259454,2019,O,11/1/2019 0:00,8,CHAMCR00666**C,C,HAM,0.599,39.104575,-84.510503,15000,16885.0,11/30/2019 0:00,7,7,N,1.0,Y,N,5.0,20,0,,a573c90f-bd48-4d88-ba6d-5bf0acc4ec95,46cc8bdb-89e9-430f-9541-e432f202ac7f,N,0.599,CHAMCR00666**C,N,3,195016855,4,11,,1,0,2,CINCINNATI,1,W,N,N,4.0,N,0.001,,N,718,N,CINCINNATI,N,,0,,MAIN,ST,,,,,N,,,718TH,3,,,,,N,N,N,0,0,N,,0,2,1,,30928.0,N,0.599,0,Y,99,2,1,1,U,N,N,N,0,2,0,1,2,35,1,21,0,0,0,0,0,1,6,NT,4,0,,1.0,2.0,1.0,,,,2.0,35.0,10.0,20.0,,,,,,1.0,6.0,NT,1.0,,,,,,,,,,,,,,0,4,,unit1 moving main lost control wet pavement hydroplaning striking unit2 parked motor vehicle side roadway . unit1 striking unit2 continued main making left onto .,O,"[0.9999974966049194, 2.213134848716436e-06, 2.40664263628787e-07]",O,"[0.9999991655349731, 8.282293038064381e-07, 2.7351607201353545e-08]",O,"[1.0, 0.0, 0.0]"
525,525,193264095,unit 1 was traveling eb on e broad st east of cedar cliff in the center lane. unit 2 was traveling wb on e broad st east of cedar cliff rd in the curb lane. unit 1 went left of center and spun striking unit 2 in the right rear. unit 1 driver stated that he had hydroplaned due to the rain. unit 1 driver was cited for the accident.,20193264095,2019,O,12/1/2019 0:00,6,SFRASR00016**C,S,FRA,11.919,39.986274,-82.781907,18000,19234.0,12/10/2019 0:00,6,3,N,2.0,N,N,3.0,0,0,,,,N,11.919,SFRASR00016**C,N,4,191028889,4,12,N,2,0,2,COLUMBUS,1,E,N,N,4.0,N,0.038,,N,,N,COLUMBUS,N,,0,E,BROAD,ST,,,,,N,,,CEDAR CLIFF,1,,,,RD,N,N,N,0,0,N,3.0,0,2,1,,129629.0,N,11.919,36,Y,7,4,3,1,M,N,N,N,0,4,0,1,0,50,1,20,0,0,0,0,0,1,6,NT,1,50,29.0,1.0,3.0,4.0,1.0,M,,2.0,50.0,1.0,20.0,,,,,,1.0,6.0,NT,1.0,50.0,,,,,,,,,,,,,0,4,,unit1 traveling broad cedar cliff center . unit2 traveling broad cedar cliff curb . unit1 went left center spun striking unit2 rear . unit1 driver stated hydroplaned due rain . unit1 driver cited accident .,O,"[0.9999873638153076, 1.1937245290027931e-05, 6.56045926916704e-07]",O,"[0.8709336519241333, 0.12654420733451843, 0.0025221817195415497]",O,"[0.990234375, 0.00937652587890625, 0.0004038810729980469]"
526,526,193269607,unit # 1 was traveling north on sr. 83 when a deer came onto the road. unit # 1 swerved to miss the deer and hydroplaned causing him to go in off the right side of the road into the ditch.,20193269607,2019,O,9/1/2019 0:00,5,SCOSSR00083**C,S,COS,20.801,40.381386,-81.871366,50274,99999.0,9/1/2019 0:00,13,1,N,2.0,Y,N,4.0,21,0,,,,N,20.801,SCOSSR00083**C,N,4,19-2528,1,9,,1,0,1,MILL CREEK TOWNSHIP,1,,N,N,2.0,Y,0.0,,N,29770,N,KEENE TOWNSHIP,N,,0,,,,83,,,,N,,,,3,,,,,N,N,N,0,0,N,3.0,0,2,1,,139758.0,N,71.432,39,N,15,2,1,1,M,N,N,N,0,2,44,1,0,55,1,8,44,0,0,0,0,1,6,NT,1,55,,,,,,,,,,,,,,,,,,,,,,,,,,,,,,,,,,0,4,,unit1 traveling sr. deer came onto . unit1 swerved miss deer hydroplaned causing go side ditch .,O,"[0.9950280785560608, 0.004368274472653866, 0.0006036577397026122]",O,"[0.9999953508377075, 4.65889934275765e-06, 2.407604782206363e-08]",O,"[1.0, 1.2516975402832031e-06, 1.7881393432617188e-07]"
527,527,193271111,unit one was traveling on 77 s/b and was operating in the left lane. unit one hydroplaned on the wet road and went into a spin. the vehicle left rear struck the median wall causing listed damage. no injuries were reported on scene.,20193271111,2019,O,12/1/2019 0:00,12,SCUYIR00077**C,S,CUY,8.385,41.396591,-81.652714,37240,17668.0,12/14/2019 0:00,13,7,N,2.0,Y,Y,1.0,8,0,14900.0,e80952be-e651-4a54-bd7f-d6fd4ba47b29,56a07e77-8ab7-4e49-8a6d-97f102b7fd13,Y,8.385,SCUYIR00077**C,N,1,20191294,1,12,N,1,0,1,INDEPENDENCE,1,,Y,N,8.0,Y,0.0,IR,N,,N,INDEPENDENCE,N,,0,,,,77,IR,,155.0,N,,,155,2,,IR,,,N,N,Y,0,0,N,1.0,0,2,4,,47024.0,N,155.527,42,Y,99,1,2,1,F,N,N,N,0,4,35,1,2,60,1,35,0,0,0,0,0,1,6,NT,1,70,,,,,,,,,,,,,,,,,,,,,,,,,,,,,,,,,,0,4,,unit1 traveling operating left . unit1 hydroplaned wet went spin . vehicle left rear struck median wall causing listed damage . injuries reported scene .,O,"[0.9999997615814209, 1.9307886134356522e-07, 3.018386607323009e-08]",O,"[0.9995983242988586, 0.0003966558142565191, 5.003627848054748e-06]",O,"[1.0, 1.7881393432617188e-07, 0.0]"
528,528,193271551,"unit 1 was traveling north bound on grandview ave, and attempted to stop for stop sign at grandview and dorman dr. due to the rain and wet road, unit 1 hydroplaned and drove through a fence at 1921 dorman dr. the vehicle came at rest in the front yard of 1921 dorman dr.",20193271551,2019,O,12/1/2019 0:00,9,CSCICR00163**C,C,SCI,0.019,38.756021,-82.975449,64304,99761.0,12/16/2019 0:00,13,2,N,,N,N,5.0,16,0,,392ed259-136d-40ec-8713-a1c03b088ef1,4f214cdb-16af-4193-b5a6-357305d3e29e,N,0.019,CSCICR00163**C,N,2,2193500043,4,12,,1,0,1,PORTSMOUTH,1,S,N,Y,2.0,N,0.009,,Y,1921,N,PORTSMOUTH,N,,0,,DORMAN,DR,,,,,N,,,1921ST,3,,,,,N,N,N,0,0,N,,0,2,1,,29271.0,N,0.019,18,Y,11,2,1,1,F,N,N,N,0,2,46,1,2,25,11,13,46,0,0,0,0,1,4,NT,1,10,,,,,,,,,,,,,,,,,,,,,,,,,,,,,,,,,,0,4,,"unit1 traveling grandview , attempted stop stop sign grandview dorman . due rain wet , unit1 hydroplaned drove fence dorman . vehicle came rest front yard dorman .",O,"[0.9984069466590881, 0.0014924213755875826, 0.0001006842139759101]",O,"[0.9952903985977173, 0.004685861989855766, 2.3703358237980865e-05]",O,"[0.9560546875, 0.0433349609375, 0.0005655288696289062]"
529,529,193282854,unit #1 was heading southbound on hadcock rd and was traveling in the 1100 block area. unit #1 began to brake and hydroplane across the wet roadway. unit #1 crossed the center line into the northbound lane. unit #1 struck the curb and struck a mailbox at 1155 hadcock rd. unit #1 came to rest at 1165 hadcock rd.,20193282854,2019,O,12/1/2019 0:00,3,MMEDMR01325**C,M,MED,0.404,41.244118,-81.823725,9680,17668.0,12/27/2019 0:00,13,6,N,,Y,N,5.0,10,0,,,,N,0.404,MMEDMR01325**C,N,1,1952890,4,12,,4,0,1,BRUNSWICK,1,,N,N,2.0,N,0.0,,Y,1155,N,BRUNSWICK,N,,0,,HADCOCK,RD,,,,,N,,,1155TH,3,,,,,N,N,N,0,0,N,,0,2,1,,318928.0,N,0.404,17,Y,11,1,2,1,M,N,N,N,0,2,47,1,0,35,1,11,9,43,47,0,0,1,6,NT,1,35,,,,,,,,,,,,,,,,,,,,,,,,,,,,,,,,,,0,2,,unit1 heading hadcock traveling area . unit1 began brake hydroplane across wet roadway . unit1 crossed center line . unit1 struck curb struck mailbox hadcock unit1 came rest hadcock .,O,"[0.9997633099555969, 0.00022358688875101507, 1.3147524441592395e-05]",O,"[0.9999809265136719, 1.8108114090864547e-05, 9.569121175445616e-07]",C,"[0.0072784423828125, 0.9912109375, 0.001346588134765625]"
530,530,193283159,unit 1 was traveling norththbound on ir-271. driver of unit 1 was identified as jacob samuel rich. rich stated he was traveling approximately 70 mph and around milepost 28.2 he hydroplaned and drove of the roadway striking a fence and ultimately landing in a ditch.,20193283159,2019,C,12/1/2019 0:00,12,SCUYIR00480**N,S,CUY,26.266,41.404051,-81.505943,4920,17668.0,12/29/2019 0:00,13,1,N,2.0,Y,Y,1.0,22,0,,ce145f48-17a5-41c0-912f-0c887d83948b,985004cf-d15f-4c95-bccf-ab667351e935,Y,26.186,SCUYIR00480**C,N,4,1900443,1,12,N,0,0,1,BEDFORD HEIGHTS,1,N,Y,N,4.0,Y,0.028,,Y,,N,BEDFORD HEIGHTS,N,,0,,,,480,IR,,28.2,N,,,28 2,2,,,,,N,N,Y,0,0,N,1.0,1,2,2,,35032.0,N,28.57,23,Y,1,1,2,1,M,N,N,N,0,4,46,1,0,60,1,8,46,0,0,0,0,1,6,NT,3,70,,,,,,,,,,,,,,,,,,,,,,,,,,,,,,,,,,0,4,,unit1 traveling norththbound ir . driver unit1 identified jacob samuel rich . rich stated traveling approximately mph around milepost . hydroplaned drove roadway striking fence ultimately landing ditch .,C,"[0.006747577805072069, 0.9827720522880554, 0.01048042718321085]",O,"[0.9711157083511353, 0.02830534428358078, 0.0005789410788565874]",O,"[0.998046875, 0.0018024444580078125, 0.00014984607696533203]"
531,531,193283176,"the driver/owner of unit #1 stated he was westbound on i670 approaching the n. 3rd st. exit when his vehicle hydroplaned on water due to heavy rain at the time. this caused his vehicle to spin out of control and strike the concrete median on the left hand side of the roadway and caused heavy damage to the front end. multiple airbags deployed. cfd medic 18 responded to the scene and transported occupant #1 to grant hospital in stable condition. the occupant was treated there by dr. glueckert for injuries to her face and chest. the driver did not report any injury. unit #1 was impounded for safekeeping at the columbus police impound lot, 2700 impound lot rd.",20193283176,2019,AB,12/1/2019 0:00,6,SFRAIR00670**N,S,FRA,4.424,39.977219,-82.992747,18000,19234.0,12/29/2019 0:00,13,1,N,2.0,N,Y,1.0,8,0,28200.0,13c22610-e5f9-452c-8eb0-dc27f48902eb,2fbf7288-4d58-4a2f-860b-8b2b6378e6b8,Y,3.999,SFRAIR00670**C,N,1,191080692,1,12,N,0,1,1,COLUMBUS,1,E,Y,N,6.0,Y,0.3,RA,N,,N,COLUMBUS,N,,0,,I 670 W,,670,IR,,,N,,N,3RD,1,,,,ST,N,N,N,0,0,N,1.0,1,2,3,,128895.0,N,4.424,28,Y,1,3,4,1,M,N,N,N,0,4,35,1,0,55,1,13,9,35,0,0,0,1,6,NT,3,55,,,,,,,,,,,,,,,,,,,,,,,,,,,,,,,,,,0,4,,"driver owner unit1 stated approaching exit vehicle hydroplaned water due heavy rain time . caused vehicle spin control strike concrete median left side roadway caused heavy damage front end . multiple airbags deployed . cfd medic responded scene transported occupant grant hospital stable condition . occupant treated . glueckert injuries face chest . driver report injury . unit1 impounded safekeeping columbus police impound lot , impound lot .",C,"[0.00015398449613712728, 0.985228419303894, 0.014617573469877243]",C,"[2.3281756966753164e-07, 0.9999796152114868, 2.013387347687967e-05]",C,"[5.960464477539063e-08, 1.0, 1.1920928955078125e-07]"
532,532,193283177,"unit #1 was e/b 670 in the far left(north) lane of travel approx: 500 yards w/o neil ave. water had gathered on 670e, w/o neil ave., in the lane unit #1 was travelling in. this caused unit #1 to hydroplane and strike the guardrail. unit #1 stated once he crested the hill, it was too late to safely avoid the standing water. officer did observe approximatley 6-12 inches of standing water where unit #1 stated he began to hydroplane. as the rain died down, the standing water dissapated.",20193283177,2019,C,12/1/2019 0:00,6,MFRAMR01999B*C,M,FRA,0.386,39.974998,-83.016157,18000,19234.0,12/29/2019 0:00,13,1,N,,Y,N,7.0,10,0,,e2aa4c4d-634e-4718-b9dd-774b60af8c83,c2d85e42-7657-40f5-84a7-259b6688d3cf,N,0.386,MFRAMR01999B*C,N,1,191080814,4,12,,1,0,1,COLUMBUS,1,W,N,N,2.0,N,0.284,MR,N,,N,COLUMBUS,N,,0,,,,670,CR,,,N,,,NEIL,1,,,,AVE,N,N,Y,0,0,N,,1,2,1,,112338.0,N,0.386,52,Y,1,4,3,1,M,N,N,N,0,4,54,1,0,55,1,54,0,0,0,0,0,1,6,NT,3,68,,,,,,,,,,,,,,,,,,,,,,,,,,,,,,,,,,0,4,,"unit1 far left travel approx : yards w neil . water gathered 67e , w neil . , unit1 travelling . caused unit1 hydroplane strike guardrail . unit1 stated crested hill , late safely avoid standing water . officer observe approximatley inches standing water unit1 stated began hydroplane . rain died , standing water dissapated .",O,"[0.999997615814209, 2.2210681436263258e-06, 1.176776223132947e-07]",O,"[1.0, 2.1922114123995584e-10, 2.6850174644418856e-13]",O,"[1.0, 1.7881393432617188e-07, 0.0]"
533,533,193283348,"the driver of unit stated that he was on i-71 south slowing down in heavy traffic when an unknown car cut him off in traffic and caused him to swerve to avoid hitting the car. no contact was made between unit 1 and the other unknown car. the driver of unit 1 says that his car hydroplaned on the wet pavement and he hit the wall. medics responed, but the driver of unit 1 said that he was not injured. aaa sent a tow truck for unit 1. no ticket was issued based on the driver of unit 1 testifying that an unknown car casued the chain of events.",20193283348,2019,O,12/1/2019 0:00,6,SFRAIR00071**N,S,FRA,29.054,40.122708,-82.972588,71787,19234.0,12/29/2019 0:00,13,1,N,2.0,Y,Y,1.0,10,0,,,,Y,29.054,SFRAIR00071**C,N,1,191080794,1,12,N,1,0,1,SHARON TOWNSHIP,1,N,Y,N,8.0,Y,0.095,IR,N,,N,COLUMBUS,N,,0,,I 71 S,,71,IR,,,N,,,I 270 S,1,270,IR,,,N,N,N,0,0,N,1.0,0,2,1,,39476.0,N,120.098,28,Y,15,1,2,1,M,N,N,N,0,4,51,1,2,65,11,51,0,0,0,0,0,1,6,NT,1,60,,,,,,,,,,,,,,,,,,,,,,,,,,,,,,,,,,0,4,,"driver unit stated slowing heavy traffic unknown car cut traffic caused swerve avoid hitting car . contact made unit1 unknown car . driver unit1 says car hydroplaned wet pavement hit wall . medics responed , driver unit1 said injured . aaa sent tow truck unit1 . ticket issued based driver unit1 testifying unknown car casued chain events .",O,"[0.9999998807907104, 6.921700901330041e-08, 1.721771525353688e-08]",O,"[1.0, 6.090527526758649e-10, 4.377182481491576e-13]",O,"[1.0, 0.0, 0.0]"
534,534,193283789,"unit #1's driver stated he was travelling westbound on e. main st. at i 270 and initiated a lane change when he hydroplaned across e. main st. and struck the concrete median that separates east and westbound traffic on e. main st. there was no visible damage on the median. unit #1's driver had his tow truck arrive shortly after officer arrived. unit #1's driver was found at fault for fail to control vehicle. however, due to there being no damage to the wall and the tow truck getting there at a reasonable time, no citation was issued.",20193283789,2019,O,12/1/2019 0:00,6,SFRAUS00040**N,S,FRA,21.839,39.954702,-82.844311,18000,19234.0,12/29/2019 0:00,13,1,N,2.0,Y,N,3.0,21,0,31000.0,,,N,21.841,SFRAUS00040**C,N,3,191082293,4,12,,1,0,1,COLUMBUS,1,E,Y,N,4.0,N,0.001,IR,N,,N,COLUMBUS,N,,0,E,MAIN,ST,,,,,N,,,I 270 W,1,270,IR,,,N,N,N,0,0,N,1.0,0,2,1,,265118.0,N,109.682,27,Y,99,3,4,1,M,N,N,N,0,2,35,1,0,35,3,35,0,0,0,0,0,1,6,NT,1,15,,,,,,,,,,,,,,,,,,,,,,,,,,,,,,,,,,0,4,,"unit1 's driver stated travelling main initiated change hydroplaned across main struck concrete median separates traffic main visible damage median . unit1 's driver tow truck arrive shortly officer arrived . unit1 's driver found fault fail control vehicle . however , due damage wall tow truck getting reasonable time , citation issued .",O,"[0.9999998807907104, 1.1483594875016934e-07, 1.58546864525988e-08]",O,"[1.0, 7.3235821851369565e-09, 3.8544688274466665e-12]",O,"[1.0, 0.0, 0.0]"