,id,OBJECTID,Narrative,DOCUMENT_NBR,CRASH_YR,CRASH_SEVERITY_CD,CRASH_MONTH_YEAR,DISTRICT_NBR,NLFID,NLF_JUR_CD,NLF_COUNTY_CD,COUNTY_LOG_NBR,ODOT_LATITUDE_NBR,ODOT_LONGITUDE_NBR,ODOT_FIPS_CD,AREA_CODE,CRASH_DATE,CRASH_TYPE_CD,DAY_IN_WEEK_CD,DISTRACTED_DRIVER_IND,FACILITY_TYPE_CD,FHWA_RDWY_DEPARTURE_IND,FREEWAY_IND,FUNCTIONAL_CLASS_CD,HOUR_OF_CRASH,INCAPAC_INJURIES_NBR,INTERCHANGE_ID,INTERSECTION_ID_CURRENT,INTERSECTION_LEG_ID,INTERSTATE_IND,INV_LOG_NBR,INV_NLFID,IS_COMMERCIAL_RELATED,LIGHT_COND_PRIMARY_CD,LOCAL_REPORT_NUMBER_ID,MAINTENANCE_AUTHORITY_CD,MONTH_OF_CRASH,NHS_CD,NO_INJURY_REPORTED_NBR,NON_INCAPAC_INJURIES_NBR,NUMBER_OF_UNITS_NBR,ODOT_CITY_VILLAGE_TWP_NME,ODOT_CRASH_LOCATION_CD,ODOT_DIR_FROM_REF_CD,ODOT_DIV_UNDIV_IND,ODOT_INTERSECTION_REL_IND,ODOT_LANES_NBR,ODOT_MAINTAINED_HWY_IND,ODOT_MILES_FROM_REF_NBR,ODOT_REF_ROUTE_PREFIX_CD,ODOT_YOUNG_DRIVER_IND,ODPS_ADDRESS_REFERENCE,ODPS_ALCOHOL_IND,ODPS_CITY_VILLAGE_TWP_NME,ODPS_DRUG_IND,ODPS_LOC_DIR_SUFFIX_CD,ODPS_LOC_IN_WORK_ZONE_CD,ODPS_LOC_ROAD_DIRECTION_CD,ODPS_LOC_ROAD_NME,ODPS_LOC_ROAD_SUFFIX_CD,ODPS_LOC_ROUTE_ID,ODPS_LOC_ROUTE_PREFIX_CD,ODPS_LOC_ROUTE_SUFFIX_CD,ODPS_MILEPOST_REFERENCE,ODPS_MOTORCYCLE_IND,ODPS_REF_DIR_SUFFIX_CD,ODPS_REF_DIRECTION_CD,ODPS_REF_GIVEN,ODPS_REF_POINT_USED_CD,ODPS_REF_ROUTE_ID,ODPS_REF_ROUTE_PREFIX_CD,ODPS_REF_ROUTE_SUFFIX_CD,ODPS_REF_SUFFIX_CD,ODPS_SCHOOL_ZONE_IND,ODPS_SENIOR_DRIVER_IND,ODPS_SPEED_IND,ODPS_TOTAL_FATALITIES_NBR,ODPS_TYPE_OF_WORK_ZONE_CD,ODPS_WORK_ZONE_IND,OPER_ACCESS_CONTROL_CD,POSSIBLE_INJURIES_NBR,ROAD_COND_PRIMARY_CD,ROAD_CONTOUR_CD,SA_RAMP_ID,SA_SEGMENT_ID,SECONDARY_CRASH,STATE_TRUE_LOG_NBR,U1_AGE_NBR,U1_AT_FAULT_IND,U1_CONT_CIR_PRIMARY_CD,U1_DIRECTION_FROM_CD,U1_DIRECTION_TO_CD,U1_DISTRACTED_BY_1_CD,U1_GENDER_CD,U1_IS_ALCOHOL_SUSPECTED,U1_IS_MARIJUANA_SUSPECTED,U1_IS_OTHER_DRUG_SUSPECTED,U1_NON_MOTORIST_LOC_CD,U1_NUMBER_OF_THRU_LANES,U1_OBJECT_STRUCK,U1_ODPS_UNIT_NBR,U1_OPERATINGIN_AUTONOMOUS_MODE,U1_POSTED_SPEED_NBR,U1_PRECRASH_ACTION_CD,U1_SEQ_OF_EVENTS_1_CD,U1_SEQ_OF_EVENTS_2_CD,U1_SEQ_OF_EVENTS_3_CD,U1_SEQ_OF_EVENTS_4_CD,U1_SEQ_OF_EVENTS_5_CD,U1_SEQ_OF_EVENTS_6_CD,U1_SPECIAL_FUNCTION_CD,U1_TRAFFIC_CONTROL_CD,U1_TURN_CD,U1_TYPE_OF_UNIT_CD,U1_UNIT_SPEED_NBR,U2_AGE_NBR,U2_CONT_CIR_PRIMARY_CD,U2_DIRECTION_FROM_CD,U2_DIRECTION_TO_CD,U2_DISTRACTED_BY_1_CD,U2_GENDER_CD,U2_NON_MOTORIST_LOC_CD,U2_ODPS_UNIT_NBR,U2_POSTED_SPEED_NBR,U2_PRECRASH_ACTION_CD,U2_SEQ_OF_EVENTS_1_CD,U2_SEQ_OF_EVENTS_2_CD,U2_SEQ_OF_EVENTS_3_CD,U2_SEQ_OF_EVENTS_4_CD,U2_SEQ_OF_EVENTS_5_CD,U2_SEQ_OF_EVENTS_6_CD,U2_SPECIAL_FUNCTION_CD,U2_TRAFFIC_CONTROL_CD,U2_TURN_CD,U2_TYPE_OF_UNIT_CD,U2_UNIT_SPEED_NBR,U3_CONT_CIR_PRIMARY_CD,U3_ODPS_UNIT_NBR,U3_PRECRASH_ACTION_CD,U3_SEQ_OF_EVENTS_1_CD,U3_SEQ_OF_EVENTS_2_CD,U3_SEQ_OF_EVENTS_3_CD,U3_SEQ_OF_EVENTS_4_CD,U3_SEQ_OF_EVENTS_5_CD,U3_SEQ_OF_EVENTS_6_CD,U3_SPECIAL_FUNCTION_CD,U3_TRAFFIC_CONTROL_CD,U3_TYPE_OF_UNIT_CD,UNRESTRAIN_OCCUPANTS,WEATHER_COND_CD,V1,clean_Narrative,BERT_predictions,BERT_prediction_probabilities,RoBERTa_predictions,RoBERTa_predictions_probabilities,distilBERT_predictions,distilBERT_predictions_probabilities
535,535,193289048,"while traveling north on i-77, near the 144.6mm, unit #1 hydroplaned from the right traveling lane and into the grass on the right side of the berm. unit #1 s vehicle flipping during this process and came to rest with its drivers side facing downward on the ground. no injuries were sustained from the operator of unit #1 during this time. no other vehicles were involved in this incident either",20193289048,2019,O,8/1/2019 0:00,4,SSUMIR00077**C,S,SUM,32.106,41.256248,-81.631356,66544,17668.0,8/6/2019 0:00,16,3,N,2.0,Y,Y,1.0,20,0,,fd7b780d-932a-4518-a49d-e25a18bd16ab,e9c65305-d54d-41bf-89d3-dc1f8924af88,Y,32.106,SSUMIR00077**C,N,4,2019113,1,8,N,1,0,1,RICHFIELD TOWNSHIP,1,N,Y,N,4.0,Y,0.017,,N,,N,RICHFIELD,N,,0,N,I 77,HWY,77,IR,,145.6,N,,,145 6,2,,,,,N,N,Y,0,0,N,1.0,0,2,1,,34539.0,N,145.628,28,Y,5,2,1,1,M,N,N,N,0,2,0,1,0,65,1,8,1,1,0,0,0,1,6,NT,3,65,,,,,,,,,,,,,,,,,,,,,,,,,,,,,,,,,,0,4,,"traveling , near .6mm , unit1 hydroplaned traveling grass side berm . unit1 vehicle flipping process came rest drivers side facing downward ground . injuries sustained operator unit1 time . vehicles involved incident either",O,"[0.9916989803314209, 0.007498446386307478, 0.0008026440045796335]",O,"[0.9999171495437622, 8.059561514528468e-05, 2.2113304112281185e-06]",O,"[0.9462890625, 0.031524658203125, 0.0221710205078125]"
536,536,193298695,"on 11/23/19 unit #1 was north on state route 21. unit #1 hydroplaned due to poor roadway conditions and lost control in the curve. unit #1 went off the right side of the road, struck a guard rail, and then struck a traffic sign post. the air bags deployed and the vehicle suffered extensive contact damage to the front end.",20193298695,2019,C,11/1/2019 0:00,4,SSUMSR00021**C,S,SUM,8.52,41.109603,-81.655289,18658,766.0,11/23/2019 0:00,13,7,N,2.0,Y,Y,2.0,20,0,,,,N,8.52,SSUMSR00021**C,N,3,21911098,1,11,N,0,0,1,COPLEY TOWNSHIP,1,S,Y,N,4.0,Y,0.5,,Y,,N,COPLEY TOWNSHIP,N,,0,,,,21,SR,,9.0,N,,,9,2,,,,,N,N,Y,0,0,N,1.0,2,2,3,,167874.0,N,37.285,25,Y,11,2,1,1,M,N,N,N,0,2,31,1,2,60,13,8,31,37,0,0,0,1,6,NT,1,64,,,,,,,,,,,,,,,,,,,,,,,,,,,,,,,,,,0,5,,"unit1 state . unit1 hydroplaned due poor roadway conditions lost control curve . unit1 went side , struck guard rail , struck traffic sign post . air bags deployed vehicle suffered extensive contact damage front end .",O,"[0.9346822500228882, 0.062449246644973755, 0.0028684656135737896]",C,"[0.009824076667428017, 0.9689587354660034, 0.021217254921793938]",O,"[1.0, 0.00034332275390625, 2.1457672119140625e-05]"
537,537,193298709,unit 1 was traveling northbound on i-77 near sr-18 e (exit 137a). unit 1 hydroplaned due to the rain causing the vehicle to go airborne and end up on the concrete median wall. airbags were deployed on the right and left side. the driver did not have any apparent injuries. northern ohio towing responded to the scene.,20193298709,2019,O,12/1/2019 0:00,4,SSUMIR00077**N,S,SUM,22.984,41.132549,-81.651567,18658,766.0,12/1/2019 0:00,13,1,N,2.0,Y,Y,1.0,8,0,,2c78eea0-ad9a-46b3-afc5-b6942a986a54,14e61458-1626-4d53-bc33-739be8cc4af2,Y,22.99,SSUMIR00077**C,N,1,21912002,1,12,N,1,0,1,COPLEY TOWNSHIP,1,S,Y,N,6.0,Y,0.114,RA,N,,N,COPLEY TOWNSHIP,N,,0,,I 77 N,,77,IR,,,N,,,MEDINA,1,,,,RD,N,N,N,0,0,N,1.0,0,2,1,,91298.0,N,136.506,33,Y,1,2,1,1,F,N,N,N,0,3,35,1,2,65,1,35,0,0,0,0,0,1,6,NT,3,65,,,,,,,,,,,,,,,,,,,,,,,,,,,,,,,,,,0,4,,unit1 traveling near sr . unit1 hydroplaned due rain causing vehicle go airborne end concrete median wall . airbags deployed left side . driver apparent injuries . northern ohio towing responded scene .,C,"[0.02674052305519581, 0.9662821292877197, 0.006977363023906946]",C,"[0.047211021184921265, 0.9527881741523743, 7.606313374708407e-07]",C,"[0.00850677490234375, 0.9912109375, 0.0003752708435058594]"
538,538,195002226,"unit # 1 was traveling southbound on ir 71 in the left lane. unit #1 stated that they struck a puddle of water, hydroplaned, traveled off the right side of the road struck a ditch, and overturned before coming to final rest.",20195002226,2019,O,1/1/2019 0:00,12,SCUYIR00071**N,S,CUY,7.189,41.378945,-81.819248,49644,17668.0,1/8/2019 0:00,13,3,N,2.0,Y,Y,1.0,9,0,,,,Y,7.187,SCUYIR00071**C,N,1,18-0012-18,1,1,N,1,0,1,MIDDLEBURG HEIGHTS,1,N,Y,N,8.0,Y,0.6,,N,,N,MIDDLEBURG HEIGHTS,N,,0,,,,71,IR,,235.0,N,,,235,2,,,,,N,N,Y,0,0,N,1.0,0,2,1,,45279.0,N,235.88,31,Y,5,1,2,1,F,N,N,N,0,3,44,1,0,60,1,8,44,1,0,0,0,1,6,NT,1,60,,,,,,,,,,,,,,,,,,,,,,,,,,,,,,,,,,0,4,,"unit1 traveling left . unit1 stated struck puddle water , hydroplaned , traveled side struck ditch , overturned coming final rest .",C,"[0.004461978562176228, 0.9906958341598511, 0.004842263180762529]",C,"[0.004312713630497456, 0.9945797920227051, 0.0011074908543378115]",C,"[0.051025390625, 0.90625, 0.042724609375]"
539,539,195011707,"unit 1 and 2 were traveling northbound on interstate 75. unit 1 attempted to overtake unit 2 in the left lane, hydroplaned and struck unit 2.",20195011707,2019,AB,1/1/2019 0:00,1,SHANIR00075**C,S,HAN,21.855,41.120319,-83.659317,1308,99727.0,1/23/2019 0:00,5,4,N,2.0,N,Y,1.0,4,0,,,,Y,21.855,SHANIR00075**C,Y,4,32-0075-32,1,1,N,1,1,2,ALLEN TOWNSHIP,1,N,Y,N,6.0,Y,0.4,,Y,,N,ALLEN TOWNSHIP,N,,0,,,,75,IR,,163.0,N,,,163,2,,,,,N,N,N,0,0,N,1.0,0,2,2,,42896.0,N,163.332,23,Y,9,2,1,1,M,N,N,N,0,3,0,1,0,70,4,20,1,0,0,0,0,1,6,NT,3,70,51.0,1.0,2.0,1.0,1.0,M,,2.0,70.0,1.0,20.0,,,,,,1.0,6.0,NT,15.0,68.0,,,,,,,,,,,,,0,4,,"unit1 traveling interstate . unit1 attempted overtake unit2 left , hydroplaned struck unit2 .",C,"[0.39236098527908325, 0.5944393873214722, 0.013199632056057453]",O,"[0.6333198547363281, 0.3582790195941925, 0.008401157334446907]",O,"[0.93359375, 0.06268310546875, 0.003757476806640625]"
540,540,195019227,"unit #1 was southbound on ir77. unit #1 hydroplaned and spun off the right side of the roadway, striking a guard rail face.",20195019227,2019,O,2/1/2019 0:00,5,SGUEIR00077**N,S,GUE,19.674,40.16549,-81.545589,84616,99999.0,2/7/2019 0:00,13,5,N,2.0,Y,Y,1.0,17,0,,,,Y,19.56,SGUEIR00077**C,N,2,30-0141-30,1,2,N,2,0,1,WHEELING TOWNSHIP,1,N,Y,N,4.0,Y,0.1,,N,,N,WHEELING TOWNSHIP,N,,0,,,,77,IR,,56.0,N,,,56,2,,,,,N,N,Y,0,0,N,1.0,0,2,2,,118361.0,N,56.234,36,Y,5,1,2,1,F,N,N,N,0,2,30,1,0,70,1,8,30,30,0,0,0,1,6,NT,1,61,,,,,,,,,,,,,,,,,,,,,,,,,,,,,,,,,,0,4,,"unit1 . unit1 hydroplaned spun side roadway , striking guard rail face .",O,"[0.9999998807907104, 1.708427248559019e-07, 2.7098687738202898e-08]",O,"[0.9900866150856018, 0.009847655892372131, 6.569309334736317e-05]",O,"[1.0, 5.364418029785156e-07, 5.960464477539063e-08]"
541,541,195019273,unit#1 was eastbound on us 35 when it ran through a puddle of water and hydroplaned into the median.,20195019273,2019,O,2/1/2019 0:00,10,SGALUS00035**C,S,GAL,13.69,38.842226,-82.223547,29218,99731.0,2/7/2019 0:00,17,5,N,2.0,Y,Y,2.0,13,0,35100.0,76ac39b4-e8fe-4ada-b1b9-488ca46a3add,79021dfd-8b22-433c-baf2-4ded51e371d4,N,13.69,SGALUS00035**C,N,1,27-0112-27,1,2,N,2,0,1,GALLIPOLIS TOWNSHIP,1,E,Y,N,4.0,Y,0.3,,Y,,N,GALLIPOLIS TOWNSHIP,N,,0,,,,35,US,,13.0,N,,,13,2,,,,,N,N,Y,0,0,N,1.0,0,2,1,,285033.0,N,170.211,20,Y,5,4,3,1,F,N,N,N,0,2,0,1,0,70,1,9,10,0,0,0,0,1,6,NT,1,55,,,,,,,,,,,,,,,,,,,,,,,,,,,,,,,,,,1,4,,unit1 us ran puddle water hydroplaned median .,O,"[0.9999819993972778, 1.7009380826493725e-05, 9.90898683994601e-07]",O,"[0.9861456155776978, 0.01375375222414732, 0.00010064925299957395]",O,"[1.0, 0.0, 0.0]"
542,542,195019588,"unit 1, unit 2 and unit 3 were southbound on interstate 71. unit 1 hydroplaned and was struck by unit 3, spun out into the right lane and was struck by unit 2.supplement: corrected gps coordinates",20195019588,2019,AB,2/1/2019 0:00,3,SASDIR00071**N,S,ASD,1.06,40.808991,-82.371144,51688,99999.0,2/7/2019 0:00,5,5,N,2.0,N,Y,1.0,15,0,,,,Y,1.05,SASDIR00071**C,Y,1,03-0139-03,1,2,N,2,1,3,MONTGOMERY TOWNSHIP,1,S,Y,N,6.0,Y,0.2,,N,,N,MIFFLIN,N,,0,,,,71,IR,,180.0,N,,,180,2,,,,,N,Y,Y,0,0,N,1.0,0,2,2,,42800.0,N,179.787,44,Y,5,1,2,1,M,N,N,N,0,3,0,1,0,70,1,20,20,0,0,0,0,1,6,NT,1,70,69.0,1.0,1.0,2.0,1.0,M,,2.0,70.0,1.0,20.0,,,,,,1.0,6.0,NT,15.0,58.0,1.0,3.0,1.0,20.0,,,,,,1.0,6.0,3.0,0,4,,"unit1 , unit2 unit3 interstate . unit1 hydroplaned struck unit3 , spun struck unit2.supplement : corrected gps coordinates",C,"[0.10563654452562332, 0.8736032843589783, 0.020760126411914825]",C,"[0.00915298517793417, 0.9839528203010559, 0.0068942527286708355]",C,"[0.0035381317138671875, 0.99609375, 0.0005955696105957031]"
543,543,195020747,unit #1 was traveling north on ir 275. unit #1 hydroplaned on standing water and traveled off the left side of the roadway striking a concrete wall.,20195020747,2019,O,2/1/2019 0:00,8,SCLEIR00275**N,S,CLE,10.616,39.098858,-84.285661,78288,16885.0,2/12/2019 0:00,13,3,N,2.0,Y,Y,1.0,6,0,10500.0,,,Y,10.6,SCLEIR00275**C,N,3,13-0249-13,1,2,N,1,0,1,UNION TOWNSHIP,1,N,Y,N,6.0,Y,0.2,,N,,N,UNION TOWNSHIP,N,,0,,,,275,IR,,63.0,N,,,63,2,,,,,N,N,Y,0,0,N,1.0,0,2,1,,56940.0,N,63.283,32,Y,5,2,1,1,M,N,N,N,0,3,35,1,0,65,1,9,35,0,0,0,0,1,6,NT,1,65,,,,,,,,,,,,,,,,,,,,,,,,,,,,,,,,,,0,4,,unit1 traveling . unit1 hydroplaned standing water traveled left side roadway striking concrete wall .,O,"[0.9997768998146057, 0.0002132267109118402, 9.904682883643545e-06]",O,"[0.8877183198928833, 0.11175060272216797, 0.0005309861735440791]",O,"[1.0, 4.76837158203125e-07, 0.0]"
544,544,195021560,unit #1 was traveling eastbound on ir 275 and hydroplaned on standing water. unit #1 traveled off the left side of the road striking a guardrail before coming to rest in ditch.,20195021560,2019,O,2/1/2019 0:00,8,SCLEIR00275**N,S,CLE,9.907,39.108079,-84.280126,78288,16885.0,2/11/2019 0:00,13,2,N,2.0,Y,Y,1.0,12,0,,,,Y,9.92,SCLEIR00275**C,N,1,13-0245-13,1,2,N,2,0,1,UNION TOWNSHIP,1,N,Y,N,6.0,Y,0.1,,N,,N,UNION TOWNSHIP,N,,0,,,,275,IR,,63.0,N,,,63,2,,,,,N,Y,Y,0,0,N,1.0,0,2,4,,56940.0,N,62.574,69,Y,5,4,3,1,F,N,N,N,0,1,30,1,0,65,13,9,30,44,0,0,0,1,6,NT,1,35,,,,,,,,,,,,,,,,,,,,,,,,,,,,,,,,,,0,4,,unit1 traveling hydroplaned standing water . unit1 traveled left side striking guardrail coming rest ditch .,O,"[0.997936487197876, 0.001947003765963018, 0.0001165807043435052]",O,"[0.9999063014984131, 9.34372583287768e-05, 2.2110816644271836e-07]",O,"[0.9990234375, 0.0010004043579101562, 7.134675979614258e-05]"
545,545,195025936,unit 1 was traveling nortbound on sr 233. unit 1 drove through running water and hydroplaned. unit 1 crossed the centerline and off the left side of the roadway and struck a guard rail. unit 1 was then submersed in water in a ditch.,20195025936,2019,O,2/1/2019 0:00,9,SJACSR00233**C,S,JAC,3.25,38.864621,-82.539791,46466,99999.0,2/20/2019 0:00,13,4,N,2.0,Y,N,5.0,12,0,,b7eeef79-cfd3-4d45-9b0d-0910b33c4cba,6a64e973-6d13-4613-bf5a-4fffe3dcde31,N,3.25,SJACSR00233**C,N,1,40-0140-40,1,2,,2,0,1,MADISON TOWNSHIP,1,E,N,N,2.0,Y,0.2,,N,,N,MADISON TOWNSHIP,N,,0,,,,233,SR,,3.0,N,,,3,2,,,,,N,N,N,0,0,N,3.0,0,2,1,,178498.0,N,3.25,53,Y,1,2,1,1,F,N,N,N,0,2,30,1,0,55,1,11,9,30,3,0,0,1,6,NT,1,50,,,,,,,,,,,,,,,,,,,,,,,,,,,,,,,,,,0,2,,unit1 traveling nortbound . unit1 drove running water hydroplaned . unit1 crossed centerline left side roadway struck guard rail . unit1 submersed water ditch .,O,"[0.9999407529830933, 5.5780641559977084e-05, 3.4822528505173977e-06]",O,"[0.9949876070022583, 0.004981748294085264, 3.0689756385982037e-05]",O,"[1.0, 4.07099723815918e-05, 2.5033950805664062e-06]"
546,546,195035526,unit 1 was traveling northbound on interstate 71. unit 1 hydroplaned traveling off the right side of the road striking a ditch.,20195035526,2019,O,3/1/2019 0:00,3,SASDIR00071**N,S,ASD,13.422,40.900654,-82.17178,61756,99999.0,3/9/2019 0:00,13,7,N,2.0,Y,Y,1.0,18,0,,,,Y,13.414,SASDIR00071**C,N,4,03-0205-03,1,3,N,1,0,1,PERRY TOWNSHIP,1,N,Y,N,6.0,Y,0.2,,N,,N,PERRY TOWNSHIP,N,,0,,,,71,IR,,192.0,N,,,192,2,,,,,N,N,Y,0,0,N,1.0,0,2,4,,81125.0,N,192.149,26,Y,5,2,1,1,M,N,N,N,0,3,44,1,0,70,13,8,44,0,0,0,0,1,6,NT,1,65,,,,,,,,,,,,,,,,,,,,,,,,,,,,,,,,,,0,4,,unit1 traveling interstate . unit1 hydroplaned traveling side striking ditch .,O,"[0.9339123368263245, 0.05898146703839302, 0.00710618169978261]",O,"[0.8805586099624634, 0.11526687443256378, 0.004174442030489445]",O,"[0.9560546875, 0.0408935546875, 0.0031280517578125]"
547,547,195045380,"unit #1 was westbound on ir-70. unit #1 lost control and hydroplaned, traveled off the right side of the roadway into the guardrail. unit #1 spun back onto the roadway and then rotated back onto the berm",20195045380,2019,O,3/1/2019 0:00,5,SMUSIR00070**N,S,MUS,9.496,39.948408,-82.048177,26502,99786.0,3/25/2019 0:00,13,2,N,2.0,Y,Y,1.0,7,0,72700.0,,,Y,9.569,SMUSIR00070**C,N,1,60-0287-60,1,3,N,2,0,1,FALLS TOWNSHIP,1,E,Y,N,4.0,Y,0.3,,Y,,N,FALLS TOWNSHIP,N,,0,,,,70,IR,,152.0,N,,,152,2,,,,,N,N,Y,0,0,N,1.0,0,2,1,,56611.0,N,152.281,23,Y,11,3,4,1,M,N,N,N,0,4,30,1,0,70,1,8,30,0,0,0,0,1,6,NT,1,75,,,,,,,,,,,,,,,,,,,,,,,,,,,,,,,,,,0,4,,"unit1 ir . unit1 lost control hydroplaned , traveled side roadway guardrail . unit1 spun back onto roadway rotated back onto berm",O,"[0.999997615814209, 2.1238477074803086e-06, 2.387545237070299e-07]",O,"[0.996231734752655, 0.003636722918599844, 0.0001315748377237469]",O,"[1.0, 0.0002779960632324219, 3.3736228942871094e-05]"
548,548,195045472,unit 1 was turning left from clinton road (cr-116) to veterans parkway (cr-608) southeast when it hydroplaned and traveled off the right side of the roadway and struck a guardrail.,20195045472,2019,AB,3/1/2019 0:00,9,CROSCR00608**C,C,ROS,0.0,39.349985,-83.050692,70898,99713.0,3/24/2019 0:00,13,1,N,,Y,N,5.0,20,0,,83d3b7e9-28c4-48ab-b889-4383bc6176d9,0e696ba6-ebac-4516-9a39-9530312f6742,N,0.0,CROSCR00608**C,N,4,71-0418-71,2,3,,1,1,1,SCIOTO TOWNSHIP,3,S,N,Y,2.0,N,0.023,US,Y,,N,UNION TOWNSHIP,N,S,0,,,,608,CR,,,N,,,,1,116,CR,,,N,N,N,0,0,N,,0,2,3,,33682.0,N,0.0,22,Y,11,5,7,1,F,N,N,N,0,2,30,1,0,55,6,8,30,0,0,0,0,1,4,LT,1,20,,,,,,,,,,,,,,,,,,,,,,,,,,,,,,,,,,0,4,,unit1 turning left clinton veterans hydroplaned traveled side roadway struck guardrail .,O,"[0.9999933242797852, 6.232892246771371e-06, 4.2656444065869437e-07]",O,"[0.9707309007644653, 0.028425447642803192, 0.0008435946656391025]",O,"[1.0, 0.000110626220703125, 5.245208740234375e-06]"
549,549,195047615,"unit 1 was northbound on interstate 75. unit 1 started to hydroplane and drove off left side of highway and struck the center concrete barrier, then back across all four lanes, ran off right side of roadway and struck bridge concrete abutment before coming to final rest.",20195047615,2019,O,3/1/2019 0:00,8,SWARIR00075**C,S,WAR,7.214,39.533453,-84.306646,28476,56926.0,3/30/2019 0:00,13,7,N,2.0,Y,Y,1.0,16,0,,,,Y,7.214,SWARIR00075**C,N,1,83-0298-83,1,3,N,1,0,1,FRANKLIN,1,N,Y,N,8.0,Y,0.9,,Y,,N,FRANKLIN,N,,0,,,,75,IR,,35.0,N,,,35,2,,,,,N,N,Y,0,0,N,1.0,0,2,2,,81235.0,N,35.944,17,Y,5,8,5,1,M,N,N,N,0,4,27,1,0,65,1,9,35,8,27,0,0,1,6,NT,1,70,,,,,,,,,,,,,,,,,,,,,,,,,,,,,,,,,,0,4,,"unit1 interstate . unit1 started hydroplane drove left side struck center concrete barrier , back across four lanes , ran side roadway struck bridge concrete abutment coming final rest .",C,"[0.0371302030980587, 0.9462419152259827, 0.016627870500087738]",O,"[0.6280688643455505, 0.351278692483902, 0.02065243013203144]",C,"[0.412109375, 0.54541015625, 0.04254150390625]"
550,550,195049040,"unit 1 was southbound on interstate 75. unit 1 hydroplaned and drove off left side of highway, struck a ditch before coming to final rest in the center median in a second ditch.",20195049040,2019,O,3/1/2019 0:00,7,SMOTIR00075**N,S,MOT,0.213,39.589494,-84.241736,49392,22528.0,3/30/2019 0:00,13,7,N,2.0,Y,Y,1.0,18,0,,,,Y,0.195,SMOTIR00075**C,N,1,83-0301-57,1,3,N,2,0,1,MIAMI TOWNSHIP,1,S,Y,N,6.0,Y,0.9,,N,,N,MIAMI TOWNSHIP,N,,0,,,,75,IR,,42.0,N,,,42,2,,,,,N,Y,Y,0,0,N,1.0,0,2,3,,34217.0,N,41.183,75,Y,5,5,8,1,M,N,N,N,0,3,44,1,1,65,1,9,44,44,0,0,0,1,6,NT,1,65,,,,,,,,,,,,,,,,,,,,,,,,,,,,,,,,,,0,4,,"unit1 interstate . unit1 hydroplaned drove left side , struck ditch coming final rest center median second ditch .",O,"[0.803541362285614, 0.17621532082557678, 0.020243292674422264]",O,"[0.868820309638977, 0.12981416285037994, 0.001365520409308374]",O,"[0.76416015625, 0.2177734375, 0.0184326171875]"
551,551,195049278,unit 1 was traveling eastboud in the left lane on i-80 (ohio turnpike). unit 1 hydroplaned then struck the concrete median.,20195049278,2019,O,3/1/2019 0:00,3,SLORIR00080*KC,S,LOR,2.13,41.351775,-82.305621,34972,99999.0,3/30/2019 0:00,13,7,N,2.0,Y,Y,1.0,22,0,,,,Y,2.13,SLORIR00080*KC,N,4,90-0188-47,31,3,N,1,0,1,HENRIETTA TOWNSHIP,1,E,Y,N,6.0,N,0.6,,Y,,N,HENRIETTA TOWNSHIP,N,,0,,,,80,IR,K,134.0,N,,,134,2,,,,,N,N,Y,0,0,N,1.0,0,2,1,,39646.0,N,134.618,24,Y,5,4,3,1,F,N,N,N,0,3,35,1,0,70,1,9,35,0,0,0,0,1,6,NT,1,69,,,,,,,,,,,,,,,,,,,,,,,,,,,,,,,,,,0,6,,unit1 traveling eastboud left . unit1 hydroplaned struck concrete median .,O,"[0.9511933326721191, 0.0427057184278965, 0.006100968923419714]",C,"[0.13508637249469757, 0.8599584102630615, 0.004955214448273182]",O,"[0.9873046875, 0.01140594482421875, 0.0009002685546875]"
552,552,195050604,unit #1 was traveling southbound on spangler rd and hydroplaned on the standing water covering the roadway. unit #1 traveled off the right side of the roadway and struck a utility pole.,20195050604,2019,O,3/1/2019 0:00,7,CCLACR00335**C,C,CLA,1.246,39.879445,-84.004478,6054,99999.0,3/31/2019 0:00,13,1,N,,N,N,5.0,6,0,,,,N,1.246,CCLACR00335**C,N,4,12-0413-12,2,3,,1,0,1,BETHEL TOWNSHIP,1,S,N,N,2.0,N,0.1,,Y,,N,BETHEL TOWNSHIP,N,S,0,,SPANGLER,RD,,,,,N,,,LOWER VALLEY,1,,,,PIKE,N,N,N,0,0,N,,0,2,1,,31742.0,N,1.246,25,Y,11,1,2,1,M,N,N,N,0,2,40,1,0,55,1,13,8,40,0,0,0,1,6,NT,3,45,,,,,,,,,,,,,,,,,,,,,,,,,,,,,,,,,,0,1,,unit1 traveling spangler hydroplaned standing water covering roadway . unit1 traveled side roadway struck utility pole .,O,"[0.9993875026702881, 0.0005826895940117538, 2.982212754432112e-05]",C,"[0.41841062903404236, 0.5807749032974243, 0.0008143740706145763]",O,"[1.0, 8.64267349243164e-06, 1.7881393432617188e-07]"
553,553,195055324,"unit 1 was southbound on cr186. unit 1 hydroplaned, spun out, and then traveled off the right side of the road where it struck the ditch.",20195055324,2019,O,4/1/2019 0:00,3,CWAYCR00186**C,C,WAY,0.474,40.82397,-81.9935,82320,99999.0,4/12/2019 0:00,13,6,N,,Y,N,7.0,11,0,,,,N,0.474,CWAYCR00186**C,N,1,85-0438-85,2,4,,2,0,1,WAYNE TOWNSHIP,1,N,N,N,2.0,N,0.4,SR,N,,N,CHESTER TOWNSHIP,N,,0,,,,186,CR,,,N,,,,1,302,SR,,,N,N,Y,0,0,N,,0,2,1,,36701.0,N,0.474,49,Y,5,1,2,1,F,N,N,N,0,2,44,1,0,55,1,8,44,0,0,0,0,1,6,NT,1,35,,,,,,,,,,,,,,,,,,,,,,,,,,,,,,,,,,0,4,,"unit1 . unit1 hydroplaned , spun , traveled side struck ditch .",O,"[0.8537365794181824, 0.11547054350376129, 0.030792847275733948]",O,"[0.6061508059501648, 0.3809787631034851, 0.012870456092059612]",O,"[0.93603515625, 0.060791015625, 0.0031223297119140625]"
554,554,195058058,"unit #1 was southbound on interstate 71. unit #1 began to hydroplane, went off the right side of the roadway and struck several trees.",20195058058,2019,O,4/1/2019 0:00,6,SMRWIR00071**N,S,MRW,14.063,40.507197,-82.700605,28378,99999.0,4/12/2019 0:00,13,6,N,2.0,Y,Y,1.0,9,0,,,,Y,14.045,SMRWIR00071**C,N,1,59-0452-59,1,4,N,1,0,1,FRANKLIN TOWNSHIP,1,N,Y,N,6.0,Y,0.2,,N,,N,FRANKLIN TOWNSHIP,N,,0,,,,71,IR,,152.0,N,,,152,2,,,,,N,N,Y,0,0,N,1.0,0,2,1,,33999.0,N,152.236,54,Y,5,1,2,1,M,N,N,N,0,3,48,1,0,70,1,8,48,0,0,0,0,1,6,NT,1,65,,,,,,,,,,,,,,,,,,,,,,,,,,,,,,,,,,0,4,,"unit1 interstate . unit1 began hydroplane , went side roadway struck several trees .",O,"[0.8711869716644287, 0.114301897585392, 0.014511103741824627]",O,"[0.9536891579627991, 0.04172058776021004, 0.004590312950313091]",O,"[0.853515625, 0.1348876953125, 0.0117950439453125]"