,id,OBJECTID,Narrative,DOCUMENT_NBR,CRASH_YR,CRASH_SEVERITY_CD,CRASH_MONTH_YEAR,DISTRICT_NBR,NLFID,NLF_JUR_CD,NLF_COUNTY_CD,COUNTY_LOG_NBR,ODOT_LATITUDE_NBR,ODOT_LONGITUDE_NBR,ODOT_FIPS_CD,AREA_CODE,CRASH_DATE,CRASH_TYPE_CD,DAY_IN_WEEK_CD,DISTRACTED_DRIVER_IND,FACILITY_TYPE_CD,FHWA_RDWY_DEPARTURE_IND,FREEWAY_IND,FUNCTIONAL_CLASS_CD,HOUR_OF_CRASH,INCAPAC_INJURIES_NBR,INTERCHANGE_ID,INTERSECTION_ID_CURRENT,INTERSECTION_LEG_ID,INTERSTATE_IND,INV_LOG_NBR,INV_NLFID,IS_COMMERCIAL_RELATED,LIGHT_COND_PRIMARY_CD,LOCAL_REPORT_NUMBER_ID,MAINTENANCE_AUTHORITY_CD,MONTH_OF_CRASH,NHS_CD,NO_INJURY_REPORTED_NBR,NON_INCAPAC_INJURIES_NBR,NUMBER_OF_UNITS_NBR,ODOT_CITY_VILLAGE_TWP_NME,ODOT_CRASH_LOCATION_CD,ODOT_DIR_FROM_REF_CD,ODOT_DIV_UNDIV_IND,ODOT_INTERSECTION_REL_IND,ODOT_LANES_NBR,ODOT_MAINTAINED_HWY_IND,ODOT_MILES_FROM_REF_NBR,ODOT_REF_ROUTE_PREFIX_CD,ODOT_YOUNG_DRIVER_IND,ODPS_ADDRESS_REFERENCE,ODPS_ALCOHOL_IND,ODPS_CITY_VILLAGE_TWP_NME,ODPS_DRUG_IND,ODPS_LOC_DIR_SUFFIX_CD,ODPS_LOC_IN_WORK_ZONE_CD,ODPS_LOC_ROAD_DIRECTION_CD,ODPS_LOC_ROAD_NME,ODPS_LOC_ROAD_SUFFIX_CD,ODPS_LOC_ROUTE_ID,ODPS_LOC_ROUTE_PREFIX_CD,ODPS_LOC_ROUTE_SUFFIX_CD,ODPS_MILEPOST_REFERENCE,ODPS_MOTORCYCLE_IND,ODPS_REF_DIR_SUFFIX_CD,ODPS_REF_DIRECTION_CD,ODPS_REF_GIVEN,ODPS_REF_POINT_USED_CD,ODPS_REF_ROUTE_ID,ODPS_REF_ROUTE_PREFIX_CD,ODPS_REF_ROUTE_SUFFIX_CD,ODPS_REF_SUFFIX_CD,ODPS_SCHOOL_ZONE_IND,ODPS_SENIOR_DRIVER_IND,ODPS_SPEED_IND,ODPS_TOTAL_FATALITIES_NBR,ODPS_TYPE_OF_WORK_ZONE_CD,ODPS_WORK_ZONE_IND,OPER_ACCESS_CONTROL_CD,POSSIBLE_INJURIES_NBR,ROAD_COND_PRIMARY_CD,ROAD_CONTOUR_CD,SA_RAMP_ID,SA_SEGMENT_ID,SECONDARY_CRASH,STATE_TRUE_LOG_NBR,U1_AGE_NBR,U1_AT_FAULT_IND,U1_CONT_CIR_PRIMARY_CD,U1_DIRECTION_FROM_CD,U1_DIRECTION_TO_CD,U1_DISTRACTED_BY_1_CD,U1_GENDER_CD,U1_IS_ALCOHOL_SUSPECTED,U1_IS_MARIJUANA_SUSPECTED,U1_IS_OTHER_DRUG_SUSPECTED,U1_NON_MOTORIST_LOC_CD,U1_NUMBER_OF_THRU_LANES,U1_OBJECT_STRUCK,U1_ODPS_UNIT_NBR,U1_OPERATINGIN_AUTONOMOUS_MODE,U1_POSTED_SPEED_NBR,U1_PRECRASH_ACTION_CD,U1_SEQ_OF_EVENTS_1_CD,U1_SEQ_OF_EVENTS_2_CD,U1_SEQ_OF_EVENTS_3_CD,U1_SEQ_OF_EVENTS_4_CD,U1_SEQ_OF_EVENTS_5_CD,U1_SEQ_OF_EVENTS_6_CD,U1_SPECIAL_FUNCTION_CD,U1_TRAFFIC_CONTROL_CD,U1_TURN_CD,U1_TYPE_OF_UNIT_CD,U1_UNIT_SPEED_NBR,U2_AGE_NBR,U2_CONT_CIR_PRIMARY_CD,U2_DIRECTION_FROM_CD,U2_DIRECTION_TO_CD,U2_DISTRACTED_BY_1_CD,U2_GENDER_CD,U2_NON_MOTORIST_LOC_CD,U2_ODPS_UNIT_NBR,U2_POSTED_SPEED_NBR,U2_PRECRASH_ACTION_CD,U2_SEQ_OF_EVENTS_1_CD,U2_SEQ_OF_EVENTS_2_CD,U2_SEQ_OF_EVENTS_3_CD,U2_SEQ_OF_EVENTS_4_CD,U2_SEQ_OF_EVENTS_5_CD,U2_SEQ_OF_EVENTS_6_CD,U2_SPECIAL_FUNCTION_CD,U2_TRAFFIC_CONTROL_CD,U2_TURN_CD,U2_TYPE_OF_UNIT_CD,U2_UNIT_SPEED_NBR,U3_CONT_CIR_PRIMARY_CD,U3_ODPS_UNIT_NBR,U3_PRECRASH_ACTION_CD,U3_SEQ_OF_EVENTS_1_CD,U3_SEQ_OF_EVENTS_2_CD,U3_SEQ_OF_EVENTS_3_CD,U3_SEQ_OF_EVENTS_4_CD,U3_SEQ_OF_EVENTS_5_CD,U3_SEQ_OF_EVENTS_6_CD,U3_SPECIAL_FUNCTION_CD,U3_TRAFFIC_CONTROL_CD,U3_TYPE_OF_UNIT_CD,UNRESTRAIN_OCCUPANTS,WEATHER_COND_CD,V1,clean_Narrative,BERT_predictions,BERT_prediction_probabilities,RoBERTa_predictions,RoBERTa_predictions_probabilities,distilBERT_predictions,distilBERT_predictions_probabilities
555,555,195059728,"unit #1 was traveling southwest on ir 75. unit #1 hydroplaned, lost control, ran off road right and struck a ditch.",20195059728,2019,O,4/1/2019 0:00,8,SWARIR00075**N,S,WAR,7.118,39.533055,-84.307641,28476,56926.0,4/14/2019 0:00,13,1,N,2.0,Y,Y,1.0,15,0,,,,Y,7.156,SWARIR00075**C,N,1,83-0346-83,1,4,N,1,0,1,FRANKLIN,1,S,Y,N,8.0,Y,0.15,,N,,N,FRANKLIN TOWNSHIP,N,,0,,,,75,IR,,36.0,N,,,36,2,,,,,N,N,Y,0,0,N,1.0,0,2,2,,81235.0,N,35.848,26,Y,5,5,8,1,M,N,N,N,0,4,44,1,0,65,1,8,44,0,0,0,0,1,6,NT,1,60,,,,,,,,,,,,,,,,,,,,,,,,,,,,,,,,,,0,4,,"unit1 traveling . unit1 hydroplaned , lost control , ran struck ditch .",O,"[0.9881768822669983, 0.01029798574745655, 0.001525186700746417]",O,"[0.7747225761413574, 0.21769040822982788, 0.007587026804685593]",O,"[0.9873046875, 0.011138916015625, 0.0010089874267578125]"
556,556,195060204,"unit 1 was west on ir70. unit 1 hydroplaned, lost control went off the right side of the roadway striking a tree and a ditch.",20195060204,2019,O,4/1/2019 0:00,7,SCLAIR00070**N,S,CLA,25.603,39.932462,-83.603111,33586,99999.0,4/19/2019 0:00,13,6,N,2.0,Y,Y,1.0,21,0,,,,Y,25.59,SCLAIR00070**C,N,4,12-0477-12,1,4,N,2,0,1,HARMONY TOWNSHIP,1,W,Y,N,6.0,Y,0.2,,N,,N,HARMONY TOWNSHIP,N,,0,,,,70,IR,,67.0,N,,,67,2,,,,,N,N,Y,0,0,N,1.0,0,2,1,,81085.0,N,66.807,30,Y,5,3,4,1,M,N,N,N,0,3,48,1,2,70,1,8,48,44,0,0,0,1,6,NT,1,75,,,,,,,,,,,,,,,,,,,,,,,,,,,,,,,,,,0,4,,"unit1 . unit1 hydroplaned , lost control went side roadway striking tree ditch .",O,"[0.49691852927207947, 0.4545348882675171, 0.048546526581048965]",C,"[0.26840606331825256, 0.7031922340393066, 0.028401674702763557]",O,"[0.8408203125, 0.156982421875, 0.0020923614501953125]"
557,557,195060294,unit 1 was traveling southbound on interstate 71. unit 1 hydroplaned off the left side of the road striking the median cable barrier.,20195060294,2019,O,4/1/2019 0:00,3,SWAYIR00071**N,S,WAY,6.778,40.987457,-82.034946,18322,99999.0,4/19/2019 0:00,13,6,N,2.0,Y,Y,1.0,18,0,,,,Y,6.796,SWAYIR00071**C,N,1,03-0297-85,1,4,N,1,0,1,CONGRESS TOWNSHIP,1,S,Y,N,6.0,Y,0.3,,Y,,N,CONGRESS TOWNSHIP,N,,0,,,,71,IR,,202.0,N,,,202,2,,,,,N,N,Y,0,0,N,1.0,0,2,4,,34008.0,N,201.659,20,Y,5,1,2,1,M,N,N,N,0,3,33,1,0,70,1,9,33,0,0,0,0,1,6,NT,1,68,,,,,,,,,,,,,,,,,,,,,,,,,,,,,,,,,,0,4,,unit1 traveling interstate . unit1 hydroplaned left side striking median cable barrier .,O,"[0.9771910905838013, 0.02076682820916176, 0.002042071893811226]",O,"[0.9808399081230164, 0.01904267445206642, 0.00011738185276044533]",O,"[0.96533203125, 0.032623291015625, 0.0025463104248046875]"
558,558,195060466,"unit #1 and unit #2 were traveling northeast on ir 75. unit #1 hydroplaned, lost control of vehicle, sideswiping unit #2 on the right side.",20195060466,2019,O,4/1/2019 0:00,8,SWARIR00075**C,S,WAR,2.388,39.467203,-84.326092,51310,16885.0,4/19/2019 0:00,5,6,N,2.0,N,Y,1.0,15,0,,,,Y,2.388,SWARIR00075**C,N,1,83-0362-83,1,4,N,2,0,2,MONROE,1,N,Y,N,8.0,Y,0.1,,N,,N,TURTLECREEK TOWNSHIP,N,,0,,,,75,IR,,31.0,N,,,31,2,,,,,N,N,Y,0,0,N,1.0,0,2,2,,81233.0,N,31.118,37,Y,5,8,5,1,M,N,N,N,0,4,0,1,0,65,1,20,0,0,0,0,0,1,6,NT,1,60,46.0,1.0,8.0,5.0,1.0,M,,2.0,65.0,1.0,20.0,,,,,,1.0,6.0,NT,4.0,60.0,,,,,,,,,,,,,0,4,,"unit1 unit2 traveling . unit1 hydroplaned , lost control vehicle , sideswiping unit2 side .",O,"[0.999998927116394, 1.0048312333310605e-06, 1.3993437164572242e-07]",C,"[0.3829736113548279, 0.5754767060279846, 0.0415496900677681]",O,"[1.0, 0.0001609325408935547, 6.556510925292969e-06]"
559,559,195067308,"unit 1 was northeast on interstate 71 when the driver hydroplaned and lost control, drove off the right side of the roadway and struck a ditch.",20195067308,2019,O,4/1/2019 0:00,8,SWARIR00071**C,S,WAR,14.722,39.416092,-84.114165,77868,99999.0,4/27/2019 0:00,13,7,N,2.0,Y,Y,1.0,19,0,,,,Y,14.722,SWARIR00071**C,N,1,83-0393-83,1,4,N,1,0,1,TURTLECREEK TOWNSHIP,1,S,Y,N,4.0,Y,0.4,,N,,N,TURTLECREEK TOWNSHIP,N,,0,,,,71,IR,,35.0,N,,,35,2,,,,,N,N,Y,0,0,N,1.0,0,2,3,,45333.0,N,34.622,36,Y,5,8,5,1,F,N,N,N,0,2,44,1,1,70,1,8,44,0,0,0,0,1,6,NT,1,60,,,,,,,,,,,,,,,,,,,,,,,,,,,,,,,,,,0,4,,"unit1 interstate driver hydroplaned lost control , drove side roadway struck ditch .",O,"[0.9534937143325806, 0.04203624650835991, 0.004469964187592268]",O,"[0.8933475613594055, 0.10572253167629242, 0.0009299321100115776]",O,"[0.99609375, 0.0036220550537109375, 0.00017750263214111328]"
560,560,195071904,"unit #1 was traveling eastbound on us22 in the left lane. unit #1 hydroplaned, lost control, traveled off the roadway left and drove into the median striking a ditch.",20195071904,2019,O,4/1/2019 0:00,11,SJEFUS00022**C,S,JEF,14.7,40.384144,-80.637883,37534,93592.0,4/30/2019 0:00,13,3,N,2.0,Y,Y,2.0,14,0,,f8fd6de8-e8af-4e37-b526-b3fb61e2f6a0,544fffdd-af51-4d02-b654-cc54c82cd297,N,14.7,SJEFUS00022**C,N,1,41-0303-41,1,4,N,2,0,1,ISLAND CREEK TOWNSHIP,1,W,Y,N,4.0,Y,0.3,,Y,,N,ISLAND CREEK TOWNSHIP,N,,0,,,,22,US,,15.0,N,,,15,2,,,,,N,N,Y,0,0,N,1.0,0,2,2,,263125.0,N,242.383,16,Y,5,4,3,1,M,N,N,N,0,2,44,1,2,70,1,9,44,0,0,0,0,1,6,NT,3,70,,,,,,,,,,,,,,,,,,,,,,,,,,,,,,,,,,0,4,,"unit1 traveling left . unit1 hydroplaned , lost control , traveled roadway left drove median striking ditch .",O,"[0.9681656956672668, 0.027473988011479378, 0.004360268358141184]",C,"[0.35459384322166443, 0.624610960483551, 0.020795149728655815]",O,"[0.96435546875, 0.03424072265625, 0.0017490386962890625]"
561,561,195071989,"unit 1 was traveling southbound on ir-75 near mile post 157. unit 1 then hydroplaned, lost control of her vehicle, drove off the right side of the roadway, and struck a tree.",20195071989,2019,O,4/1/2019 0:00,1,SHANIR00075**N,S,HAN,15.407,41.028969,-83.673071,43148,99727.0,4/29/2019 0:00,13,2,N,2.0,Y,Y,1.0,19,0,,,,Y,15.431,SHANIR00075**C,N,1,32-0280-32,1,4,N,2,0,1,LIBERTY TOWNSHIP,1,,Y,N,6.0,Y,0.0,,Y,,N,FINDLAY,N,,4,,,,75,IR,,157.0,N,,,157,2,,,,,N,N,Y,0,3,Y,1.0,0,2,1,,56746.0,N,156.884,20,Y,5,1,2,1,F,N,N,N,0,2,48,1,0,55,1,8,48,0,0,0,0,1,6,NT,1,75,,,,,,,,,,,,,,,,,,,,,,,,,,,,,,,,,,0,4,,"unit1 traveling ir near mile post . unit1 hydroplaned , lost control vehicle , drove side roadway , struck tree .",O,"[0.9991021156311035, 0.0008418455254286528, 5.6143289839383215e-05]",C,"[0.3484383523464203, 0.549858033657074, 0.10170362144708633]",O,"[0.9951171875, 0.005023956298828125, 0.00031375885009765625]"
562,562,195072922,"unit no. 1 was west on the ohio turnpike near mille post 82.5. unit no. 1 hydroplaned, ran off road left and struck the median wall.",20195072922,2019,C,5/1/2019 0:00,2,SSANIR00080*KN,S,SAN,3.728,41.453694,-83.274312,81592,99999.0,5/1/2019 0:00,13,4,N,2.0,Y,Y,1.0,15,0,,,,Y,3.74,SSANIR00080*KC,N,1,90-0249-72,31,5,N,0,0,1,WASHINGTON TOWNSHIP,1,E,Y,N,6.0,N,0.5,,N,,N,WASHINGTON TOWNSHIP,N,,0,,,,80,IR,K,82.0,N,,,82,2,,,,,N,N,Y,0,0,N,1.0,1,2,1,,56867.0,N,82.479,58,Y,5,3,4,1,M,N,N,N,0,3,35,1,0,70,1,9,35,0,0,0,0,1,6,NT,1,70,,,,,,,,,,,,,,,,,,,,,,,,,,,,,,,,,,0,4,,"unit . ohio turnpike near mille post .. unit . hydroplaned , ran left struck median wall .",C,"[0.0004794306878466159, 0.9989321827888489, 0.0005883565754629672]",C,"[0.18569275736808777, 0.8126559853553772, 0.0016512381844222546]",C,"[0.151123046875, 0.84619140625, 0.0026836395263671875]"
563,563,195074391,unit #1 and unit #2 were traviling northbound on us 23. unit #2 lost control of the vehicle after hydroplaning striking unit #1.,20195074391,2019,O,5/1/2019 0:00,9,SROSUS00023**C,S,ROS,4.7,39.243884,-82.983878,36890,99999.0,5/4/2019 0:00,5,7,N,2.0,N,N,3.0,19,0,77800.0,,,N,4.7,SROSUS00023**C,N,1,71-0614-71,1,5,H,2,0,2,HUNTINGTON TOWNSHIP,1,S,Y,N,4.0,Y,0.3,,N,,N,HUNTINGTON TOWNSHIP,N,,0,,,,23,US,,5.0,N,,,5,2,,,,,N,N,Y,0,0,N,2.0,0,2,2,,240392.0,N,37.66,54,Y,5,2,1,1,M,N,N,N,0,2,0,2,0,55,1,20,0,0,0,0,0,1,6,NT,3,55,59.0,1.0,2.0,1.0,1.0,F,,1.0,55.0,1.0,20.0,,,,,,1.0,6.0,NT,1.0,55.0,,,,,,,,,,,,,0,4,,unit1 unit2 traviling us . unit2 lost control vehicle hydroplaning striking unit1 .,O,"[0.9999901056289673, 9.188785043079406e-06, 7.070098035910632e-07]",C,"[0.4742807149887085, 0.5175018310546875, 0.008217410184442997]",O,"[1.0, 2.980232238769531e-07, 0.0]"
564,564,195079882,"unit 1 was travelling westbound on ir70 in the middle lane. unit 1 hydroplaned causing him to go off the roadway to the left. unit 1 then struck a culvert and a guardrail. unit 1 overturned twice, coming to a final rest on its top.",20195079882,2019,AB,5/1/2019 0:00,7,SCLAIR00070**N,S,CLA,22.723,39.935874,-83.657131,33586,99999.0,5/2/2019 0:00,13,5,N,2.0,Y,Y,1.0,0,0,,,,Y,22.71,SCLAIR00070**C,N,4,12-0520-12,1,5,N,0,1,1,HARMONY TOWNSHIP,1,W,Y,N,6.0,Y,0.1,,N,,N,HARMONY TOWNSHIP,N,,0,,,,70,IR,,64.0,N,,,64,2,,,,,N,N,N,0,0,N,1.0,0,2,1,,39404.0,N,63.927,47,Y,11,3,4,1,F,N,N,N,0,3,42,1,0,70,1,9,42,30,1,0,0,1,6,NT,1,65,,,,,,,,,,,,,,,,,,,,,,,,,,,,,,,,,,0,4,,"unit1 travelling middle . unit1 hydroplaned causing go roadway left . unit1 struck culvert guardrail . unit1 overturned twice , coming final rest top .",C,"[0.017779318615794182, 0.9107564687728882, 0.07146421074867249]",C,"[0.01673056185245514, 0.625204861164093, 0.35806459188461304]",AB,"[0.00485992431640625, 0.06463623046875, 0.93017578125]"
565,565,195097677,"unit #1 was traveling north on state route 183 when it drove over standing water crossing the roadway. unit #1 hydroplaned and drove off the left side of the road, striking a ditch.",20195097677,2019,AB,5/1/2019 0:00,4,SPORSR00183**C,S,POR,4.553,41.053793,-81.147994,2862,99999.0,5/28/2019 0:00,13,3,N,2.0,N,N,5.0,20,0,,,,N,4.553,SPORSR00183**C,N,1,67-0696-67,1,5,,0,1,1,ATWATER TOWNSHIP,1,N,N,N,2.0,Y,0.6,,N,,N,ATWATER TOWNSHIP,N,,0,,,,183,SR,,4.0,N,,,4,2,,,,,N,N,N,0,0,N,3.0,0,6,1,,144563.0,N,40.305,32,Y,11,2,1,1,M,N,N,N,0,2,44,1,2,55,1,13,9,44,0,0,0,1,6,NT,1,55,,,,,,,,,,,,,,,,,,,,,,,,,,,,,,,,,,0,2,,"unit1 traveling state drove standing water crossing roadway . unit1 hydroplaned drove left side , striking ditch .",O,"[0.9999790191650391, 1.928178062371444e-05, 1.7222776023118058e-06]",O,"[0.987765908241272, 0.011937814764678478, 0.00029621997964568436]",O,"[1.0, 4.267692565917969e-05, 4.76837158203125e-06]"
566,566,195099417,unit 1 was traveling eastbound on us 35. unit 1 hydroplaned and struck a guardrail.,20195099417,2019,O,5/1/2019 0:00,9,SJACUS00035**C,S,JAC,8.664,39.098013,-82.666446,43204,99999.0,5/31/2019 0:00,13,6,N,2.0,Y,N,3.0,11,0,,,,N,8.664,SJACUS00035**C,N,1,40-0330-40,1,5,N,1,0,1,LIBERTY TOWNSHIP,1,W,Y,N,4.0,Y,0.2,,N,,N,COAL TOWNSHIP,N,,0,,,,35,US,,9.0,N,,,9,2,,,,,N,N,Y,0,0,N,1.0,0,2,1,,316394.0,N,137.955,46,Y,5,4,3,1,M,N,N,N,0,2,30,1,0,60,1,8,30,0,0,0,0,1,6,NT,1,65,,,,,,,,,,,,,,,,,,,,,,,,,,,,,,,,,,0,4,,unit1 traveling us . unit1 hydroplaned struck guardrail .,O,"[0.9982116222381592, 0.0017222178867086768, 6.611039862036705e-05]",O,"[0.9564833641052246, 0.04322698712348938, 0.0002895894867833704]",O,"[0.9375, 0.057098388671875, 0.00476837158203125]"
567,567,195103879,unit 1 was traveling east on us 20 and hydroplaned striking the median concrete barrier.,20195103879,2019,O,6/1/2019 0:00,3,SLORUS00020**C,S,LOR,14.662,41.325699,-82.0871,12140,51364.0,6/2/2019 0:00,13,1,N,2.0,Y,Y,2.0,0,0,,,,N,14.662,SLORUS00020**C,N,4,47-0638-47,1,6,N,1,0,1,CARLISLE TOWNSHIP,1,W,Y,N,4.0,Y,0.3,,Y,,N,CARLISLE TOWNSHIP,N,,0,,,,20,US,,15.0,N,,,15,2,,,,,N,N,Y,0,0,N,1.0,0,2,1,,260695.0,N,160.521,18,Y,11,4,3,1,M,N,N,N,0,2,35,1,0,65,1,9,35,0,0,0,0,1,6,NT,1,67,,,,,,,,,,,,,,,,,,,,,,,,,,,,,,,,,,0,4,,unit1 traveling us hydroplaned striking median concrete barrier .,O,"[0.517292857170105, 0.4731146991252899, 0.009592476300895214]",O,"[0.8331499695777893, 0.16621598601341248, 0.0006340742693282664]",O,"[0.9912109375, 0.00799560546875, 0.0003223419189453125]"
568,568,195105460,"unit # 1 and unit # 1 were traveling eastbound on ir 70. unit # 1 lost control, hydroplaned and struck unit # 2 in the left side. unit # 1 ran off the left side of the roadway.",20195105460,2019,AB,6/1/2019 0:00,11,SBELIR00070**C,S,BEL,21.74,40.066489,-80.836701,66628,94726.0,6/10/2019 0:00,5,2,N,2.0,N,Y,1.0,16,0,6400.0,,,Y,21.74,SBELIR00070**C,N,1,07-0553-07,1,6,N,3,1,2,RICHLAND TOWNSHIP,1,E,Y,N,5.0,Y,0.2,,N,,N,PEASE TOWNSHIP,N,,0,,,,70,IR,,220.0,N,,,220,2,,,,,N,N,Y,0,0,N,1.0,0,2,2,,33450.0,N,220.359,29,Y,5,4,3,1,F,N,N,N,0,2,0,1,0,65,1,20,0,0,0,0,0,1,6,NT,3,60,38.0,1.0,4.0,3.0,1.0,F,,2.0,65.0,1.0,20.0,,,,,,1.0,6.0,NT,1.0,60.0,,,,,,,,,,,,,0,4,,"unit1 unit1 traveling . unit1 lost control , hydroplaned struck unit2 left side . unit1 ran left side roadway .",C,"[0.22531335055828094, 0.7379704117774963, 0.03671622648835182]",C,"[0.13517427444458008, 0.8479216694831848, 0.01690402626991272]",O,"[0.6865234375, 0.264892578125, 0.04876708984375]"
569,569,195106263,"unit#1 was westbound on ir 80 (ohio turnpike) and hydroplaned on the wet roadway. unit#1 drove off the right side of the roadway, struck a guardrail and then a ditch before coming to final rest.",20195106263,2019,AB,6/1/2019 0:00,4,STRUIR00080*KN,S,TRU,4.922,41.194072,-80.942202,55636,97831.0,6/10/2019 0:00,13,2,N,2.0,Y,Y,1.0,15,0,,,,Y,4.91,STRUIR00080*KC,N,1,91-0301-78,31,6,N,0,1,1,NEWTON TOWNSHIP,1,W,Y,N,6.0,N,0.0,,N,,N,BRACEVILLE TOWNSHIP,N,,0,,,,80,IR,K,211.0,N,,,211,2,,,,,N,Y,Y,0,0,N,1.0,0,2,4,,34750.0,N,210.955,89,Y,5,3,4,1,M,N,N,N,0,3,31,1,0,70,1,8,31,44,0,0,0,1,6,NT,3,50,,,,,,,,,,,,,,,,,,,,,,,,,,,,,,,,,,0,4,,"unit1 hydroplaned wet roadway . unit1 drove side roadway , struck guardrail ditch coming final rest .",O,"[0.9753775596618652, 0.02325991354882717, 0.0013624414568766952]",O,"[0.9993259906768799, 0.0006626867107115686, 1.1356717550370377e-05]",O,"[0.9990234375, 0.0008931159973144531, 3.528594970703125e-05]"
570,570,195109935,"unit 1 was southbound on interstate 71, hydroplaned, went off road left and struck a median cable barrier.",20195109935,2019,O,6/1/2019 0:00,3,SASDIR00071**N,S,ASD,10.461,40.874549,-82.215898,61756,99999.0,6/15/2019 0:00,13,7,N,2.0,Y,Y,1.0,23,0,,,,Y,10.449,SASDIR00071**C,N,4,03-0419-03,1,6,N,1,0,1,PERRY TOWNSHIP,1,N,Y,N,6.0,Y,0.2,,N,,N,PERRY TOWNSHIP,N,,0,,,,71,IR,,189.0,N,,,189,2,,,,,N,N,Y,0,0,N,1.0,0,2,2,,81125.0,N,189.188,26,Y,5,5,8,1,F,N,N,N,0,3,34,1,0,70,1,9,34,0,0,0,0,1,6,NT,1,50,,,,,,,,,,,,,,,,,,,,,,,,,,,,,,,,,,0,4,,"unit1 interstate , hydroplaned , went left struck median cable barrier .",C,"[0.1747344434261322, 0.8005101680755615, 0.024755336344242096]",O,"[0.997183620929718, 0.002779466100037098, 3.685067349579185e-05]",O,"[1.0, 0.00022518634796142578, 9.238719940185547e-06]"
571,571,195110296,unit 1 was eastbound on the ohio turnpike in the left lane and hydroplaned. unit 1 then went off the left side of the roadway and struck the concrete median wall.,20195110296,2019,O,6/1/2019 0:00,2,SOTTIR00080*KC,S,OTT,0.392,41.508016,-83.407718,15546,99999.0,6/16/2019 0:00,13,1,N,2.0,Y,Y,1.0,10,0,,,,Y,0.392,SOTTIR00080*KC,N,1,89-0225-62,31,6,N,2,0,1,CLAY TOWNSHIP,1,E,Y,N,6.0,N,0.6,,N,,N,CLAY TOWNSHIP,N,,0,,,,80,IR,K,74.0,N,,,74,2,,,,,N,Y,Y,0,0,N,1.0,0,2,1,,81440.0,N,74.569,67,Y,5,4,3,1,M,N,N,N,0,3,35,1,0,70,1,9,35,0,0,0,0,1,6,NT,1,70,,,,,,,,,,,,,,,,,,,,,,,,,,,,,,,,,,0,4,,unit1 ohio turnpike left hydroplaned . unit1 went left side roadway struck concrete median wall .,O,"[0.6797457337379456, 0.3009801506996155, 0.019274072721600533]",C,"[0.2133358120918274, 0.7743080258369446, 0.0123561667278409]",O,"[0.8974609375, 0.0924072265625, 0.010009765625]"
572,572,195112828,"unit #1 was traveling northbound on sr 11 when he hydroplaned off the left side of the roadway, hit a ditch and overturned.",20195112828,2019,O,6/1/2019 0:00,4,SMAHSR00011**C,S,MAH,15.741,41.122021,-80.750711,3198,97831.0,6/15/2019 0:00,13,7,N,2.0,Y,Y,2.0,20,0,,630bae2b-68f7-4e9c-b4ec-1fde09ce10b0,b9e94a6c-6eca-409c-961e-7a1e9d5e8a51,N,15.741,SMAHSR00011**C,N,4,50-0546-50,1,6,N,1,0,1,AUSTINTOWN TOWNSHIP,1,S,Y,N,4.0,Y,0.057,,N,,N,AUSTINTOWN,N,,0,,,,11,SR,,41.0,N,,,41,2,,,,,N,N,N,0,0,N,1.0,0,2,1,,295721.0,N,40.941,43,Y,1,2,1,1,M,N,N,N,0,2,44,1,0,65,1,9,44,1,0,0,0,1,6,NT,1,65,,,,,,,,,,,,,,,,,,,,,,,,,,,,,,,,,,0,4,,"unit1 traveling hydroplaned left side roadway , hit ditch overturned .",C,"[0.08631470799446106, 0.8976781964302063, 0.016007155179977417]",C,"[0.03266496956348419, 0.943946361541748, 0.023388613015413284]",C,"[0.08563232421875, 0.75146484375, 0.162841796875]"
573,573,195113034,unit 1 was traveling southbound on interstate 71 near mile marker 192 in ashland ohio. unit 1 hydroplaned and ran off the roadway to the left.,20195113034,2019,O,6/1/2019 0:00,3,SASDIR00071**N,S,ASD,13.078,40.897544,-82.176905,61756,99999.0,6/15/2019 0:00,13,7,N,2.0,Y,Y,1.0,23,0,,,,Y,13.073,SASDIR00071**C,N,4,03-0418-03,1,6,N,2,0,1,PERRY TOWNSHIP,1,S,Y,N,6.0,Y,0.2,,N,,N,PERRY TOWNSHIP,N,,0,,,,71,IR,,192.0,N,,,192,2,,,,,N,N,Y,0,0,N,1.0,0,2,1,,81125.0,N,191.805,45,Y,5,1,2,1,M,N,N,N,0,3,30,1,2,70,1,9,30,0,0,0,0,1,6,NT,1,55,,,,,,,,,,,,,,,,,,,,,,,,,,,,,,,,,,0,4,,unit1 traveling interstate near mile marker ashland ohio . unit1 hydroplaned ran roadway left .,C,"[0.2761356234550476, 0.697349488735199, 0.026514900848269463]",O,"[0.9908905625343323, 0.009000207297503948, 0.00010926980030490085]",O,"[1.0, 1.2636184692382812e-05, 1.2516975402832031e-06]"
574,574,195113688,unit 1 was eastbound on us 33. unit 1 hydroplaned subsequently driving off the left side of the road striking a guardrail.,20195113688,2019,O,6/1/2019 0:00,7,SLOGUS00033**C,S,LOG,15.169,40.38197,-83.763561,41286,99999.0,6/17/2019 0:00,13,2,N,2.0,Y,Y,2.0,18,0,,,,N,15.169,SLOGUS00033**C,N,1,80-0270-46,1,6,N,4,0,1,LAKE TOWNSHIP,1,W,Y,N,4.0,Y,0.4,,N,,N,LAKE TOWNSHIP,N,,0,,,,33,US,,16.0,N,,,16,2,,,,,N,N,Y,0,0,N,2.0,0,2,4,,264486.0,N,66.655,33,Y,5,6,3,1,F,N,N,N,0,4,30,1,0,70,13,9,30,0,0,0,0,1,6,LT,3,74,,,,,,,,,,,,,,,,,,,,,,,,,,,,,,,,,,0,4,,unit1 us . unit1 hydroplaned subsequently driving left side striking guardrail .,O,"[0.6590625047683716, 0.3266024887561798, 0.01433507539331913]",O,"[0.5799394845962524, 0.4143821597099304, 0.005678338930010796]",O,"[0.70068359375, 0.278076171875, 0.0210113525390625]"
575,575,195113763,unit #1 was east on ir 70 in the middle lane. unit #1 hydroplaned spun around ran off the left side of the roadway and struck the median cable guide wire.,20195113763,2019,O,6/1/2019 0:00,7,SCLAIR00070**C,S,CLA,14.98,39.890058,-83.779725,74119,83980.0,6/17/2019 0:00,13,2,N,2.0,Y,Y,1.0,19,0,,,,Y,14.98,SCLAIR00070**C,N,4,12-0700-12,1,6,N,2,0,1,SPRINGFIELD TOWNSHIP,1,E,Y,N,6.0,Y,0.2,,N,,N,SPRINGFIELD,N,,0,,,,70,IR,,56.0,N,,,56,2,,,,,N,N,Y,0,0,N,1.0,0,2,1,,39403.0,N,56.184,26,Y,5,4,3,1,M,N,N,N,0,3,33,1,0,70,1,9,33,0,0,0,0,1,6,NT,1,50,,,,,,,,,,,,,,,,,,,,,,,,,,,,,,,,,,0,4,,unit1 middle . unit1 hydroplaned spun around ran left side roadway struck median cable guide wire .,O,"[0.9999696016311646, 2.8659827876253985e-05, 1.8283318468093057e-06]",O,"[0.9998039603233337, 0.00019452384731266648, 1.5762050225021085e-06]",O,"[1.0, 1.430511474609375e-05, 7.152557373046875e-07]"
576,576,195113931,unit 1 was eastbound on interstate route 70 and hydroplaned into the concrete median barrier.,20195113931,2019,O,6/1/2019 0:00,5,SLICIR00070**C,S,LIC,16.609,39.94663,-82.461911,43456,61705.0,6/19/2019 0:00,13,4,N,2.0,Y,Y,1.0,23,0,,,,Y,16.609,SLICIR00070**C,N,3,45-0480-45,1,6,N,1,0,1,LICKING TOWNSHIP,1,E,Y,N,6.0,Y,0.019,,Y,,N,UNION TOWNSHIP,N,,0,,,,70,IR,,130.0,N,,,130,2,,,,,N,N,Y,0,0,N,1.0,0,2,1,,107458.0,N,129.974,24,Y,5,4,3,1,F,N,N,N,0,3,35,1,0,70,1,9,35,0,0,0,0,1,6,NT,1,65,,,,,,,,,,,,,,,,,,,,,,,,,,,,,,,,,,0,4,,unit1 interstate hydroplaned concrete median barrier .,O,"[0.6721440553665161, 0.3194398880004883, 0.00841601938009262]",O,"[0.8148041367530823, 0.18486858904361725, 0.00032729460508562624]",O,"[1.0, 1.3113021850585938e-06, 5.960464477539063e-08]"