,id,OBJECTID,Narrative,DOCUMENT_NBR,CRASH_YR,CRASH_SEVERITY_CD,CRASH_MONTH_YEAR,DISTRICT_NBR,NLFID,NLF_JUR_CD,NLF_COUNTY_CD,COUNTY_LOG_NBR,ODOT_LATITUDE_NBR,ODOT_LONGITUDE_NBR,ODOT_FIPS_CD,AREA_CODE,CRASH_DATE,CRASH_TYPE_CD,DAY_IN_WEEK_CD,DISTRACTED_DRIVER_IND,FACILITY_TYPE_CD,FHWA_RDWY_DEPARTURE_IND,FREEWAY_IND,FUNCTIONAL_CLASS_CD,HOUR_OF_CRASH,INCAPAC_INJURIES_NBR,INTERCHANGE_ID,INTERSECTION_ID_CURRENT,INTERSECTION_LEG_ID,INTERSTATE_IND,INV_LOG_NBR,INV_NLFID,IS_COMMERCIAL_RELATED,LIGHT_COND_PRIMARY_CD,LOCAL_REPORT_NUMBER_ID,MAINTENANCE_AUTHORITY_CD,MONTH_OF_CRASH,NHS_CD,NO_INJURY_REPORTED_NBR,NON_INCAPAC_INJURIES_NBR,NUMBER_OF_UNITS_NBR,ODOT_CITY_VILLAGE_TWP_NME,ODOT_CRASH_LOCATION_CD,ODOT_DIR_FROM_REF_CD,ODOT_DIV_UNDIV_IND,ODOT_INTERSECTION_REL_IND,ODOT_LANES_NBR,ODOT_MAINTAINED_HWY_IND,ODOT_MILES_FROM_REF_NBR,ODOT_REF_ROUTE_PREFIX_CD,ODOT_YOUNG_DRIVER_IND,ODPS_ADDRESS_REFERENCE,ODPS_ALCOHOL_IND,ODPS_CITY_VILLAGE_TWP_NME,ODPS_DRUG_IND,ODPS_LOC_DIR_SUFFIX_CD,ODPS_LOC_IN_WORK_ZONE_CD,ODPS_LOC_ROAD_DIRECTION_CD,ODPS_LOC_ROAD_NME,ODPS_LOC_ROAD_SUFFIX_CD,ODPS_LOC_ROUTE_ID,ODPS_LOC_ROUTE_PREFIX_CD,ODPS_LOC_ROUTE_SUFFIX_CD,ODPS_MILEPOST_REFERENCE,ODPS_MOTORCYCLE_IND,ODPS_REF_DIR_SUFFIX_CD,ODPS_REF_DIRECTION_CD,ODPS_REF_GIVEN,ODPS_REF_POINT_USED_CD,ODPS_REF_ROUTE_ID,ODPS_REF_ROUTE_PREFIX_CD,ODPS_REF_ROUTE_SUFFIX_CD,ODPS_REF_SUFFIX_CD,ODPS_SCHOOL_ZONE_IND,ODPS_SENIOR_DRIVER_IND,ODPS_SPEED_IND,ODPS_TOTAL_FATALITIES_NBR,ODPS_TYPE_OF_WORK_ZONE_CD,ODPS_WORK_ZONE_IND,OPER_ACCESS_CONTROL_CD,POSSIBLE_INJURIES_NBR,ROAD_COND_PRIMARY_CD,ROAD_CONTOUR_CD,SA_RAMP_ID,SA_SEGMENT_ID,SECONDARY_CRASH,STATE_TRUE_LOG_NBR,U1_AGE_NBR,U1_AT_FAULT_IND,U1_CONT_CIR_PRIMARY_CD,U1_DIRECTION_FROM_CD,U1_DIRECTION_TO_CD,U1_DISTRACTED_BY_1_CD,U1_GENDER_CD,U1_IS_ALCOHOL_SUSPECTED,U1_IS_MARIJUANA_SUSPECTED,U1_IS_OTHER_DRUG_SUSPECTED,U1_NON_MOTORIST_LOC_CD,U1_NUMBER_OF_THRU_LANES,U1_OBJECT_STRUCK,U1_ODPS_UNIT_NBR,U1_OPERATINGIN_AUTONOMOUS_MODE,U1_POSTED_SPEED_NBR,U1_PRECRASH_ACTION_CD,U1_SEQ_OF_EVENTS_1_CD,U1_SEQ_OF_EVENTS_2_CD,U1_SEQ_OF_EVENTS_3_CD,U1_SEQ_OF_EVENTS_4_CD,U1_SEQ_OF_EVENTS_5_CD,U1_SEQ_OF_EVENTS_6_CD,U1_SPECIAL_FUNCTION_CD,U1_TRAFFIC_CONTROL_CD,U1_TURN_CD,U1_TYPE_OF_UNIT_CD,U1_UNIT_SPEED_NBR,U2_AGE_NBR,U2_CONT_CIR_PRIMARY_CD,U2_DIRECTION_FROM_CD,U2_DIRECTION_TO_CD,U2_DISTRACTED_BY_1_CD,U2_GENDER_CD,U2_NON_MOTORIST_LOC_CD,U2_ODPS_UNIT_NBR,U2_POSTED_SPEED_NBR,U2_PRECRASH_ACTION_CD,U2_SEQ_OF_EVENTS_1_CD,U2_SEQ_OF_EVENTS_2_CD,U2_SEQ_OF_EVENTS_3_CD,U2_SEQ_OF_EVENTS_4_CD,U2_SEQ_OF_EVENTS_5_CD,U2_SEQ_OF_EVENTS_6_CD,U2_SPECIAL_FUNCTION_CD,U2_TRAFFIC_CONTROL_CD,U2_TURN_CD,U2_TYPE_OF_UNIT_CD,U2_UNIT_SPEED_NBR,U3_CONT_CIR_PRIMARY_CD,U3_ODPS_UNIT_NBR,U3_PRECRASH_ACTION_CD,U3_SEQ_OF_EVENTS_1_CD,U3_SEQ_OF_EVENTS_2_CD,U3_SEQ_OF_EVENTS_3_CD,U3_SEQ_OF_EVENTS_4_CD,U3_SEQ_OF_EVENTS_5_CD,U3_SEQ_OF_EVENTS_6_CD,U3_SPECIAL_FUNCTION_CD,U3_TRAFFIC_CONTROL_CD,U3_TYPE_OF_UNIT_CD,UNRESTRAIN_OCCUPANTS,WEATHER_COND_CD,V1,clean_Narrative,BERT_predictions,BERT_prediction_probabilities,RoBERTa_predictions,RoBERTa_predictions_probabilities,distilBERT_predictions,distilBERT_predictions_probabilities
577,577,195115770,unit #1 was westbound on ir 70. unit #1 hydroplaned and slid off the left side of the roadway. unit #1 struck a concrete drain basin before coming to rest in the grassy median.,20195115770,2019,O,6/1/2019 0:00,5,SGUEIR00070**N,S,GUE,18.414,40.038463,-81.413299,85708,99999.0,6/19/2019 0:00,13,4,N,2.0,Y,Y,1.0,16,0,,,,Y,18.441,SGUEIR00070**C,N,1,30-0528-30,1,6,N,2,0,1,WILLS TOWNSHIP,1,W,Y,N,4.0,Y,0.4,,N,,N,WILLS TOWNSHIP,N,,0,,,,70,IR,,189.0,N,,,189,2,,,,,N,N,Y,0,0,N,1.0,0,2,2,,56439.0,N,188.551,31,Y,5,3,4,1,M,N,N,N,0,2,54,1,0,70,4,9,54,0,0,0,0,1,6,NT,1,65,,,,,,,,,,,,,,,,,,,,,,,,,,,,,,,,,,0,4,,unit1 . unit1 hydroplaned slid left side roadway . unit1 struck concrete drain basin coming rest grassy median .,O,"[0.9290398359298706, 0.06295605003833771, 0.008004169911146164]",O,"[0.9441348314285278, 0.05537167936563492, 0.0004934362950734794]",O,"[1.0, 0.00017130374908447266, 7.450580596923828e-06]"
578,578,195115775,unit 1 and unit 2 were southbound on interstate 75. unit 2 hydroplaned into lane of travel of unit 1. unit 1 struck unit 2.,20195115775,2019,O,6/1/2019 0:00,8,SBUTIR00075**N,S,BUT,0.237,39.303287,-84.438769,83150,16885.0,6/19/2019 0:00,5,4,N,2.0,N,Y,1.0,16,0,,,,Y,0.23,SBUTIR00075**C,Y,1,09-0307-09,1,6,N,3,0,2,WEST CHESTER TOWNSHIP,1,S,Y,N,8.0,Y,0.3,,N,,N,WESTCHESTER,N,,0,,,,75,IR,,18.0,N,,,18,2,,,,,N,Y,Y,0,0,N,1.0,0,2,2,,110975.0,N,17.717,65,Y,99,5,8,1,M,N,N,N,0,4,0,2,1,65,11,20,0,0,0,0,0,1,6,NT,1,3,62.0,1.0,5.0,8.0,1.0,M,,1.0,50.0,1.0,20.0,,,,,,1.0,6.0,NT,5.0,65.0,,,,,,,,,,,,,0,4,,unit1 unit2 interstate . unit2 hydroplaned travel unit1 . unit1 struck unit2 .,C,"[0.32223790884017944, 0.6483995318412781, 0.029362594708800316]",C,"[0.28022289276123047, 0.7155205011367798, 0.004256649408489466]",C,"[0.267822265625, 0.65576171875, 0.07647705078125]"
579,579,195116088,"unit #1 was driving southbound on the sr 11 ramp when it hydroplaned. unit # 1 lost control, went off the right side of the roadway, struck a ditch and overturned.",20195116088,2019,AB,6/1/2019 0:00,4,SMAHSR00011**N,S,MAH,16.056,41.126247,-80.749567,3198,97831.0,6/20/2019 0:00,13,5,N,2.0,Y,Y,2.0,17,0,,,,N,16.056,SMAHSR00011**C,N,1,50-0563-50,1,6,N,0,2,1,AUSTINTOWN TOWNSHIP,1,N,Y,N,2.0,Y,0.01,,Y,,N,AUSTINTOWN,N,,0,,,,11,SR,,41.0,N,,,41,2,,,,,N,N,Y,0,0,N,1.0,0,2,1,,167652.0,N,41.256,18,Y,5,5,2,1,M,N,N,N,0,1,44,1,0,65,1,8,44,1,0,0,0,1,6,LT,1,60,,,,,,,,,,,,,,,,,,,,,,,,,,,,,,,,,,0,4,,"unit1 driving ramp hydroplaned . unit1 lost control , went side roadway , struck ditch overturned .",C,"[0.061229266226291656, 0.9102324843406677, 0.028538208454847336]",C,"[0.006954524666070938, 0.9865279793739319, 0.0065175918862223625]",C,"[0.01212310791015625, 0.98193359375, 0.00653839111328125]"
580,580,195118116,unit 1 was traveling westbound on interstate 70 when the unit hydroplaned off the left side of the roadway and struck the median cable barrier.,20195118116,2019,O,6/1/2019 0:00,7,SCLAIR00070**N,S,CLA,21.428,39.930578,-83.679978,33586,99999.0,6/19/2019 0:00,13,4,N,2.0,Y,Y,1.0,15,0,,,,Y,21.43,SCLAIR00070**C,N,1,12-0709-12,1,6,N,1,0,1,HARMONY TOWNSHIP,1,W,Y,N,6.0,Y,0.38,,N,,N,HARMONY TOWNSHIP,N,,0,,,,70,IR,,63.0,N,,,63,2,,,,,N,N,N,0,0,N,1.0,0,2,2,,39404.0,N,62.632,0,Y,11,3,4,0,U,N,N,N,0,3,33,1,2,70,1,9,33,0,0,0,0,1,6,NT,1,0,,,,,,,,,,,,,,,,,,,,,,,,,,,,,,,,,,0,4,,unit1 traveling interstate unit hydroplaned left side roadway struck median cable barrier .,O,"[0.9878032803535461, 0.01117615681141615, 0.0010206442093476653]",O,"[0.9998480081558228, 0.00014997848484199494, 1.9808130673482083e-06]",O,"[1.0, 6.401538848876953e-05, 4.76837158203125e-06]"
581,581,195118170,"unit #1 was traveling westbound on ir 70, hydroplaned and hit the guardrail.",20195118170,2019,O,6/1/2019 0:00,7,SCLAIR00070**N,S,CLA,2.678,39.864835,-84.001924,46788,99999.0,6/15/2019 0:00,13,7,N,2.0,Y,Y,1.0,21,0,,,,Y,2.68,SCLAIR00070**C,N,4,12-0690-12,1,6,N,2,0,1,MAD RIVER TOWNSHIP,1,W,Y,N,6.0,Y,0.12,,Y,,N,MAD RIVER TOWNSHIP,N,,0,,,,70,IR,,44.0,N,,,44,2,,,,,N,N,Y,0,0,N,1.0,0,2,1,,56409.0,N,43.882,20,Y,11,3,4,1,M,N,N,N,0,3,30,1,0,70,1,8,30,0,0,0,0,1,6,NT,1,72,,,,,,,,,,,,,,,,,,,,,,,,,,,,,,,,,,0,4,,"unit1 traveling , hydroplaned hit guardrail .",O,"[0.9989801049232483, 0.0009825791930779815, 3.724651469383389e-05]",O,"[0.9971603155136108, 0.002787416335195303, 5.224549022386782e-05]",O,"[0.91259765625, 0.0816650390625, 0.00577545166015625]"
582,582,195120112,unit 1 was traveling northbound on sr 83. unit 2 was traveling southbound on sr 83. unit 2 hydroplaned causing it to go left of center and striking unit 1 head on. unit 2 then continued off the left side of the roadway and coming to final rest in a ditch.,20195120112,2019,AB,6/1/2019 0:00,3,SLORSR00083**C,S,LOR,8.886,41.328533,-82.020449,24220,99999.0,6/20/2019 0:00,1,5,N,2.0,Y,N,5.0,5,0,,5b7d5607-b5d8-4acb-9832-dc14de7b298e,6553345f-631b-4bcd-a9c7-21019bde5cc1,N,8.886,SLORSR00083**C,N,2,47-0716-47,1,6,,0,2,2,EATON TOWNSHIP,1,S,N,N,2.0,Y,0.1,,Y,,N,EATON TOWNSHIP,N,,0,,,,83,SR,,9.0,N,,,9,2,,,,,N,N,Y,0,0,N,3.0,0,2,2,,140089.0,N,144.471,18,Y,5,1,2,1,M,N,N,N,0,2,0,2,0,55,1,11,20,9,0,0,0,1,6,NT,1,45,58.0,1.0,2.0,1.0,1.0,F,,1.0,55.0,1.0,20.0,,,,,,1.0,6.0,NT,1.0,50.0,,,,,,,,,,,,,1,4,,unit1 traveling . unit2 traveling . unit2 hydroplaned causing go left center striking unit1 head . unit2 continued left side roadway coming final rest ditch .,C,"[0.004348902031779289, 0.9814623594284058, 0.014188777655363083]",C,"[0.015408506616950035, 0.8976725339889526, 0.08691896498203278]",C,"[0.09857177734375, 0.8583984375, 0.042999267578125]"
583,583,195124033,"unit # 1 was traveling westbound on ir 70 in the left lane, when the unit changed to the center lane, hydroplaned lost control and went off road to the left striking the cable.",20195124033,2019,O,6/1/2019 0:00,7,SCLAIR00070**N,S,CLA,28.781,39.940167,-83.544341,33586,99999.0,6/24/2019 0:00,13,2,N,2.0,Y,Y,1.0,17,0,,,,Y,28.77,SCLAIR00070**C,N,1,12-0734-12,1,6,N,2,0,1,HARMONY TOWNSHIP,1,W,Y,N,6.0,Y,0.02,,N,,N,HARMONY TOWNSHIP,N,,0,,,,70,IR,,70.0,N,,,70,2,,,,,N,N,Y,0,0,N,1.0,0,2,2,,90756.0,N,69.985,27,Y,5,3,4,1,M,N,N,N,0,3,33,1,0,70,3,9,33,0,0,0,0,1,6,NT,3,65,,,,,,,,,,,,,,,,,,,,,,,,,,,,,,,,,,0,4,,"unit1 traveling left , unit changed center , hydroplaned lost control went left striking cable .",O,"[0.9974902868270874, 0.0022851128596812487, 0.0002246650547022]",O,"[0.9975507855415344, 0.0023819832131266594, 6.716708594467491e-05]",O,"[0.998046875, 0.001926422119140625, 0.0002282857894897461]"
584,584,195126405,"unit #1 was traveling westbound on us33. unit #1 hydroplaned and ran off the road to the right, striking the guardrail on the north side of the roadway edge.",20195126405,2019,O,7/1/2019 0:00,10,SHOCUS00033**N,S,HOC,11.761,39.522394,-82.376658,31780,99743.0,7/2/2019 0:00,13,3,N,2.0,Y,Y,2.0,12,0,48100.0,,,N,11.772,SHOCUS00033**C,N,1,05-0548-37,1,7,N,1,0,1,GREEN TOWNSHIP,1,E,Y,N,4.0,Y,0.8,,N,,N,GREEN TOWNSHIP,N,,0,,,,33,US,,11.0,N,,,11,2,,,,,N,N,Y,0,0,N,1.0,0,2,1,,264476.0,N,174.076,53,Y,5,3,4,1,M,N,N,N,0,2,30,1,0,70,1,8,30,0,0,0,0,1,6,NT,1,50,,,,,,,,,,,,,,,,,,,,,,,,,,,,,,,,,,0,4,,"unit1 traveling . unit1 hydroplaned ran , striking guardrail side roadway edge .",O,"[0.8156474828720093, 0.17473921179771423, 0.009613306261599064]",O,"[0.950093150138855, 0.0490504652261734, 0.0008563348092138767]",O,"[0.9921875, 0.00689697265625, 0.0004513263702392578]"
585,585,195126942,unit 1 was northbound on sr 39 and hydroplaned off the right side of the road striking a ditch.,20195126942,2019,O,7/1/2019 0:00,3,SRICSR00039**C,S,RIC,20.622,40.720614,-82.444505,51576,99999.0,7/5/2019 0:00,13,6,N,2.0,Y,N,5.0,7,0,,,,N,20.622,SRICSR00039**C,N,1,70-0804-70,1,7,,1,0,1,MONROE TOWNSHIP,1,N,N,N,2.0,Y,0.1,,Y,,N,MONROE TOWNSHIP,N,,0,,,,39,SR,,21.0,N,,,21,2,,,,,N,N,Y,0,0,N,3.0,0,2,3,,184078.0,N,28.235,22,Y,5,2,1,1,M,N,N,N,0,2,44,1,0,55,1,8,44,0,0,0,0,1,6,NT,1,45,,,,,,,,,,,,,,,,,,,,,,,,,,,,,,,,,,0,4,,unit1 hydroplaned side striking ditch .,O,"[0.9918570518493652, 0.007574879098683596, 0.0005681457696482539]",O,"[0.845083475112915, 0.15286381542682648, 0.002052699914202094]",O,"[0.6689453125, 0.325927734375, 0.00545501708984375]"
586,586,195127875,"unit #1 was southbound on gooding road and stuck standing water. unit #1 hydroplaned, went off of the right side and struck a utility pole.",20195127875,2019,C,7/1/2019 0:00,6,CMARCR00126**C,C,MAR,1.889,40.465674,-83.152836,64794,99999.0,7/3/2019 0:00,13,4,N,,N,N,5.0,7,0,,,,N,1.889,CMARCR00126**C,N,1,51-0556-51,2,7,,0,0,1,PROSPECT TOWNSHIP,1,N,N,N,2.0,N,0.9,SR,N,,N,WALDO,N,,0,,,,126,CR,,,N,,,,1,47,SR,,,N,N,Y,0,0,N,,1,6,1,,21178.0,N,1.889,28,Y,5,1,2,1,M,N,N,N,0,2,40,1,0,55,1,99,8,40,0,0,0,1,6,NT,1,45,,,,,,,,,,,,,,,,,,,,,,,,,,,,,,,,,,0,2,,"unit1 gooding stuck standing water . unit1 hydroplaned , went side struck utility pole .",O,"[0.9999886751174927, 1.0617887710395735e-05, 7.453008379343373e-07]",C,"[0.02951774187386036, 0.9646464586257935, 0.005835757590830326]",O,"[1.0, 5.960464477539063e-08, 0.0]"
587,587,195128915,units 1 and unit 2 were eastbound on ir 70. unit 1 hydroplaned and traveled off the left side of the roadway and struck the median wall. unit 2 struck unit 1 in the rear.,20195128915,2019,O,7/1/2019 0:00,11,SBELIR00070**C,S,BEL,19.886,40.072293,-80.870144,66628,94726.0,7/5/2019 0:00,2,6,N,2.0,Y,Y,1.0,14,0,,b42ee0c4-3210-4f60-b0ee-49bcf897805b,e216b6df-4d66-468c-9a24-93e49d0da379,Y,19.886,SBELIR00070**C,N,1,07-0630-07,1,7,N,2,0,2,RICHLAND TOWNSHIP,1,W,Y,N,5.0,Y,0.2,,Y,,N,RICHLAND TOWNSHIP,N,,0,,,,70,IR,,219.0,N,,,219,2,,,,,N,N,Y,0,0,N,1.0,0,2,4,,45235.0,N,218.505,24,N,5,4,3,1,M,N,N,N,0,2,35,1,0,65,1,9,35,20,0,0,0,1,6,NT,3,55,56.0,8.0,4.0,3.0,1.0,M,,2.0,65.0,1.0,20.0,,,,,,1.0,6.0,NT,4.0,65.0,,,,,,,,,,,,,0,4,,units unit2 . unit1 hydroplaned traveled left side roadway struck median wall . unit2 struck unit1 rear .,C,"[0.32827028632164, 0.5673572421073914, 0.10437250882387161]",C,"[0.06401976943016052, 0.8874112367630005, 0.048569001257419586]",O,"[0.552734375, 0.42333984375, 0.0237579345703125]"
588,588,195130696,unit 1 was eastbound on ir 70. unit 1 hydroplaned traveled off the left side of the roadway and struck the concrete median wall.,20195130696,2019,O,7/1/2019 0:00,11,SBELIR00070**N,S,BEL,20.535,40.070685,-80.858621,66628,94726.0,7/7/2019 0:00,13,1,N,2.0,Y,Y,1.0,17,0,,3e74ffc1-203f-4285-8817-221549c4517c,0ec280b7-ad64-404c-801f-e73c0f5b9283,Y,20.482,SBELIR00070**C,N,1,07-0638-07,1,7,N,1,0,1,RICHLAND TOWNSHIP,1,W,Y,N,6.0,Y,0.2,,N,,N,RICHLAND TOWNSHIP,N,,0,,,,70,IR,,219.0,N,,,219,2,,,,,N,N,Y,0,0,N,1.0,0,2,4,,81074.0,N,219.154,31,Y,5,4,3,1,M,N,N,N,0,2,35,1,0,65,1,9,35,0,0,0,0,1,6,NT,1,65,,,,,,,,,,,,,,,,,,,,,,,,,,,,,,,,,,0,4,,unit1 . unit1 hydroplaned traveled left side roadway struck concrete median wall .,O,"[0.7588546872138977, 0.20422253012657166, 0.03692279011011124]",O,"[0.5664829015731812, 0.42022496461868286, 0.013292161747813225]",O,"[1.0, 0.00012242794036865234, 1.1205673217773438e-05]"
589,589,195130711,unit #1 was traveling west on interstate 480. unit #1 hydroplaned and struck a concrete median barrier.,20195130711,2019,O,7/1/2019 0:00,12,SCUYIR00480**N,S,CUY,15.252,41.421124,-81.692263,16000,17668.0,7/4/2019 0:00,13,5,N,2.0,Y,Y,1.0,14,0,20100.0,,,Y,15.253,SCUYIR00480**C,N,1,18-0333-18,1,7,N,4,0,1,CLEVELAND,1,E,Y,N,8.0,Y,0.4,,N,,N,CLEVELAND,N,,0,,,,480,IR,,17.0,N,,,17,2,,,,,N,N,Y,0,0,N,1.0,0,2,3,,81543.0,N,17.556,30,Y,5,3,4,1,F,N,N,N,0,4,35,1,0,60,13,9,35,0,0,0,0,1,6,NT,1,65,,,,,,,,,,,,,,,,,,,,,,,,,,,,,,,,,,0,4,,unit1 traveling interstate . unit1 hydroplaned struck concrete median barrier .,O,"[0.5174317955970764, 0.45703113079071045, 0.02553708292543888]",C,"[0.05950566753745079, 0.931916356086731, 0.00857789907604456]",O,"[0.9990234375, 0.0010242462158203125, 7.838010787963867e-05]"
590,590,195131332,unit 1 was southbound on sr 149. unit 1 hydroplaned and traveled off the right side of the roadway and struck the guard rail. *sr 149 is an north/south roadway which runs east/west in this location.,20195131332,2019,O,7/1/2019 0:00,11,SBELSR00149**C,S,BEL,1.942,40.016582,-80.769039,64962,94726.0,7/11/2019 0:00,13,5,N,2.0,Y,N,5.0,14,0,,c7cc36f2-34df-428e-8508-3c06bc0a4735,7fbabad2-0acd-47d9-9f10-41f909b6b0da,N,1.942,SBELSR00149**C,N,1,07-0657-07,1,7,,1,0,1,PULTNEY TOWNSHIP,1,S,N,N,2.0,Y,0.2,,Y,,N,PULTNEY TOWNSHIP,N,,0,,,,149,SR,,2.0,N,,,2,2,,,,,N,N,Y,0,0,N,3.0,0,2,4,,328592.0,N,1.942,23,Y,5,1,2,1,M,N,N,N,0,2,30,1,0,55,13,8,30,0,0,0,0,1,6,NT,1,55,,,,,,,,,,,,,,,,,,,,,,,,,,,,,,,,,,0,4,,unit1 . unit1 hydroplaned traveled side roadway struck guard rail . sr roadway runs location .,O,"[0.9999984502792358, 1.456671611776983e-06, 1.515002736596216e-07]",O,"[0.9806760549545288, 0.019239751622080803, 8.41351502458565e-05]",O,"[0.9990234375, 0.0010318756103515625, 0.0001354217529296875]"
591,591,195131337,units 1 and 2 were westbound on ir 70. unit 1 was in the right lane and unit 2 was in the left lane. unit 2 hydroplaned traveled off the left side of the roadway and struck the median wall. unit 2 re-entered the roadway traveled into the right lane and struck unit 1. unit 2 traveled off the left side of the roadway again and struck the median wall. unit 1 pulled off on the right side of the road.,20195131337,2019,C,7/1/2019 0:00,11,SBELIR00070**N,S,BEL,25.32,40.064936,-80.768927,61378,94726.0,7/11/2019 0:00,5,5,N,2.0,Y,Y,1.0,18,0,,,,Y,25.321,SBELIR00070**C,Y,1,07-0659-07,1,7,N,3,0,2,PEASE TOWNSHIP,1,W,Y,N,4.0,Y,0.1,,N,,N,PEASE TOWNSHIP,N,,0,,,,70,IR,,224.0,N,,,224,2,,,,,N,N,Y,0,0,N,1.0,2,2,2,,39398.0,N,223.939,40,Y,5,3,4,1,M,N,N,N,0,2,35,2,0,65,1,9,35,20,9,35,0,1,6,NT,6,65,45.0,1.0,3.0,4.0,1.0,M,,1.0,65.0,1.0,20.0,,,,,,1.0,6.0,NT,15.0,60.0,,,,,,,,,,,,,0,4,,unit1 unit2 . unit1 unit2 left . unit2 hydroplaned traveled left side roadway struck median wall . unit2 reentered roadway traveled struck unit1 . unit2 traveled left side roadway struck median wall . unit1 pulled side .,O,"[0.9996814727783203, 0.00030242252978496253, 1.6139318177010864e-05]",C,"[0.022633053362369537, 0.9101789593696594, 0.06718804687261581]",C,"[0.00893402099609375, 0.9853515625, 0.0051727294921875]"
592,592,195131737,"unit 1 and unit 2 were traveling eastbound on ir 70 near mp 62 in a heavy downpour. unit 1 started hydroplaning and lost control, crossing into the left lane and striking unit 2.",20195131737,2019,O,7/1/2019 0:00,7,SCLAIR00070**C,S,CLA,20.605,39.921472,-83.690064,33586,83980.0,7/6/2019 0:00,5,7,N,2.0,N,Y,1.0,16,0,9000.0,,,Y,20.605,SCLAIR00070**C,N,1,12-0792-12,1,7,N,4,0,2,HARMONY TOWNSHIP,1,W,Y,N,6.0,Y,0.139,,N,,Y,HARMONY TOWNSHIP,N,,0,,,,70,IR,,62.0,N,,,62,2,,,,,N,N,N,0,0,N,1.0,0,2,1,,42764.0,N,61.809,27,Y,9,4,3,1,M,Y,N,N,0,3,0,1,0,70,1,20,9,0,0,0,0,1,6,NT,1,60,38.0,1.0,4.0,3.0,1.0,M,,2.0,70.0,1.0,20.0,9.0,,,,,1.0,6.0,NT,4.0,65.0,,,,,,,,,,,,,0,4,,"unit1 unit2 traveling near mp heavy downpour . unit1 started hydroplaning lost control , crossing left striking unit2 .",C,"[0.17401787638664246, 0.7582554221153259, 0.06772672384977341]",O,"[0.9682766795158386, 0.031080516055226326, 0.0006428493652492762]",O,"[0.9990234375, 0.0007181167602539062, 8.088350296020508e-05]"
593,593,195132116,"unit 1 was traveling northbound on sr 93. unit 1 hydroplaned, traveled off the left side of the roadway and struck a wooden utility pole.",20195132116,2019,AB,7/1/2019 0:00,9,SJACSR00093**C,S,JAC,10.9,38.983362,-82.588919,28322,99999.0,7/11/2019 0:00,13,5,N,2.0,Y,N,4.0,10,0,,,,N,10.9,SJACSR00093**C,N,1,40-0416-40,1,7,,1,1,1,FRANKLIN TOWNSHIP,1,S,N,N,2.0,Y,0.1,,Y,,N,FRANKLIN TOWNSHIP,N,,0,,,,93,SR,,11.0,N,,,11,2,,,,,N,N,Y,0,0,N,3.0,1,2,1,,328100.0,N,38.679,24,Y,5,2,1,1,M,N,N,N,0,2,40,1,0,55,1,9,40,0,0,0,0,1,6,NT,1,55,,,,,,,,,,,,,,,,,,,,,,,,,,,,,,,,,,0,4,,"unit1 traveling . unit1 hydroplaned , traveled left side roadway struck wooden utility pole .",O,"[0.9464171528816223, 0.04568217694759369, 0.00790064875036478]",O,"[0.9832293391227722, 0.016145477071404457, 0.0006251481245271862]",O,"[0.87744140625, 0.1156005859375, 0.00738525390625]"
594,594,195132234,"unit #1 was traveling southbound on sr800, unit #2 was traveling northbound on sr800. unit #1 hydroplaned, traveled left of center and struck unit #2.",20195132234,2019,AB,7/1/2019 0:00,11,SHASSR00800**C,S,HAS,4.049,40.210862,-81.2626,28798,99999.0,7/5/2019 0:00,18,6,N,2.0,Y,N,4.0,19,0,,ab9cb478-5099-43f8-ae24-fd898c60baca,bbcaaf7e-86f9-4acd-88d6-4388e1ab94e6,N,4.049,SHASSR00800**C,N,1,41-0495-34,4,7,,0,2,2,FREEPORT,3,,N,Y,2.0,N,0.0,MR,Y,,N,FREEPORT,N,,0,,,,800,SR,,,N,,,,1,10,CR,,,N,Y,N,0,0,N,3.0,0,2,4,,298770.0,N,57.706,17,Y,7,5,7,1,F,N,N,N,0,2,0,1,2,35,13,11,20,0,0,0,0,1,6,LT,1,25,74.0,1.0,8.0,5.0,1.0,F,,2.0,35.0,13.0,20.0,,,,,,1.0,6.0,NT,1.0,20.0,,,,,,,,,,,,,0,4,,"unit1 traveling , unit2 traveling . unit1 hydroplaned , traveled left center struck unit2 .",C,"[0.1723742038011551, 0.7857336401939392, 0.04189218953251839]",C,"[0.06298612803220749, 0.849830687046051, 0.08718322217464447]",O,"[0.8662109375, 0.11474609375, 0.0189208984375]"
595,595,195134886,unit #1 was southbound on interstate route 71. unit #1 hydroplaned and slid off the left side of the road and struck a median cable barrier.,20195134886,2019,O,7/1/2019 0:00,3,SASDIR00071**N,S,ASD,8.789,40.865491,-82.245437,61756,99999.0,7/17/2019 0:00,13,4,N,2.0,Y,Y,1.0,13,0,,,,Y,8.781,SASDIR00071**C,N,1,03-0480-03,1,7,N,1,0,1,PERRY TOWNSHIP,1,S,Y,N,6.0,Y,0.5,,Y,,N,MONTGOMERY TOWNSHIP,N,,0,,,,71,IR,,188.0,N,,,188,2,,,,,N,N,Y,0,0,N,1.0,0,2,1,,81125.0,N,187.516,18,Y,5,5,8,1,F,N,N,N,0,3,33,1,2,70,1,9,33,0,0,0,0,1,6,NT,1,75,,,,,,,,,,,,,,,,,,,,,,,,,,,,,,,,,,0,4,,unit1 interstate . unit1 hydroplaned slid left side struck median cable barrier .,O,"[0.9588106870651245, 0.03857537731528282, 0.0026139405090361834]",O,"[0.9997770190238953, 0.00022157975763548166, 1.4160222008285928e-06]",O,"[0.9912109375, 0.00850677490234375, 0.00028443336486816406]"
596,596,195136715,unit #1 and unit #2 were traveling east on ir 0080 (ohio turnpike). unit #2 hydroplaned in the center lane and struck unit #1 in the right lane.,20195136715,2019,O,7/1/2019 0:00,4,STRUIR00080*KC,S,TRU,4.91,41.193961,-80.942408,55636,97831.0,7/16/2019 0:00,5,3,N,2.0,N,Y,1.0,22,0,,,,Y,4.91,STRUIR00080*KC,N,4,91-0393-78,31,7,N,3,0,2,NEWTON TOWNSHIP,1,W,Y,N,6.0,N,0.0,,N,,N,NEWTON TOWNSHIP,N,,4,,,,80,IR,K,211.0,N,,,211,2,,,,,N,N,N,0,1,Y,1.0,0,2,2,,34750.0,N,210.943,44,Y,9,4,3,1,F,N,N,N,0,2,0,2,0,50,1,20,0,0,0,0,0,1,6,NT,1,50,44.0,1.0,4.0,3.0,1.0,F,,1.0,50.0,1.0,20.0,,,,,,1.0,6.0,NT,1.0,50.0,,,,,,,,,,,,,0,4,,unit1 unit2 traveling . unit2 hydroplaned center struck unit1 .,O,"[0.8305893540382385, 0.1501583606004715, 0.019252251833677292]",AB,"[0.02860180474817753, 0.39780330657958984, 0.5735949277877808]",O,"[0.76708984375, 0.2083740234375, 0.0245513916015625]"
597,597,195137838,"unit #1 was traveling south on us 23. unit #1 hydroplaned, crossing the center line and striking a concrete wall.",20195137838,2019,AB,7/1/2019 0:00,9,SSCIUS00023**N,S,SCI,5.85,38.80446,-82.98443,15560,99761.0,7/22/2019 0:00,13,2,N,2.0,Y,N,3.0,16,0,,,,N,5.9,SSCIUS00023**C,N,1,73-0519-73,1,7,H,0,3,1,CLAY TOWNSHIP,1,S,Y,N,4.0,Y,0.1,,N,,N,CLAY TOWNSHIP,N,,0,,,,23,US,,6.0,N,,,6,2,,,,,N,N,Y,0,0,N,2.0,0,2,2,,284838.0,N,5.85,40,Y,5,1,2,1,F,N,N,N,0,4,28,1,0,55,1,9,28,0,0,0,0,1,6,NT,3,45,,,,,,,,,,,,,,,,,,,,,,,,,,,,,,,,,,0,4,,"unit1 traveling us . unit1 hydroplaned , crossing center line striking concrete wall .",C,"[0.274076908826828, 0.650873601436615, 0.075049489736557]",C,"[0.43902823328971863, 0.5215067863464355, 0.03946494311094284]",O,"[0.99609375, 0.0032958984375, 0.0001392364501953125]"