,id,OBJECTID,Narrative,DOCUMENT_NBR,CRASH_YR,CRASH_SEVERITY_CD,CRASH_MONTH_YEAR,DISTRICT_NBR,NLFID,NLF_JUR_CD,NLF_COUNTY_CD,COUNTY_LOG_NBR,ODOT_LATITUDE_NBR,ODOT_LONGITUDE_NBR,ODOT_FIPS_CD,AREA_CODE,CRASH_DATE,CRASH_TYPE_CD,DAY_IN_WEEK_CD,DISTRACTED_DRIVER_IND,FACILITY_TYPE_CD,FHWA_RDWY_DEPARTURE_IND,FREEWAY_IND,FUNCTIONAL_CLASS_CD,HOUR_OF_CRASH,INCAPAC_INJURIES_NBR,INTERCHANGE_ID,INTERSECTION_ID_CURRENT,INTERSECTION_LEG_ID,INTERSTATE_IND,INV_LOG_NBR,INV_NLFID,IS_COMMERCIAL_RELATED,LIGHT_COND_PRIMARY_CD,LOCAL_REPORT_NUMBER_ID,MAINTENANCE_AUTHORITY_CD,MONTH_OF_CRASH,NHS_CD,NO_INJURY_REPORTED_NBR,NON_INCAPAC_INJURIES_NBR,NUMBER_OF_UNITS_NBR,ODOT_CITY_VILLAGE_TWP_NME,ODOT_CRASH_LOCATION_CD,ODOT_DIR_FROM_REF_CD,ODOT_DIV_UNDIV_IND,ODOT_INTERSECTION_REL_IND,ODOT_LANES_NBR,ODOT_MAINTAINED_HWY_IND,ODOT_MILES_FROM_REF_NBR,ODOT_REF_ROUTE_PREFIX_CD,ODOT_YOUNG_DRIVER_IND,ODPS_ADDRESS_REFERENCE,ODPS_ALCOHOL_IND,ODPS_CITY_VILLAGE_TWP_NME,ODPS_DRUG_IND,ODPS_LOC_DIR_SUFFIX_CD,ODPS_LOC_IN_WORK_ZONE_CD,ODPS_LOC_ROAD_DIRECTION_CD,ODPS_LOC_ROAD_NME,ODPS_LOC_ROAD_SUFFIX_CD,ODPS_LOC_ROUTE_ID,ODPS_LOC_ROUTE_PREFIX_CD,ODPS_LOC_ROUTE_SUFFIX_CD,ODPS_MILEPOST_REFERENCE,ODPS_MOTORCYCLE_IND,ODPS_REF_DIR_SUFFIX_CD,ODPS_REF_DIRECTION_CD,ODPS_REF_GIVEN,ODPS_REF_POINT_USED_CD,ODPS_REF_ROUTE_ID,ODPS_REF_ROUTE_PREFIX_CD,ODPS_REF_ROUTE_SUFFIX_CD,ODPS_REF_SUFFIX_CD,ODPS_SCHOOL_ZONE_IND,ODPS_SENIOR_DRIVER_IND,ODPS_SPEED_IND,ODPS_TOTAL_FATALITIES_NBR,ODPS_TYPE_OF_WORK_ZONE_CD,ODPS_WORK_ZONE_IND,OPER_ACCESS_CONTROL_CD,POSSIBLE_INJURIES_NBR,ROAD_COND_PRIMARY_CD,ROAD_CONTOUR_CD,SA_RAMP_ID,SA_SEGMENT_ID,SECONDARY_CRASH,STATE_TRUE_LOG_NBR,U1_AGE_NBR,U1_AT_FAULT_IND,U1_CONT_CIR_PRIMARY_CD,U1_DIRECTION_FROM_CD,U1_DIRECTION_TO_CD,U1_DISTRACTED_BY_1_CD,U1_GENDER_CD,U1_IS_ALCOHOL_SUSPECTED,U1_IS_MARIJUANA_SUSPECTED,U1_IS_OTHER_DRUG_SUSPECTED,U1_NON_MOTORIST_LOC_CD,U1_NUMBER_OF_THRU_LANES,U1_OBJECT_STRUCK,U1_ODPS_UNIT_NBR,U1_OPERATINGIN_AUTONOMOUS_MODE,U1_POSTED_SPEED_NBR,U1_PRECRASH_ACTION_CD,U1_SEQ_OF_EVENTS_1_CD,U1_SEQ_OF_EVENTS_2_CD,U1_SEQ_OF_EVENTS_3_CD,U1_SEQ_OF_EVENTS_4_CD,U1_SEQ_OF_EVENTS_5_CD,U1_SEQ_OF_EVENTS_6_CD,U1_SPECIAL_FUNCTION_CD,U1_TRAFFIC_CONTROL_CD,U1_TURN_CD,U1_TYPE_OF_UNIT_CD,U1_UNIT_SPEED_NBR,U2_AGE_NBR,U2_CONT_CIR_PRIMARY_CD,U2_DIRECTION_FROM_CD,U2_DIRECTION_TO_CD,U2_DISTRACTED_BY_1_CD,U2_GENDER_CD,U2_NON_MOTORIST_LOC_CD,U2_ODPS_UNIT_NBR,U2_POSTED_SPEED_NBR,U2_PRECRASH_ACTION_CD,U2_SEQ_OF_EVENTS_1_CD,U2_SEQ_OF_EVENTS_2_CD,U2_SEQ_OF_EVENTS_3_CD,U2_SEQ_OF_EVENTS_4_CD,U2_SEQ_OF_EVENTS_5_CD,U2_SEQ_OF_EVENTS_6_CD,U2_SPECIAL_FUNCTION_CD,U2_TRAFFIC_CONTROL_CD,U2_TURN_CD,U2_TYPE_OF_UNIT_CD,U2_UNIT_SPEED_NBR,U3_CONT_CIR_PRIMARY_CD,U3_ODPS_UNIT_NBR,U3_PRECRASH_ACTION_CD,U3_SEQ_OF_EVENTS_1_CD,U3_SEQ_OF_EVENTS_2_CD,U3_SEQ_OF_EVENTS_3_CD,U3_SEQ_OF_EVENTS_4_CD,U3_SEQ_OF_EVENTS_5_CD,U3_SEQ_OF_EVENTS_6_CD,U3_SPECIAL_FUNCTION_CD,U3_TRAFFIC_CONTROL_CD,U3_TYPE_OF_UNIT_CD,UNRESTRAIN_OCCUPANTS,WEATHER_COND_CD,V1,clean_Narrative,BERT_predictions,BERT_prediction_probabilities,RoBERTa_predictions,RoBERTa_predictions_probabilities,distilBERT_predictions,distilBERT_predictions_probabilities
598,598,195137975,"unit #1 was traveling westbound on us22 in the left lane, unit #1 hydroplaned and lost control. unit #1 exited the roadway left into the median and struck a ditch. unit #1 re-entered the eastbound lanes of travel. unit #1 traveled across the roadway and exited the roadway left impacting a ditch and embankment.",20195137975,2019,C,7/1/2019 0:00,11,SJEFUS00022**C,S,JEF,9.292,40.388512,-80.730679,19484,93592.0,7/17/2019 0:00,13,4,N,2.0,Y,Y,2.0,13,0,,,,N,9.292,SJEFUS00022**C,N,1,41-0527-41,1,7,N,0,0,1,CROSS CREEK TOWNSHIP,1,W,Y,N,4.0,Y,0.5,,N,,N,WINTERSVILLE,N,,0,,,,22,US,,10.0,N,,,10,2,,,,,N,N,Y,0,0,N,1.0,1,2,4,,284768.0,N,236.975,38,Y,5,5,8,1,F,N,N,N,0,4,44,1,2,70,1,9,44,9,44,45,0,1,6,NT,1,64,,,,,,,,,,,,,,,,,,,,,,,,,,,,,,,,,,0,4,,"unit1 traveling left , unit1 hydroplaned lost control . unit1 exited roadway left median struck ditch . unit1 reentered lanes travel . unit1 traveled across roadway exited roadway left impacting ditch embankment .",C,"[0.024811813607811928, 0.9303414821624756, 0.04484669119119644]",C,"[0.2319060117006302, 0.6965658068656921, 0.07152817398309708]",C,"[0.1302490234375, 0.84619140625, 0.0232696533203125]"
599,599,195138042,unit 1 was traveling westbound on sr 32 in rainy conditions. unit 1 attempted to turn right (north) onto cr 10 and hydroplaned. unit 1 traveled off the left side of cr 10 and struck a guardrail.,20195138042,2019,O,7/1/2019 0:00,9,SJACSR00032**N,S,JAC,13.077,39.055026,-82.592145,43442,99999.0,7/22/2019 0:00,13,2,N,2.0,Y,N,3.0,16,0,,01e4c0bd-376c-48e4-82aa-ea1053403224,bae1a1e2-cb8e-4b42-92ea-3029d8bf596f,N,13.082,SJACSR00032**C,N,1,40-0438-40,1,7,N,2,0,1,LICK TOWNSHIP,6,,Y,Y,4.0,Y,0.0,CR,Y,,N,LICK TOWNSHIP,N,,0,,STATE ROUTE 32 E,,32,SR,,,N,,,CR 10 E,1,10,CR,,,N,N,Y,0,0,N,2.0,0,2,1,,133241.0,N,110.53,16,Y,5,3,1,1,F,N,N,N,0,2,30,1,0,60,5,9,30,0,0,0,0,1,6,RT,1,50,,,,,,,,,,,,,,,,,,,,,,,,,,,,,,,,,,0,4,,unit1 traveling rainy conditions . unit1 attempted turn onto cr hydroplaned . unit1 traveled left side cr struck guardrail .,O,"[0.9997665286064148, 0.0002207994693890214, 1.2597492059285287e-05]",O,"[0.9905761480331421, 0.009363973513245583, 5.9910053096245974e-05]",O,"[1.0, 3.9458274841308594e-05, 4.0531158447265625e-06]"
600,600,195138128,"unit #1 was southbound on state route 89. unit #1 struck water on the roadway, hydroplaned, drove off the right side of the roadway and struck a utility pole.",20195138128,2019,O,7/1/2019 0:00,3,SASDSR00089**C,S,ASD,7.596,40.837585,-82.212905,61756,99999.0,7/21/2019 0:00,13,1,N,2.0,Y,N,5.0,19,0,,,,N,7.596,SASDSR00089**C,N,1,03-0497-03,1,7,,1,0,1,PERRY TOWNSHIP,1,N,N,N,2.0,Y,0.7,,N,,N,PERRY TOWNSHIP,N,,0,,,,89,SR,,7.0,N,,,7,2,,,,,N,N,Y,0,0,N,3.0,0,2,2,,187686.0,N,7.596,48,Y,5,1,2,1,M,N,N,N,0,2,40,1,2,55,1,8,40,0,0,0,0,1,6,NT,4,45,,,,,,,,,,,,,,,,,,,,,,,,,,,,,,,,,,0,4,,"unit1 state . unit1 struck water roadway , hydroplaned , drove side roadway struck utility pole .",O,"[0.7786127328872681, 0.20799075067043304, 0.013396510854363441]",C,"[0.3437190353870392, 0.5954385995864868, 0.06084233894944191]",O,"[0.9013671875, 0.09014892578125, 0.0085601806640625]"
601,601,195138638,unit # 1 was southbound on ir 77. unit # 1 hydroplaned and slid off the right side into a ditch. unit # 1 gained control as she reentered the paved roadway.,20195138638,2019,O,7/1/2019 0:00,5,SGUEIR00077**N,S,GUE,15.826,40.112326,-81.561047,43134,99999.0,7/22/2019 0:00,13,2,N,2.0,Y,Y,1.0,12,0,,,,Y,15.699,SGUEIR00077**C,N,1,30-0619-30,1,7,N,1,0,1,LIBERTY TOWNSHIP,1,N,Y,N,4.0,Y,0.3,,N,,N,LIBERTY TOWNSHIP,N,,0,,,,77,IR,,52.0,N,,,52,2,,,,,N,N,Y,0,0,N,1.0,0,2,2,,47029.0,N,52.386,38,Y,5,1,2,1,F,N,N,N,0,2,44,1,0,70,1,8,44,0,0,0,0,1,6,NT,1,70,,,,,,,,,,,,,,,,,,,,,,,,,,,,,,,,,,0,4,,unit1 . unit1 hydroplaned slid side ditch . unit1 gained control reentered paved roadway .,O,"[0.9999457597732544, 5.1046419685008004e-05, 3.2028453915700084e-06]",O,"[0.9660693407058716, 0.033095184713602066, 0.0008355411700904369]",O,"[0.9970703125, 0.00307464599609375, 0.00012022256851196289]"
602,602,195138772,"unit# 1 was traveling easbound on the ohio turnpike in the center lane. unit# 1 hydroplaned on the wet roadway, traveled off onto the left shoulder and struck the concrete barrier wall.",20195138772,2019,O,7/1/2019 0:00,3,SERIIR00080*KC,S,ERI,26.306,41.342943,-82.345858,27482,99999.0,7/22/2019 0:00,13,2,N,2.0,Y,Y,1.0,7,0,,,,Y,26.306,SERIIR00080*KC,N,1,90-0515-22,31,7,N,2,0,1,FLORENCE TOWNSHIP,1,E,Y,N,6.0,N,0.4,,Y,,N,FLORENCE TOWNSHIP,N,,0,,,,80,IR,K,132.0,N,,,132,2,,,,,N,N,Y,0,0,N,1.0,0,2,1,,91327.0,N,132.422,19,Y,5,4,3,1,M,N,N,N,0,3,35,1,0,70,1,9,35,0,0,0,0,1,6,NT,3,70,,,,,,,,,,,,,,,,,,,,,,,,,,,,,,,,,,0,4,,"unit traveling easbound ohio turnpike center . unit hydroplaned wet roadway , traveled onto left shoulder struck concrete barrier wall .",O,"[0.9999934434890747, 6.250029855436878e-06, 3.1188278626359534e-07]",O,"[0.8976542949676514, 0.10164685547351837, 0.0006988541572354734]",O,"[1.0, 0.0, 0.0]"
603,603,195141192,unit #1 was traveling northbound on ir 675. unit #1 hydroplanned and went off the road to the right and struck a fence.,20195141192,2019,O,7/1/2019 0:00,8,SGREIR00675**C,S,GRE,17.56,39.845004,-83.993157,4220,22528.0,7/17/2019 0:00,13,4,N,2.0,Y,Y,1.0,6,0,,,,Y,17.56,SGREIR00675**C,N,1,12-0823-12,1,7,N,2,0,1,BATH TOWNSHIP,1,N,Y,N,4.0,Y,0.0,,Y,,N,MAD RIVER TOWNSHIP,N,,0,,,,675,IR,,25.0,N,,,25,2,,,,,N,N,N,0,0,N,1.0,0,2,1,,39794.0,N,25.164,21,Y,11,2,1,1,M,N,N,N,0,2,46,1,0,70,1,8,46,0,0,0,0,1,6,NT,1,65,,,,,,,,,,,,,,,,,,,,,,,,,,,,,,,,,,0,4,,unit1 traveling . unit1 hydroplanned went struck fence .,O,"[0.999963641166687, 3.384338197065517e-05, 2.499943093425827e-06]",O,"[0.9988345503807068, 0.0011462679831311107, 1.9150626030750573e-05]",O,"[1.0, 1.806020736694336e-05, 2.682209014892578e-06]"
604,604,195154003,unit no. 1 was east on the ohio turnpike in the left lane. unit no. 2 was east on the ohio turnpike in the center lane. unit no. 1 hydroplaned and struck unit no. 2.,20195154003,2019,O,8/1/2019 0:00,3,SERIIR00080*KC,S,ERI,8.007,41.335472,-82.691762,59276,99999.0,8/6/2019 0:00,5,3,N,2.0,N,Y,1.0,14,0,,,,Y,8.007,SERIIR00080*KC,N,1,90-0547-22,31,8,N,5,0,2,OXFORD TOWNSHIP,1,E,Y,N,6.0,N,0.1,,N,,N,OXFORD TOWNSHIP,N,,0,,,,80,IR,K,114.0,N,,,114,2,,,,,N,N,Y,0,0,N,1.0,0,2,1,,34686.0,N,114.123,27,Y,5,4,3,1,M,N,N,N,0,3,0,1,0,70,1,20,0,0,0,0,0,1,6,NT,1,60,33.0,1.0,4.0,3.0,1.0,M,,2.0,70.0,1.0,20.0,,,,,,1.0,6.0,NT,3.0,72.0,,,,,,,,,,,,,0,4,,unit . ohio turnpike left . unit . ohio turnpike center . unit . hydroplaned struck unit . .,C,"[0.0004348114598542452, 0.9994705319404602, 9.474887338001281e-05]",C,"[0.2648829221725464, 0.7270814776420593, 0.008035629987716675]",O,"[0.998046875, 0.001995086669921875, 0.0003268718719482422]"
605,605,195154005,"unit #1 was traveling northeast on interatate 71. unit #1 hydroplaned, traveled off the right side of the roadway, struck a sign and a ditch.",20195154005,2019,O,8/1/2019 0:00,8,SWARIR00071**C,S,WAR,0.76,39.300327,-84.306576,21238,16885.0,8/6/2019 0:00,13,3,N,2.0,Y,Y,1.0,15,0,,,,Y,0.76,SWARIR00071**C,N,1,83-0742-83,1,8,N,1,0,1,DEERFIELD TOWNSHIP,1,N,Y,N,8.0,Y,0.6,,N,,N,DEERFIELD TOWNSHIP,N,,0,,,,71,IR,,20.0,N,,,20,2,,,,,N,N,Y,0,0,N,1.0,0,2,1,,56706.0,N,20.66,38,Y,5,8,5,1,M,N,N,N,0,5,44,1,0,65,1,8,37,44,0,0,0,1,6,NT,1,65,,,,,,,,,,,,,,,,,,,,,,,,,,,,,,,,,,0,2,,"unit1 traveling interatate . unit1 hydroplaned , traveled side roadway , struck sign ditch .",O,"[0.8291707038879395, 0.15873894095420837, 0.012090426869690418]",O,"[0.9254484176635742, 0.0731176808476448, 0.00143380684312433]",O,"[0.9892578125, 0.010009765625, 0.00037598609924316406]"
606,606,195161587,"unit 1 was southbound on interstate 75 in butler county, ohio. unit 1 started to hydroplane and ran off the left side of the roadway, struck two orange construction zone signs, went down an embankment and struck a ditch before coming to final rest.",20195161587,2019,O,8/1/2019 0:00,8,SBUTIR00075**N,S,BUT,3.047,39.336189,-84.408907,83150,16885.0,8/13/2019 0:00,13,3,N,2.0,Y,Y,1.0,20,0,,,,Y,3.03,SBUTIR00075**C,N,2,09-0410-09,1,8,N,1,0,1,WEST CHESTER TOWNSHIP,1,N,Y,N,8.0,Y,0.5,,Y,,N,WEST CHESTER TOWNSHIP,N,,1,,,,75,IR,,20.0,N,,,20,2,,,,,N,N,Y,0,2,Y,1.0,0,2,4,,56731.0,N,20.527,21,Y,5,9,9,1,M,N,N,N,0,4,37,1,0,0,1,9,37,37,45,44,0,1,6,NT,1,0,,,,,,,,,,,,,,,,,,,,,,,,,,,,,,,,,,0,4,,"unit1 interstate butler county , ohio . unit1 started hydroplane ran left side roadway , struck two orange construction zone signs , went embankment struck ditch coming final rest .",O,"[0.9793211221694946, 0.01929955743253231, 0.0013793398393318057]",O,"[1.0, 4.2543721323617945e-10, 5.661437573085959e-13]",O,"[0.80615234375, 0.189697265625, 0.00428009033203125]"
607,607,195166033,"unit #1 was traveling north on sr 823. unit #1 hydroplaned striking the concrete barrier wall, spinning out and striking it again.",20195166033,2019,O,8/1/2019 0:00,9,SSCISR00823**N,S,SCI,10.712,38.86803,-82.910571,64206,99999.0,8/20/2019 0:00,13,3,N,2.0,Y,N,3.0,14,0,,,,N,10.6,SSCISR00823**C,N,1,73-0594-73,1,8,N,1,0,1,PORTER TOWNSHIP,1,S,Y,N,4.0,Y,0.4,,N,,N,PORTER TOWNSHIP,N,,0,,,,823,SR,,11.0,N,,,,2,,,,,N,N,Y,0,0,N,1.0,0,2,2,,200732.0,N,10.712,46,Y,5,2,1,1,M,N,N,N,0,4,35,1,0,70,1,9,35,35,0,0,0,1,6,NT,4,50,,,,,,,,,,,,,,,,,,,,,,,,,,,,,,,,,,0,4,,"unit1 traveling . unit1 hydroplaned striking concrete barrier wall , spinning striking .",C,"[0.18705309927463531, 0.7463203072547913, 0.06662658601999283]",O,"[0.7801506519317627, 0.21843573451042175, 0.0014136229874566197]",O,"[0.966796875, 0.0308990478515625, 0.002140045166015625]"
608,608,195166161,unit #1 was driving in the right lane of ir 80 east. unit #1 hydroplaned and went off road left striking the median wall.,20195166161,2019,O,8/1/2019 0:00,2,SSANIR00080*KC,S,SAN,14.003,41.395792,-83.092894,67188,99999.0,8/15/2019 0:00,13,5,N,2.0,Y,Y,1.0,21,0,,,,Y,14.003,SSANIR00080*KC,N,4,90-0584-72,31,8,N,1,0,1,RILEY TOWNSHIP,1,W,Y,N,6.0,N,0.019,,N,,N,SANDUSKY TOWNSHIP,N,,0,,,,80,IR,K,92.8,N,,,92 8,2,,,,,N,N,Y,0,0,N,1.0,0,2,1,,56871.0,N,92.754,54,Y,5,4,3,1,F,N,N,N,0,3,35,1,0,70,1,9,35,0,0,0,0,1,6,NT,1,72,,,,,,,,,,,,,,,,,,,,,,,,,,,,,,,,,,0,4,,unit1 driving . unit1 hydroplaned went left striking median wall .,C,"[0.2061658650636673, 0.7341145277023315, 0.05971955507993698]",C,"[0.1252034604549408, 0.8690459728240967, 0.005750551819801331]",O,"[0.654296875, 0.331298828125, 0.0141754150390625]"
609,609,195167728,unit 1 was traveling southbound in the middle lane on ir75. unit 1 hydroplaned on the wet roadway and lost control. unit 1 went off the left side of the roadway and struck the median concrete barrier.,20195167728,2019,O,8/1/2019 0:00,7,SMIAIR00075**N,S,MIA,3.955,39.979302,-84.194606,76876,22528.0,8/22/2019 0:00,13,5,N,2.0,Y,Y,1.0,7,0,,b88aebfa-ba5c-4452-a27b-31b5abc38a40,5c899cf9-939f-4474-9fda-e5aef361f5ce,Y,3.962,SMIAIR00075**C,N,4,55-0507-55,1,8,N,1,0,1,TIPP CITY,1,N,Y,N,6.0,Y,0.3,,N,,N,MONROE TOWNSHIP,N,,0,,,,75,IR,,69.0,N,,,69,2,,,,,N,N,Y,0,0,N,1.0,0,2,3,,91182.0,N,69.289,28,Y,5,1,2,1,M,N,N,N,0,3,35,1,0,70,1,9,35,0,0,0,0,1,6,NT,1,45,,,,,,,,,,,,,,,,,,,,,,,,,,,,,,,,,,0,4,,unit1 traveling middle . unit1 hydroplaned wet roadway lost control . unit1 went left side roadway struck median concrete barrier .,O,"[0.8411580920219421, 0.1458258181810379, 0.013016033917665482]",O,"[0.8425276279449463, 0.15627366304397583, 0.0011986757162958384]",O,"[0.97705078125, 0.0210113525390625, 0.0021381378173828125]"
610,610,195170987,"unit #1 was traveling northbound on interstate route 275. unit #1 hydroplaned, ran off the right side of the roadway, struck an embankment, and overturned.",20195170987,2019,O,8/1/2019 0:00,8,SCLEIR00275**N,S,CLE,8.626,39.125553,-84.272469,78288,16885.0,8/26/2019 0:00,13,2,N,2.0,Y,Y,1.0,14,0,,,,Y,8.63,SCLEIR00275**C,N,1,13-1326-13,1,8,N,1,0,1,UNION TOWNSHIP,1,S,Y,N,6.0,Y,0.6,,N,,N,UNION TOWNSHIP,N,,0,,,,275,IR,,61.0,N,,,61,2,,,,,N,N,Y,0,0,N,1.0,0,2,2,,91412.0,N,61.293,52,Y,11,2,1,1,M,N,N,N,0,3,45,1,0,65,1,8,45,1,0,0,0,1,6,NT,1,68,,,,,,,,,,,,,,,,,,,,,,,,,,,,,,,,,,0,2,,"unit1 traveling interstate . unit1 hydroplaned , ran side roadway , struck embankment , overturned .",C,"[0.11049483716487885, 0.8620515465736389, 0.02745368890464306]",C,"[0.06682931631803513, 0.8393707871437073, 0.093799889087677]",O,"[0.994140625, 0.005115509033203125, 0.0005307197570800781]"
611,611,195172325,"unit #2 was southeast bound on us 33 in the right lane, as unit #1 was in the left and attepted to pass. unit #1 failed to maintain control, hydroplaning crossing the center line and striking unit #2. unit #2 traveled off the right side of the roadway striking a traffic sign, light pole, concrete man hole cover and large pile of retaining rocks on the embankment.",20195172325,2019,O,8/1/2019 0:00,6,SUNIUS00033**C,S,UNI,1.101,40.272826,-83.528455,1336,99999.0,8/26/2019 0:00,5,2,N,2.0,Y,Y,2.0,8,0,,01fa2d3e-64e0-4c48-84a6-b9701a996ec4,01411fa9-06bc-454a-85a8-8b8862bc8596,N,1.101,SUNIUS00033**C,N,1,80-0357-80,1,8,N,2,0,2,ALLEN TOWNSHIP,1,E,Y,N,4.0,Y,0.1,,Y,,N,ALLEN TOWNSHIP,N,,0,,,,33,US,,1.0,N,,,1,2,,,,,N,N,Y,0,0,N,1.0,0,2,4,,285018.0,N,82.222,38,Y,5,6,7,1,M,N,N,N,0,3,0,1,0,70,4,11,20,0,0,0,0,1,6,NT,1,60,25.0,1.0,6.0,7.0,1.0,F,,2.0,70.0,1.0,20.0,8.0,37.0,39.0,54.0,24.0,1.0,6.0,NT,1.0,50.0,,,,,,,,,,,,,0,4,,"unit2 us , unit1 left attepted pass . unit1 failed maintain control , hydroplaning crossing center line striking unit2 . unit2 traveled side roadway striking traffic sign , light pole , concrete man hole cover large pile retaining rocks embankment .",C,"[0.004869281314313412, 0.9851464629173279, 0.009984315373003483]",C,"[0.1543247550725937, 0.8414312601089478, 0.004243976436555386]",C,"[0.41015625, 0.564453125, 0.025634765625]"
612,612,195172379,"unit # 1 was traveling north on ir 71 in the right lane. unit # 2 was traveling north on ir 71 in the center lane. unit # 2 hydroplaned, traveled into the right lane and struck unit # 1. unit # 2 traveled off the left side of the road and came to final rest.",20195172379,2019,AB,8/1/2019 0:00,3,SASDIR00071**C,S,ASD,10.849,40.876394,-82.208658,61756,99999.0,8/27/2019 0:00,5,3,N,2.0,N,Y,1.0,8,0,,,,Y,10.849,SASDIR00071**C,Y,1,03-0571-03,1,8,N,1,2,2,PERRY TOWNSHIP,1,N,Y,N,6.0,Y,0.6,,Y,,N,MONTGOMERY TOWNSHIP,N,,0,,,,71,IR,,189.0,N,,,189,2,,,,,N,N,Y,0,0,N,1.0,0,2,1,,81125.0,N,189.576,20,Y,5,2,1,1,M,N,N,N,0,3,0,2,2,70,1,20,9,0,0,0,0,1,6,NT,1,70,44.0,1.0,2.0,1.0,1.0,M,,1.0,70.0,1.0,20.0,,,,,,1.0,6.0,NT,15.0,68.0,,,,,,,,,,,,,0,4,,"unit1 traveling . unit2 traveling center . unit2 hydroplaned , traveled struck unit1 . unit2 traveled left side came final rest .",O,"[0.8024441003799438, 0.1803932636976242, 0.017162635922431946]",C,"[0.07990334182977676, 0.8868787884712219, 0.03321778401732445]",O,"[0.9375, 0.055877685546875, 0.006465911865234375]"
613,613,195175115,"unit #1 and unit #2 were traveling northeast on interstate 71. unit #1 hydroplaned, spun around and was struck by unit #2.",20195175115,2019,O,8/1/2019 0:00,8,SWARIR00071**C,S,WAR,3.038,39.328413,-84.28509,48188,16885.0,8/26/2019 0:00,5,2,N,2.0,N,Y,1.0,18,0,94500.0,,,Y,3.038,SWARIR00071**C,N,1,83-0812-83,1,8,N,2,0,2,MASON,1,N,Y,N,8.0,Y,0.1,,N,,N,DEERFIELD TOWNSHIP,N,,0,,,,71,IR,,23.0,N,,,23,2,,,,,N,N,Y,0,0,N,1.0,0,2,4,,39501.0,N,22.938,38,Y,5,8,5,1,M,N,N,N,0,4,0,1,0,65,1,20,0,0,0,0,0,1,6,NT,1,65,63.0,1.0,8.0,5.0,1.0,M,,2.0,65.0,1.0,20.0,,,,,,1.0,6.0,NT,1.0,60.0,,,,,,,,,,,,,0,4,,"unit1 unit2 traveling interstate . unit1 hydroplaned , spun around struck unit2 .",C,"[0.45076286792755127, 0.509348452091217, 0.03988863527774811]",O,"[0.6811001896858215, 0.3119911253452301, 0.006908663082867861]",O,"[0.9990234375, 0.0006933212280273438, 6.198883056640625e-05]"
614,614,195177946,"unit 1 was northbound on i-71. unit 1 hydroplaned on the roadway and overturned,",20195177946,2019,C,8/1/2019 0:00,8,SGREIR00071**C,S,GRE,1.365,39.565359,-83.70591,38626,99999.0,8/26/2019 0:00,16,2,N,2.0,N,Y,1.0,10,0,,,,Y,1.365,SGREIR00071**C,N,1,14-0673-29,1,8,N,0,0,1,JEFFERSON TOWNSHIP,1,N,Y,N,4.0,Y,0.87,,N,,N,JEFFERSON TOWNSHIP,N,,0,,,,71,IR,,58.0,Y,,,58,2,,,,,N,N,Y,0,0,N,1.0,1,2,1,,56679.0,N,58.906,53,Y,5,8,5,1,M,N,N,N,0,2,0,1,2,70,3,1,0,0,0,0,0,1,6,NT,7,65,,,,,,,,,,,,,,,,,,,,,,,,,,,,,,,,,,0,4,,"unit1 i. unit1 hydroplaned roadway overturned ,",C,"[0.04674725607037544, 0.9129483699798584, 0.04030441865324974]",C,"[0.019054366275668144, 0.7623687386512756, 0.2185768336057663]",C,"[0.1561279296875, 0.79296875, 0.05078125]"
615,615,195223919,"unit #1 was traveling southbound on to interstate route 275 from state route 32. unit #1 hydroplaned, ran off the right side of the roadway, and struck a guardrail.",20195223919,2019,O,10/1/2019 0:00,8,SCLERA13010**C,S,CLE,0.005,39.102745,-84.283571,78288,94726.0,10/26/2019 0:00,13,7,N,4.0,Y,Y,1.0,17,0,10500.0,087ab52f-ccca-414d-b0c5-7d4ae7ce4251,a6038048-5984-462b-a973-763dd82c2b0e,Y,0.005,SCLERA13010**C,N,1,13-1710-13,1,10,,1,0,1,UNION TOWNSHIP,7,S,N,N,,Y,0.4,,N,,N,UNION TOWNSHIP,N,,0,,,,275,IR,,63.0,N,,,63,2,,,,,N,N,Y,0,0,N,1.0,0,2,4,,,N,0.005,35,Y,5,1,2,1,M,N,N,N,0,1,30,1,0,65,13,8,30,0,0,0,0,1,6,NT,1,34,,,,,,,,,,,,,,,,,,,,,,,,,,,,,,,,,,0,2,,"unit1 traveling interstate state . unit1 hydroplaned , ran side roadway , struck guardrail .",O,"[0.9971168041229248, 0.0026999558322131634, 0.00018327927682548761]",O,"[0.7324972152709961, 0.2598549723625183, 0.007647754158824682]",O,"[0.97412109375, 0.023681640625, 0.0019178390502929688]"
616,616,195226743,unit 1 was traveling northbound on ir75 in the right lane. unit 1 began to hydroplane and spun to the right striking the end of the guard rail and then rolling off the right side of the road.,20195226743,2019,O,10/1/2019 0:00,7,SMIAIR00075**C,S,MIA,17.8,40.166305,-84.223988,62848,99759.0,10/21/2019 0:00,13,2,N,2.0,Y,Y,1.0,13,0,68500.0,,,Y,17.8,SMIAIR00075**C,N,1,55-0624-55,1,10,N,1,0,1,PIQUA,1,N,Y,N,4.0,Y,0.1,,Y,,N,SPRINGCREEK TOWNSHIP,N,,0,,,,75,IR,,83.0,N,,,83,2,,,,,N,N,N,0,0,N,1.0,0,2,4,,81218.0,N,83.134,19,Y,18,2,1,1,M,N,N,N,0,2,30,1,0,70,1,30,8,0,0,0,0,1,6,NT,1,67,,,,,,,,,,,,,,,,,,,,,,,,,,,,,,,,,,0,4,,unit1 traveling . unit1 began hydroplane spun striking end guard rail rolling side .,C,"[0.10091052204370499, 0.8661710619926453, 0.032918427139520645]",O,"[0.9994217157363892, 0.0005304848891682923, 4.772515967488289e-05]",O,"[0.9951171875, 0.004230499267578125, 0.0006508827209472656]"
617,617,195228357,unit #1 eastbound on sr-172 when it hydroplaned and lost control. unit #1 then slid off the left side of the roadway overturned down a embankment and struck a tree.,20195228357,2019,AB,10/1/2019 0:00,4,SSTASR00172**C,S,STA,21.2,40.794485,-81.253766,58926,99999.0,10/31/2019 0:00,16,5,N,2.0,Y,N,5.0,10,0,,,,N,21.2,SSTASR00172**C,N,1,76-1775-76,1,10,,0,1,1,OSNABURG TOWNSHIP,1,E,N,N,2.0,Y,0.2,,N,,N,OSNABURG TOWNSHIP,N,,0,,,,172,SR,,21.0,N,,,21,2,,,,,N,N,Y,0,0,N,3.0,0,2,2,,144317.0,N,21.771,33,Y,5,4,3,1,F,N,N,N,0,2,48,1,0,55,1,11,9,1,48,0,0,1,6,NT,1,55,,,,,,,,,,,,,,,,,,,,,,,,,,,,,,,,,,1,4,,unit1 sr hydroplaned lost control . unit1 slid left side roadway overturned embankment struck tree .,C,"[0.018935326486825943, 0.9500243067741394, 0.031040402129292488]",C,"[0.015460836701095104, 0.9471140503883362, 0.03742516413331032]",C,"[0.1260986328125, 0.8583984375, 0.015228271484375]"
618,618,195229101,unit 1 was traveling northbound on interstate 75 near mile post 156 when the vehicle hydroplaned. the left rear of the vehicle struck the concrete barriers and then the vehicle spun counter-clockwise before coming back and striking the barriers again.,20195229101,2019,AB,10/1/2019 0:00,1,SHANIR00075**C,S,HAN,14.549,41.020702,-83.684761,27048,99727.0,10/26/2019 0:00,13,7,N,2.0,Y,Y,1.0,18,0,,,,Y,14.549,SHANIR00075**C,N,1,32-0619-32,1,10,N,2,2,1,FINDLAY,1,N,Y,N,6.0,Y,0.1,,Y,,N,FINDLAY,N,,4,,,,75,IR,,156.0,N,,,156,2,,,,,N,N,Y,0,3,Y,1.0,0,2,3,,81208.0,N,156.026,20,Y,5,8,5,1,F,N,N,N,0,2,35,1,0,50,1,35,35,0,0,0,0,1,6,NT,1,65,,,,,,,,,,,,,,,,,,,,,,,,,,,,,,,,,,0,4,,unit1 traveling interstate near mile post vehicle hydroplaned . left rear vehicle struck concrete barriers vehicle spun counterclockwise coming back striking barriers .,C,"[0.06032239645719528, 0.9267644882202148, 0.012913139536976814]",O,"[0.830402672290802, 0.16852836310863495, 0.0010690126800909638]",O,"[0.93359375, 0.05694580078125, 0.00997161865234375]"