,id,OBJECTID,Narrative,DOCUMENT_NBR,CRASH_YR,CRASH_SEVERITY_CD,CRASH_MONTH_YEAR,DISTRICT_NBR,NLFID,NLF_JUR_CD,NLF_COUNTY_CD,COUNTY_LOG_NBR,ODOT_LATITUDE_NBR,ODOT_LONGITUDE_NBR,ODOT_FIPS_CD,AREA_CODE,CRASH_DATE,CRASH_TYPE_CD,DAY_IN_WEEK_CD,DISTRACTED_DRIVER_IND,FACILITY_TYPE_CD,FHWA_RDWY_DEPARTURE_IND,FREEWAY_IND,FUNCTIONAL_CLASS_CD,HOUR_OF_CRASH,INCAPAC_INJURIES_NBR,INTERCHANGE_ID,INTERSECTION_ID_CURRENT,INTERSECTION_LEG_ID,INTERSTATE_IND,INV_LOG_NBR,INV_NLFID,IS_COMMERCIAL_RELATED,LIGHT_COND_PRIMARY_CD,LOCAL_REPORT_NUMBER_ID,MAINTENANCE_AUTHORITY_CD,MONTH_OF_CRASH,NHS_CD,NO_INJURY_REPORTED_NBR,NON_INCAPAC_INJURIES_NBR,NUMBER_OF_UNITS_NBR,ODOT_CITY_VILLAGE_TWP_NME,ODOT_CRASH_LOCATION_CD,ODOT_DIR_FROM_REF_CD,ODOT_DIV_UNDIV_IND,ODOT_INTERSECTION_REL_IND,ODOT_LANES_NBR,ODOT_MAINTAINED_HWY_IND,ODOT_MILES_FROM_REF_NBR,ODOT_REF_ROUTE_PREFIX_CD,ODOT_YOUNG_DRIVER_IND,ODPS_ADDRESS_REFERENCE,ODPS_ALCOHOL_IND,ODPS_CITY_VILLAGE_TWP_NME,ODPS_DRUG_IND,ODPS_LOC_DIR_SUFFIX_CD,ODPS_LOC_IN_WORK_ZONE_CD,ODPS_LOC_ROAD_DIRECTION_CD,ODPS_LOC_ROAD_NME,ODPS_LOC_ROAD_SUFFIX_CD,ODPS_LOC_ROUTE_ID,ODPS_LOC_ROUTE_PREFIX_CD,ODPS_LOC_ROUTE_SUFFIX_CD,ODPS_MILEPOST_REFERENCE,ODPS_MOTORCYCLE_IND,ODPS_REF_DIR_SUFFIX_CD,ODPS_REF_DIRECTION_CD,ODPS_REF_GIVEN,ODPS_REF_POINT_USED_CD,ODPS_REF_ROUTE_ID,ODPS_REF_ROUTE_PREFIX_CD,ODPS_REF_ROUTE_SUFFIX_CD,ODPS_REF_SUFFIX_CD,ODPS_SCHOOL_ZONE_IND,ODPS_SENIOR_DRIVER_IND,ODPS_SPEED_IND,ODPS_TOTAL_FATALITIES_NBR,ODPS_TYPE_OF_WORK_ZONE_CD,ODPS_WORK_ZONE_IND,OPER_ACCESS_CONTROL_CD,POSSIBLE_INJURIES_NBR,ROAD_COND_PRIMARY_CD,ROAD_CONTOUR_CD,SA_RAMP_ID,SA_SEGMENT_ID,SECONDARY_CRASH,STATE_TRUE_LOG_NBR,U1_AGE_NBR,U1_AT_FAULT_IND,U1_CONT_CIR_PRIMARY_CD,U1_DIRECTION_FROM_CD,U1_DIRECTION_TO_CD,U1_DISTRACTED_BY_1_CD,U1_GENDER_CD,U1_IS_ALCOHOL_SUSPECTED,U1_IS_MARIJUANA_SUSPECTED,U1_IS_OTHER_DRUG_SUSPECTED,U1_NON_MOTORIST_LOC_CD,U1_NUMBER_OF_THRU_LANES,U1_OBJECT_STRUCK,U1_ODPS_UNIT_NBR,U1_OPERATINGIN_AUTONOMOUS_MODE,U1_POSTED_SPEED_NBR,U1_PRECRASH_ACTION_CD,U1_SEQ_OF_EVENTS_1_CD,U1_SEQ_OF_EVENTS_2_CD,U1_SEQ_OF_EVENTS_3_CD,U1_SEQ_OF_EVENTS_4_CD,U1_SEQ_OF_EVENTS_5_CD,U1_SEQ_OF_EVENTS_6_CD,U1_SPECIAL_FUNCTION_CD,U1_TRAFFIC_CONTROL_CD,U1_TURN_CD,U1_TYPE_OF_UNIT_CD,U1_UNIT_SPEED_NBR,U2_AGE_NBR,U2_CONT_CIR_PRIMARY_CD,U2_DIRECTION_FROM_CD,U2_DIRECTION_TO_CD,U2_DISTRACTED_BY_1_CD,U2_GENDER_CD,U2_NON_MOTORIST_LOC_CD,U2_ODPS_UNIT_NBR,U2_POSTED_SPEED_NBR,U2_PRECRASH_ACTION_CD,U2_SEQ_OF_EVENTS_1_CD,U2_SEQ_OF_EVENTS_2_CD,U2_SEQ_OF_EVENTS_3_CD,U2_SEQ_OF_EVENTS_4_CD,U2_SEQ_OF_EVENTS_5_CD,U2_SEQ_OF_EVENTS_6_CD,U2_SPECIAL_FUNCTION_CD,U2_TRAFFIC_CONTROL_CD,U2_TURN_CD,U2_TYPE_OF_UNIT_CD,U2_UNIT_SPEED_NBR,U3_CONT_CIR_PRIMARY_CD,U3_ODPS_UNIT_NBR,U3_PRECRASH_ACTION_CD,U3_SEQ_OF_EVENTS_1_CD,U3_SEQ_OF_EVENTS_2_CD,U3_SEQ_OF_EVENTS_3_CD,U3_SEQ_OF_EVENTS_4_CD,U3_SEQ_OF_EVENTS_5_CD,U3_SEQ_OF_EVENTS_6_CD,U3_SPECIAL_FUNCTION_CD,U3_TRAFFIC_CONTROL_CD,U3_TYPE_OF_UNIT_CD,UNRESTRAIN_OCCUPANTS,WEATHER_COND_CD,V1,clean_Narrative,BERT_predictions,BERT_prediction_probabilities,RoBERTa_predictions,RoBERTa_predictions_probabilities,distilBERT_predictions,distilBERT_predictions_probabilities
619,619,195229480,"both units were eastbound on i70. unit #1 hydroplaned, lost control and struck the guardrail. unit #2 changed lanes to avoid unit #1. unit #1 continued back onto the road and struck unit #2.",20195229480,2019,O,10/1/2019 0:00,5,SGUEIR00070**C,S,GUE,0.612,39.984242,-81.714818,83664,99999.0,10/26/2019 0:00,5,7,N,2.0,Y,Y,1.0,14,0,,,,Y,0.612,SGUEIR00070**C,Y,1,30-0861-30,1,10,N,2,0,2,WESTLAND TOWNSHIP,1,W,Y,N,4.0,Y,0.3,,N,,N,WESTLAND TOWNSHIP,N,,0,,,,70,IR,,171.0,N,,,171,2,,,,,N,N,Y,0,0,N,1.0,0,2,1,,33547.0,N,170.749,39,Y,5,4,3,1,M,N,N,N,0,2,30,1,0,70,1,8,30,20,0,0,0,1,6,NT,1,62,46.0,1.0,4.0,3.0,1.0,M,,2.0,70.0,1.0,20.0,,,,,,1.0,6.0,NT,15.0,55.0,,,,,,,,,,,,,0,4,,"units . unit1 hydroplaned , lost control struck guardrail . unit2 changed lanes avoid unit1 . unit1 continued back onto struck unit2 .",O,"[0.9951227307319641, 0.004465265199542046, 0.00041203241562470794]",O,"[0.8517923951148987, 0.14721104502677917, 0.000996567658148706]",O,"[0.984375, 0.01454925537109375, 0.00036263465881347656]"
620,620,195229968,unit #1 and unit #2 were northbound on ir 77. unit #2 attempted to pass unit #1 and hydroplaned. unit #2 spun out of control and struck unit #1.,20195229968,2019,O,10/1/2019 0:00,5,SGUEIR00077**C,S,GUE,23.04,40.213984,-81.553518,84616,99999.0,10/30/2019 0:00,5,4,N,2.0,N,Y,1.0,20,0,,,,Y,23.04,SGUEIR00077**C,N,4,30-0886-30,1,10,N,2,0,2,WHEELING TOWNSHIP,1,S,Y,N,4.0,Y,0.4,,Y,,N,WHEELING TOWNSHIP,N,,0,,,,77,IR,,60.0,N,,,60,2,,,,,N,Y,Y,0,0,N,1.0,0,2,2,,118361.0,N,59.6,20,Y,5,2,1,1,M,N,N,N,0,2,0,2,0,70,4,20,0,0,0,0,0,1,6,NT,2,65,78.0,1.0,2.0,1.0,1.0,M,,1.0,70.0,1.0,20.0,,,,,,9.0,6.0,NT,19.0,50.0,,,,,,,,,,,,,0,4,,unit1 unit2 . unit2 attempted pass unit1 hydroplaned . unit2 spun control struck unit1 .,O,"[0.9925326704978943, 0.006498828995972872, 0.0009686039411462843]",C,"[0.022655989974737167, 0.973984956741333, 0.003359179012477398]",O,"[0.74755859375, 0.244384765625, 0.00843048095703125]"
621,621,195229980,unit 1 and unit 2 were eastbound on ir 0080 ohio turnpike when unit 1 hydroplaned and lost control. unit 1 traveled onto the left shoulder and struck the cement median barrier. unit 1 then traveled across all three lanes of traffic and struck the rear trailing unit of unit 2. unit 1 then came to final rest by striking the guardrail face on the right side of the roadway.,20195229980,2019,C,10/1/2019 0:00,4,SPORIR00080*KC,S,POR,17.494,41.241908,-81.058149,85960,99999.0,10/31/2019 0:00,5,5,N,2.0,Y,Y,1.0,12,0,,,,Y,17.494,SPORIR00080*KC,Y,1,91-0619-67,31,10,N,1,0,2,WINDHAM TOWNSHIP,1,E,Y,N,6.0,N,0.2,,N,,N,WINDHAM,N,,0,,,,80,IR,K,203.0,N,,,203,2,,,,,N,N,Y,0,0,N,1.0,2,2,1,,47160.0,N,203.142,46,Y,5,4,3,1,M,N,N,N,0,3,35,1,0,70,1,9,35,20,8,30,0,1,6,NT,1,60,53.0,1.0,4.0,3.0,1.0,M,,2.0,70.0,1.0,20.0,,,,,,1.0,6.0,NT,15.0,68.0,,,,,,,,,,,,,0,4,,unit1 unit2 ohio turnpike unit1 hydroplaned lost control . unit1 traveled onto left shoulder struck cement median barrier . unit1 traveled across three lanes traffic struck rear trailing unit unit2 . unit1 came final rest striking guardrail face side roadway .,C,"[0.07538720965385437, 0.8535079956054688, 0.07110477238893509]",C,"[0.026062726974487305, 0.9114309549331665, 0.0625062957406044]",C,"[0.047607421875, 0.896484375, 0.0555419921875]"
622,622,195229981,unit 1 was eastbound on ir 0080 ohio turnpike when she hydroplaned and lost control of the vehicle. unit1 then traveled off the left side of the roadway and struck the concrete median barrier. unit 1 then traveled across three lanes of traffic before finally striking the guardrail face off of the right side of the roadway.,20195229981,2019,C,10/1/2019 0:00,4,SPORIR00080*KC,S,POR,18.104,41.241757,-81.046493,85946,99802.0,10/31/2019 0:00,13,5,N,2.0,Y,Y,1.0,11,0,,,,Y,18.104,SPORIR00080*KC,N,1,91-0616-67,31,10,N,0,0,1,WINDHAM,1,W,Y,N,6.0,N,0.2,,Y,,N,WINDHAM,N,,0,,,,80,IR,K,204.0,N,,,204,2,,,,,N,N,Y,0,0,N,1.0,1,2,1,,34746.0,N,203.752,23,Y,5,4,3,1,F,N,N,N,0,3,35,1,0,70,1,9,35,8,30,0,0,1,6,NT,1,75,,,,,,,,,,,,,,,,,,,,,,,,,,,,,,,,,,0,4,,unit1 ohio turnpike hydroplaned lost control vehicle . unit1 traveled left side roadway struck concrete median barrier . unit1 traveled across three lanes traffic finally striking guardrail face side roadway .,C,"[0.04821129888296127, 0.862014889717102, 0.08977381885051727]",C,"[0.07793662697076797, 0.8541068434715271, 0.06795656681060791]",C,"[0.080078125, 0.89501953125, 0.0245208740234375]"
623,623,195270168,"unit 1 was southbound on state route 711 in the left lane. unit 1 hydroplaned, rotated, drove off the right side of the roadway, then struck a sign.",20195270168,2019,O,12/1/2019 0:00,4,STRUSR00711**N,S,TRU,0.902,41.145852,-80.677168,43344,97831.0,12/9/2019 0:00,13,2,N,2.0,Y,Y,2.0,11,0,89800.0,,,N,0.885,STRUSR00711**C,N,1,78-1129-78,1,12,N,1,0,1,LIBERTY TOWNSHIP,1,N,Y,N,4.0,Y,0.4,,Y,,N,LIBERTY TOWNSHIP,N,,0,,,,711,SR,,1.0,N,,,1,2,,,,,N,N,Y,0,0,N,1.0,0,2,1,,298599.0,N,3.101,22,Y,5,5,8,1,M,N,N,N,0,4,37,1,0,55,1,8,37,0,0,0,0,1,6,NT,1,60,,,,,,,,,,,,,,,,,,,,,,,,,,,,,,,,,,0,4,,"unit1 state left . unit1 hydroplaned , rotated , drove side roadway , struck sign .",O,"[0.9999986886978149, 1.136198306994629e-06, 1.4243842372252402e-07]",O,"[0.9928866028785706, 0.006118740886449814, 0.0009946885984390974]",O,"[0.97998046875, 0.019256591796875, 0.0007762908935546875]"
624,624,195271165,unit 1 was traveling north on interstate 77 in the left lane. unit 1 lost control hydroplaning striking the center median wall.,20195271165,2019,O,12/1/2019 0:00,4,SSTAIR00077**C,S,STA,14.85,40.856548,-81.419763,38094,13375.0,12/9/2019 0:00,13,2,N,2.0,Y,Y,1.0,14,0,81600.0,,,Y,14.85,SSTAIR00077**C,N,1,76-2002-76,1,12,N,2,0,1,JACKSON TOWNSHIP,1,N,Y,N,6.0,Y,5.0,,N,,N,JACKSON TOWNSHIP,N,,0,,,,77,IR,,107.0,N,,,,2,,,,,N,N,Y,0,0,N,1.0,0,2,1,,56820.0,N,109.832,28,Y,5,2,1,1,M,N,N,N,0,3,35,1,0,65,1,9,35,0,0,0,0,1,6,NT,1,65,,,,,,,,,,,,,,,,,,,,,,,,,,,,,,,,,,0,4,,unit1 traveling interstate left . unit1 lost control hydroplaning striking center median wall .,O,"[0.9942830204963684, 0.005231315270066261, 0.0004855710139963776]",O,"[0.565825343132019, 0.4229154586791992, 0.011259213089942932]",O,"[0.998046875, 0.00157928466796875, 6.908178329467773e-05]"
625,625,196026245,"unit 1 was traveling north on goshen rd, vehicle hydroplaned in water and driver lost control. vehicle went off roadway and was submerged in water.",20196026245,2019,O,2/1/2019 0:00,8,CCLECR00057**C,C,CLE,1.387,39.19629,-84.131617,31010,99999.0,2/12/2019 0:00,13,3,N,,Y,N,7.0,8,0,,,,N,1.387,CCLECR00057**C,N,1,201936,2,2,,3,0,1,GOSHEN TOWNSHIP,1,S,N,N,2.0,N,0.227,,N,,N,GOSHEN TOWNSHIP,N,S,0,,GOSHEN,RD,,,,,N,,,CEDARVILLE,1,,,,RD,N,N,N,0,0,N,,0,2,1,,50931.0,N,1.387,27,Y,11,2,1,1,F,N,N,N,0,2,44,1,0,45,1,8,44,0,0,0,0,1,6,NT,1,35,,,,,,,,,,,,,,,,,,,,,,,,,,,,,,,,,,0,4,,"unit1 traveling goshen , vehicle hydroplaned water driver lost control . vehicle went roadway submerged water .",O,"[0.9986363053321838, 0.001263378537259996, 0.00010032296268036589]",O,"[0.9736824035644531, 0.025825396180152893, 0.0004921964718960226]",O,"[0.990234375, 0.0094451904296875, 0.000698089599609375]"
626,626,196033806,unit 1 was turning left onto north high street from a business and while entering the center southbound turn lane of north high street struck the driver side door of unit 2. a witness reported unit 1 appeared to have hydroplaned causing the collision into unit 2.,20196033806,2019,O,2/1/2019 0:00,9,SHIGUS00062**C,S,HIG,15.998,39.220874,-83.608661,35560,99737.0,2/11/2019 0:00,6,2,N,2.0,N,N,4.0,16,0,,,,N,15.998,SHIGUS00062**C,N,1,2019-TR-0043,4,2,,3,0,2,HILLSBORO,1,W,N,N,2.0,N,0.005,,N,1249 High,N,HILLSBORO,N,,0,N,High,ST,,,,,N,,N,1249 High,3,,,,,N,Y,N,0,0,N,3.0,0,2,1,,243890.0,N,46.448,67,Y,1,3,2,1,F,N,N,N,0,2,0,1,2,35,6,20,0,0,0,0,0,1,6,LT,1,5,67.0,1.0,1.0,2.0,1.0,F,,2.0,35.0,1.0,20.0,,,,,,1.0,6.0,NT,1.0,35.0,,,,,,,,,,,,,0,4,,unit1 turning left onto high business entering center turn high struck driver side door unit2 . witness reported unit1 appeared hydroplaned causing collision unit2 .,C,"[0.040215589106082916, 0.9368007779121399, 0.022983621805906296]",O,"[0.9867264032363892, 0.012937085703015327, 0.0003364858275745064]",C,"[0.05841064453125, 0.91748046875, 0.0243072509765625]"
627,627,196035042,"unit 1 was traveling southbound on pleasantville rd. in the area of 1690 pleasantville rd. while negoating a curve unit 1 hydroplaned and entered the grass off the right side of the road. unit 1 became stuck in the mud in the front yard of 1690 pleasantville rd. homeowner, elizabeth kirk allowed unit 1 to remain in the yard until the weather changed and it could be removed without causing more damage to her yard. there were several feet of tire ruts in the front yard from unit 1.",20196035042,2019,O,3/1/2019 0:00,5,SFAISR00188**C,S,FAI,16.653,39.735838,-82.55874,41720,99741.0,3/9/2019 0:00,17,7,N,2.0,Y,N,4.0,20,0,,,,N,16.653,SFAISR00188**C,N,4,19-02026,4,3,,1,0,1,LANCASTER,1,,N,N,2.0,N,0.0,,N,1690,N,LANCASTER,N,,0,,PLEASANTVILLE,RD,,,,,N,,,1690TH,3,,,,,N,N,N,0,0,N,3.0,0,2,3,,297546.0,N,24.683,45,Y,1,1,2,1,M,N,N,N,0,2,0,1,0,45,13,8,0,0,0,0,0,1,6,NT,2,40,,,,,,,,,,,,,,,,,,,,,,,,,,,,,,,,,,0,4,,"unit1 traveling pleasantville area pleasantville negoating curve unit1 hydroplaned entered grass side . unit1 became stuck mud front yard pleasantville homeowner , elizabeth kirk allowed unit1 remain yard weather changed could removed without causing damage yard . several feet tire ruts front yard unit1 .",O,"[0.9999995231628418, 3.0193865541150444e-07, 7.346386610151967e-08]",O,"[1.0, 3.981864837854232e-11, 5.792863069656665e-14]",O,"[1.0, 0.0, 0.0]"
628,628,196041542,"units #1 and #2 were traveling east on tylersville rd. unit #1 began to hydroplane as he attempted to brake, and struck unit #2 in the rear.",20196041542,2019,O,3/1/2019 0:00,8,CBUTCR00020**C,C,BUT,10.439,39.354165,-84.371948,83150,16885.0,3/14/2019 0:00,2,5,N,,N,N,4.0,15,0,7800.0,8fa033f8-8d45-4e05-98bc-89935ea9fd65,0bb9ba45-fc53-42e7-8eac-7c86c2fefad7,N,10.439,CBUTCR00020**C,N,1,2019000286,2,3,,3,0,2,WEST CHESTER TOWNSHIP,1,E,N,N,4.0,N,0.009,RA,Y,,N,WESTCHESTER,N,,0,,Tylersville,RD,,,,,N,,,,1,75,IR,,,N,N,N,0,0,N,,0,2,1,,41353.0,N,10.439,18,Y,1,4,3,1,M,N,N,N,0,4,0,1,0,40,11,20,0,0,0,0,0,1,6,NT,3,20,39.0,1.0,4.0,3.0,1.0,F,,2.0,40.0,11.0,20.0,,,,,,1.0,6.0,NT,2.0,0.0,,,,,,,,,,,,,0,4,,"units traveling tylersville unit1 began hydroplane attempted brake , struck unit2 rear .",O,"[0.9997076392173767, 0.00027681339997798204, 1.5543773770332336e-05]",O,"[0.9877562522888184, 0.011849435046315193, 0.0003942916519008577]",O,"[0.9970703125, 0.0031490325927734375, 0.00022983551025390625]"
629,629,196043199,unit 1 was traveling westbound on us30. unit 1 claimed they hydroplaned. unit 1 went off roadway right. unit 1 hit a fence. unit 1 came to a stop in the field off of the north side of roadway. unit 1 driver and passengers were not injured. unit 1 was pulled out of field by superior collision. unit one was driven from the scene by the owner of vehicle.,20196043199,2019,O,3/1/2019 0:00,1,SVANUS00030**N,S,VAN,2.775,40.963526,-84.742882,77756,99999.0,3/9/2019 0:00,13,7,N,2.0,Y,N,3.0,16,0,,,,N,2.795,SVANUS00030**C,N,1,19-0885-03,1,3,N,3,0,1,TULLY TOWNSHIP,1,W,Y,N,4.0,Y,0.2,,N,,N,TULLY TOWNSHIP,N,,0,,,,30,US,,,N,,,Lare,1,,,,RD,N,N,N,0,0,N,2.0,0,2,1,,241122.0,N,3.949,46,Y,11,3,4,1,F,N,N,N,0,4,46,1,0,70,1,8,44,46,0,0,0,1,6,NT,1,70,,,,,,,,,,,,,,,,,,,,,,,,,,,,,,,,,,0,4,,unit1 traveling . unit1 claimed hydroplaned . unit1 went roadway . unit1 hit fence . unit1 came stop field side roadway . unit1 driver passengers injured . unit1 pulled field superior collision . unit1 driven scene owner vehicle .,O,"[0.8945770263671875, 0.09895003587007523, 0.006472952663898468]",O,"[0.9999645948410034, 3.320107498439029e-05, 2.086154836433707e-06]",O,"[0.87841796875, 0.1024169921875, 0.019317626953125]"
630,630,196046590,"at about 0925 hours on march 30, 2019 unit number one was traveling north on i-75 at an unknown rate of speed in the third lane from the east curb and when at stanley avenue apparently lost control due to hydroplaning and collided with the driver side rear of unit number two which was also travelling north on i-75 in the second lane from the east curb. unit number one continued to spin out and its rear end struck the median wall.",20196046590,2019,O,3/1/2019 0:00,7,SMOTIR00075**C,S,MOT,14.78,39.785099,-84.184585,21000,22528.0,3/30/2019 0:00,5,7,N,2.0,N,Y,1.0,9,0,,69e8c51e-3c28-41df-ad87-c10cd9138a13,23556069-fd74-4cb4-831b-6bfdb217a808,Y,14.78,SMOTIR00075**C,N,1,1903300020,1,3,N,3,0,2,DAYTON,1,,Y,N,6.0,Y,0.0,,N,,N,DAYTON,N,,0,,,,75,IR,,56.0,N,,,56,2,,,,,N,N,N,0,0,N,1.0,0,2,1,,39552.0,N,55.75,28,Y,99,2,1,1,F,N,N,N,0,3,35,1,0,55,1,13,20,35,0,0,0,1,6,NT,3,0,49.0,1.0,2.0,1.0,1.0,M,,2.0,55.0,1.0,20.0,,,,,,1.0,6.0,NT,4.0,,,,,,,,,,,,,,0,4,,"march , unit number one traveling unknown rate speed third curb stanley apparently lost control due hydroplaning collided driver side rear unit number two also travelling second curb . unit number one continued spin rear end struck median wall .",O,"[0.9999947547912598, 4.910330517304828e-06, 3.493636029361369e-07]",C,"[0.12393837422132492, 0.8685807585716248, 0.0074808248318731785]",O,"[0.98828125, 0.01055908203125, 0.0007157325744628906]"
631,631,196046591,"at about 1246 hours on march 25, 2019 unit number one was traveling south on i-75 southbound at an unknown rate of speed and when at milemarker 54.6 apparently lost control due to hydroplaning and struck the median wall.",20196046591,2019,AB,3/1/2019 0:00,7,SMOTIR00075**N,S,MOT,13.834,39.772334,-84.188901,21000,22528.0,3/25/2019 0:00,13,2,N,2.0,Y,Y,1.0,12,0,70200.0,,,Y,13.811,SMOTIR00075**C,N,1,1903250036,1,3,N,0,1,1,DAYTON,1,,Y,N,6.0,Y,0.0,,Y,,N,DAYTON,N,,0,,,,75,IR,,54.6,N,,,54 6,2,,,,,N,N,N,0,0,N,1.0,0,2,1,,42912.0,N,54.804,21,Y,99,1,2,1,F,N,N,N,0,3,35,1,0,55,1,35,0,0,0,0,0,1,6,NT,1,0,,,,,,,,,,,,,,,,,,,,,,,,,,,,,,,,,,0,4,,"march , unit number one traveling unknown rate speed milemarker . apparently lost control due hydroplaning struck median wall .",O,"[0.6499234437942505, 0.3231801390647888, 0.026896437630057335]",O,"[0.7576505541801453, 0.24026723206043243, 0.0020822440274059772]",O,"[0.9072265625, 0.09173583984375, 0.0015573501586914062]"
632,632,196047100,"unit #1 was traveling on ir 75 south near the 14.7 mp in the left lane of travel. due to heavy rain/water on the roadway, unit #1 hydroplaned, and traveled west across the middle and right lane of travel. unit #1 then traveled off of the roadway, spun 180 degrees, then struck the embankment in the wooded area where unit #1 came to rest facing east.",20196047100,2019,O,3/1/2019 0:00,8,SHAMIR00075**N,S,HAM,14.367,39.25803,-84.441936,25802,16885.0,3/30/2019 0:00,13,7,N,2.0,N,Y,1.0,19,0,,df78eb44-436b-4ec5-b986-e0ff98753991,358aa564-1cb7-4576-a789-d5f8a3d0cbaf,Y,14.556,SHAMIR00075**C,N,3,AA19-110,1,3,N,4,0,1,EVENDALE,1,,Y,N,6.0,Y,0.0,,Y,,N,EVENDALE,N,,4,,,,75,IR,,14.7,N,,,014 7,2,,,,,N,N,Y,0,2,Y,1.0,0,2,3,,81205.0,N,14.367,22,Y,99,1,2,1,M,N,N,N,0,3,45,1,0,45,1,13,8,45,0,0,0,1,6,NT,1,55,,,,,,,,,,,,,,,,,,,,,,,,,,,,,,,,,,0,4,,"unit1 traveling near . mp left travel . due heavy rain water roadway , unit1 hydroplaned , traveled across middle travel . unit1 traveled roadway , spun degrees , struck embankment wooded area unit1 came rest facing .",O,"[0.9999972581863403, 2.576168753876118e-06, 1.7254252782095136e-07]",O,"[0.9246564507484436, 0.07425903528928757, 0.0010844925418496132]",O,"[1.0, 1.1920928955078125e-07, 0.0]"
633,633,196049082,unit 1 was traveling westbound on heplar street.unit 1 claimed he hydroplaned then spun out hitting a nearby tree. this resulted in unit 1 having front right damage. there was no standing water sighted at the scene.,20196049082,2019,O,3/1/2019 0:00,9,MLAWMR00160**C,M,LAW,0.919,38.523816,-82.668745,37464,40753.0,3/21/2019 0:00,17,5,N,,Y,N,7.0,17,0,,3ec2c437-e3d6-41fe-8464-f3e27ea49d1c,b4f5d19b-fee8-43da-ad54-70544deca6c2,N,0.919,MLAWMR00160**C,N,1,19-0044,4,3,,2,0,1,IRONTON,1,E,N,N,2.0,N,0.003,MR,Y,,N,IRONTON,N,E,0,,8TH,ST,,,,,N,,,HEPLAR,1,,,,ST,N,N,N,0,0,N,,0,2,1,,67466.0,N,0.919,17,Y,11,3,4,1,M,N,N,N,0,2,0,1,0,0,1,8,0,0,0,0,0,1,6,NT,1,0,,,,,,,,,,,,,,,,,,,,,,,,,,,,,,,,,,0,4,,unit1 traveling heplar .unit1 claimed hydroplaned spun hitting nearby tree . resulted unit1 front damage . standing water sighted scene .,O,"[0.9999998807907104, 1.4740898279796966e-07, 1.6499129174007976e-08]",O,"[0.999889612197876, 0.00010990878945449367, 4.875187187280972e-07]",O,"[1.0, 0.0, 0.0]"
634,634,196064937,"unit #1 was traveling southbound on ir-75 near the 14.8 milepost in the right lane. due to heavy rains and standing water in the roadway, unit #1 hydroplaned and failed to maintain a reasonable control. unit #1 spun out and came to rest facing north in the enbankment on the side of the road. two secondary crashes ensued due to weather conditions.",20196064937,2019,C,4/1/2019 0:00,8,SHAMIR00075**N,S,HAM,14.492,39.259768,-84.441159,25802,16885.0,4/26/2019 0:00,13,6,N,2.0,Y,Y,1.0,1,0,,,,Y,14.683,SHAMIR00075**C,N,3,AA19-137,1,4,N,0,0,1,EVENDALE,1,,Y,N,6.0,Y,0.0,,N,,N,EVENDALE,N,,4,,,,75,IR,,14.8,N,,,14 8,2,,,,,N,Y,N,0,2,Y,1.0,1,6,1,,56742.0,N,14.492,70,N,11,1,2,1,M,N,N,N,0,3,45,1,0,55,1,8,45,0,0,0,0,1,6,NT,1,55,,,,,,,,,,,,,,,,,,,,,,,,,,,,,,,,,,0,4,,"unit1 traveling ir near . milepost . due heavy rains standing water roadway , unit1 hydroplaned failed maintain reasonable control . unit1 spun came rest facing enbankment side . two secondary crashes ensued due weather conditions .",O,"[0.9979543685913086, 0.0018970327218994498, 0.0001486454129917547]",O,"[0.7501451969146729, 0.24897316098213196, 0.0008816357585601509]",O,"[1.0, 8.52346420288086e-06, 9.5367431640625e-07]"
635,635,196064939,"unit 1 was traveling southbound on i-75 near mile post 14.8 in the middle lane. unit 1, attempting to change lanes, hydroplaned, causing the vehicle to swerve into unit 2, which was traveling in the left lane.",20196064939,2019,O,4/1/2019 0:00,8,SHAMIR00075**N,S,HAM,14.492,39.259768,-84.441159,25802,16885.0,4/26/2019 0:00,5,6,N,2.0,N,Y,1.0,1,0,,,,Y,14.683,SHAMIR00075**C,Y,3,AA19-136,1,4,N,3,0,2,EVENDALE,1,,Y,N,6.0,Y,0.0,,Y,,N,EVENDALE,N,,4,,,,75,IR,,14.8,N,,,14 8,2,,,,,N,N,Y,0,2,Y,1.0,0,2,3,,56742.0,Y,14.492,19,Y,15,1,2,1,M,N,N,N,0,3,0,1,0,45,3,20,0,0,0,0,0,1,6,NT,1,62,59.0,1.0,1.0,2.0,1.0,M,,2.0,45.0,1.0,20.0,,,,,,1.0,6.0,NT,15.0,30.0,,,,,,,,,,,,,0,4,,"unit1 traveling near mile post . middle . unit1 , attempting change lanes , hydroplaned , causing vehicle swerve unit2 , traveling left .",O,"[0.9993694424629211, 0.0006118301535025239, 1.8645578165887855e-05]",O,"[0.9996851682662964, 0.0003095169086009264, 5.402911028795643e-06]",O,"[1.0, 2.562999725341797e-06, 1.1920928955078125e-07]"
636,636,196065517,"unit 1 was traveling southeast on sr 43/ steubenville rd se.unit 1 started to hydroplane and slid off the right side of the roadway. unit 1 then struck and went over the guard rail, continued down the embankment, and came to rest against a utility pole.",20196065517,2019,O,4/1/2019 0:00,11,SCARSR00043**C,S,CAR,6.498,40.516549,-81.014552,42434,99999.0,4/26/2019 0:00,13,6,N,2.0,Y,N,4.0,11,0,,,,N,6.498,SCARSR00043**C,N,1,19A17A19,1,4,,2,0,1,LEE TOWNSHIP,1,E,N,N,2.0,Y,0.184,,N,,N,LEE TOWNSHIP,N,,0,,,,43,SR,,,N,,,APOSTLE,1,,,,RD,N,N,N,0,0,N,3.0,0,2,4,,133800.0,N,28.208,50,Y,99,6,7,1,F,N,N,N,0,2,31,1,0,55,13,8,31,45,40,0,0,1,6,NT,3,50,,,,,,,,,,,,,,,,,,,,,,,,,,,,,,,,,,0,4,,"unit1 traveling steubenville se.unit1 started hydroplane slid side roadway . unit1 struck went guard rail , continued embankment , came rest utility pole .",O,"[0.9999977350234985, 2.189014594478067e-06, 1.7534134144625568e-07]",O,"[0.9999990463256836, 9.95820073512732e-07, 1.2806558480349395e-08]",O,"[1.0, 1.043081283569336e-05, 8.344650268554688e-07]"