,id,OBJECTID,Narrative,DOCUMENT_NBR,CRASH_YR,CRASH_SEVERITY_CD,CRASH_MONTH_YEAR,DISTRICT_NBR,NLFID,NLF_JUR_CD,NLF_COUNTY_CD,COUNTY_LOG_NBR,ODOT_LATITUDE_NBR,ODOT_LONGITUDE_NBR,ODOT_FIPS_CD,AREA_CODE,CRASH_DATE,CRASH_TYPE_CD,DAY_IN_WEEK_CD,DISTRACTED_DRIVER_IND,FACILITY_TYPE_CD,FHWA_RDWY_DEPARTURE_IND,FREEWAY_IND,FUNCTIONAL_CLASS_CD,HOUR_OF_CRASH,INCAPAC_INJURIES_NBR,INTERCHANGE_ID,INTERSECTION_ID_CURRENT,INTERSECTION_LEG_ID,INTERSTATE_IND,INV_LOG_NBR,INV_NLFID,IS_COMMERCIAL_RELATED,LIGHT_COND_PRIMARY_CD,LOCAL_REPORT_NUMBER_ID,MAINTENANCE_AUTHORITY_CD,MONTH_OF_CRASH,NHS_CD,NO_INJURY_REPORTED_NBR,NON_INCAPAC_INJURIES_NBR,NUMBER_OF_UNITS_NBR,ODOT_CITY_VILLAGE_TWP_NME,ODOT_CRASH_LOCATION_CD,ODOT_DIR_FROM_REF_CD,ODOT_DIV_UNDIV_IND,ODOT_INTERSECTION_REL_IND,ODOT_LANES_NBR,ODOT_MAINTAINED_HWY_IND,ODOT_MILES_FROM_REF_NBR,ODOT_REF_ROUTE_PREFIX_CD,ODOT_YOUNG_DRIVER_IND,ODPS_ADDRESS_REFERENCE,ODPS_ALCOHOL_IND,ODPS_CITY_VILLAGE_TWP_NME,ODPS_DRUG_IND,ODPS_LOC_DIR_SUFFIX_CD,ODPS_LOC_IN_WORK_ZONE_CD,ODPS_LOC_ROAD_DIRECTION_CD,ODPS_LOC_ROAD_NME,ODPS_LOC_ROAD_SUFFIX_CD,ODPS_LOC_ROUTE_ID,ODPS_LOC_ROUTE_PREFIX_CD,ODPS_LOC_ROUTE_SUFFIX_CD,ODPS_MILEPOST_REFERENCE,ODPS_MOTORCYCLE_IND,ODPS_REF_DIR_SUFFIX_CD,ODPS_REF_DIRECTION_CD,ODPS_REF_GIVEN,ODPS_REF_POINT_USED_CD,ODPS_REF_ROUTE_ID,ODPS_REF_ROUTE_PREFIX_CD,ODPS_REF_ROUTE_SUFFIX_CD,ODPS_REF_SUFFIX_CD,ODPS_SCHOOL_ZONE_IND,ODPS_SENIOR_DRIVER_IND,ODPS_SPEED_IND,ODPS_TOTAL_FATALITIES_NBR,ODPS_TYPE_OF_WORK_ZONE_CD,ODPS_WORK_ZONE_IND,OPER_ACCESS_CONTROL_CD,POSSIBLE_INJURIES_NBR,ROAD_COND_PRIMARY_CD,ROAD_CONTOUR_CD,SA_RAMP_ID,SA_SEGMENT_ID,SECONDARY_CRASH,STATE_TRUE_LOG_NBR,U1_AGE_NBR,U1_AT_FAULT_IND,U1_CONT_CIR_PRIMARY_CD,U1_DIRECTION_FROM_CD,U1_DIRECTION_TO_CD,U1_DISTRACTED_BY_1_CD,U1_GENDER_CD,U1_IS_ALCOHOL_SUSPECTED,U1_IS_MARIJUANA_SUSPECTED,U1_IS_OTHER_DRUG_SUSPECTED,U1_NON_MOTORIST_LOC_CD,U1_NUMBER_OF_THRU_LANES,U1_OBJECT_STRUCK,U1_ODPS_UNIT_NBR,U1_OPERATINGIN_AUTONOMOUS_MODE,U1_POSTED_SPEED_NBR,U1_PRECRASH_ACTION_CD,U1_SEQ_OF_EVENTS_1_CD,U1_SEQ_OF_EVENTS_2_CD,U1_SEQ_OF_EVENTS_3_CD,U1_SEQ_OF_EVENTS_4_CD,U1_SEQ_OF_EVENTS_5_CD,U1_SEQ_OF_EVENTS_6_CD,U1_SPECIAL_FUNCTION_CD,U1_TRAFFIC_CONTROL_CD,U1_TURN_CD,U1_TYPE_OF_UNIT_CD,U1_UNIT_SPEED_NBR,U2_AGE_NBR,U2_CONT_CIR_PRIMARY_CD,U2_DIRECTION_FROM_CD,U2_DIRECTION_TO_CD,U2_DISTRACTED_BY_1_CD,U2_GENDER_CD,U2_NON_MOTORIST_LOC_CD,U2_ODPS_UNIT_NBR,U2_POSTED_SPEED_NBR,U2_PRECRASH_ACTION_CD,U2_SEQ_OF_EVENTS_1_CD,U2_SEQ_OF_EVENTS_2_CD,U2_SEQ_OF_EVENTS_3_CD,U2_SEQ_OF_EVENTS_4_CD,U2_SEQ_OF_EVENTS_5_CD,U2_SEQ_OF_EVENTS_6_CD,U2_SPECIAL_FUNCTION_CD,U2_TRAFFIC_CONTROL_CD,U2_TURN_CD,U2_TYPE_OF_UNIT_CD,U2_UNIT_SPEED_NBR,U3_CONT_CIR_PRIMARY_CD,U3_ODPS_UNIT_NBR,U3_PRECRASH_ACTION_CD,U3_SEQ_OF_EVENTS_1_CD,U3_SEQ_OF_EVENTS_2_CD,U3_SEQ_OF_EVENTS_3_CD,U3_SEQ_OF_EVENTS_4_CD,U3_SEQ_OF_EVENTS_5_CD,U3_SEQ_OF_EVENTS_6_CD,U3_SPECIAL_FUNCTION_CD,U3_TRAFFIC_CONTROL_CD,U3_TYPE_OF_UNIT_CD,UNRESTRAIN_OCCUPANTS,WEATHER_COND_CD,V1,clean_Narrative,BERT_predictions,BERT_prediction_probabilities,RoBERTa_predictions,RoBERTa_predictions_probabilities,distilBERT_predictions,distilBERT_predictions_probabilities
637,637,196065541,"unit #2 was involved in an accident prior to being involved in this crash (aa19-137). unit #2 was disabled in the ditch on the west side of ir-75 at the 14.8 mp facing n/b. unit #1 was traveling s/b ir-75 in the right lane. unit #1 struck a large amount of pooling water due to heavy rains. unit #1 hydroplaned and lost control of his vehicle. unit #1 went off the right side of the road into a ditch, and struck an embankment with the right front of his vehicle. unit #1 then spun around and struck the right side of unit #2.",20196065541,2019,AB,4/1/2019 0:00,8,SHAMIR00075**N,S,HAM,14.492,39.259768,-84.441159,25802,16885.0,4/26/2019 0:00,6,6,N,2.0,Y,Y,1.0,1,0,,,,Y,14.683,SHAMIR00075**C,N,3,AA19-138,1,4,N,1,2,2,EVENDALE,1,,Y,N,6.0,Y,0.0,,Y,,N,EVENDALE,N,,4,,,,75,IR,,14.8,N,,,14 8,2,,,,,N,Y,N,0,2,Y,1.0,0,6,3,,56742.0,Y,14.492,23,Y,99,1,2,1,M,N,N,N,0,3,45,1,2,55,1,8,44,45,20,0,0,1,6,NT,1,55,70.0,1.0,2.0,1.0,1.0,M,,2.0,55.0,11.0,20.0,,,,,,1.0,6.0,NT,1.0,0.0,,,,,,,,,,,,,1,4,,"unit2 involved accident prior involved crash . unit2 disabled ditch side ir . mp facing n b. unit1 traveling ir . unit1 struck large amount pooling water due heavy rains . unit1 hydroplaned lost control vehicle . unit1 went side ditch , struck embankment front vehicle . unit1 spun around struck side unit2 .",C,"[0.014223874546587467, 0.9817127585411072, 0.0040634069591760635]",C,"[0.07255598902702332, 0.9087399840354919, 0.01870393566787243]",O,"[0.95166015625, 0.0400390625, 0.0080718994140625]"
638,638,196065571,at about 2205 hours on 04/26/2019 unit number one was traveling north on i-75 at approximately and when a quarter mile north of mile marker 55.6 apparently hydroplaned and collided head on with east side guard rail.,20196065571,2019,O,4/1/2019 0:00,7,SMOTIR00075**C,S,MOT,14.845,39.786015,-84.18428,21000,22528.0,4/25/2019 0:00,13,5,N,2.0,Y,Y,1.0,22,0,,,,Y,14.845,SMOTIR00075**C,N,3,1904250083,1,4,N,1,0,1,DAYTON,1,N,Y,N,6.0,Y,0.25,,N,,N,DAYTON,N,,0,,,,75,IR,,55.6,N,,,55 6,2,,,,,N,N,Y,0,0,N,1.0,0,2,1,,39552.0,N,55.815,30,Y,5,2,1,1,M,N,N,N,0,3,30,1,0,55,1,30,0,0,0,0,0,1,6,NT,1,0,,,,,,,,,,,,,,,,,,,,,,,,,,,,,,,,,,0,4,,unit number one traveling approximately quarter mile mile marker . apparently hydroplaned collided head side guard rail .,O,"[0.9890261292457581, 0.010340526700019836, 0.000633368210401386]",C,"[0.03812338411808014, 0.9582004547119141, 0.003676176303997636]",O,"[1.0, 0.00020503997802734375, 2.193450927734375e-05]"
639,639,196066724,unit 1 was traveling eastbound on us 30. unit 1 attempted to change into the passing lane. while getting into the passing lane unit 1 hydroplaned on the rainwater and lost control. this caused the vehicle to go off of the left side of the road into the median. the driver of the vehicle was not injured. the vehicle suffered minor front end damage and damage to the vehicles rims. the vehicle was pulled out of the median by superior collision and was driven off of the scene.,20196066724,2019,O,4/1/2019 0:00,1,SVANUS00030**C,S,VAN,16.635,40.873701,-84.519176,66978,99999.0,4/25/2019 0:00,17,5,N,2.0,Y,N,3.0,19,0,,,,N,16.635,SVANUS00030**C,N,1,19-1543-04,1,4,N,1,0,1,RIDGE TOWNSHIP,1,W,Y,N,4.0,Y,0.5,,Y,,N,RIDGE TOWNSHIP,N,,0,,US ROUTE 30 E,,30,US,,,N,,,HOAGLIN CENTER,1,,,,RD,N,N,N,0,0,N,2.0,0,2,1,,284947.0,N,17.809,25,Y,11,4,3,1,M,N,N,N,0,2,0,1,0,70,3,9,0,0,0,0,0,1,6,NT,1,70,,,,,,,,,,,,,,,,,,,,,,,,,,,,,,,,,,0,4,,unit1 traveling us . unit1 attempted change passing . getting passing unit1 hydroplaned rainwater lost control . caused vehicle go left side median . driver vehicle injured . vehicle suffered minor front end damage damage vehicles rims . vehicle pulled median superior collision driven scene .,O,"[1.0, 5.6721095376133235e-08, 1.582423436730096e-08]",O,"[1.0, 1.0645098136308206e-09, 6.686829909230418e-13]",O,"[1.0, 0.0, 0.0]"
640,640,196067579,"unit 1 was traveling south on sr 48 near butterworth rd in hamilton township, when unit 1 then lost control of the vehicle, continuing south on sr 48 (second st) and then stuck a boulder and utilies junction box on the poperyt of loveland health care at 501 n second st. the driver of unit 1 advised that she saw a black four door vehicle traveling northbound on sr 48 near butterworth rd, come into the southbound lane and she swevered to avoid it and hydroplaned down the hill striking the rock and untilities junction at 501 n second st.",20196067579,2019,O,4/1/2019 0:00,8,SWARSR00048**C,S,WAR,0.256,39.273457,-84.251002,45108,16885.0,4/27/2019 0:00,17,7,N,2.0,Y,N,4.0,17,0,,29e01729-5952-4d7a-94be-21da7b35cf87,f59e7849-9c82-43ab-97da-5431740d14e5,N,0.256,SWARSR00048**C,N,1,EP190427002548,4,4,,1,0,1,LOVELAND,3,,N,Y,2.0,N,0.0,MR,Y,,N,LOVELAND,N,,0,,,,48,SR,,,N,,,Sentry Hill,1,,,,DR,N,N,Y,0,0,N,3.0,0,2,4,,185109.0,N,7.056,18,Y,15,1,2,1,F,N,N,N,0,2,0,1,0,35,13,8,0,0,0,0,0,1,6,NT,3,45,,,,,,,,,,,,,,,,,,,,,,,,,,,,,,,,,,0,4,,"unit1 traveling near butterworth hamilton township , unit1 lost control vehicle , continuing stuck boulder utilies box poperyt loveland health care second driver unit1 advised saw black four door vehicle traveling near butterworth , come swevered avoid hydroplaned hill striking rock untilities second .",O,"[0.9999371767044067, 5.082859570393339e-05, 1.2019293535558973e-05]",C,"[0.006926632486283779, 0.9920675754547119, 0.001005844445899129]",O,"[1.0, 0.0, 0.0]"
641,641,196076466,"unit one was in the left lane of ir 75 (n) at the 13.5 mm. unit two was in the center lane. unit one driver reports losing control in a hydroplane motion and struck the portable concrete divider on the left and then went sideways across the lanes of travel and struck the portable concrete divider on the right. unit one then went back into traffic and was hit by unit two (semi tractor trailer) where both the tractor and trailer sustained damage. unit one was then pushed back to the portable concrete divider on the right side at final rest.trailer: 2017 polar trailer, ky plate 74912t",20196076466,2019,C,5/1/2019 0:00,8,SHAMIR00075**N,S,HAM,13.309,39.243523,-84.449258,25802,16885.0,5/3/2019 0:00,18,6,N,2.0,Y,Y,1.0,9,0,41900.0,,,Y,13.474,SHAMIR00075**C,Y,1,AA19-155,1,5,N,1,0,2,EVENDALE,1,,Y,N,6.0,Y,0.0,,Y,,N,EVENDALE,N,,4,,,,75,IR,,13.5,N,,,13 5,2,,,,,N,N,Y,0,1,Y,1.0,1,2,2,,81204.0,N,13.309,20,Y,5,2,6,1,F,N,N,N,0,3,32,1,0,45,1,9,32,8,32,20,8,1,6,LT,1,50,51.0,1.0,2.0,1.0,1.0,M,,2.0,45.0,1.0,20.0,,,,,,1.0,6.0,NT,15.0,45.0,,,,,,,,,,,,,0,4,,"unit1 left . mm . unit2 center . unit1 driver reports losing control hydroplane motion struck portable concrete divider left went sideways across lanes travel struck portable concrete divider . unit1 went back traffic hit unit2 tractor trailer sustained damage . unit1 pushed back portable concrete divider side final rest.trailer : polar trailer , ky plate 74912t",O,"[0.9998440742492676, 0.00014349500997923315, 1.2360355867713224e-05]",O,"[0.8696608543395996, 0.12931448221206665, 0.0010246547171846032]",C,"[0.005878448486328125, 0.9140625, 0.07958984375]"
642,642,196083253,unit 1 was traveling west on state route 2 in the 3200 block. according to a witness unit 1 was in the cubr lane and appeared to hydroplane causeing the vehicle to loose control. unit 1 then proceeded over a curb before striking a small city owend tree. the vehicle was located in a nearby apartment complex. unit 1 had minor front end damage and was towed from the scene.,20196083253,2019,O,5/1/2019 0:00,2,SLUCSR00002**C,S,LUC,22.31,41.636934,-83.471405,58730,87868.0,5/13/2019 0:00,13,2,N,2.0,Y,N,3.0,23,0,,,,N,22.31,SLUCSR00002**C,N,3,20190196,4,5,N,1,0,1,OREGON,1,,N,N,4.0,N,0.0,,N,3220,N,OREGON,N,,0,,,,2,,,,N,,,,3,,,,,N,N,N,0,0,N,3.0,0,2,1,,175777.0,N,85.794,45,Y,11,3,4,1,F,N,N,N,0,4,48,1,0,40,1,8,43,48,0,0,0,1,6,NT,1,35,,,,,,,,,,,,,,,,,,,,,,,,,,,,,,,,,,0,4,,unit1 traveling state . according witness unit1 cubr appeared hydroplane causeing vehicle loose control . unit1 proceeded curb striking small city owend tree . vehicle located nearby apartment complex . unit1 minor front end damage towed scene .,O,"[0.9999996423721313, 3.03251994182574e-07, 2.8537908036696535e-08]",O,"[0.9999994039535522, 5.935771127951739e-07, 2.3819615169173858e-09]",O,"[1.0, 4.172325134277344e-07, 0.0]"
643,643,196087925,on 05-17-2019 at approximately 0534 hours unit 1 was traveling eastbound on old tile factory rd. at a stated speed of 40 mph. unit 1 then encountered some water that was coving the entire roadway and unit 1 then hydroplaned and struck a pole located on the south side of the road way. unit 1 came to rest in the field on the south side of old tile factory rd. unit 1 sustained damage to the drivers side front and rear doors as well as the b pillar and the drivers side air bag deployed as well. the front bumper cover had come off partially also and the operator of unit 1 advised that he did not sustain any injuries. after the crash was handle the operator of unit 1 was issued a citation for failure to control.,20196087925,2019,O,5/1/2019 0:00,1,TVANTR00132**C,T,VAN,2.516,40.865915,-84.640318,63408,99999.0,5/17/2019 0:00,13,6,N,,Y,N,7.0,5,0,,,,N,2.516,TVANTR00132**C,N,2,19-1847-05,3,5,,1,0,1,PLEASANT TOWNSHIP,1,S,N,N,2.0,N,0.1,,N,9519,N,PLEASANT TOWNSHIP,N,,0,,Old Tile Factory,RD,,,,,N,,,9519TH,3,,,,,N,N,N,0,0,N,,0,6,1,,208526.0,N,2.516,39,Y,11,4,3,1,M,N,N,N,0,2,40,1,9,55,1,8,40,0,0,0,0,1,6,NT,1,40,,,,,,,,,,,,,,,,,,,,,,,,,,,,,,,,,,0,4,,approximately unit1 traveling old tile factory stated speed mph . unit1 encountered water coving entire roadway unit1 hydroplaned struck pole located side . unit1 came rest field side old tile factory unit1 sustained damage drivers side front rear doors well b pillar drivers side air bag deployed well . front bumper cover come partially also operator unit1 advised sustain injuries . crash handle operator unit1 issued citation failure control .,O,"[0.9999994039535522, 5.999780796628329e-07, 5.740642450291489e-08]",O,"[1.0, 1.5206343961793323e-09, 5.147880819539319e-13]",O,"[1.0, 0.00015974044799804688, 2.980232238769531e-07]"
644,644,196088920,unit one was westbound on middle point road an din the 17000 block unit one hit some high water and hydroplaned and went off the left side of the roadway.,20196088920,2019,O,5/1/2019 0:00,1,CVANCR00124**C,C,VAN,3.212,40.851806,-84.490208,66978,99999.0,5/17/2019 0:00,17,6,N,,Y,N,5.0,5,0,,,,N,3.212,CVANCR00124**C,N,4,19-1848-05,2,5,,1,0,1,RIDGE TOWNSHIP,1,W,N,N,2.0,N,0.25,TR,Y,,N,RIDGE TOWNSHIP,N,,0,,Middle Point,RD,,,,,N,,,Chenowith,1,,,,RD,N,N,Y,0,0,N,,0,6,1,,64335.0,N,3.212,21,Y,5,3,4,1,F,N,N,N,0,2,0,1,0,55,1,9,0,0,0,0,0,1,6,NT,1,40,,,,,,,,,,,,,,,,,,,,,,,,,,,,,,,,,,0,4,,unit1 middle point din unit1 hit high water hydroplaned went left side roadway .,O,"[0.8711759448051453, 0.12245891988277435, 0.006365096662193537]",O,"[0.9756309986114502, 0.023750105872750282, 0.0006188610568642616]",O,"[1.0, 0.0, 0.0]"
645,645,196092354,unit#1 was traveling westbound on w. main st. when her vehicle started to hydroplane. unit#1 over corrected her vehicle striking a small tree before coming to rest in the ditch.,20196092354,2019,O,5/1/2019 0:00,8,,M,CLE,,39.08305,-84.18644,4150,,5/19/2019 0:00,13,1,N,2.0,Y,N,,19,0,,,,N,,,N,1,19-31,80,5,,1,0,1,BATAVIA,1,,N,N,4.0,N,0.0,,N,610,N,BATAVIA,N,,0,W,Main,ST,,,,,N,,,610TH,3,,,,,N,N,N,0,0,N,,0,2,3,,,N,,26,N,11,3,4,1,F,N,N,N,0,4,48,1,0,35,1,8,48,44,0,0,0,1,6,NT,1,35,,,,,,,,,,,,,,,,,,,,,,,,,,,,,,,,,,0,2,,unit1 traveling main vehicle started hydroplane . unit1 corrected vehicle striking small tree coming rest ditch .,O,"[0.9992640614509583, 0.0007102614035829902, 2.5750963686732575e-05]",O,"[0.9999995231628418, 5.133950935487519e-07, 6.1740390577824655e-09]",O,"[1.0, 2.586841583251953e-05, 2.0265579223632812e-06]"
646,646,196097183,unit 1 was headed northwest on cr 58 and lost control in a curve to the left where the road had water running across from a recent rain. unit then rotated and went off the left side of the road striking and breaking a utility pole and then came to rest against a tree. the driver of unit 1 stated that she hydroplaned due to the water laying on the road.,20196097183,2019,O,5/1/2019 0:00,11,CHOLCR00058**C,C,HOL,5.788,40.530834,-81.904579,33460,99999.0,5/29/2019 0:00,13,4,N,,N,N,6.0,16,0,,,,N,5.788,CHOLCR00058**C,N,1,19HC02470,2,5,,2,0,1,HARDY TOWNSHIP,1,W,N,N,2.0,N,0.1,CR,N,,N,HARDY TOWNSHIP,N,,0,,,,58,CR,,,N,,,,1,68,CR,,,N,N,Y,0,0,N,,0,2,3,,20019.0,N,5.788,29,Y,5,7,6,1,F,N,N,N,0,2,40,1,0,45,1,13,9,40,48,0,0,1,6,NT,2,45,,,,,,,,,,,,,,,,,,,,,,,,,,,,,,,,,,0,2,,unit1 headed cr lost control curve left water running across recent rain . unit rotated went left side striking breaking utility pole came rest tree . driver unit1 stated hydroplaned due water laying .,O,"[0.9989008903503418, 0.0010234256042167544, 7.55692963139154e-05]",C,"[0.23793914914131165, 0.7529432773590088, 0.00911758840084076]",O,"[0.97314453125, 0.025848388671875, 0.0006098747253417969]"
647,647,196100188,"unit 1 was traveling southbound on grant road south of tank farm road. unit 1 drove into standing water puddles in the southbound lane. unit 1 hydroplaned and drove off the road right, over corrected and then drove across the center line. unit 1 began a sideways slide off the left side of the road and struck a small ditch and then rolled over and struck a small tree. unit 1 continued to roll once more before coming to rest on its roof. unit 1 passengers claimed no injury. unit 1 operator was trapped and had to be removed by mechanical means. unit 1 operator was transported for possible neck injuries to blanchard valley hospital by bloomdale ems. reinharts arrived for the tow.",20196100188,2019,AB,5/1/2019 0:00,2,CWOOCR00603**C,C,WOO,2.62,41.219702,-83.650092,34986,99999.0,5/28/2019 0:00,13,3,N,,N,N,7.0,16,1,,,,N,2.62,CWOOCR00603**C,N,1,87-406-19,2,5,,4,0,1,HENRY TOWNSHIP,1,S,N,N,2.0,N,0.25,,Y,,N,BLOOM TOWNSHIP,N,,0,,GRANT,RD,,,,,N,,,TANK FARM,1,,,,RD,N,N,N,0,0,N,,0,2,1,,33495.0,N,2.62,23,Y,99,1,2,1,F,N,N,N,0,2,44,1,0,55,1,99,8,99,11,9,44,1,6,NT,3,55,,,,,,,,,,,,,,,,,,,,,,,,,,,,,,,,,,0,4,,"unit1 traveling grant tank farm . unit1 drove standing water puddles . unit1 hydroplaned drove , corrected drove across center line . unit1 began sideways slide left side struck small ditch rolled struck small tree . unit1 continued roll coming rest roof . unit1 passengers claimed injury . unit1 operator trapped removed mechanical means . unit1 operator transported possible neck injuries blanchard valley hospital bloomdale ems . reinharts arrived tow .",C,"[0.00048436110955663025, 0.9519484639167786, 0.047567177563905716]",C,"[2.480203988852736e-07, 0.9999085664749146, 9.123226482188329e-05]",C,"[5.960464477539062e-07, 1.0, 1.9073486328125e-06]"
648,648,196104090,unit one was traveling eastbound on u.s. 62. unit one failed to maintain reasonable control of his motor vehicle and hydroplaned into the west bound lanes of u.s. 62. this caused unit one to be struck by unit two who was traveling west on u.s. 62. the crash caused damage to both vehicles and injury to all occupants.,20196104090,2019,AB,6/1/2019 0:00,4,SSTAUS00062**C,S,STA,25.355,40.833161,-81.342315,62988,13375.0,6/5/2019 0:00,6,4,N,2.0,Y,N,3.0,18,1,,,,N,25.355,SSTAUS00062**C,N,1,19-28463,1,6,,0,5,2,PLAIN TOWNSHIP,1,E,N,N,4.0,Y,0.057,,Y,,N,PLAIN TOWNSHIP,N,,0,,,,62,US,,,N,,,ROOSEVELT,1,,,,AV,N,N,Y,0,0,N,3.0,0,2,1,,264498.0,N,234.321,28,Y,7,4,3,1,M,N,N,N,0,4,0,1,2,45,1,11,20,0,0,0,0,1,6,NT,1,0,18.0,1.0,3.0,4.0,1.0,M,,2.0,45.0,1.0,20.0,,,,,,1.0,6.0,NT,1.0,50.0,,,,,,,,,,,,,0,4,,unit1 traveling u.s. . unit1 failed maintain reasonable control motor vehicle hydroplaned lanes u.s. . caused unit1 struck unit2 traveling u.s. . crash caused damage vehicles injury occupants .,AB,"[2.59502264121636e-09, 6.358764181868537e-08, 0.9999998807907104]",C,"[0.00012111107935197651, 0.8332628607749939, 0.1666160225868225]",C,"[1.0967254638671875e-05, 1.0, 0.00021827220916748047]"
649,649,196110264,"unit 1 was traveling in the right lane of ir-75 s/b near the 14.5 mile post. due to high water in the roadway, unit 1 hydroplaned and ran off the right side of the road where it struck a utility pole, causing the vehicle to end up on it's top.",20196110264,2019,C,6/1/2019 0:00,8,SHAMIR00075**N,S,HAM,14.378,39.258185,-84.441868,25802,16885.0,6/16/2019 0:00,16,1,N,2.0,N,Y,1.0,2,0,,df78eb44-436b-4ec5-b986-e0ff98753991,358aa564-1cb7-4576-a789-d5f8a3d0cbaf,Y,14.567,SHAMIR00075**C,N,3,AA19-233,1,6,N,0,0,1,EVENDALE,1,,Y,N,6.0,Y,0.0,,N,,N,EVENDALE,N,,4,,,,75,IR,,14.5,N,,,14 5,2,,,,,N,N,N,0,3,Y,1.0,1,6,1,,81205.0,N,14.378,48,Y,1,1,2,1,M,N,N,N,0,3,0,1,0,45,1,1,0,0,0,0,0,1,6,NT,1,45,,,,,,,,,,,,,,,,,,,,,,,,,,,,,,,,,,0,4,,"unit1 traveling ir near . mile post . due high water roadway , unit1 hydroplaned ran side struck utility pole , causing vehicle end 's top .",O,"[0.9999969005584717, 2.8774277325283037e-06, 2.161992824767367e-07]",O,"[0.9273873567581177, 0.07199180126190186, 0.0006209165439940989]",O,"[0.939453125, 0.05218505859375, 0.0081939697265625]"
650,650,196111516,unit 1 was north bound and hydroplaned on standing water from a current rain downpour causing her to go off the road to the left and struck a utility guidepost.,20196111516,2019,O,6/1/2019 0:00,11,SJEFSR00043**C,S,JEF,12.0,40.433813,-80.77866,66824,99999.0,6/13/2019 0:00,13,5,N,2.0,Y,N,4.0,11,0,,,,N,12.0,SJEFSR00043**C,N,1,19A20A17,4,6,,1,0,1,RICHMOND,1,,N,N,2.0,N,0.0,,Y,,N,LEE TOWNSHIP,N,,0,,,,43,SR,,12.0,N,,,12,2,,,,,N,N,N,0,0,N,3.0,0,6,4,,181560.0,N,12.0,22,Y,11,2,1,1,F,N,N,N,0,2,41,1,0,55,1,11,9,41,0,0,0,1,6,NT,1,45,,,,,,,,,,,,,,,,,,,,,,,,,,,,,,,,,,0,4,,unit1 hydroplaned standing water current rain downpour causing go left struck utility guidepost .,C,"[0.06685490906238556, 0.9210693836212158, 0.012075643986463547]",C,"[0.32493990659713745, 0.6748612523078918, 0.00019882278866134584]",O,"[1.0, 0.0, 0.0]"
651,651,196112613,"unit #1 was traveling s/b on ir75 approaching the 14.7 mp. unit #1 was traveling in the left lane of travel when it encountered standing water in the roadway. the impact of the water caused unit #1 to hydroplane, which in turn caused unit #1 to go into a spin crossing all three lanes of travel. unit #1 came to rest off the right side of the roadway facing south.",20196112613,2019,O,6/1/2019 0:00,8,SHAMIR00075**N,S,HAM,14.635,39.261827,-84.440548,25802,16885.0,6/17/2019 0:00,13,2,N,2.0,Y,Y,1.0,20,0,,,,Y,14.832,SHAMIR00075**C,N,1,AA19-236,1,6,N,1,0,1,EVENDALE,1,,Y,N,6.0,Y,0.0,,N,,N,EVENDALE,N,,0,,,,75,IR,,14.7,N,,,14 7,2,,,,,N,N,N,0,0,N,1.0,0,2,1,,42888.0,N,14.635,62,Y,99,1,2,1,M,N,N,N,0,3,44,1,0,45,1,8,44,0,0,0,0,1,6,NT,4,45,,,,,,,,,,,,,,,,,,,,,,,,,,,,,,,,,,0,4,,"unit1 traveling approaching . mp . unit1 traveling left travel encountered standing water roadway . impact water caused unit1 hydroplane , turn caused unit1 go spin crossing three lanes travel . unit1 came rest side roadway facing .",O,"[0.9511852264404297, 0.04518160596489906, 0.0036331324372440577]",O,"[0.9402186274528503, 0.05803098902106285, 0.001750386436469853]",O,"[0.9697265625, 0.0289459228515625, 0.0012331008911132812]"