,id,OBJECTID,Narrative,DOCUMENT_NBR,CRASH_YR,CRASH_SEVERITY_CD,CRASH_MONTH_YEAR,DISTRICT_NBR,NLFID,NLF_JUR_CD,NLF_COUNTY_CD,COUNTY_LOG_NBR,ODOT_LATITUDE_NBR,ODOT_LONGITUDE_NBR,ODOT_FIPS_CD,AREA_CODE,CRASH_DATE,CRASH_TYPE_CD,DAY_IN_WEEK_CD,DISTRACTED_DRIVER_IND,FACILITY_TYPE_CD,FHWA_RDWY_DEPARTURE_IND,FREEWAY_IND,FUNCTIONAL_CLASS_CD,HOUR_OF_CRASH,INCAPAC_INJURIES_NBR,INTERCHANGE_ID,INTERSECTION_ID_CURRENT,INTERSECTION_LEG_ID,INTERSTATE_IND,INV_LOG_NBR,INV_NLFID,IS_COMMERCIAL_RELATED,LIGHT_COND_PRIMARY_CD,LOCAL_REPORT_NUMBER_ID,MAINTENANCE_AUTHORITY_CD,MONTH_OF_CRASH,NHS_CD,NO_INJURY_REPORTED_NBR,NON_INCAPAC_INJURIES_NBR,NUMBER_OF_UNITS_NBR,ODOT_CITY_VILLAGE_TWP_NME,ODOT_CRASH_LOCATION_CD,ODOT_DIR_FROM_REF_CD,ODOT_DIV_UNDIV_IND,ODOT_INTERSECTION_REL_IND,ODOT_LANES_NBR,ODOT_MAINTAINED_HWY_IND,ODOT_MILES_FROM_REF_NBR,ODOT_REF_ROUTE_PREFIX_CD,ODOT_YOUNG_DRIVER_IND,ODPS_ADDRESS_REFERENCE,ODPS_ALCOHOL_IND,ODPS_CITY_VILLAGE_TWP_NME,ODPS_DRUG_IND,ODPS_LOC_DIR_SUFFIX_CD,ODPS_LOC_IN_WORK_ZONE_CD,ODPS_LOC_ROAD_DIRECTION_CD,ODPS_LOC_ROAD_NME,ODPS_LOC_ROAD_SUFFIX_CD,ODPS_LOC_ROUTE_ID,ODPS_LOC_ROUTE_PREFIX_CD,ODPS_LOC_ROUTE_SUFFIX_CD,ODPS_MILEPOST_REFERENCE,ODPS_MOTORCYCLE_IND,ODPS_REF_DIR_SUFFIX_CD,ODPS_REF_DIRECTION_CD,ODPS_REF_GIVEN,ODPS_REF_POINT_USED_CD,ODPS_REF_ROUTE_ID,ODPS_REF_ROUTE_PREFIX_CD,ODPS_REF_ROUTE_SUFFIX_CD,ODPS_REF_SUFFIX_CD,ODPS_SCHOOL_ZONE_IND,ODPS_SENIOR_DRIVER_IND,ODPS_SPEED_IND,ODPS_TOTAL_FATALITIES_NBR,ODPS_TYPE_OF_WORK_ZONE_CD,ODPS_WORK_ZONE_IND,OPER_ACCESS_CONTROL_CD,POSSIBLE_INJURIES_NBR,ROAD_COND_PRIMARY_CD,ROAD_CONTOUR_CD,SA_RAMP_ID,SA_SEGMENT_ID,SECONDARY_CRASH,STATE_TRUE_LOG_NBR,U1_AGE_NBR,U1_AT_FAULT_IND,U1_CONT_CIR_PRIMARY_CD,U1_DIRECTION_FROM_CD,U1_DIRECTION_TO_CD,U1_DISTRACTED_BY_1_CD,U1_GENDER_CD,U1_IS_ALCOHOL_SUSPECTED,U1_IS_MARIJUANA_SUSPECTED,U1_IS_OTHER_DRUG_SUSPECTED,U1_NON_MOTORIST_LOC_CD,U1_NUMBER_OF_THRU_LANES,U1_OBJECT_STRUCK,U1_ODPS_UNIT_NBR,U1_OPERATINGIN_AUTONOMOUS_MODE,U1_POSTED_SPEED_NBR,U1_PRECRASH_ACTION_CD,U1_SEQ_OF_EVENTS_1_CD,U1_SEQ_OF_EVENTS_2_CD,U1_SEQ_OF_EVENTS_3_CD,U1_SEQ_OF_EVENTS_4_CD,U1_SEQ_OF_EVENTS_5_CD,U1_SEQ_OF_EVENTS_6_CD,U1_SPECIAL_FUNCTION_CD,U1_TRAFFIC_CONTROL_CD,U1_TURN_CD,U1_TYPE_OF_UNIT_CD,U1_UNIT_SPEED_NBR,U2_AGE_NBR,U2_CONT_CIR_PRIMARY_CD,U2_DIRECTION_FROM_CD,U2_DIRECTION_TO_CD,U2_DISTRACTED_BY_1_CD,U2_GENDER_CD,U2_NON_MOTORIST_LOC_CD,U2_ODPS_UNIT_NBR,U2_POSTED_SPEED_NBR,U2_PRECRASH_ACTION_CD,U2_SEQ_OF_EVENTS_1_CD,U2_SEQ_OF_EVENTS_2_CD,U2_SEQ_OF_EVENTS_3_CD,U2_SEQ_OF_EVENTS_4_CD,U2_SEQ_OF_EVENTS_5_CD,U2_SEQ_OF_EVENTS_6_CD,U2_SPECIAL_FUNCTION_CD,U2_TRAFFIC_CONTROL_CD,U2_TURN_CD,U2_TYPE_OF_UNIT_CD,U2_UNIT_SPEED_NBR,U3_CONT_CIR_PRIMARY_CD,U3_ODPS_UNIT_NBR,U3_PRECRASH_ACTION_CD,U3_SEQ_OF_EVENTS_1_CD,U3_SEQ_OF_EVENTS_2_CD,U3_SEQ_OF_EVENTS_3_CD,U3_SEQ_OF_EVENTS_4_CD,U3_SEQ_OF_EVENTS_5_CD,U3_SEQ_OF_EVENTS_6_CD,U3_SPECIAL_FUNCTION_CD,U3_TRAFFIC_CONTROL_CD,U3_TYPE_OF_UNIT_CD,UNRESTRAIN_OCCUPANTS,WEATHER_COND_CD,V1,clean_Narrative,BERT_predictions,BERT_prediction_probabilities,RoBERTa_predictions,RoBERTa_predictions_probabilities,distilBERT_predictions,distilBERT_predictions_probabilities
652,652,196112640,unit #1 was s/b on ir75 approaching the 14.7 mp. unit #1 was traveling in the left lane when it encountered standing water in the roadway. due to the water in the roadway unit #1 began to hydroplane and went into a spin. unit #1 crossed all three lanes of travel and came to rest off the right side of the roadway.,20196112640,2019,C,6/1/2019 0:00,8,SHAMIR00075**N,S,HAM,14.635,39.261827,-84.440548,25802,16885.0,6/17/2019 0:00,13,2,N,2.0,Y,Y,1.0,20,0,,,,Y,14.832,SHAMIR00075**C,N,1,AA19-237,1,6,N,0,0,1,EVENDALE,1,,Y,N,6.0,Y,0.0,,Y,,N,EVENDALE,N,,0,,,,75,IR,,14.7,N,,,14 7,2,,,,,N,N,N,0,0,N,1.0,2,2,1,,42888.0,N,14.635,18,Y,99,1,2,1,M,N,N,N,0,3,44,1,0,45,1,8,44,0,0,0,0,1,6,NT,1,45,,,,,,,,,,,,,,,,,,,,,,,,,,,,,,,,,,0,4,,unit1 approaching . mp . unit1 traveling left encountered standing water roadway . due water roadway unit1 began hydroplane went spin . unit1 crossed three lanes travel came rest side roadway .,O,"[0.9999748468399048, 2.3700684323557653e-05, 1.4628195685872925e-06]",O,"[1.0, 1.3154397571213394e-09, 3.201549268749826e-12]",O,"[1.0, 0.00046944618225097656, 1.7940998077392578e-05]"
653,653,196113428,"unit #1 was traveling southbound on north hubbard road when unit #1 began to hydroplane on standing rain water. unit #1 lost control, striking multiple ditch's rolling over and coming to rest on the roof.",20196113428,2019,AB,6/1/2019 0:00,4,CMAHCR00219**C,C,MAH,4.917,41.109527,-80.544581,16476,99999.0,6/17/2019 0:00,13,2,N,,Y,N,7.0,17,0,,,,N,4.917,CMAHCR00219**C,N,1,19-31-020,2,6,,0,1,1,COITSVILLE TOWNSHIP,1,N,N,N,2.0,N,0.057,,N,855,N,COITSVILLE TOWNSHIP,N,,0,,HUBBARD,RD,,,,,N,,,,3,,,,,N,N,Y,0,0,N,,0,6,1,,33419.0,N,4.917,32,Y,5,1,2,1,M,N,N,N,0,2,44,1,0,45,1,9,44,8,44,44,1,1,6,NT,3,45,,,,,,,,,,,,,,,,,,,,,,,,,,,,,,,,,,0,4,,"unit1 traveling hubbard unit1 began hydroplane standing rain water . unit1 lost control , striking multiple ditch 's rolling coming rest roof .",C,"[0.0004501317162066698, 0.9957931041717529, 0.003756757825613022]",C,"[0.0011117110261693597, 0.998375415802002, 0.0005128642078489065]",C,"[0.288818359375, 0.71044921875, 0.0008482933044433594]"
654,654,196121373,at about 0355 hours on 6/10/2019 unit number one was travelling northbound on i-75 at an unknown rate of speed and when at mile marker 54 apparently lost control and hydroplaned colliding with the median.,20196121373,2019,O,6/1/2019 0:00,7,SMOTIR00075**C,S,MOT,13.158,39.767414,-84.198556,21000,22528.0,6/10/2019 0:00,13,2,N,2.0,Y,Y,1.0,3,0,,,,Y,13.158,SMOTIR00075**C,N,3,1906100011,1,6,N,1,0,1,DAYTON,1,,Y,N,6.0,Y,0.0,,N,,N,DAYTON,N,,0,,,,75,IR,,54.0,N,,,54,2,,,,,N,N,Y,0,0,N,1.0,0,2,1,,56767.0,N,54.128,31,Y,5,2,1,1,F,N,N,N,0,3,35,1,0,55,1,35,0,0,0,0,0,1,6,NT,1,0,,,,,,,,,,,,,,,,,,,,,,,,,,,,,,,,,,0,4,,unit number one travelling unknown rate speed mile marker apparently lost control hydroplaned colliding median .,O,"[0.7532199025154114, 0.19962123036384583, 0.04715889319777489]",C,"[0.3778142035007477, 0.6198365092277527, 0.002349293092265725]",O,"[0.9677734375, 0.0307464599609375, 0.0016880035400390625]"
655,655,196121699,"unit 1 was travelling west on broad st. and turned onto etna parkway heading south. during the turn, unit 1 hydroplaned off the roadway and into a ditch.",20196121699,2019,O,6/1/2019 0:00,5,TLICTR01029**C,T,LIC,3.04,39.995708,-82.719452,61112,19234.0,6/13/2019 0:00,13,5,N,,Y,N,4.0,20,0,,,,N,3.04,TLICTR01029**C,N,2,06-4216-19,4,6,,1,0,1,PATASKALA,1,S,N,Y,2.0,N,0.028,SR,N,,N,PATASKALA,N,,0,,ETNA,PKWY,,,,,N,,,,1,16,SR,,,N,N,N,0,0,N,,0,2,1,,232489.0,N,3.04,28,Y,11,4,2,1,M,N,N,N,0,2,44,1,0,50,5,8,44,0,0,0,0,1,2,RT,1,20,,,,,,,,,,,,,,,,,,,,,,,,,,,,,,,,,,0,4,,"unit1 travelling broad turned onto etna heading . turn , unit1 hydroplaned roadway ditch .",O,"[0.9999358654022217, 6.027494964655489e-05, 3.859648131765425e-06]",O,"[0.9999560117721558, 4.240011185174808e-05, 1.5822588466107845e-06]",O,"[1.0, 5.960464477539063e-08, 0.0]"
656,656,196121895,"unit 1 was traveling north on state route 132 when it hit standing water and hydroplaned off the left side of the roadway into a ditch. unit 1 had disabling damage. the driver, katie hultz and 3 juvenile occupants were treated on scene by goshen ems and refused transport. dacota towing responded and towed the vehicle from the ditch.",20196121895,2019,O,6/1/2019 0:00,8,SCLESR00132**C,S,CLE,23.537,39.213188,-84.171979,31010,16885.0,6/22/2019 0:00,13,7,N,2.0,Y,N,4.0,9,0,,b51143db-26c7-4a9f-90d4-b4c8e1937770,13451c64-56ab-43f2-85eb-3f8396608ee3,N,23.537,SCLESR00132**C,N,1,201999,1,6,,4,0,1,GOSHEN TOWNSHIP,1,,N,N,2.0,Y,0.0,SR,N,,N,GOSHEN TOWNSHIP,N,,0,,,,132,SR,,,N,,,,1,48,SR,,,N,N,N,0,0,N,3.0,0,2,1,,192056.0,N,23.537,37,Y,1,2,1,1,M,N,N,N,0,2,44,1,0,40,1,9,44,0,0,0,0,1,6,NT,3,35,,,,,,,,,,,,,,,,,,,,,,,,,,,,,,,,,,0,4,,"unit1 traveling state hit standing water hydroplaned left side roadway ditch . unit1 disabling damage . driver , katie hultz juvenile occupants treated scene goshen ems refused transport . dacota towing responded towed vehicle ditch .",C,"[2.3753516870783642e-05, 0.9999688863754272, 7.444347374985227e-06]",C,"[6.38325436739251e-05, 0.9999361038208008, 4.6829082833710345e-08]",C,"[0.00016736984252929688, 1.0, 1.2218952178955078e-05]"
657,657,196124069,"unit 1 was traveling south on i280 near mile post 7.0. while unit 1 was coming around the curve she lost control of her vehicle, and struck a median barrior. unit 1 then flipped onto the driver side prior to coming to final rest.the driver of unit 1 and a witness reported that unit 1 began to hydroplane prior to going into the median barrior.",20196124069,2019,AB,7/1/2019 0:00,2,SLUCIR00280**N,S,LUC,0.405,41.624237,-83.477102,58730,87868.0,7/2/2019 0:00,13,3,N,2.0,Y,Y,1.0,15,0,,,,Y,0.405,SLUCIR00280**C,N,1,20190283,1,7,N,1,1,1,OREGON,1,N,Y,N,4.0,Y,0.038,,N,,N,OREGON,N,,0,,,,280,IR,,7.0,N,,,7 0,2,,,,,N,N,N,0,0,N,1.0,0,2,4,,91427.0,N,7.038,48,Y,99,1,2,1,F,N,N,N,0,2,35,1,0,60,13,9,35,1,0,0,0,1,6,NT,1,59,,,,,,,,,,,,,,,,,,,,,,,,,,,,,,,,,,0,2,,"unit1 traveling near mile post .. unit1 coming around curve lost control vehicle , struck median barrior . unit1 flipped onto driver side prior coming final rest.the driver unit1 witness reported unit1 began hydroplane prior going median barrior .",C,"[0.003248529275879264, 0.9513478875160217, 0.04540358483791351]",C,"[0.003150569973513484, 0.9902865886688232, 0.006562845781445503]",C,"[0.00919342041015625, 0.98291015625, 0.00786590576171875]"
658,658,196126078,"unit 01 was traveling westbound on i-76 when unit 01 hydroplaned, spun around 180 degrees, ran off road right, and came to rest in the ditch.",20196126078,2019,O,7/1/2019 0:00,4,SPORIR00076**N,S,POR,0.879,41.095266,-81.382151,8840,766.0,7/5/2019 0:00,13,6,N,2.0,Y,Y,1.0,15,0,,,,Y,0.898,SPORIR00076**C,N,1,19-8371,1,7,N,1,0,1,BRIMFIELD TOWNSHIP,1,E,Y,N,4.0,Y,0.038,,N,,N,BRIMFIELD TOWNSHIP,N,,0,,,,76,IR,,30.6,N,,,30 6,2,,,,,N,Y,N,0,0,N,1.0,0,2,1,,91223.0,N,31.007,66,Y,99,3,4,1,M,N,N,N,0,4,44,1,0,65,1,8,44,0,0,0,0,1,6,NT,1,60,,,,,,,,,,,,,,,,,,,,,,,,,,,,,,,,,,0,4,,"unit1 traveling unit1 hydroplaned , spun around degrees , ran , came rest ditch .",O,"[0.9999771118164062, 2.1339259546948597e-05, 1.575501187289774e-06]",O,"[0.9992616772651672, 0.0006963454652577639, 4.1975599742727354e-05]",O,"[1.0, 7.152557373046875e-07, 5.960464477539063e-08]"
659,659,196126310,"unit 1 stated that he was traveling soutbound on ir280 in the outside curb lane, and was travling around the curve that is north of mile post 7.2. the defendant stated that he started to hydroplane, due to the recent heavy rains, lost control of his vehicle, and began to slide across the roadway. he advised that he left the roadway, struck a temporary construction sign, continued down the embankment, and into the tree line that runs alongside the ditch.",20196126310,2019,O,7/1/2019 0:00,2,SLUCIR00280**N,S,LUC,0.567,41.626579,-83.477224,58730,87868.0,7/6/2019 0:00,13,7,N,2.0,Y,Y,1.0,19,0,,,,Y,0.568,SLUCIR00280**C,N,2,20190292,1,7,N,4,0,1,OREGON,1,S,Y,N,4.0,Y,0.009,,Y,,N,OREGON,N,,0,,,,280,IR,,7.2,N,,,7 2,2,,,,,N,N,N,0,0,N,1.0,0,2,4,,34959.0,N,7.2,24,Y,99,1,2,1,M,N,N,N,0,2,45,1,0,60,1,8,54,45,0,0,0,1,6,NT,1,60,,,,,,,,,,,,,,,,,,,,,,,,,,,,,,,,,,0,4,,"unit1 stated traveling soutbound outside curb , travling around curve mile post .. defendant stated started hydroplane , due recent heavy rains , lost control vehicle , began slide across roadway . advised left roadway , struck temporary construction sign , continued embankment , tree line runs alongside ditch .",O,"[0.9932316541671753, 0.006571515463292599, 0.00019674839859362692]",O,"[1.0, 2.0159596658686496e-08, 4.691801114287131e-11]",O,"[1.0, 1.7881393432617188e-07, 0.0]"
660,660,196157829,"on august 13, 2019, unit one was traveling northbound on i75 when near stanely began to hydroplane on the road. unit one first hit the left side of the highway, then hit the right wall. single car crash. minor injuries.",20196157829,2019,AB,8/1/2019 0:00,7,SMOTIR00075**C,S,MOT,15.046,39.789095,-84.183778,21000,22528.0,8/13/2019 0:00,13,3,N,2.0,Y,Y,1.0,4,0,70300.0,,,Y,15.046,SMOTIR00075**C,Y,3,1908130014,1,8,N,0,1,1,DAYTON,1,,Y,N,6.0,Y,0.0,,N,,N,DAYTON,N,,0,,,,75,IR,,56.0,N,,,56,2,,,,,N,N,N,0,0,N,1.0,0,2,1,,39552.0,N,56.016,60,Y,1,2,1,1,M,N,N,N,0,8,35,1,9,0,1,35,0,0,0,0,0,1,6,NT,15,0,,,,,,,,,,,,,,,,,,,,,,,,,,,,,,,,,,0,4,,"august , , unit1 traveling near stanely began hydroplane . unit1 first hit left side , hit wall . single car crash . minor injuries .",C,"[9.48594447436335e-07, 0.9999988079071045, 2.88908211132366e-07]",C,"[3.1596541703038383e-06, 0.9999967813491821, 2.2152613965431556e-08]",C,"[7.212162017822266e-06, 1.0, 5.960464477539062e-07]"
661,661,196158113,"at about 0505 hrs on 8-13-2019 unit#1 was traveling southbound on i-75 in the third lane from the west curb at approximately 45 mph and when at s. edwin c.moses blvd apparently lost control, due to hydroplaning, and in so doing collided with unit#2 which was also southbound on i-75 in the second lane from the west curb at approximately 50 mph.",20196158113,2019,O,8/1/2019 0:00,7,SMOTIR00075**N,S,MOT,10.73,39.733057,-84.205358,21000,22528.0,8/13/2019 0:00,5,3,N,2.0,N,Y,1.0,5,0,69900.0,,,Y,10.739,SMOTIR00075**C,Y,5,1908130018,1,8,N,2,0,2,DAYTON,1,,Y,N,6.0,Y,0.0,,N,,N,DAYTON,N,,0,,I 75 S,,75,IR,,,N,,S,EDWIN C MOSES,1,,,,BLVD,N,N,N,0,0,N,1.0,0,2,2,,118054.0,N,51.7,26,Y,99,1,2,1,M,N,N,N,0,3,0,1,0,55,1,20,0,0,0,0,0,1,6,NT,1,45,60.0,1.0,1.0,2.0,1.0,M,,2.0,55.0,1.0,20.0,,,,,,1.0,6.0,NT,15.0,50.0,,,,,,,,,,,,,0,4,,"unit1 traveling third curb approximately mph edwin c.moses apparently lost control , due hydroplaning , collided unit2 also second curb approximately mph .",O,"[0.9931200742721558, 0.006065979599952698, 0.0008139347191900015]",C,"[0.22086262702941895, 0.7583773732185364, 0.020760050043463707]",O,"[1.0, 1.430511474609375e-06, 2.384185791015625e-07]"
662,662,196158920,"unit #1 was traveling southbound in the i-75 southbound lane approaching the 120 mile marker. as unit #1 was driving it went off the left side of the roadway struck the guardwire, spun 180 degress, continued traveling southbound along the guardwire. unit #1 then spun 180 degrees again went back onto the roadway crossed the centerline and stopped off the right side of the roadway facing southbound. unit #1 had heavy damage all over the vehicle due to the impact. due to the extreme weather/rain during that time unit #1 was beleived to hydroplaned off the roadway causing the accident.",20196158920,2019,O,8/1/2019 0:00,1,SALLIR00075**N,S,ALL,1.595,40.68025,-84.128702,71955,49852.0,8/14/2019 0:00,13,4,N,2.0,Y,Y,1.0,17,0,,,,Y,1.589,SALLIR00075**C,N,1,119000807,1,8,N,1,0,1,SHAWNEE TOWNSHIP,1,,Y,N,4.0,Y,0.0,,N,,N,SHAWNEE TOWNSHIP,N,,0,,,,75,IR,,120.0,N,,,120,2,,,,,N,N,N,0,0,N,1.0,0,2,1,,56717.0,N,119.951,50,Y,11,1,2,1,M,N,N,N,0,2,34,1,2,70,1,9,34,10,8,0,0,1,6,NT,4,65,,,,,,,,,,,,,,,,,,,,,,,,,,,,,,,,,,0,4,,"unit1 traveling approaching mile marker . unit1 driving went left side roadway struck guardwire , spun degress , continued traveling along guardwire . unit1 spun degrees went back onto roadway crossed centerline stopped side roadway facing . unit1 heavy damage vehicle due impact . due extreme weather rain time unit1 beleived hydroplaned roadway causing accident .",O,"[0.9546887874603271, 0.04304107651114464, 0.0022700682748109102]",C,"[0.01746363379061222, 0.8517019748687744, 0.1308344304561615]",O,"[0.984375, 0.01340484619140625, 0.0015277862548828125]"
663,663,196161200,"unit 1 stated that she was traveling northbound on ir 280, in the center through lane. unit 1 stated that as she approached the s. wheeling st. overpass, she encountered a large amount of water. unit 1 stated that she hydroplaned through the water, lost control of her vehicle, left the roadway to her left, and struck the center concrete median. unit 1 stated that she was able to regain control of her vehicle and pull it off of the road, near mile post 8.",20196161200,2019,AB,8/1/2019 0:00,2,SLUCIR00280**C,S,LUC,1.352,41.633546,-83.488477,58730,87868.0,8/15/2019 0:00,13,5,N,2.0,Y,Y,1.0,19,0,60500.0,,,Y,1.352,SLUCIR00280**C,N,1,20190349,1,8,N,0,1,1,OREGON,1,S,Y,N,4.0,Y,0.057,,Y,,N,OREGON,N,,0,,,,280,IR,,8.0,N,,,8 0,2,,,,,N,N,N,0,0,N,1.0,0,2,3,,56957.0,N,7.985,24,Y,1,2,1,1,F,N,N,N,0,2,35,1,0,60,1,9,35,0,0,0,0,1,6,NT,1,55,,,,,,,,,,,,,,,,,,,,,,,,,,,,,,,,,,0,4,,"unit1 stated traveling , center . unit1 stated approached wheeling overpass , encountered large amount water . unit1 stated hydroplaned water , lost control vehicle , left roadway left , struck center concrete median . unit1 stated able regain control vehicle pull , near mile post .",O,"[0.9999995231628418, 4.531135857632762e-07, 4.096061445579835e-08]",O,"[0.9829766750335693, 0.016955247148871422, 6.8039727921132e-05]",O,"[0.9951171875, 0.0045013427734375, 0.00044226646423339844]"
664,664,196161789,unit #1 was traveling west on i 90 and hit a puddle of water which caused him to hydroplane into the cement barrier.,20196161789,2019,C,8/1/2019 0:00,12,SCUYIR00090**N,S,CUY,7.704,41.471979,-81.823859,41664,17668.0,8/17/2019 0:00,13,7,N,2.0,Y,Y,1.0,14,0,,,,Y,7.698,SCUYIR00090**C,N,1,19-002895,1,8,N,0,0,1,LAKEWOOD,1,,Y,N,8.0,Y,0.0,,Y,,N,LAKEWOOD,N,,0,,,,90,IR,,163.6,N,,,163 6,2,,,,,N,N,N,0,0,N,1.0,2,2,1,,47200.0,N,163.523,18,Y,99,3,4,1,M,N,N,N,0,4,35,1,2,60,1,35,0,0,0,0,0,1,6,NT,1,60,,,,,,,,,,,,,,,,,,,,,,,,,,,,,,,,,,0,4,,unit1 traveling hit puddle water caused hydroplane cement barrier .,O,"[0.9173166155815125, 0.0804041400551796, 0.00227927602827549]",O,"[0.9999991655349731, 8.637078394713171e-07, 3.6454583796086126e-09]",O,"[1.0, 2.777576446533203e-05, 1.9669532775878906e-06]"
665,665,196179360,unit #1 was traveling s/b on i-75 near mcclain rd. unit #1 attempted to navigate the curve in the road and began to hydroplane. unit #1 then traveled off the left side of the road and struck a guard rail. unit #1 continued to spin and came to rest in the s/b lane of i-75.,20196179360,2019,O,9/1/2019 0:00,1,SALLIR00075**N,S,ALL,3.277,40.698708,-84.108427,71955,49852.0,9/1/2019 0:00,13,1,N,2.0,Y,Y,1.0,18,0,,,,Y,3.258,SALLIR00075**C,N,1,201941688,1,9,N,3,0,1,SHAWNEE TOWNSHIP,1,N,Y,N,4.0,Y,0.003,,N,,N,SHAWNEE TOWNSHIP,N,,0,,I 75 S,,75,IR,,,N,,,MCCLAIN,1,,,,RD,N,N,N,0,0,N,1.0,0,2,1,,56718.0,N,121.633,49,Y,11,3,2,1,M,N,N,N,0,2,30,1,0,70,13,9,30,0,0,0,0,1,6,LT,1,68,,,,,,,,,,,,,,,,,,,,,,,,,,,,,,,,,,0,4,,unit1 traveling near mcclain unit1 attempted navigate curve began hydroplane . unit1 traveled left side struck guard rail . unit1 continued spin came rest .,O,"[0.9998396635055542, 0.00014963877038098872, 1.0705451131798327e-05]",O,"[0.9999985694885254, 1.4636162859460455e-06, 3.9259681727799034e-08]",O,"[1.0, 1.817941665649414e-05, 1.9073486328125e-06]"
666,666,196179363,unit 1 was traveling w/b on sr 117 and hydroplanned off the right side of the road and struck the mailbox at 5598 sr 117.,20196179363,2019,O,9/1/2019 0:00,1,SALLSR00117**C,S,ALL,23.042,40.703948,-83.998648,61742,99999.0,9/1/2019 0:00,17,1,N,2.0,Y,N,4.0,17,0,,c5952e15-a802-4527-b488-cffa3e72aa51,aaecf76a-f5e6-452f-8744-9c5bf26a1177,N,23.042,SALLSR00117**C,N,1,201941678,1,9,,1,0,1,PERRY TOWNSHIP,1,,N,N,2.0,Y,0.0,,Y,5598,N,PERRY TOWNSHIP,N,,0,,,,117,,,,N,,,,3,,,,,N,N,N,0,0,N,3.0,0,2,1,,189347.0,N,36.802,23,Y,11,3,4,1,F,N,N,N,0,2,0,1,0,55,1,8,0,0,0,0,0,1,6,NT,1,50,,,,,,,,,,,,,,,,,,,,,,,,,,,,,,,,,,0,4,,unit1 traveling hydroplanned side struck mailbox .,O,"[0.9809085130691528, 0.01867593452334404, 0.00041555118514224887]",O,"[0.9999964237213135, 3.498417754599359e-06, 9.328677208486624e-08]",O,"[1.0, 1.1861324310302734e-05, 9.5367431640625e-07]"
667,667,196179695,unit 1 was westbound on us rt 30. unit 1 hydroplaned and slid sideways into the median. unit 1 hit a guard rail in the median and caused the vehicle to spin and flip on its driver side. unit 2 was eastbound on us rt 30 and was struck by flying debris from unit 1 crashing. unit 1 had damage all over. unit 2 had damage to the right fender and front grill from the flying debris. unit 2 drove from the scene. unit 1 was towed by hague towing.,20196179695,2019,AB,9/1/2019 0:00,1,SVANUS00030**N,S,VAN,15.884,40.882207,-84.52761,66978,99999.0,9/1/2019 0:00,1,1,N,2.0,Y,N,3.0,12,0,94100.0,ad2b09e2-316b-4cc1-a861-d263564d943a,595c2a69-e1a0-4138-afb7-8b5f8cf638fa,N,15.9,SVANUS00030**C,N,1,19-3479-09,1,9,N,2,2,2,RIDGE TOWNSHIP,1,W,Y,N,4.0,Y,0.076,,N,,N,RIDGE TOWNSHIP,N,,0,,,,30,US,,16.0,N,,,16,2,,,,,N,N,Y,0,0,N,2.0,0,2,4,,261871.0,N,17.058,48,Y,5,3,4,1,M,N,N,N,0,2,31,1,0,70,13,9,31,1,0,0,0,1,6,NT,1,70,56.0,1.0,4.0,3.0,1.0,M,,2.0,70.0,1.0,23.0,,,,,,1.0,6.0,NT,1.0,70.0,,,,,,,,,,,,,0,4,,unit1 us . unit1 hydroplaned slid sideways median . unit1 hit guard rail median caused vehicle spin flip driver side . unit2 us struck flying debris unit1 crashing . unit1 damage . unit2 damage fender front grill flying debris . unit2 drove scene . unit1 towed hague towing .,O,"[0.989362895488739, 0.009661724790930748, 0.0009753868798725307]",C,"[0.02512788400053978, 0.967877984046936, 0.006994157563894987]",C,"[0.0022373199462890625, 0.9912109375, 0.006946563720703125]"
668,668,196193626,"unit 1 was traveling eastbound on us 33 near milepost 19. the driver of unit 1 stated she had applied her brakes to slow down for a heavy pop-up rainstorm. as unit 1 did so she hydroplaned causing unit1 rear to slide left, sliding across the median where unit 1's rear end struck unit 2 in the rear driver side door area. unit 2 stated he nearly had to leave the roadway in order to avoid striking unit 1 head on. the collision caused unit 1 to move back towards the eastbound lane. unit 3 had to swerve to avoid striking unit 1. however, unit 3 was unable to completely avoid striking unit 1 and stuck unit 1 on the front driver side quarter panel. due to the rapidly changing and deteriorating weather conditions, unit 1 was not issued a citation.",20196193626,2019,O,9/1/2019 0:00,6,SUNIUS00033**C,S,UNI,18.848,40.178558,-83.247765,39046,99999.0,9/21/2019 0:00,6,7,N,2.0,Y,Y,2.0,17,0,,,,N,18.848,SUNIUS00033**C,N,1,80-19-358,1,9,N,5,0,3,JEROME TOWNSHIP,1,W,Y,N,4.0,Y,1.0,US,Y,,N,JEROME TOWNSHIP,N,,0,,,,33,US,,,N,,,,1,42,US,,,N,N,Y,0,0,N,1.0,0,2,1,,262276.0,N,99.969,20,Y,99,4,3,1,F,N,N,N,0,4,0,1,0,70,1,9,20,20,8,0,0,1,6,NT,3,73,57.0,1.0,3.0,4.0,1.0,M,,2.0,70.0,1.0,20.0,,,,,,1.0,6.0,NT,1.0,70.0,1.0,3.0,1.0,20.0,,,,,,1.0,6.0,3.0,0,4,,"unit1 traveling us near milepost . driver unit1 stated applied brakes slow heavy popup rainstorm . unit1 hydroplaned causing unit1 rear slide left , sliding across median unit1 's rear end struck unit2 rear driver side door area . unit2 stated nearly leave roadway order avoid striking unit1 head . collision caused unit1 move back towards . unit3 swerve avoid striking unit1 . however , unit3 unable completely avoid striking unit1 stuck unit1 front driver side quarter panel . due rapidly changing deteriorating weather conditions , unit1 issued citation .",C,"[1.4276743968366645e-05, 0.9999626874923706, 2.295890408277046e-05]",C,"[0.0010387130314484239, 0.998440682888031, 0.000520549074281007]",C,"[0.00940704345703125, 0.98291015625, 0.00811004638671875]"