,id,OBJECTID,Narrative,DOCUMENT_NBR,CRASH_YR,CRASH_SEVERITY_CD,CRASH_MONTH_YEAR,DISTRICT_NBR,NLFID,NLF_JUR_CD,NLF_COUNTY_CD,COUNTY_LOG_NBR,ODOT_LATITUDE_NBR,ODOT_LONGITUDE_NBR,ODOT_FIPS_CD,AREA_CODE,CRASH_DATE,CRASH_TYPE_CD,DAY_IN_WEEK_CD,DISTRACTED_DRIVER_IND,FACILITY_TYPE_CD,FHWA_RDWY_DEPARTURE_IND,FREEWAY_IND,FUNCTIONAL_CLASS_CD,HOUR_OF_CRASH,INCAPAC_INJURIES_NBR,INTERCHANGE_ID,INTERSECTION_ID_CURRENT,INTERSECTION_LEG_ID,INTERSTATE_IND,INV_LOG_NBR,INV_NLFID,IS_COMMERCIAL_RELATED,LIGHT_COND_PRIMARY_CD,LOCAL_REPORT_NUMBER_ID,MAINTENANCE_AUTHORITY_CD,MONTH_OF_CRASH,NHS_CD,NO_INJURY_REPORTED_NBR,NON_INCAPAC_INJURIES_NBR,NUMBER_OF_UNITS_NBR,ODOT_CITY_VILLAGE_TWP_NME,ODOT_CRASH_LOCATION_CD,ODOT_DIR_FROM_REF_CD,ODOT_DIV_UNDIV_IND,ODOT_INTERSECTION_REL_IND,ODOT_LANES_NBR,ODOT_MAINTAINED_HWY_IND,ODOT_MILES_FROM_REF_NBR,ODOT_REF_ROUTE_PREFIX_CD,ODOT_YOUNG_DRIVER_IND,ODPS_ADDRESS_REFERENCE,ODPS_ALCOHOL_IND,ODPS_CITY_VILLAGE_TWP_NME,ODPS_DRUG_IND,ODPS_LOC_DIR_SUFFIX_CD,ODPS_LOC_IN_WORK_ZONE_CD,ODPS_LOC_ROAD_DIRECTION_CD,ODPS_LOC_ROAD_NME,ODPS_LOC_ROAD_SUFFIX_CD,ODPS_LOC_ROUTE_ID,ODPS_LOC_ROUTE_PREFIX_CD,ODPS_LOC_ROUTE_SUFFIX_CD,ODPS_MILEPOST_REFERENCE,ODPS_MOTORCYCLE_IND,ODPS_REF_DIR_SUFFIX_CD,ODPS_REF_DIRECTION_CD,ODPS_REF_GIVEN,ODPS_REF_POINT_USED_CD,ODPS_REF_ROUTE_ID,ODPS_REF_ROUTE_PREFIX_CD,ODPS_REF_ROUTE_SUFFIX_CD,ODPS_REF_SUFFIX_CD,ODPS_SCHOOL_ZONE_IND,ODPS_SENIOR_DRIVER_IND,ODPS_SPEED_IND,ODPS_TOTAL_FATALITIES_NBR,ODPS_TYPE_OF_WORK_ZONE_CD,ODPS_WORK_ZONE_IND,OPER_ACCESS_CONTROL_CD,POSSIBLE_INJURIES_NBR,ROAD_COND_PRIMARY_CD,ROAD_CONTOUR_CD,SA_RAMP_ID,SA_SEGMENT_ID,SECONDARY_CRASH,STATE_TRUE_LOG_NBR,U1_AGE_NBR,U1_AT_FAULT_IND,U1_CONT_CIR_PRIMARY_CD,U1_DIRECTION_FROM_CD,U1_DIRECTION_TO_CD,U1_DISTRACTED_BY_1_CD,U1_GENDER_CD,U1_IS_ALCOHOL_SUSPECTED,U1_IS_MARIJUANA_SUSPECTED,U1_IS_OTHER_DRUG_SUSPECTED,U1_NON_MOTORIST_LOC_CD,U1_NUMBER_OF_THRU_LANES,U1_OBJECT_STRUCK,U1_ODPS_UNIT_NBR,U1_OPERATINGIN_AUTONOMOUS_MODE,U1_POSTED_SPEED_NBR,U1_PRECRASH_ACTION_CD,U1_SEQ_OF_EVENTS_1_CD,U1_SEQ_OF_EVENTS_2_CD,U1_SEQ_OF_EVENTS_3_CD,U1_SEQ_OF_EVENTS_4_CD,U1_SEQ_OF_EVENTS_5_CD,U1_SEQ_OF_EVENTS_6_CD,U1_SPECIAL_FUNCTION_CD,U1_TRAFFIC_CONTROL_CD,U1_TURN_CD,U1_TYPE_OF_UNIT_CD,U1_UNIT_SPEED_NBR,U2_AGE_NBR,U2_CONT_CIR_PRIMARY_CD,U2_DIRECTION_FROM_CD,U2_DIRECTION_TO_CD,U2_DISTRACTED_BY_1_CD,U2_GENDER_CD,U2_NON_MOTORIST_LOC_CD,U2_ODPS_UNIT_NBR,U2_POSTED_SPEED_NBR,U2_PRECRASH_ACTION_CD,U2_SEQ_OF_EVENTS_1_CD,U2_SEQ_OF_EVENTS_2_CD,U2_SEQ_OF_EVENTS_3_CD,U2_SEQ_OF_EVENTS_4_CD,U2_SEQ_OF_EVENTS_5_CD,U2_SEQ_OF_EVENTS_6_CD,U2_SPECIAL_FUNCTION_CD,U2_TRAFFIC_CONTROL_CD,U2_TURN_CD,U2_TYPE_OF_UNIT_CD,U2_UNIT_SPEED_NBR,U3_CONT_CIR_PRIMARY_CD,U3_ODPS_UNIT_NBR,U3_PRECRASH_ACTION_CD,U3_SEQ_OF_EVENTS_1_CD,U3_SEQ_OF_EVENTS_2_CD,U3_SEQ_OF_EVENTS_3_CD,U3_SEQ_OF_EVENTS_4_CD,U3_SEQ_OF_EVENTS_5_CD,U3_SEQ_OF_EVENTS_6_CD,U3_SPECIAL_FUNCTION_CD,U3_TRAFFIC_CONTROL_CD,U3_TYPE_OF_UNIT_CD,UNRESTRAIN_OCCUPANTS,WEATHER_COND_CD,V1,clean_Narrative,BERT_predictions,BERT_prediction_probabilities,RoBERTa_predictions,RoBERTa_predictions_probabilities,distilBERT_predictions,distilBERT_predictions_probabilities
669,669,196204588,"unit #2 was traveling on ir 90 w/b in the far right lane. unit #1 was traveling on ir 90 w/b in the far left lane. as unit #1 attempted to make a lane change and move to the middle lane, it hydroplaned and failed to control. unit #1 spun in a clockwise direction and struck the left side of unit #2 with it's left side.",20196204588,2019,O,10/1/2019 0:00,12,SLAKIR00090**N,S,LAK,3.447,41.603432,-81.437693,85512,17668.0,10/2/2019 0:00,5,4,N,2.0,N,Y,1.0,18,0,52200.0,,,Y,3.461,SLAKIR00090**C,N,1,19-009915,1,10,N,2,0,2,WILLOUGHBY HILLS,1,W,Y,N,10.0,Y,0.028,,Y,,N,WILLOUGHBY HILLS,N,,0,,,,90,IR,,189.0,N,,,189,2,,,,,N,Y,N,0,0,N,1.0,0,2,1,,121788.0,N,189.499,24,Y,1,3,4,1,M,N,N,N,0,3,0,1,0,60,3,20,0,0,0,0,0,1,6,NT,1,60,65.0,1.0,3.0,4.0,1.0,F,,2.0,60.0,1.0,20.0,,,,,,1.0,6.0,NT,4.0,60.0,,,,,,,,,,,,,0,4,,"unit2 traveling far . unit1 traveling far left . unit1 attempted make change move middle , hydroplaned failed control . unit1 spun clockwise direction struck left side unit2 's left side .",O,"[0.9994581341743469, 0.0005100520793348551, 3.179754639859311e-05]",O,"[0.9817512631416321, 0.018027683719992638, 0.00022102950606495142]",O,"[1.0, 5.960464477539062e-07, 5.960464477539063e-08]"
670,670,196225046,"unit #1 was northbound on ir 75. unit #1 entered the construction zone and began to hydroplane on the wet pavement. unit #1 then struck a concrete barrier, damaging the right front wheel.",20196225046,2019,O,10/1/2019 0:00,2,SWOOIR00075**C,S,WOO,30.469,41.587946,-83.560708,68686,87868.0,10/26/2019 0:00,13,7,N,2.0,Y,Y,1.0,21,0,98600.0,,,Y,30.469,SWOOIR00075**C,N,3,201900792,1,10,N,2,0,1,ROSSFORD,1,N,Y,N,8.0,Y,0.099,,Y,,N,ROSSFORD,N,,3,,,,75,IR,,,N,,,Buck,1,,,,RD,N,N,N,0,2,Y,1.0,0,2,2,,81245.0,N,197.174,20,Y,99,2,1,1,F,N,N,N,0,2,35,1,0,60,13,35,0,0,0,0,0,1,6,NT,1,60,,,,,,,,,,,,,,,,,,,,,,,,,,,,,,,,,,0,4,,"unit1 . unit1 entered construction zone began hydroplane wet pavement . unit1 struck concrete barrier , damaging front wheel .",O,"[1.0, 5.556208648727079e-08, 1.5067653791334124e-08]",O,"[1.0, 4.410013743072483e-10, 4.785118698849566e-13]",O,"[1.0, 0.0, 0.0]"
671,671,196227467,unit 1 and unit 2 were traveling north bound on n. memorial drive approaching ety road. unit 1 was traveling at a faster speed than unit 2 in rainy condition. unit 1 lost control and hydroplaned. unit 1 began to spin and the left rear of unit 1 struck the rear of unit 2 causing damage. this caused unit 2 to loose control and spin out. unit 2 came to final rest on ety road just off of memorial drive. unit 1 has damage and left the area. unit 1 possibly continued north bound. possible portion of unit 1 license plate is (7630). unit 1 was later located due to other accidents and driver issued a citation.,20196227467,2019,O,10/1/2019 0:00,5,CFAICR00033A*N,C,FAI,3.926,39.741415,-82.638409,41720,99741.0,10/31/2019 0:00,2,5,N,2.0,N,N,3.0,9,0,,227cfe14-db04-43e0-892f-ab81ccce3e2a,8c51bcf9-b92f-4a07-9058-484dc2697b46,N,3.934,CFAICR00033A*C,N,1,19-09388,4,10,,2,0,2,LANCASTER,2,,Y,Y,4.0,N,0.0,MR,Y,,N,LANCASTER,N,,0,N,MEMORIAL,DR,,,,,N,,,ETY,1,,,,RD,N,N,Y,0,0,N,3.0,0,2,1,,5630.0,N,3.926,17,Y,99,7,6,0,M,N,N,N,0,7,0,1,0,50,1,20,0,0,0,0,0,1,6,NT,1,70,55.0,1.0,7.0,6.0,1.0,F,,2.0,50.0,1.0,20.0,,,,,,1.0,2.0,NT,3.0,45.0,,,,,,,,,,,,,0,4,,unit1 unit2 traveling memorial approaching ety . unit1 traveling faster speed unit2 rainy condition . unit1 lost control hydroplaned . unit1 began spin left rear unit1 struck rear unit2 causing damage . caused unit2 loose control spin . unit2 came final rest ety memorial . unit1 damage left area . unit1 possibly continued . possible portion unit1 license plate . unit1 later located due accidents driver issued citation .,O,"[0.9999891519546509, 1.0419141290185507e-05, 4.991114792574081e-07]",O,"[0.9999998807907104, 1.3797330211673398e-07, 1.2874624699676929e-09]",O,"[1.0, 3.993511199951172e-06, 5.364418029785156e-07]"
672,672,196227647,on 10-31-19 at about 1040 hrs unit #1 was traveling eb on us 35 in the third lane from the south curb at approximately 48 mph when just past abbey ave apparently lost control due to hydroplaning on the water on the roadway causing unit #1 to spin out of control. unit #1 collided with the center median curb and continued to spin out of control in to the westbound lanes colliding with unit #2 which was traveling wb in the second lane from the north curb at approximately 30 mph.,20196227647,2019,AB,10/1/2019 0:00,7,SMOTUS00035**C,S,MOT,13.608,39.747617,-84.238193,21000,22528.0,10/31/2019 0:00,1,5,N,2.0,Y,Y,2.0,10,0,,,,N,13.608,SMOTUS00035**C,N,1,1910310026,4,10,N,1,1,2,DAYTON,1,,Y,N,6.0,N,0.0,,Y,,N,DAYTON,N,,0,,,,35,US,,33.6,N,,,33 6,2,,,,,N,N,N,0,0,N,1.0,0,2,2,,316399.0,N,33.531,19,Y,99,4,3,1,F,N,N,N,0,3,43,1,0,50,1,43,20,0,0,0,0,1,6,NT,1,48,61.0,1.0,3.0,4.0,1.0,F,,2.0,50.0,1.0,20.0,,,,,,1.0,6.0,NT,1.0,30.0,,,,,,,,,,,,,0,4,,unit1 traveling us third curb approximately mph past abbey apparently lost control due hydroplaning water roadway causing unit1 spin control . unit1 collided center median curb continued spin control lanes colliding unit2 traveling second curb approximately mph .,O,"[0.999007523059845, 0.000930662383325398, 6.177439354360104e-05]",C,"[0.3143327534198761, 0.6460736989974976, 0.03959359973669052]",O,"[0.97607421875, 0.022552490234375, 0.0011653900146484375]"
673,673,196232628,"unit #1 was travelig east on bays road, west of s.r. 235 when the vehicle began to hydroplane. the operator stated he lost control and the passenger side tires began to traveled onto the soft shoulder. the vehicle continued east and slowly went into the ditch. the operator was not on scene upon my arrival.",20196232628,2019,O,11/1/2019 0:00,2,TWOOTR00055**C,T,WOO,4.71,41.270021,-83.792042,50680,99999.0,11/1/2019 0:00,13,6,N,,Y,N,7.0,7,0,,,,N,4.71,TWOOTR00055**C,N,4,87-787-19,3,11,,1,0,1,MILTON TOWNSHIP,1,W,N,N,2.0,N,0.33,SR,N,,N,MILTON TOWNSHIP,N,,0,,Bays,RD,,,,,N,,,,1,235,SR,,,N,N,Y,0,0,N,,0,2,1,,331438.0,N,4.71,51,Y,11,4,3,1,M,N,N,N,0,2,44,1,0,55,1,8,44,0,0,0,0,1,6,NT,1,60,,,,,,,,,,,,,,,,,,,,,,,,,,,,,,,,,,0,4,,"unit1 travelig bays , s.r . vehicle began hydroplane . operator stated lost control passenger side tires began traveled onto soft shoulder . vehicle continued slowly went ditch . operator scene upon arrival .",O,"[1.0, 5.1423594271682305e-08, 1.4952792781741664e-08]",O,"[1.0, 1.956583679796342e-11, 2.0332846327854662e-14]",O,"[1.0, 0.0, 0.0]"
674,674,196233061,unit #1 was traveling southbound on insterstate 75 in the far left lane when she hydroplaned causing her to lose control of the vehicle and strike unit #2 who was traveling southbound in the middle lane.,20196233061,2019,AB,10/1/2019 0:00,7,SMOTIR00075**N,S,MOT,16.239,39.804882,-84.188995,33922,22528.0,10/26/2019 0:00,5,7,N,2.0,N,Y,1.0,22,0,70350.0,,,Y,16.218,SMOTIR00075**C,N,3,MC190008715,1,10,N,1,1,2,HARRISON TOWNSHIP,1,S,Y,N,6.0,Y,0.019,RA,Y,,N,HARRISON TOWNSHIP,N,,0,,,,75,IR,,,N,,,WAGNER FORD,1,,,,RD,N,N,N,0,0,N,1.0,0,6,1,,56770.0,N,57.209,18,Y,99,1,2,1,F,N,N,N,0,3,25,1,0,55,1,20,25,0,0,0,0,1,6,NT,1,55,64.0,1.0,1.0,2.0,1.0,M,,2.0,55.0,1.0,20.0,24.0,,,,,1.0,6.0,NT,1.0,55.0,,,,,,,,,,,,,0,4,,unit1 traveling insterstate far left hydroplaned causing lose control vehicle strike unit2 traveling middle .,O,"[0.8720240592956543, 0.11422615498304367, 0.013749795034527779]",C,"[0.09774898737668991, 0.8979946374893188, 0.004256438929587603]",C,"[0.39990234375, 0.54345703125, 0.056488037109375]"
675,675,196238047,unit 1(left lane) hydroplaned losing control of his vehicle which struck unit 2 which was in the center lane.,20196238047,2019,O,10/1/2019 0:00,12,SLAKIR00090**C,S,LAK,3.67,41.604907,-81.434051,85512,17668.0,10/31/2019 0:00,5,5,N,2.0,N,Y,1.0,15,0,,,,Y,3.67,SLAKIR00090**C,N,1,19-011081,1,10,N,2,0,2,WILLOUGHBY HILLS,1,E,Y,N,10.0,Y,0.5,SR,Y,,N,WILLOUGHBY HILLS,N,,0,,I 90 E,,90,IR,,,N,,,STATE ROUTE 91 E,1,91,SR,,,N,N,Y,0,0,N,1.0,0,2,1,,121788.0,N,189.722,23,Y,5,4,3,1,M,N,N,N,0,3,0,1,0,60,1,20,0,0,0,0,0,1,6,NT,1,65,33.0,1.0,4.0,3.0,1.0,M,,2.0,60.0,1.0,20.0,,,,,,1.0,6.0,NT,3.0,50.0,,,,,,,,,,,,,0,4,,unit1 hydroplaned losing control vehicle struck unit2 center .,C,"[0.3122979700565338, 0.6706482768058777, 0.017053773626685143]",C,"[0.04300161451101303, 0.9552233219146729, 0.00177504844032228]",O,"[0.95166015625, 0.044342041015625, 0.003753662109375]"
676,676,196243525,"unit one was traveling in the left lane on i-90 westbound near the 192.6 mile marker. while in transit, the driver of unit one stated he hit a puddle of water and hydroplaned causing him to lose control of his vehicle. unit one stated he hydroplaned across the lanes of travel and struck the concrete barrier on the driver side of his vehicle. unit one came to final rest on the right shoulder facing eastbound in the westbound lanes.",20196243525,2019,O,11/1/2019 0:00,12,SLAKIR00090**N,S,LAK,6.575,41.632335,-81.391929,85484,17668.0,11/11/2019 0:00,13,2,N,2.0,N,Y,1.0,15,0,,,,Y,6.581,SLAKIR00090**C,N,2,19000918,1,11,N,1,0,1,WILLOUGHBY,1,W,Y,N,6.0,Y,0.009,,N,,N,WAITE HILL,N,,0,,,,90,IR,,192.6,N,,,192 6,2,,,,,N,N,N,0,0,N,1.0,0,2,1,,34772.0,N,192.627,45,Y,11,3,4,1,M,N,N,N,0,3,29,1,0,65,1,13,29,0,0,0,0,1,6,NT,1,60,,,,,,,,,,,,,,,,,,,,,,,,,,,,,,,,,,0,4,,"unit1 traveling left near . mile marker . transit , driver unit1 stated hit puddle water hydroplaned causing lose control vehicle . unit1 stated hydroplaned across lanes travel struck concrete barrier driver side vehicle . unit1 came final rest shoulder facing lanes .",O,"[0.9979559183120728, 0.001959634479135275, 8.451821486232802e-05]",C,"[0.1691015064716339, 0.8302215933799744, 0.0006768708117306232]",O,"[0.8310546875, 0.1666259765625, 0.0020694732666015625]"
677,677,196290319,"on october 31st, 2019 at 1056 hours, i was dispatched to state route 93 s, logan, ohio in regards to a single car accident. hocking county dispatch stated the vehicle is unoccupied however air bags were deployed. hocking county dispatch stated the vehicle is approximately 1/2 miles north from fairview road. when i arrived on scene, i met with the driver, dylan t. mayle of lancaster, ohio. mr. mayle stated he was the driver of the vehicle and he did not sustain any injuries. mr. mayle stated he was traveling north on state route 93 s going approximately 55 mph when he hydroplaned. mr. mayle stated his vehicle all of a sudden slide sideways and then he struck the guardrail. mr. mayle said he had seatbelt on while driving. mr. mayle stated he exited the vehicle and then walked to the top of the hill to call for help. after speaking with mr. mayle, photographs of the damage was taken. mcdonald's towing of mcarthur, ohio arrived on scene and recovered the vehicle. mr. mayle did not receive a traffic citation due to the weather conditions.",20196290319,2019,O,10/1/2019 0:00,10,SHOCSR00093**C,S,HOC,0.428,39.39851,-82.453351,81354,99999.0,10/31/2019 0:00,13,5,N,2.0,Y,N,4.0,10,0,,,,N,0.428,SHOCSR00093**C,N,1,19-5967,1,10,,1,0,1,WASHINGTON TOWNSHIP,1,N,N,N,2.0,Y,0.04,CR,Y,,N,WASHINGTON TOWNSHIP,N,,0,,,,93,SR,,,N,,,,1,195,CR,,,N,N,N,0,0,N,3.0,0,2,2,,189323.0,N,74.957,20,Y,1,2,1,1,M,N,N,N,0,2,31,1,2,55,1,31,0,0,0,0,0,1,6,NT,3,55,,,,,,,,,,,,,,,,,,,,,,,,,,,,,,,,,,0,4,,"october , , dispatched state , logan , ohio regards single car accident . hocking county dispatch stated vehicle unoccupied however air bags deployed . hocking county dispatch stated vehicle approximately miles fairview . arrived scene , met driver , dylan t. mayle lancaster , ohio . mr. mayle stated driver vehicle sustain injuries . mr. mayle stated traveling state going approximately mph hydroplaned . mr. mayle stated vehicle sudden slide sideways struck guardrail . mr. mayle said seatbelt driving . mr. mayle stated exited vehicle walked top hill call help . speaking mr. mayle , photographs damage taken . mcdonald 's towing mcarthur , ohio arrived scene recovered vehicle . mr. mayle receive traffic citation due weather conditions .",C,"[0.08191633969545364, 0.7831039428710938, 0.13497968018054962]",O,"[0.9998346567153931, 0.00016485931701026857, 4.7392165924975416e-07]",O,"[1.0, 5.960464477539062e-07, 2.980232238769531e-07]"
678,678,203000662,"unit 1 was traveling on i-480 westbound in the left lane. unit 1 stated he hydroplaned, lost control of the vehicle crossing over the right lane striking the guardrail.",20203000662,2020,C,1/1/2020 0:00,12,SCUYIR00480**C,S,CUY,24.58,41.421605,-81.524968,4920,17668.0,1/4/2020 0:00,13,7,N,2.0,Y,Y,1.0,19,0,20600.0,,,Y,24.58,SCUYIR00480**C,N,3,2000004,1,1,N,0,0,1,BEDFORD HEIGHTS,1,,Y,N,4.0,Y,0.0,,Y,,N,BEDFORD HEIGHTS,N,,0,,,,480,IR,,27.2,N,,,27 2,2,,,,,N,N,Y,0,0,N,1.0,1,2,2,,45587.0,N,26.884,18,Y,5,3,4,1,M,N,N,N,0,2,30,1,2,65,1,30,0,0,0,0,0,1,6,NT,1,65,,,,,,,,,,,,,,,,,,,,,,,,,,,,,,,,,,0,6,3873.0,"unit1 traveling left . unit1 stated hydroplaned , lost control vehicle crossing striking guardrail .",O,"[0.9448569416999817, 0.048712171614170074, 0.006430972367525101]",C,"[0.023271653801202774, 0.9756407737731934, 0.0010875326115638018]",O,"[0.9326171875, 0.064208984375, 0.002956390380859375]"
679,679,203000694,unit 1 was traveling wb on e broad st east of limited parkway on the curb. unit 2 and 3 were traveling wb on e broad st east of limited parkway in the curb lane. unit 1 struck the passenger side of unit 2 then struck the front passenger side of unit 3. unit 1 driver stated that he started hydroplaning then was struck by something and spun into the intersection. unit 2 driver stated that unit 1 was traveling off the side of the road and struck her. unit 3 driver stated that he did not know who hit him just that the vehicle came from off the right side of the roadway. unit 1 driver was cited for the accident.,20203000694,2020,O,1/1/2020 0:00,6,SFRASR00016**C,S,FRA,12.092,39.986639,-82.778654,18000,19234.0,1/3/2020 0:00,5,6,N,2.0,N,N,3.0,5,0,,,,N,12.092,SFRASR00016**C,N,4,200006167,4,1,N,3,0,3,COLUMBUS,1,E,N,N,4.0,N,0.002,,N,,N,COLUMBUS,N,,0,E,BROAD,ST,,,,,N,,,LIMITED,1,,,,PKWY,N,N,N,0,0,N,3.0,0,2,1,,129629.0,N,12.092,61,Y,10,3,4,1,M,N,N,N,0,4,0,1,2,50,1,20,20,0,0,0,0,1,6,NT,3,50,49.0,1.0,3.0,4.0,1.0,F,,2.0,50.0,1.0,20.0,,,,,,1.0,6.0,NT,2.0,50.0,1.0,3.0,1.0,20.0,,,,,,1.0,6.0,1.0,0,4,3958.0,unit1 traveling broad limited curb . unit2 traveling broad limited curb . unit1 struck passenger side unit2 struck front passenger side unit3 . unit1 driver stated started hydroplaning struck something spun intersection . unit2 driver stated unit1 traveling side struck . unit3 driver stated know hit vehicle came side roadway . unit1 driver cited accident .,C,"[0.18660639226436615, 0.7772514224052429, 0.03614218533039093]",O,"[0.9255215525627136, 0.0728243961930275, 0.0016540457727387547]",O,"[0.9990234375, 0.0007977485656738281, 5.733966827392578e-05]"
680,680,203000770,"unit 1 was east bound on ir 275 near the 33.6 mile post. unit 1 failed to control her vehicle, hydroplaning and running off the roadway left, striking the cable median barrier",20203000770,2020,O,1/1/2020 0:00,8,SHAMIR00275**C,S,HAM,33.601,39.251717,-84.316501,76582,16885.0,1/3/2020 0:00,13,6,N,2.0,Y,Y,1.0,14,0,,8b66718e-654b-45f8-b35c-e658badcbf63,203de61a-a240-4dc5-9ee1-69961454d2f0,Y,33.601,SHAMIR00275**C,N,1,2020-293,1,1,N,3,0,1,THE INDIAN HILL,1,,Y,N,6.0,Y,0.0,,N,,N,COLERAIN TOWNSHIP,N,,0,,,,275,IR,,33.6,N,,,33 6,2,,,,,N,N,Y,0,0,N,1.0,0,2,1,,45555.0,N,51.201,36,Y,5,4,3,1,F,N,N,N,0,3,33,1,0,65,1,9,33,0,0,0,0,1,6,NT,1,0,,,,,,,,,,,,,,,,,,,,,,,,,,,,,,,,,,0,4,4300.0,"unit1 near . mile post . unit1 failed control vehicle , hydroplaning running roadway left , striking cable median barrier",O,"[0.9999998807907104, 6.64347012957478e-08, 1.3451384894835883e-08]",O,"[0.9999990463256836, 9.463547030463815e-07, 1.5070140690909284e-08]",O,"[1.0, 0.0, 0.0]"
681,681,203000773,"unit 1 was traveling westbound on ir 275 near the 31.2 mile post. the operator of unit 1 hydroplaned, causing unit 1 to go off of the road to the left, which caused unit 1 to strike the guardrail.",20203000773,2020,O,1/1/2020 0:00,8,SHAMIR00275**N,S,HAM,31.425,39.271742,-84.351869,51716,16885.0,1/4/2020 0:00,13,7,N,2.0,Y,Y,1.0,6,0,39700.0,208325c9-cfa2-47d5-b7fd-61e0ebc787f7,29b7bbb3-7b0d-4f64-9687-bfa2e06571e0,Y,31.182,SHAMIR00275**C,N,3,2020-0353,1,1,N,1,0,1,MONTGOMERY,1,,Y,N,5.0,Y,0.0,,N,,N,COLERAIN TOWNSHIP,N,,0,W,275,HWY,275,IR,,31.2,N,,,31 2,2,,,,,N,N,Y,0,0,N,1.0,0,2,2,,34952.0,N,49.025,47,Y,99,3,4,1,F,N,N,N,0,3,31,1,0,65,1,9,31,0,0,0,0,1,6,NT,1,67,,,,,,,,,,,,,,,,,,,,,,,,,,,,,,,,,,0,4,4303.0,"unit1 traveling near . mile post . operator unit1 hydroplaned , causing unit1 go left , caused unit1 strike guardrail .",O,"[0.9928596019744873, 0.006665111519396305, 0.0004753093235194683]",O,"[0.6261189579963684, 0.36468541622161865, 0.009195609949529171]",O,"[0.8974609375, 0.08782958984375, 0.01450347900390625]"
682,682,203001299,unit #1 was west on n forge st. unit #1 stated she hydroplaned. unit #1 went off the left side of the road and struck the railroad pier/abutment. unit #1 was cited for fail to control.,20203001299,2020,AB,1/1/2020 0:00,4,MSUMMR01200**C,M,SUM,0.555,41.083875,-81.496223,1000,766.0,1/3/2020 0:00,13,6,N,,Y,N,7.0,16,0,,,,N,0.555,MSUMMR01200**C,N,2,T20001269,4,1,,0,1,1,AKRON,1,E,N,N,2.0,N,0.114,MR,N,,N,AKRON,N,,0,N,Forge,ST,,,,,N,,N,Adams,1,,,,ST,N,N,N,0,0,N,,1,4,4,,254769.0,N,0.555,26,Y,99,4,3,1,F,N,N,N,0,2,27,1,9,30,1,9,27,0,0,0,0,1,6,NT,1,25,,,,,,,,,,,,,,,,,,,,,,,,,,,,,,,,,,0,4,6862.0,unit1 forge unit1 stated hydroplaned . unit1 went left side struck railroad pier abutment . unit1 cited fail control .,C,"[7.821707549737766e-05, 0.9998242259025574, 9.766482980921865e-05]",C,"[0.026428308337926865, 0.970060408115387, 0.0035112726036459208]",C,"[0.0006666183471679688, 0.9990234375, 0.0001323223114013672]"
683,683,203002739,"unit 1 was traveling south on pippin road. unit 1 advised it was traveling 50 mph and lost control around 12090 pippin road, advised it hydroplaned and spun out before it struck a fire hydrant in front of 12084 pippin road. after striking the fire hydrant it struck the mailbox in front of 12084 pippin road and ended up facing south in the front yard of 12078 pippin road. unit 1 was cited for failing to maintain reasonable control of his vehicle and cited for the accident.",20203002739,2020,O,1/1/2020 0:00,8,CHAMCR00090**C,C,HAM,6.764,39.305023,-84.571561,16616,16885.0,1/4/2020 0:00,13,7,N,,Y,N,7.0,21,0,,,,N,6.764,CHAMCR00090**C,N,4,2020-0429,2,1,,1,0,1,COLERAIN TOWNSHIP,1,,N,N,2.0,N,0.0,,Y,12078,N,COLERAIN TOWNSHIP,N,,0,,PIPPIN,RD,,,,,N,,,12078TH,3,,,,,N,N,Y,0,0,N,,0,2,2,,24980.0,N,6.764,18,Y,5,1,2,1,M,N,N,N,0,2,49,1,0,35,1,11,9,49,47,0,0,1,6,NT,1,50,,,,,,,,,,,,,,,,,,,,,,,,,,,,,,,,,,0,1,4422.0,"unit1 traveling pippin . unit1 advised traveling mph lost control around pippin , advised hydroplaned spun struck fire hydrant front pippin . striking fire hydrant struck mailbox front pippin ended facing front yard pippin . unit1 cited failing maintain reasonable control vehicle cited accident .",O,"[0.9397464394569397, 0.05137307941913605, 0.00888041127473116]",C,"[0.15038585662841797, 0.8435750603675842, 0.006039104424417019]",O,"[1.0, 0.0003077983856201172, 3.647804260253906e-05]"