,id,OBJECTID,Narrative,DOCUMENT_NBR,CRASH_YR,CRASH_SEVERITY_CD,CRASH_MONTH_YEAR,DISTRICT_NBR,NLFID,NLF_JUR_CD,NLF_COUNTY_CD,COUNTY_LOG_NBR,ODOT_LATITUDE_NBR,ODOT_LONGITUDE_NBR,ODOT_FIPS_CD,AREA_CODE,CRASH_DATE,CRASH_TYPE_CD,DAY_IN_WEEK_CD,DISTRACTED_DRIVER_IND,FACILITY_TYPE_CD,FHWA_RDWY_DEPARTURE_IND,FREEWAY_IND,FUNCTIONAL_CLASS_CD,HOUR_OF_CRASH,INCAPAC_INJURIES_NBR,INTERCHANGE_ID,INTERSECTION_ID_CURRENT,INTERSECTION_LEG_ID,INTERSTATE_IND,INV_LOG_NBR,INV_NLFID,IS_COMMERCIAL_RELATED,LIGHT_COND_PRIMARY_CD,LOCAL_REPORT_NUMBER_ID,MAINTENANCE_AUTHORITY_CD,MONTH_OF_CRASH,NHS_CD,NO_INJURY_REPORTED_NBR,NON_INCAPAC_INJURIES_NBR,NUMBER_OF_UNITS_NBR,ODOT_CITY_VILLAGE_TWP_NME,ODOT_CRASH_LOCATION_CD,ODOT_DIR_FROM_REF_CD,ODOT_DIV_UNDIV_IND,ODOT_INTERSECTION_REL_IND,ODOT_LANES_NBR,ODOT_MAINTAINED_HWY_IND,ODOT_MILES_FROM_REF_NBR,ODOT_REF_ROUTE_PREFIX_CD,ODOT_YOUNG_DRIVER_IND,ODPS_ADDRESS_REFERENCE,ODPS_ALCOHOL_IND,ODPS_CITY_VILLAGE_TWP_NME,ODPS_DRUG_IND,ODPS_LOC_DIR_SUFFIX_CD,ODPS_LOC_IN_WORK_ZONE_CD,ODPS_LOC_ROAD_DIRECTION_CD,ODPS_LOC_ROAD_NME,ODPS_LOC_ROAD_SUFFIX_CD,ODPS_LOC_ROUTE_ID,ODPS_LOC_ROUTE_PREFIX_CD,ODPS_LOC_ROUTE_SUFFIX_CD,ODPS_MILEPOST_REFERENCE,ODPS_MOTORCYCLE_IND,ODPS_REF_DIR_SUFFIX_CD,ODPS_REF_DIRECTION_CD,ODPS_REF_GIVEN,ODPS_REF_POINT_USED_CD,ODPS_REF_ROUTE_ID,ODPS_REF_ROUTE_PREFIX_CD,ODPS_REF_ROUTE_SUFFIX_CD,ODPS_REF_SUFFIX_CD,ODPS_SCHOOL_ZONE_IND,ODPS_SENIOR_DRIVER_IND,ODPS_SPEED_IND,ODPS_TOTAL_FATALITIES_NBR,ODPS_TYPE_OF_WORK_ZONE_CD,ODPS_WORK_ZONE_IND,OPER_ACCESS_CONTROL_CD,POSSIBLE_INJURIES_NBR,ROAD_COND_PRIMARY_CD,ROAD_CONTOUR_CD,SA_RAMP_ID,SA_SEGMENT_ID,SECONDARY_CRASH,STATE_TRUE_LOG_NBR,U1_AGE_NBR,U1_AT_FAULT_IND,U1_CONT_CIR_PRIMARY_CD,U1_DIRECTION_FROM_CD,U1_DIRECTION_TO_CD,U1_DISTRACTED_BY_1_CD,U1_GENDER_CD,U1_IS_ALCOHOL_SUSPECTED,U1_IS_MARIJUANA_SUSPECTED,U1_IS_OTHER_DRUG_SUSPECTED,U1_NON_MOTORIST_LOC_CD,U1_NUMBER_OF_THRU_LANES,U1_OBJECT_STRUCK,U1_ODPS_UNIT_NBR,U1_OPERATINGIN_AUTONOMOUS_MODE,U1_POSTED_SPEED_NBR,U1_PRECRASH_ACTION_CD,U1_SEQ_OF_EVENTS_1_CD,U1_SEQ_OF_EVENTS_2_CD,U1_SEQ_OF_EVENTS_3_CD,U1_SEQ_OF_EVENTS_4_CD,U1_SEQ_OF_EVENTS_5_CD,U1_SEQ_OF_EVENTS_6_CD,U1_SPECIAL_FUNCTION_CD,U1_TRAFFIC_CONTROL_CD,U1_TURN_CD,U1_TYPE_OF_UNIT_CD,U1_UNIT_SPEED_NBR,U2_AGE_NBR,U2_CONT_CIR_PRIMARY_CD,U2_DIRECTION_FROM_CD,U2_DIRECTION_TO_CD,U2_DISTRACTED_BY_1_CD,U2_GENDER_CD,U2_NON_MOTORIST_LOC_CD,U2_ODPS_UNIT_NBR,U2_POSTED_SPEED_NBR,U2_PRECRASH_ACTION_CD,U2_SEQ_OF_EVENTS_1_CD,U2_SEQ_OF_EVENTS_2_CD,U2_SEQ_OF_EVENTS_3_CD,U2_SEQ_OF_EVENTS_4_CD,U2_SEQ_OF_EVENTS_5_CD,U2_SEQ_OF_EVENTS_6_CD,U2_SPECIAL_FUNCTION_CD,U2_TRAFFIC_CONTROL_CD,U2_TURN_CD,U2_TYPE_OF_UNIT_CD,U2_UNIT_SPEED_NBR,U3_CONT_CIR_PRIMARY_CD,U3_ODPS_UNIT_NBR,U3_PRECRASH_ACTION_CD,U3_SEQ_OF_EVENTS_1_CD,U3_SEQ_OF_EVENTS_2_CD,U3_SEQ_OF_EVENTS_3_CD,U3_SEQ_OF_EVENTS_4_CD,U3_SEQ_OF_EVENTS_5_CD,U3_SEQ_OF_EVENTS_6_CD,U3_SPECIAL_FUNCTION_CD,U3_TRAFFIC_CONTROL_CD,U3_TYPE_OF_UNIT_CD,UNRESTRAIN_OCCUPANTS,WEATHER_COND_CD,V1,clean_Narrative,BERT_predictions,BERT_prediction_probabilities,RoBERTa_predictions,RoBERTa_predictions_probabilities,distilBERT_predictions,distilBERT_predictions_probabilities
684,684,203004199,the traffic accident occurred on i 70 wb west of the e livingston ave exit. unit 1 was traveling west on i70 wb in the left most lane when unit 1 attempted to change lanes to the right. as unit 1 was changing lanes unit 1 hydroplaned and spun out of control . unit 1 spun causing the front of unit 1 to strke the rear of unit 2 causing disabling damage to unit 1. the driver of unit 1 was transported to grant hospital by cfd medic 15 in stable condition. unit 1 was impounded to the cpd impound lot by eitels towing for safekeeping. unit 2 was traveling west bound on i 70 when the front of unit 1 struck the rear of unit 2. the driver of unit 2 did not require medical attention and was not towed form scene. the driver of unit 1 was issued a citation for ctc 2131.33a failure to control.,20203004199,2020,AB,1/1/2020 0:00,6,SFRAIR00070**N,S,FRA,17.202,39.94836,-82.943515,18000,19234.0,1/10/2020 0:00,5,6,N,2.0,N,Y,1.0,5,0,27000.0,,,Y,17.191,SFRAIR00070**C,N,3,200025351,1,1,N,1,1,2,COLUMBUS,1,W,Y,N,7.0,Y,0.023,,N,,N,COLUMBUS,N,,0,,I 70 W,,70,IR,,,N,,E,LIVINGSTON,1,,,,AVE,N,N,N,0,0,N,1.0,0,2,1,,45245.0,N,103.229,31,Y,8,3,4,1,M,N,N,N,0,4,0,1,0,65,1,20,0,0,0,0,0,1,6,NT,1,55,57.0,1.0,3.0,4.0,1.0,M,,2.0,65.0,1.0,20.0,,,,,,1.0,6.0,NT,3.0,55.0,,,,,,,,,,,,,1,4,3828.0,traffic accident occurred livingston exit . unit1 traveling left unit1 attempted change lanes . unit1 changing lanes unit1 hydroplaned spun control . unit1 spun causing front unit1 strke rear unit2 causing disabling damage unit1 . driver unit1 transported grant hospital cfd medic stable condition . unit1 impounded cpd impound lot eitels towing safekeeping . unit2 traveling front unit1 struck rear unit2 . driver unit2 require medical attention towed form scene . driver unit1 issued citation ctc .33a failure control .,C,"[0.00025906291557475924, 0.9976779818534851, 0.002063011284917593]",AB,"[0.00016330723883584142, 0.2915172278881073, 0.7083194851875305]",C,"[2.384185791015625e-06, 1.0, 2.9802322387695312e-06]"
685,685,203004285,"accident occurred on indianola ave, south of e cooke rd. the driver of unit #1 stated that he had """"hydroplaned"""" on state route 71 (south bound) striking the concrete barrier, flattening his left tire, moments before this accident. the driver of unit #1 then drove off the exit attempting to find somewhere to evaluate the damage to unit #1. the driver of unit #1 then attempted to pull into 4000 indianola ave and """"did not see"""" unit #2, striking said unit. the driver of unit #2 stated she was north bound on indianola ave when unit #1 """"just turned in front of me"""", striking her vehicle. the driver of unit #1 also stated that the accident was """"my fault"""". he was issued a citation for """"fail to yield on left turn"""" (2131.17a). both drivers were attended to by columbus medic #19 at the scene for minor injuries.",20203004285,2020,AB,1/1/2020 0:00,6,SFRAUS00023**C,S,FRA,17.621,40.04859,-82.999827,18000,19234.0,1/10/2020 0:00,18,6,N,2.0,N,N,4.0,13,0,,c679b17c-c70a-41df-aaf3-e6de336438a0,3ac33286-221c-479a-bb20-b82212114b2f,N,17.621,SFRAUS00023**C,N,1,200026170,4,1,,1,1,2,COLUMBUS,1,S,N,N,4.0,N,0.015,CR,N,,N,COLUMBUS,N,,0,,INDIANOLA,AVE,,,,,N,,E,COOKE,1,,,,RD,N,N,N,0,0,N,3.0,0,2,2,,271242.0,N,95.941,44,Y,2,1,3,1,M,N,N,N,0,3,0,1,0,35,6,20,0,0,0,0,0,1,6,LT,1,20,32.0,1.0,2.0,1.0,1.0,F,,2.0,35.0,1.0,20.0,,,,,,1.0,6.0,NT,3.0,30.0,,,,,,,,,,,,,0,4,4020.0,"accident occurred indianola , cooke driver unit1 stated `` '' hydroplaned '' '' state striking concrete barrier , flattening left tire , moments accident . driver unit1 drove exit attempting find somewhere evaluate damage unit1 . driver unit1 attempted pull indianola `` '' see '' '' unit2 , striking said unit . driver unit2 stated indianola unit1 `` '' turned front '' '' , striking vehicle . driver unit1 also stated accident `` '' fault '' '' . issued citation `` '' fail yield left turn '' '' . drivers attended columbus medic scene minor injuries .",C,"[3.6297267342888517e-06, 0.9999959468841553, 4.743865531509073e-07]",C,"[6.769100764358882e-07, 0.9999992847442627, 4.1874091749605213e-08]",C,"[0.00023424625396728516, 1.0, 1.0132789611816406e-06]"
686,686,203004734,"unit #01 traveling on i-71 north at the 5.9mm, hit runnig/sitting water on roadway and hydroplaned, losing control of vehicle, unit #01 spun-out to the left with passenger side striking first from 180-degree revolution into median concrete barrier, bouncing off and spinning out again with a roll-over.***only property damage reported at scene, after cincinnati fire #23 checked on status***",20203004734,2020,O,1/1/2020 0:00,8,SHAMIR00071**N,S,HAM,5.88,39.143138,-84.461519,15000,16885.0,1/11/2020 0:00,13,7,N,2.0,Y,Y,1.0,12,0,,fa32f481-b0db-457f-aa4a-c43eabb86e6a,87b5773f-c821-403c-a1c3-db10b0488287,Y,5.762,SHAMIR00071**C,N,1,205000509,1,1,N,1,0,1,CINCINNATI,1,,Y,N,8.0,Y,0.0,,N,,N,CINCINNATI,N,,0,,,,71,IR,,5.9,N,,,5 9,2,,,,,N,N,N,0,0,N,2.0,0,6,1,,42834.0,N,5.88,28,Y,99,8,5,1,F,N,N,N,0,4,35,1,2,55,1,35,1,0,0,0,0,1,6,NT,3,55,,,,,,,,,,,,,,,,,,,,,,,,,,,,,,,,,,0,4,4640.0,"unit1 traveling .9mm , hit runnig sitting water roadway hydroplaned , losing control vehicle , unit1 spunout left passenger side striking first degree revolution median concrete barrier , bouncing spinning rollover.only property damage reported scene , cincinnati fire checked status",O,"[0.935689389705658, 0.06341909617185593, 0.0008914350182749331]",C,"[0.007381081581115723, 0.9926162362098694, 2.6578022698231507e-06]",O,"[0.9091796875, 0.09075927734375, 0.00020325183868408203]"
687,687,203005388,"unit 1 was traveling westbound on ir-90 w b and was traveling too fast for the heavy rain conditions. unit 1 hydroplaned, lost control and struck the center wall. unit 1 then corrected and came to rest on the right (north) shoulder.",20203005388,2020,O,1/1/2020 0:00,12,SCUYIR00090**N,S,CUY,26.765,41.58238,-81.538096,25704,17668.0,1/10/2020 0:00,13,6,N,2.0,Y,Y,1.0,6,0,17700.0,,,Y,26.874,SCUYIR00090**C,N,3,2090034,1,1,N,1,0,1,EUCLID,1,W,Y,N,8.0,Y,0.019,,N,,N,EUCLID,N,,0,W,90 W B,HWY,90,IR,,183.0,N,,,183,2,,,,,N,N,Y,0,0,N,1.0,0,2,1,,47209.0,N,182.584,32,Y,5,3,4,1,F,N,N,N,0,4,35,1,2,60,1,9,35,0,0,0,0,1,6,NT,1,60,,,,,,,,,,,,,,,,,,,,,,,,,,,,,,,,,,0,4,16495.0,"unit1 traveling ir b traveling fast heavy rain conditions . unit1 hydroplaned , lost control struck center wall . unit1 corrected came rest shoulder .",C,"[0.004328038543462753, 0.9907683730125427, 0.004903499502688646]",C,"[0.0127547113224864, 0.9866413474082947, 0.0006039398722350597]",O,"[0.91845703125, 0.07794189453125, 0.0037689208984375]"
688,688,203006243,unit 1 was east on innovation drive at an unknown speed. unit 1 struck the curb and went into a slide. unit1 skid across the centerline and struck the curb of the median then struck a light pole. unit 1 left the scene of the crash.driver of unit 1 said he was east on innovation drive when he hydroplaned on the wet road and he lost control of the vehicle.,20203006243,2020,O,1/1/2020 0:00,7,TMOTTR01036**C,T,MOT,0.83,39.603208,-84.230368,49392,22528.0,1/10/2020 0:00,13,6,N,,Y,N,7.0,21,0,,,,N,0.83,TMOTTR01036**C,N,3,20-0158,3,1,,1,0,1,MIAMI TOWNSHIP,3,W,Y,Y,4.0,N,0.043,SR,N,,N,MIAMI TOWNSHIP,N,,0,,INNOVATION,DR,,,,,N,,,STATE ROUTE 741 E,1,741,SR,,,N,N,Y,0,0,N,,0,2,4,,250078.0,N,0.83,27,Y,99,4,3,1,M,N,N,N,0,2,41,1,0,25,13,43,11,43,41,0,0,1,6,NT,1,40,,,,,,,,,,,,,,,,,,,,,,,,,,,,,,,,,,0,2,29078.0,unit1 innovation unknown speed . unit1 struck curb went slide . unit1 skid across centerline struck curb median struck light pole . unit1 left scene crash.driver unit1 said innovation hydroplaned wet lost control vehicle .,C,"[0.3779051899909973, 0.5590452551841736, 0.06304953992366791]",C,"[0.11354009807109833, 0.7104195952415466, 0.176040381193161]",O,"[0.98291015625, 0.0165863037109375, 0.0007314682006835938]"
689,689,203007769,driver of unit #1 stated that he was travelling northbound on i-270 north of roberts rd. when his vehicle went over a puddle of water in his lane. this caused his vehicle to hydroplane and spin. his vehicle struck the concrete divider wall.,20203007769,2020,O,1/1/2020 0:00,6,SFRAIR00270**C,S,FRA,10.823,40.007128,-83.118606,18000,19234.0,1/18/2020 0:00,13,7,N,2.0,Y,Y,1.0,10,0,27900.0,,,Y,10.823,SFRAIR00270**C,N,1,200048880,1,1,N,2,0,1,COLUMBUS,1,N,Y,N,8.0,Y,0.095,,Y,,N,COLUMBUS,N,,0,,I 270 N,,270,IR,,,N,,,ROBERTS,1,,,,RD,N,N,Y,0,0,N,1.0,0,2,2,,81470.0,N,10.823,18,Y,5,2,1,1,M,N,N,N,0,5,35,1,0,65,1,9,35,0,0,0,0,1,6,NT,1,65,,,,,,,,,,,,,,,,,,,,,,,,,,,,,,,,,,0,4,35098.0,driver unit1 stated travelling roberts vehicle went puddle water . caused vehicle hydroplane spin . vehicle struck concrete divider wall .,O,"[0.9997887015342712, 0.00020545910228975117, 5.796027835458517e-06]",C,"[0.12162735313177109, 0.8729147911071777, 0.005457952152937651]",O,"[1.0, 2.1457672119140625e-05, 1.7285346984863281e-06]"
690,690,203009506,u-1 was traveling westbound on sr 188 just west of warner huffer rd. u-1 ran off the right side of the roadway striking a telephone pole. u-1 rolled onto its left side.the driver stated she hydroplaned on the wet roadway.the damaged pole and phone box is owned by frontier phone.,20203009506,2020,C,1/1/2020 0:00,6,SPICSR00188**C,S,PIC,3.328,39.635409,-82.90348,81550,99999.0,1/18/2020 0:00,13,7,N,2.0,Y,N,5.0,12,0,,,,N,3.328,SPICSR00188**C,N,1,AC01200029,1,1,,0,0,1,WASHINGTON TOWNSHIP,1,W,N,N,2.0,Y,0.095,,Y,,N,WASHINGTON TOWNSHIP,N,,0,,,,188,SR,,,N,,,WARNER HUFFER,1,,,,RD,N,N,Y,0,0,N,3.0,2,2,1,,193718.0,N,3.328,17,Y,11,3,4,1,F,N,N,N,0,2,40,1,0,55,1,8,40,1,0,0,0,1,6,NT,1,60,,,,,,,,,,,,,,,,,,,,,,,,,,,,,,,,,,0,4,39298.0,u traveling warner huffer u ran side roadway striking telephone pole . u rolled onto left side.the driver stated hydroplaned wet roadway.the damaged pole phone box owned frontier phone .,O,"[0.9817616939544678, 0.017080068588256836, 0.0011581749422475696]",C,"[0.021517591550946236, 0.9755560159683228, 0.0029264220502227545]",O,"[1.0, 1.430511474609375e-05, 8.344650268554688e-07]"
691,691,203011468,"unit number 1 wb on wb 562 at the 0.2 hydroplaned, hit the median on the left, ran of road to the right landing in the ditch. driver was not cited due to weather conditions.",20203011468,2020,C,1/1/2020 0:00,8,SHAMSR00562**N,S,HAM,0.825,39.173884,-84.481981,15000,16885.0,1/10/2020 0:00,13,6,N,2.0,Y,Y,2.0,8,0,,427ef811-2abb-485e-bddd-6420e1b44aed,4afb7fc8-ba02-412f-be4b-d1bd3b7aea0c,N,0.758,SHAMSR00562**C,N,1,205000425,4,1,N,0,0,1,CINCINNATI,1,,Y,N,4.0,N,0.0,,N,,N,CINCINNATI,N,,0,,,,562,SR,,0.2,N,,,0 2,2,,,,,N,N,N,0,0,N,1.0,1,2,1,,163295.0,N,0.825,32,Y,1,3,4,1,M,N,N,N,0,2,30,1,2,55,1,30,8,44,0,0,0,1,6,NT,1,0,,,,,,,,,,,,,,,,,,,,,,,,,,,,,,,,,,0,4,44711.0,"unit number . hydroplaned , hit median left , ran landing ditch . driver cited due weather conditions .",C,"[0.0011813131859526038, 0.9937547445297241, 0.005063906777650118]",O,"[0.9379380941390991, 0.06184139847755432, 0.0002204838820034638]",O,"[0.8896484375, 0.1087646484375, 0.0013532638549804688]"
692,692,203012241,unit one was traveling west on interstate route 275 in the left through lane. unit one hydroplaned on standing water. unit one ran off the roadway to the left and came to rest on the raised grass median.,20203012241,2020,O,1/1/2020 0:00,8,SHAMIR00275**N,S,HAM,32.632,39.259658,-84.33561,51716,16885.0,1/24/2020 0:00,13,6,N,2.0,Y,Y,1.0,10,0,,,,Y,32.388,SHAMIR00275**C,N,1,2020-2658,1,1,N,2,0,1,MONTGOMERY,1,,Y,N,6.0,Y,0.0,,Y,,N,COLERAIN TOWNSHIP,N,,0,W,I275,HWY,275,IR,,32.4,N,,,32 4,2,,,,,N,N,N,0,0,N,1.0,0,6,1,,45554.0,N,50.232,19,Y,11,3,4,1,M,N,N,N,0,3,45,1,0,65,1,9,45,0,0,0,0,1,6,NT,1,65,,,,,,,,,,,,,,,,,,,,,,,,,,,,,,,,,,0,4,45112.0,unit1 traveling interstate left . unit1 hydroplaned standing water . unit1 ran roadway left came rest raised grass median .,O,"[0.9869058728218079, 0.011493723839521408, 0.001600428018718958]",O,"[0.9913569688796997, 0.00861651636660099, 2.647694418556057e-05]",O,"[1.0, 9.763240814208984e-05, 6.139278411865234e-06]"
693,693,203012888,unit 1 was west bound on old tarlton pike in front of 8341 when they hydroplaned sending it off the right side of the roadway. unit 1 road through the ditch after striking the ditch with the right rear quarter panel. unit 1 then came back up on the road and went off the left side of the roadway and struck the ditch on that side of the roadway. driver suffered very minor injuries and vehicle was towed from the scene with disabling damage.,20203012888,2020,C,1/1/2020 0:00,6,CPICCR00041**C,C,PIC,1.782,39.587354,-82.872556,81550,99999.0,1/24/2020 0:00,13,6,N,,Y,N,7.0,14,0,,,,N,1.782,CPICCR00041**C,N,1,AC01200046,2,1,,0,0,1,WASHINGTON TOWNSHIP,1,W,N,N,2.0,N,0.057,,Y,8341,N,WASHINGTON TOWNSHIP,N,,0,,OLD TARLTON,PIKE,,,,,N,,,,3,,,,,N,N,N,0,0,N,,1,2,2,,17106.0,N,1.782,19,Y,11,3,4,1,M,N,N,N,0,2,44,1,0,55,1,8,44,9,44,0,0,1,6,NT,1,55,,,,,,,,,,,,,,,,,,,,,,,,,,,,,,,,,,0,4,45857.0,unit1 old tarlton pike front hydroplaned sending side roadway . unit1 ditch striking ditch rear quarter panel . unit1 came back went left side roadway struck ditch side roadway . driver suffered minor injuries vehicle towed scene disabling damage .,C,"[8.631897117084009e-07, 0.999998927116394, 2.276281634294719e-07]",C,"[2.156730488422909e-06, 0.9999978542327881, 2.5699618433350224e-08]",C,"[5.960464477539062e-07, 1.0, 1.1920928955078125e-07]"
694,694,203013126,"shennon, driver of unit 1 stated he was on the curve to go 76e and hydroplaned. shennon stated he spun out of control and struck guardrail on the right side of the road. shennon was cited for ftc.",20203013126,2020,O,1/1/2020 0:00,4,SSUMIR00076**C,S,SUM,6.29,41.035432,-81.569396,1000,766.0,1/25/2020 0:00,13,7,N,2.0,Y,Y,1.0,7,0,84500.0,8f9677a6-4474-46af-bdbe-45ae6b40636e,4b27cd33-7071-401b-b02f-9dfe06826868,Y,6.29,SSUMIR00076**C,N,3,T20010797,1,1,N,1,0,1,AKRON,1,,Y,N,6.0,Y,0.0,IR,N,,N,AKRON,N,,0,,I 277 E,,277,IR,,,N,E,,I 76 E,1,76,IR,,,N,N,N,0,0,N,1.0,0,3,3,,39591.0,N,18.438,30,Y,99,4,3,1,M,N,N,N,0,1,31,1,9,30,13,31,0,0,0,0,0,1,6,NT,1,30,,,,,,,,,,,,,,,,,,,,,,,,,,,,,,,,,,0,4,46352.0,"shennon , driver unit1 stated curve go 76e hydroplaned . shennon stated spun control struck guardrail side . shennon cited ftc .",O,"[0.9999998807907104, 6.730967072599015e-08, 1.3082092742422446e-08]",O,"[0.9994170665740967, 0.0005763986264355481, 6.604208465432748e-06]",O,"[1.0, 0.0, 0.0]"
695,695,203017734,unit 1 was negotiating a curve when he hydroplaned and ran head on into unit 2.,20203017734,2020,AB,2/1/2020 0:00,8,CHAMCR00718**C,C,HAM,0.659,39.095061,-84.562105,15000,16885.0,2/4/2020 0:00,1,3,N,,N,N,4.0,11,0,,,,N,0.659,CHAMCR00718**C,N,9,205001547,4,2,,2,1,2,CINCINNATI,1,,N,N,4.0,N,0.0,,N,2565,N,CINCINNATI,N,,0,,ELBERON,AVE,,,,,N,,,2565TH,3,,,,,N,N,N,0,0,N,,0,2,4,,34799.0,N,0.659,34,Y,7,7,6,1,M,N,N,N,0,3,0,1,2,0,13,20,0,0,0,0,0,1,6,NT,2,0,31.0,1.0,6.0,7.0,1.0,M,,2.0,,13.0,20.0,,,,,,1.0,6.0,NT,6.0,,,,,,,,,,,,,,0,4,18989.0,unit1 negotiating curve hydroplaned ran head unit2 .,C,"[0.24011623859405518, 0.7243130803108215, 0.03557069972157478]",C,"[0.18322671949863434, 0.8159913420677185, 0.000781945011112839]",O,"[1.0, 4.869699478149414e-05, 1.9073486328125e-06]"
696,696,203018016,unit 1 was traveling southbound onto the on ramp for us 23 from us 22. as unit 1 was negotiating the curve of the on ramp she hydroplane and went off the roadway to the left and into the ditch.,20203018016,2020,O,2/1/2020 0:00,6,SPICRA65000**C,S,PIC,0.003,39.60455,-82.95197,15077,99729.0,2/4/2020 0:00,13,3,N,4.0,Y,Y,1.0,15,0,74100.0,947ee5fa-5531-48cc-992c-c9410317ffb5,76230b62-6dc5-42a4-bf1f-a12c2b017a64,Y,0.003,SPICRA65000**C,N,1,AC02200007,1,2,,2,0,1,CIRCLEVILLE TOWNSHIP,7,S,N,N,,Y,0.5,,Y,,N,CIRCLEVILLE TOWNSHIP,N,,0,,,,23,US,,7.0,N,,,7,2,,,,,N,N,N,0,0,N,1.0,0,2,4,,,N,0.003,18,Y,11,3,2,1,F,N,N,N,0,1,44,1,0,0,13,9,44,0,0,0,0,1,6,LT,1,0,,,,,,,,,,,,,,,,,,,,,,,,,,,,,,,,,,0,4,21062.0,unit1 traveling onto ramp us us . unit1 negotiating curve ramp hydroplane went roadway left ditch .,O,"[0.9999862909317017, 1.2730673915939406e-05, 9.687345254860702e-07]",O,"[0.9998039603233337, 0.00017591101641301066, 2.0108482203795575e-05]",O,"[1.0, 6.854534149169922e-06, 5.364418029785156e-07]"
697,697,203019025,officers responded to a report of an injury accident on i-71 s north of e north broadway st. officers made contact with the driver of unit 1. driver of unit 1 stated that he was going southbound in the left lane of i-71 s when unit 1 hydroplaned and hit the concrete divider on the left side of i-71 s. driver of unit 1 stated that he then pulled to the shoulder on the right side of the roadway. driver of unit 1 stated that he did not have any injuries and refused medical treatment. unit 1 was towed to the driver's home. the driver of unit 1 was cited for failure to control.,20203019025,2020,O,2/1/2020 0:00,6,MFRAMR00691**C,M,FRA,2.872,40.030977,-82.99479,18000,19234.0,2/4/2020 0:00,13,3,N,,Y,N,4.0,20,0,,5253f1c6-ca9d-4041-b16a-5fda783f9684,23db1c27-fc4b-4b28-a870-73988f9a8beb,N,2.872,MFRAMR00691**C,N,3,200096146,4,2,,1,0,1,COLUMBUS,1,N,Y,N,4.0,N,0.095,RA,Y,,N,COLUMBUS,N,,0,,,,71,IR,,,N,,E,North Broadway,1,,,,ST,N,N,N,0,0,N,,0,2,1,,98648.0,N,2.872,21,Y,1,1,2,1,M,N,N,N,0,3,35,1,0,65,1,35,0,0,0,0,0,1,6,NT,1,65,,,,,,,,,,,,,,,,,,,,,,,,,,,,,,,,,,0,4,26326.0,officers responded report injury accident broadway officers made contact driver unit1 . driver unit1 stated going left unit1 hydroplaned hit concrete divider left side driver unit1 stated pulled shoulder side roadway . driver unit1 stated injuries refused medical treatment . unit1 towed driver 's home . driver unit1 cited failure control .,O,"[0.9968728423118591, 0.003009689273312688, 0.00011750098201446235]",O,"[0.9993484616279602, 0.000651201291475445, 3.5125316344419844e-07]",O,"[0.994140625, 0.006053924560546875, 9.000301361083984e-06]"
698,698,203020084,"unit 2 was stopped facing northbound at a solid red traffic signal on s. shannon st. waiting to turn eastbound onto w. ervin rd. unit 1 was traveling northbound on s. shannon st. approaching unit 2. as unit 1 was attempting to apply the brakes to stop, unit 1 started to hydroplane due to the wet roadway causing the front end of unit 1 to strike the rear end of unit 2. unit 2 sustained minor damage to the rear bumper while unit 1 sustained disabling damage to the front end. i took 8 photographs of the damage to both unit 1 and unit 2.",20203020084,2020,O,2/1/2020 0:00,1,SVANSR00118**C,S,VAN,9.375,40.858857,-84.597035,79562,99777.0,2/4/2020 0:00,2,3,N,2.0,N,N,5.0,14,0,,b72e6d2b-fe3f-4b9d-9fbb-4714a10f6a97,04d1f393-c9d5-4162-98ca-dc549cf356ae,N,9.375,SVANSR00118**C,N,1,20-243,4,2,,3,0,2,VAN WERT,2,,N,Y,2.0,N,0.0,TR,Y,,N,VAN WERT,N,,0,S,SHANNON,ST,118,SR,,,N,,W,Ervin,1,,,,RD,N,N,Y,0,0,N,3.0,0,2,1,,189510.0,N,54.139,16,Y,5,2,1,1,F,N,N,N,0,2,0,1,0,35,1,20,0,0,0,0,0,1,2,NT,1,25,16.0,1.0,2.0,1.0,1.0,F,,2.0,,11.0,20.0,,,,,,1.0,2.0,NT,1.0,,,,,,,,,,,,,,0,4,28363.0,"unit2 stopped facing solid red traffic signal shannon waiting turn onto ervin unit1 traveling shannon approaching unit2 . unit1 attempting apply brakes stop , unit1 started hydroplane due wet roadway causing front end unit1 strike rear end unit2 . unit2 sustained minor damage rear bumper unit1 sustained disabling damage front end . took photographs damage unit1 unit2 .",O,"[0.999803364276886, 0.00018994476704392582, 6.624300112889614e-06]",O,"[0.9998496770858765, 0.00014670817472506315, 3.5810121516988147e-06]",O,"[0.9990234375, 0.0011119842529296875, 2.86102294921875e-05]"