,id,OBJECTID,Narrative,DOCUMENT_NBR,CRASH_YR,CRASH_SEVERITY_CD,CRASH_MONTH_YEAR,DISTRICT_NBR,NLFID,NLF_JUR_CD,NLF_COUNTY_CD,COUNTY_LOG_NBR,ODOT_LATITUDE_NBR,ODOT_LONGITUDE_NBR,ODOT_FIPS_CD,AREA_CODE,CRASH_DATE,CRASH_TYPE_CD,DAY_IN_WEEK_CD,DISTRACTED_DRIVER_IND,FACILITY_TYPE_CD,FHWA_RDWY_DEPARTURE_IND,FREEWAY_IND,FUNCTIONAL_CLASS_CD,HOUR_OF_CRASH,INCAPAC_INJURIES_NBR,INTERCHANGE_ID,INTERSECTION_ID_CURRENT,INTERSECTION_LEG_ID,INTERSTATE_IND,INV_LOG_NBR,INV_NLFID,IS_COMMERCIAL_RELATED,LIGHT_COND_PRIMARY_CD,LOCAL_REPORT_NUMBER_ID,MAINTENANCE_AUTHORITY_CD,MONTH_OF_CRASH,NHS_CD,NO_INJURY_REPORTED_NBR,NON_INCAPAC_INJURIES_NBR,NUMBER_OF_UNITS_NBR,ODOT_CITY_VILLAGE_TWP_NME,ODOT_CRASH_LOCATION_CD,ODOT_DIR_FROM_REF_CD,ODOT_DIV_UNDIV_IND,ODOT_INTERSECTION_REL_IND,ODOT_LANES_NBR,ODOT_MAINTAINED_HWY_IND,ODOT_MILES_FROM_REF_NBR,ODOT_REF_ROUTE_PREFIX_CD,ODOT_YOUNG_DRIVER_IND,ODPS_ADDRESS_REFERENCE,ODPS_ALCOHOL_IND,ODPS_CITY_VILLAGE_TWP_NME,ODPS_DRUG_IND,ODPS_LOC_DIR_SUFFIX_CD,ODPS_LOC_IN_WORK_ZONE_CD,ODPS_LOC_ROAD_DIRECTION_CD,ODPS_LOC_ROAD_NME,ODPS_LOC_ROAD_SUFFIX_CD,ODPS_LOC_ROUTE_ID,ODPS_LOC_ROUTE_PREFIX_CD,ODPS_LOC_ROUTE_SUFFIX_CD,ODPS_MILEPOST_REFERENCE,ODPS_MOTORCYCLE_IND,ODPS_REF_DIR_SUFFIX_CD,ODPS_REF_DIRECTION_CD,ODPS_REF_GIVEN,ODPS_REF_POINT_USED_CD,ODPS_REF_ROUTE_ID,ODPS_REF_ROUTE_PREFIX_CD,ODPS_REF_ROUTE_SUFFIX_CD,ODPS_REF_SUFFIX_CD,ODPS_SCHOOL_ZONE_IND,ODPS_SENIOR_DRIVER_IND,ODPS_SPEED_IND,ODPS_TOTAL_FATALITIES_NBR,ODPS_TYPE_OF_WORK_ZONE_CD,ODPS_WORK_ZONE_IND,OPER_ACCESS_CONTROL_CD,POSSIBLE_INJURIES_NBR,ROAD_COND_PRIMARY_CD,ROAD_CONTOUR_CD,SA_RAMP_ID,SA_SEGMENT_ID,SECONDARY_CRASH,STATE_TRUE_LOG_NBR,U1_AGE_NBR,U1_AT_FAULT_IND,U1_CONT_CIR_PRIMARY_CD,U1_DIRECTION_FROM_CD,U1_DIRECTION_TO_CD,U1_DISTRACTED_BY_1_CD,U1_GENDER_CD,U1_IS_ALCOHOL_SUSPECTED,U1_IS_MARIJUANA_SUSPECTED,U1_IS_OTHER_DRUG_SUSPECTED,U1_NON_MOTORIST_LOC_CD,U1_NUMBER_OF_THRU_LANES,U1_OBJECT_STRUCK,U1_ODPS_UNIT_NBR,U1_OPERATINGIN_AUTONOMOUS_MODE,U1_POSTED_SPEED_NBR,U1_PRECRASH_ACTION_CD,U1_SEQ_OF_EVENTS_1_CD,U1_SEQ_OF_EVENTS_2_CD,U1_SEQ_OF_EVENTS_3_CD,U1_SEQ_OF_EVENTS_4_CD,U1_SEQ_OF_EVENTS_5_CD,U1_SEQ_OF_EVENTS_6_CD,U1_SPECIAL_FUNCTION_CD,U1_TRAFFIC_CONTROL_CD,U1_TURN_CD,U1_TYPE_OF_UNIT_CD,U1_UNIT_SPEED_NBR,U2_AGE_NBR,U2_CONT_CIR_PRIMARY_CD,U2_DIRECTION_FROM_CD,U2_DIRECTION_TO_CD,U2_DISTRACTED_BY_1_CD,U2_GENDER_CD,U2_NON_MOTORIST_LOC_CD,U2_ODPS_UNIT_NBR,U2_POSTED_SPEED_NBR,U2_PRECRASH_ACTION_CD,U2_SEQ_OF_EVENTS_1_CD,U2_SEQ_OF_EVENTS_2_CD,U2_SEQ_OF_EVENTS_3_CD,U2_SEQ_OF_EVENTS_4_CD,U2_SEQ_OF_EVENTS_5_CD,U2_SEQ_OF_EVENTS_6_CD,U2_SPECIAL_FUNCTION_CD,U2_TRAFFIC_CONTROL_CD,U2_TURN_CD,U2_TYPE_OF_UNIT_CD,U2_UNIT_SPEED_NBR,U3_CONT_CIR_PRIMARY_CD,U3_ODPS_UNIT_NBR,U3_PRECRASH_ACTION_CD,U3_SEQ_OF_EVENTS_1_CD,U3_SEQ_OF_EVENTS_2_CD,U3_SEQ_OF_EVENTS_3_CD,U3_SEQ_OF_EVENTS_4_CD,U3_SEQ_OF_EVENTS_5_CD,U3_SEQ_OF_EVENTS_6_CD,U3_SPECIAL_FUNCTION_CD,U3_TRAFFIC_CONTROL_CD,U3_TYPE_OF_UNIT_CD,UNRESTRAIN_OCCUPANTS,WEATHER_COND_CD,V1,clean_Narrative,BERT_predictions,BERT_prediction_probabilities,RoBERTa_predictions,RoBERTa_predictions_probabilities,distilBERT_predictions,distilBERT_predictions_probabilities
699,699,203022419,"on the listed date and time, at the listed location, unit 1 was traveling westbound in the left lane of e livingston ave from noe-bixby rd. unit 1 attempted to change from the left to the right lane at approximately 40mph and stated that they hydroplaned into the guard rail, spun around, and came to rest facing eastbound on e livingston ave. the driver and passenger of unit 1 were injured in the accident. the driver was transported to mount carmel east hospital by cfd medic #23. the passenger in unit 1 transported himself to mce. officers impounded unit 1 for safe keeping and conducted follow-up at the hospital. the driver of unit 1 was cited for failure to control and given a court date of 2/18/2020 (citation #1841239). the driver of unit 1 was treated by doctor thomas for face and neck injuries. the passenger was treated by the same doctor for injuries to the left ear and left shoulder.",20203022419,2020,AB,2/1/2020 0:00,6,MFRAMR04207**C,M,FRA,4.3,39.943673,-82.85828,18000,19234.0,2/10/2020 0:00,17,2,N,,Y,N,4.0,20,0,,,,N,4.3,MFRAMR04207**C,N,3,200112656,4,2,,0,2,1,COLUMBUS,1,W,N,N,4.0,N,0.241,CR,N,,N,COLUMBUS,N,,0,E,Livingston,AVE,,,,,N,,,Noe Bixby,1,,,,RD,N,N,Y,0,0,N,,0,2,1,,287675.0,N,4.3,35,Y,99,3,4,1,F,N,N,N,0,4,0,1,0,35,3,8,0,0,0,0,0,1,6,NT,4,40,,,,,,,,,,,,,,,,,,,,,,,,,,,,,,,,,,2,4,30905.0,"listed date time , listed location , unit1 traveling left livingston noebixby unit1 attempted change left approximately 4mph stated hydroplaned guard rail , spun around , came rest facing livingston . driver passenger unit1 injured accident . driver transported mount carmel hospital cfd medic . passenger unit1 transported mce . officers impounded unit1 safe keeping conducted followup hospital . driver unit1 cited failure control given date . driver unit1 treated doctor thomas face neck injuries . passenger treated doctor injuries left ear left shoulder .",AB,"[1.0516563634155318e-05, 0.0005303522921167314, 0.9994590878486633]",C,"[2.9156346954550827e-06, 0.9991441965103149, 0.0008529192418791354]",C,"[7.510185241699219e-06, 1.0, 0.00010395050048828125]"
700,700,203033157,on the listed date unit #1 was traveling west on troy urbana near casstown sidney. unit #2 was traveling east on troy urbana in the same vicinity. unit #1 hydroplaned due to wet and rainy conditions while negotiating a curve in the area. unit #1 crossed the center line due to the conditions and collided with unit #2. both the driver of unit #1 and unit #2 were transported by ems for non life threatening injuries. the driver of unit #1 was issued a citation for failure to control.,20203033157,2020,AB,2/1/2020 0:00,7,CMIACR00193**C,C,MIA,4.336,40.077738,-84.13635,44968,99999.0,2/24/2020 0:00,1,2,N,,Y,N,6.0,19,0,,c4579a2b-d8c1-451a-bb79-6a03699d1f63,ead3675d-ebf6-4540-ae3a-de7a283f0209,N,4.336,CMIACR00193**C,N,4,20SO03537,2,2,,0,2,2,LOSTCREEK TOWNSHIP,1,E,N,N,2.0,N,0.144,CR,Y,,N,LOSTCREEK TOWNSHIP,N,,0,,TROY URBANA,RD,,,,,N,,,CASSTOWN SIDNEY,1,,,,RD,N,N,N,0,0,N,,0,2,3,,32039.0,N,4.336,21,Y,7,3,4,1,M,N,N,N,0,2,0,1,0,55,13,11,20,0,0,0,0,1,6,NT,1,45,41.0,1.0,4.0,3.0,1.0,F,,2.0,55.0,13.0,20.0,,,,,,1.0,6.0,NT,3.0,45.0,,,,,,,,,,,,,0,4,22990.0,listed date unit1 traveling troy urbana near casstown sidney . unit2 traveling troy urbana vicinity . unit1 hydroplaned due wet rainy conditions negotiating curve area . unit1 crossed center line due conditions collided unit2 . driver unit1 unit2 transported ems non life threatening injuries . driver unit1 issued citation failure control .,C,"[0.0002586263872217387, 0.9293279051780701, 0.0704134926199913]",C,"[1.2053942555212416e-05, 0.9958475232124329, 0.004140445031225681]",C,"[7.987022399902344e-05, 0.9951171875, 0.004360198974609375]"
701,701,203033491,"unit 1 and 2 were traveling southbound on i71. unit 1 was in the far right exit lane and unit 2 was one lane over to the left of unit 1. unit 1 attempted to slow down by pressing his breaks, hydroplaned and lost reasonable control of his vehicle, striking unit 2 on unit 2's right side. after striking unit 2, unit 1 over- corrected, rotated clockwise 180 degrees and struck the guardrail off the right shoulder.",20203033491,2020,O,2/1/2020 0:00,8,SHAMIR00071**N,S,HAM,14.582,39.230006,-84.366997,51716,16885.0,2/26/2020 0:00,5,4,N,2.0,N,Y,1.0,19,0,,71fba292-6bbe-4406-8118-f862f30eec4e,fe2f2808-4c42-44a4-a566-6b1f94637b0f,Y,14.477,SHAMIR00071**C,N,3,2.02E+12,1,2,N,2,0,2,MONTGOMERY,1,,Y,N,6.0,Y,0.0,,Y,,N,MONTGOMERY,N,,0,S,I71 SB,HWY,71,IR,,14.3,N,,,14 3,2,,,,,N,N,N,0,0,N,2.0,0,3,1,,45314.0,N,14.582,22,Y,99,1,2,1,M,N,N,N,0,3,30,1,0,65,1,20,30,0,0,0,0,1,6,NT,1,55,53.0,1.0,1.0,2.0,1.0,M,,2.0,65.0,1.0,20.0,,,,,,1.0,6.0,NT,1.0,,,,,,,,,,,,,,0,6,23239.0,"unit1 traveling . unit1 far exit unit2 one left unit1 . unit1 attempted slow pressing breaks , hydroplaned lost reasonable control vehicle , striking unit2 unit2 's side . striking unit2 , unit1 corrected , rotated clockwise degrees struck guardrail shoulder .",C,"[0.3020898401737213, 0.6597798466682434, 0.03813035041093826]",C,"[0.025580255314707756, 0.9690237641334534, 0.005396053194999695]",O,"[0.986328125, 0.0127105712890625, 0.0011196136474609375]"
702,702,203038452,"unit 1 was on 271 n b express lanes merging into the local lanes. owner operator stated he hydroplaned. he fishtailed , ran off the right side of the road, and struck a few trees.",20203038452,2020,O,3/1/2020 0:00,12,SCUYIR00271**C,S,CUY,10.019,41.490088,-81.486133,61686,17668.0,3/3/2020 0:00,13,3,N,2.0,Y,Y,1.0,12,0,,,,Y,10.019,SCUYIR00271**C,N,1,2070050,1,3,N,1,0,1,PEPPER PIKE,1,,Y,N,10.0,Y,0.0,,N,,N,PEPPER PIKE,N,,0,,,,271,IR,,31.8,N,,,031 8,2,,,,,N,N,N,0,0,N,1.0,0,6,1,,81492.0,N,31.983,30,Y,11,2,1,1,M,N,N,N,0,4,48,1,9,60,8,8,48,0,0,0,0,1,6,NT,1,60,,,,,,,,,,,,,,,,,,,,,,,,,,,,,,,,,,0,4,30347.0,"unit1 b express lanes merging local lanes . owner operator stated hydroplaned . fishtailed , ran side , struck trees .",O,"[0.9972879886627197, 0.0025263165589421988, 0.00018575867579784244]",O,"[0.5378625988960266, 0.43607044219970703, 0.026066986843943596]",O,"[0.9951171875, 0.004791259765625, 0.00019168853759765625]"
703,703,203038916,unit 1 was traveling north on i-270 n towards oh-161 when the vehicle hydroplaned due to rain and spun out of control. unit 1 struck the concrete median and flipped on the driver side. driver was cited for failure to control. vehicle was towed by protow for the owner.,20203038916,2020,O,3/1/2020 0:00,6,SFRAIR00270**N,S,FRA,33.753,40.03598,-82.902883,29106,19234.0,3/3/2020 0:00,13,3,N,2.0,Y,Y,1.0,5,0,27900.0,,,Y,33.758,SFRAIR00270**C,N,3,200170606,1,3,N,1,0,1,GAHANNA,1,S,Y,N,6.0,Y,1.0,,N,,N,COLUMBUS,N,,0,,I 270 N,,270,IR,,,N,,E,DUBLIN GRANVILLE,1,,,,RD,N,N,N,0,0,N,1.0,0,2,4,,47258.0,N,33.753,45,Y,99,2,1,1,M,N,N,N,0,3,36,1,0,65,1,9,36,1,0,0,0,1,6,NT,1,65,,,,,,,,,,,,,,,,,,,,,,,,,,,,,,,,,,0,4,30998.0,unit1 traveling towards oh vehicle hydroplaned due rain spun control . unit1 struck concrete median flipped driver side . driver cited failure control . vehicle towed protow owner .,O,"[0.9532275199890137, 0.043845973908901215, 0.0029265095945447683]",C,"[0.20107470452785492, 0.7977136969566345, 0.001211632275953889]",O,"[0.97412109375, 0.0238800048828125, 0.002147674560546875]"
704,704,203038959,"unit 1 was traveling south on dry run rd. the driver of unit 1 advised that as he was negotiating a curve, his back wheels began to hydroplane causing him to loose control of the vehicle.",20203038959,2020,O,3/1/2020 0:00,8,TCLETR00233**C,T,CLE,0.92,39.141293,-84.215645,49322,99999.0,3/5/2020 0:00,13,5,N,,Y,N,7.0,0,0,,,,N,0.92,TCLETR00233**C,N,4,20-2712,3,3,,1,0,1,MIAMI TOWNSHIP,1,,N,N,2.0,N,0.0,,Y,5180,N,MIAMI TOWNSHIP,Y,,0,,DRY RUN,RD,,,,,N,,,5180TH,3,,,,,N,N,Y,0,0,N,,0,1,4,,207428.0,N,0.92,20,Y,5,1,2,1,M,N,Y,N,0,2,48,1,0,35,13,8,37,48,0,0,0,1,6,NT,1,35,,,,,,,,,,,,,,,,,,,,,,,,,,,,,,,,,,0,1,31045.0,"unit1 traveling dry run driver unit1 advised negotiating curve , back wheels began hydroplane causing loose control vehicle .",O,"[0.9999290704727173, 6.661560473730788e-05, 4.31203079642728e-06]",O,"[0.9999986886978149, 1.148923956861836e-06, 6.73152413810385e-08]",O,"[1.0, 0.0, 0.0]"
705,705,203039197,unit #1 was northbound on refugeee road when vehicle hydroplaned and exited roadway striking guardrail.,20203039197,2020,O,2/1/2020 0:00,6,CFRACR00222**C,C,FRA,5.303,39.901809,-82.824985,18000,19234.0,2/24/2020 0:00,13,2,N,2.0,Y,N,3.0,22,0,,0cf68d7f-5e0f-401c-85ec-4907d02c724b,003f6401-1db1-40f1-b98e-e235a89e5cf4,N,5.303,CFRACR00222**C,N,5,200157123,4,2,,1,0,1,COLUMBUS,1,N,N,N,2.0,N,0.057,MR,N,,N,COLUMBUS,N,,0,,GENDER,RD,,,,,N,,,ABBIE,1,,,,TRL,N,Y,N,0,0,N,,0,2,1,,33153.0,N,5.303,72,Y,1,2,1,1,F,N,N,N,0,2,30,1,0,45,1,30,0,0,0,0,0,1,6,NT,1,40,,,,,,,,,,,,,,,,,,,,,,,,,,,,,,,,,,0,4,31417.0,unit1 refugeee vehicle hydroplaned exited roadway striking guardrail .,O,"[0.9999969005584717, 2.8995891625527292e-06, 2.0023139768454712e-07]",O,"[0.9387431740760803, 0.0607050284743309, 0.0005517988465726376]",O,"[0.9990234375, 0.0007729530334472656, 5.429983139038086e-05]"
706,706,203043088,"unit 1 was south bound on i75 in the right lane. unit 1 hydroplaned and slid off the side of the roadway. once on the shoulder, unit 1 impacted culvert rocks which damaged the front and rear of the vehicle.",20203043088,2020,O,3/1/2020 0:00,7,SMOTIR00075**N,S,MOT,3.098,39.630141,-84.230437,49392,22528.0,3/10/2020 0:00,13,3,N,2.0,Y,Y,1.0,5,0,,920a83b3-243b-4003-9c4c-4d1320c23415,7048eb25-b7a9-43db-94a6-822419294667,Y,3.104,SMOTIR00075**C,N,4,20-848,1,3,N,1,0,1,MIAMI TOWNSHIP,1,N,Y,N,6.0,Y,0.009,,N,,N,MIAMI TOWNSHIP,N,,0,S,I75,HWY,75,IR,,44.0,N,,,44,2,,,,,N,N,N,0,0,N,1.0,0,2,2,,111024.0,N,44.068,27,Y,99,1,2,1,M,N,N,N,0,4,42,1,0,65,1,8,42,0,0,0,0,1,6,NT,1,65,,,,,,,,,,,,,,,,,,,,,,,,,,,,,,,,,,0,4,43535.0,"unit1 . unit1 hydroplaned slid side roadway . shoulder , unit1 impacted culvert rocks damaged front rear vehicle .",O,"[0.9939174056053162, 0.005907231476157904, 0.00017529942851979285]",O,"[0.9522873759269714, 0.04751647636294365, 0.0001962074456969276]",O,"[1.0, 3.916025161743164e-05, 3.2782554626464844e-06]"
707,707,203044436,unit 1 failed to maintain reasonable control after hydroplaning.,20203044436,2020,O,3/1/2020 0:00,8,SHAMIR00075**C,S,HAM,11.666,39.21819,-84.449174,2428,16885.0,3/12/2020 0:00,13,5,N,2.0,Y,Y,1.0,19,0,41700.0,,,Y,11.666,SHAMIR00075**C,N,3,2.02E+12,1,3,N,1,0,1,ARLINGTON HEIGHTS,1,,Y,N,6.0,Y,0.0,,N,,N,LOCKLAND,N,,0,N,NB I 75,HWY,75,IR,,12.1,N,,,12 1,2,,,,,N,N,N,0,0,N,1.0,0,1,1,,56739.0,N,11.666,52,Y,99,2,1,1,M,N,N,N,0,3,51,1,0,55,1,51,0,0,0,0,0,1,6,NT,4,50,,,,,,,,,,,,,,,,,,,,,,,,,,,,,,,,,,0,4,1066.0,unit1 failed maintain reasonable control hydroplaning .,O,"[0.9999984502792358, 1.4347021988214692e-06, 1.196586083551665e-07]",O,"[0.9999914169311523, 8.462790901830886e-06, 1.2803562299268378e-07]",O,"[1.0, 2.384185791015625e-07, 0.0]"
708,708,203045571,crash occurred at the intersection of e. broad st. and n. 4th st. driver of unit #1 stated that he was northbound on n. 4th st. when the traffic light turned yellow. driver of unit #1 stated that when he began to press on the brake of unit #1 it began to hydroplane and unit #1 continued through the red traffic light causing striking unit #2. unit #1 ended facing eastbound on the south side of e. broad st. driver of unit #2 stated that she had a green light heading eastbound on e. broad st. when unit #1 struck her on the front driver's side of unit #2. unit #2 ended on the north corner of e. broad st. and n. 4th st. driver of unit #1 was issued a citation for reckless operation of a motor vehicle (1812955).,20203045571,2020,AB,3/1/2020 0:00,6,SFRAUS00040**C,S,FRA,12.829,39.962713,-82.996282,18000,19234.0,3/14/2020 0:00,6,7,N,2.0,N,N,3.0,15,0,,3f90302f-075a-4023-9903-51d06cef1b3e,b86d0d58-3b2c-4a9f-ab94-5ce2affa6ad4,N,12.829,SFRAUS00040**C,N,1,200203279,4,3,N,2,1,2,COLUMBUS,6,N,N,Y,6.0,N,0.0,US,Y,,N,COLUMBUS,N,,0,E,Broad,ST,,,,,N,,N,4TH,1,,,,ST,N,N,N,0,0,N,3.0,0,3,1,,262947.0,N,100.672,29,Y,3,2,1,1,M,N,N,N,0,6,0,1,0,35,1,20,0,0,0,0,0,1,2,NT,1,25,23.0,1.0,4.0,3.0,1.0,F,,2.0,35.0,1.0,20.0,,,,,,1.0,2.0,NT,1.0,35.0,,,,,,,,,,,,,0,6,3804.0,crash occurred intersection broad driver unit1 stated traffic light turned yellow . driver unit1 stated began press brake unit1 began hydroplane unit1 continued red traffic light causing striking unit2 . unit1 ended facing side broad driver unit2 stated green light heading broad unit1 struck front driver 's side unit2 . unit2 ended corner broad driver unit1 issued citation reckless operation motor vehicle .,C,"[0.000664171704556793, 0.9975653886795044, 0.0017704946221783757]",C,"[0.01808176562190056, 0.9491273760795593, 0.03279087692499161]",C,"[0.01178741455078125, 0.98193359375, 0.006824493408203125]"
709,709,203048054,unit #1 was eastbound on w. south range rd. (s.r. 165) and east of beaver st. when unit #1 drove through an area of high water at a speed of approximately 40 mph. unit #1 hydroplaned across the high water and the driver failed to maintain control. unit #1 spun 180 degrees and drove off the northside of the roadway. while facing westbound unit #1 was pulled further off the roadway by the high water and was fully engulfed by water except for portions of the driver's side.,20203048054,2020,O,3/1/2020 0:00,4,SMAHSR00165**C,S,MAH,11.433,40.944203,-80.832529,31794,99999.0,3/19/2020 0:00,13,5,N,2.0,Y,N,5.0,8,0,,,,N,11.433,SMAHSR00165**C,N,1,18-20-2056,1,3,,1,0,1,GREEN TOWNSHIP,1,E,N,N,2.0,Y,0.057,TR,N,,N,GREEN TOWNSHIP,N,,0,W,SOUTH RANGE,RD,165,SR,,,N,,,BEAVER,1,,,,ST,N,N,N,0,0,N,3.0,0,2,1,,189636.0,N,11.433,28,Y,11,4,3,1,F,N,N,N,0,2,44,1,0,55,1,11,9,44,0,0,0,1,6,NT,1,40,,,,,,,,,,,,,,,,,,,,,,,,,,,,,,,,,,0,3,9518.0,unit1 range beaver unit1 drove area high water speed approximately mph . unit1 hydroplaned across high water driver failed maintain control . unit1 spun degrees drove northside roadway . facing unit1 pulled roadway high water fully engulfed water except portions driver 's side .,O,"[0.9999760389328003, 2.2597934730583802e-05, 1.2784289538103621e-06]",C,"[0.4460839629173279, 0.5512444972991943, 0.002671510213986039]",O,"[1.0, 8.463859558105469e-06, 2.980232238769531e-07]"
710,710,203048350,"unit 1 was traveling west on ir 275 near the 33 mile post, unit 1 operator failed to control his vehicle after hydroplaning, unit 1 then went off the roadway to the right, striking the guardrail face.",20203048350,2020,O,3/1/2020 0:00,8,SHAMIR00275**N,S,HAM,15.339,39.246959,-84.612425,16616,16885.0,3/18/2020 0:00,13,4,N,2.0,Y,Y,1.0,16,0,,,,Y,15.125,SHAMIR00275**C,N,1,2020-8722,1,3,N,2,0,1,COLERAIN TOWNSHIP,1,,Y,N,6.0,Y,0.0,,N,,N,COLERAIN TOWNSHIP,N,,0,,,,275,IR,,33.0,N,,,33,2,,,,,N,N,Y,0,0,N,1.0,0,2,1,,121911.0,N,32.939,32,Y,5,3,4,1,M,N,N,N,0,3,30,1,0,65,1,8,30,0,0,0,0,1,6,NT,1,60,,,,,,,,,,,,,,,,,,,,,,,,,,,,,,,,,,0,4,9710.0,"unit1 traveling near mile post , unit1 operator failed control vehicle hydroplaning , unit1 went roadway , striking guardrail face .",O,"[0.9999990463256836, 8.857116426952416e-07, 8.036216314621925e-08]",O,"[0.9999992847442627, 6.018410090291582e-07, 7.941729762706018e-08]",O,"[1.0, 0.0, 0.0]"
711,711,203048355,unit 2 was traveling west on ir 275 near the 30 mile post in the second lane from the left. unit 1 was traveling beside unit 2. unit 1 failed to maintain control and hydroplaned. unit 1 then struck unit 2.,20203048355,2020,O,3/1/2020 0:00,8,SHAMIR00275**N,S,HAM,30.435,39.28162,-84.365246,75973,16885.0,3/19/2020 0:00,5,5,N,2.0,N,Y,1.0,15,0,,3a169d9f-8eba-401e-bf03-7ab85f7c33c3,3c4fac98-5303-4e43-bb40-af7d941b5b71,Y,30.193,SHAMIR00275**C,Y,1,2020-8800,1,3,N,2,0,2,SYCAMORE TOWNSHIP,1,,Y,N,8.0,Y,0.0,,Y,,N,COLERAIN TOWNSHIP,N,,0,,,,275,IR,,30.2,N,,,30 2,2,,,,,N,N,Y,0,0,N,1.0,0,2,2,,81512.0,N,48.035,21,Y,5,3,4,1,F,N,N,N,0,4,0,1,0,65,1,20,0,0,0,0,0,1,6,NT,4,60,26.0,1.0,3.0,4.0,1.0,M,,2.0,65.0,1.0,20.0,,,,,,1.0,6.0,NT,15.0,60.0,,,,,,,,,,,,,0,4,9724.0,unit2 traveling near mile post second left . unit1 traveling beside unit2 . unit1 failed maintain control hydroplaned . unit1 struck unit2 .,O,"[0.9060801863670349, 0.08447689563035965, 0.00944296270608902]",O,"[0.663438081741333, 0.3312177360057831, 0.005344206001609564]",O,"[0.68896484375, 0.276123046875, 0.034576416015625]"
712,712,203048368,"the driver of unit 1 was traveling w b on ir 90 in the #2 lane and due to heavy rain, the vehicle hydroplaned, the driver failed to control the vehicle, the vehicle rotated clockwise 360 degrees, the driver was unable to regain control of the vehicle, ran off the roadway left and struck the median concrete divider wall. r n r nno citation issued",20203048368,2020,O,3/1/2020 0:00,12,SCUYIR00090**N,S,CUY,26.685,41.581738,-81.539384,16000,17668.0,3/18/2020 0:00,13,4,N,2.0,Y,Y,1.0,18,0,17700.0,,,Y,26.794,SCUYIR00090**C,N,1,2090304,1,3,N,1,0,1,CLEVELAND,1,,Y,N,8.0,Y,0.0,,N,,N,EUCLID,N,,0,,90 W B,HWY,90,IR,,183.0,N,,,183,2,,,,,N,N,N,0,0,N,1.0,0,2,2,,47209.0,N,182.504,32,Y,99,3,4,1,F,N,N,N,0,4,35,1,0,60,1,9,35,0,0,0,0,1,6,NT,1,55,,,,,,,,,,,,,,,,,,,,,,,,,,,,,,,,,,0,4,9746.0,"driver unit1 traveling b due heavy rain , vehicle hydroplaned , driver failed control vehicle , vehicle rotated clockwise degrees , driver unable regain control vehicle , ran roadway left struck median concrete divider wall . r nno citation issued",O,"[0.9985400438308716, 0.0014229023363441229, 3.702785033965483e-05]",O,"[0.9999958276748657, 4.211050509184133e-06, 1.2405781291136009e-08]",O,"[0.646484375, 0.340576171875, 0.01300048828125]"
713,713,203048611,"unit #1 and unit #2 were traveling northbound on i-71. unit #2 hydroplaned and spun out, causing unit #1 to strike it. the driver of unit #2 was determined to be at fault.",20203048611,2020,O,3/1/2020 0:00,12,SCUYIR00071**N,S,CUY,14.959,41.448423,-81.747144,9246,17668.0,3/20/2020 0:00,5,6,N,2.0,N,Y,1.0,7,0,,7873cd68-f233-4bd2-9bb3-1256a179a12a,172b02ac-4ee7-47b4-9e5c-8aa40fff7054,Y,14.908,SCUYIR00071**C,N,2,2020030092,1,3,N,2,0,2,BROOKLYN,1,S,Y,N,8.0,Y,0.043,,Y,,N,BROOKLYN,N,,0,,,,71,IR,,243.6,N,,,243 6,2,,,,,N,N,Y,0,0,N,1.0,0,2,1,,42808.0,N,243.65,21,Y,5,2,1,1,M,N,N,N,0,4,42,2,0,60,1,13,20,7,8,42,46,1,6,NT,1,65,56.0,1.0,2.0,1.0,1.0,F,,1.0,60.0,1.0,20.0,,,,,,1.0,6.0,NT,3.0,60.0,,,,,,,,,,,,,0,4,10163.0,"unit1 unit2 traveling i. unit2 hydroplaned spun , causing unit1 strike . driver unit2 determined fault .",O,"[0.9962408542633057, 0.003563967067748308, 0.00019510785932652652]",C,"[0.13674822449684143, 0.852903425693512, 0.010348382405936718]",O,"[0.97802734375, 0.0185546875, 0.003444671630859375]"
714,714,203048654,"unit #1 traveling southbound 75, driver stated he hydroplaned, and lost control. unit #1 ran off left side of road, struck concrete median barrier, and rolled over.",20203048654,2020,AB,3/1/2020 0:00,8,SHAMIR00075**C,S,HAM,7.879,39.174467,-84.489618,15000,16885.0,3/19/2020 0:00,13,5,N,2.0,Y,Y,1.0,15,0,41300.0,,,Y,7.879,SHAMIR00075**C,N,1,205003564,1,3,N,0,1,1,CINCINNATI,1,,Y,N,6.0,Y,0.0,,N,,N,CINCINNATI,N,,0,,,,75,IR,,7.9,N,,,7 9,2,,,,,N,Y,N,0,0,N,1.0,0,2,1,,56737.0,N,7.879,69,Y,99,6,7,8,M,N,N,N,0,3,35,1,2,55,3,9,35,1,0,0,0,1,6,NT,4,55,,,,,,,,,,,,,,,,,,,,,,,,,,,,,,,,,,0,4,10224.0,"unit1 traveling , driver stated hydroplaned , lost control . unit1 ran left side , struck concrete median barrier , rolled .",C,"[0.030661387369036674, 0.7651700377464294, 0.20416858792304993]",C,"[0.004886110313236713, 0.9934974908828735, 0.0016164463013410568]",C,"[0.173583984375, 0.72314453125, 0.10357666015625]"
715,715,203049563,"unit 1 was traveling eastbound on i480 in the right lane. the driver stated she hit a puddle of water and the vehicle hydroplaned, spun out twice, then went of the roadway into the culvert.",20203049563,2020,O,3/1/2020 0:00,4,SSUMIR00480**C,S,SUM,4.073,41.312024,-81.451929,78050,17668.0,3/22/2020 0:00,13,1,N,2.0,Y,Y,1.0,23,0,87400.0,,,Y,4.073,SSUMIR00480**C,N,3,2006042,1,3,N,2,0,1,TWINSBURG,1,E,Y,N,4.0,Y,0.028,,Y,,N,TWINSBURG,N,,0,,,,480,IR,,36.0,N,,,36,2,,,,,N,N,N,0,0,N,1.0,0,2,1,,54087.0,N,36.41,20,Y,99,4,3,1,F,N,N,N,0,2,42,1,0,65,1,8,45,42,0,0,0,1,6,NT,1,50,,,,,,,,,,,,,,,,,,,,,,,,,,,,,,,,,,0,1,11378.0,"unit1 traveling . driver stated hit puddle water vehicle hydroplaned , spun twice , went roadway culvert .",O,"[0.9999970197677612, 2.8261417810426792e-06, 1.6990713902487187e-07]",O,"[0.9995890259742737, 0.0004059372586198151, 4.951531536789844e-06]",O,"[0.97265625, 0.0263214111328125, 0.0016050338745117188]"