,id,OBJECTID,Narrative,DOCUMENT_NBR,CRASH_YR,CRASH_SEVERITY_CD,CRASH_MONTH_YEAR,DISTRICT_NBR,NLFID,NLF_JUR_CD,NLF_COUNTY_CD,COUNTY_LOG_NBR,ODOT_LATITUDE_NBR,ODOT_LONGITUDE_NBR,ODOT_FIPS_CD,AREA_CODE,CRASH_DATE,CRASH_TYPE_CD,DAY_IN_WEEK_CD,DISTRACTED_DRIVER_IND,FACILITY_TYPE_CD,FHWA_RDWY_DEPARTURE_IND,FREEWAY_IND,FUNCTIONAL_CLASS_CD,HOUR_OF_CRASH,INCAPAC_INJURIES_NBR,INTERCHANGE_ID,INTERSECTION_ID_CURRENT,INTERSECTION_LEG_ID,INTERSTATE_IND,INV_LOG_NBR,INV_NLFID,IS_COMMERCIAL_RELATED,LIGHT_COND_PRIMARY_CD,LOCAL_REPORT_NUMBER_ID,MAINTENANCE_AUTHORITY_CD,MONTH_OF_CRASH,NHS_CD,NO_INJURY_REPORTED_NBR,NON_INCAPAC_INJURIES_NBR,NUMBER_OF_UNITS_NBR,ODOT_CITY_VILLAGE_TWP_NME,ODOT_CRASH_LOCATION_CD,ODOT_DIR_FROM_REF_CD,ODOT_DIV_UNDIV_IND,ODOT_INTERSECTION_REL_IND,ODOT_LANES_NBR,ODOT_MAINTAINED_HWY_IND,ODOT_MILES_FROM_REF_NBR,ODOT_REF_ROUTE_PREFIX_CD,ODOT_YOUNG_DRIVER_IND,ODPS_ADDRESS_REFERENCE,ODPS_ALCOHOL_IND,ODPS_CITY_VILLAGE_TWP_NME,ODPS_DRUG_IND,ODPS_LOC_DIR_SUFFIX_CD,ODPS_LOC_IN_WORK_ZONE_CD,ODPS_LOC_ROAD_DIRECTION_CD,ODPS_LOC_ROAD_NME,ODPS_LOC_ROAD_SUFFIX_CD,ODPS_LOC_ROUTE_ID,ODPS_LOC_ROUTE_PREFIX_CD,ODPS_LOC_ROUTE_SUFFIX_CD,ODPS_MILEPOST_REFERENCE,ODPS_MOTORCYCLE_IND,ODPS_REF_DIR_SUFFIX_CD,ODPS_REF_DIRECTION_CD,ODPS_REF_GIVEN,ODPS_REF_POINT_USED_CD,ODPS_REF_ROUTE_ID,ODPS_REF_ROUTE_PREFIX_CD,ODPS_REF_ROUTE_SUFFIX_CD,ODPS_REF_SUFFIX_CD,ODPS_SCHOOL_ZONE_IND,ODPS_SENIOR_DRIVER_IND,ODPS_SPEED_IND,ODPS_TOTAL_FATALITIES_NBR,ODPS_TYPE_OF_WORK_ZONE_CD,ODPS_WORK_ZONE_IND,OPER_ACCESS_CONTROL_CD,POSSIBLE_INJURIES_NBR,ROAD_COND_PRIMARY_CD,ROAD_CONTOUR_CD,SA_RAMP_ID,SA_SEGMENT_ID,SECONDARY_CRASH,STATE_TRUE_LOG_NBR,U1_AGE_NBR,U1_AT_FAULT_IND,U1_CONT_CIR_PRIMARY_CD,U1_DIRECTION_FROM_CD,U1_DIRECTION_TO_CD,U1_DISTRACTED_BY_1_CD,U1_GENDER_CD,U1_IS_ALCOHOL_SUSPECTED,U1_IS_MARIJUANA_SUSPECTED,U1_IS_OTHER_DRUG_SUSPECTED,U1_NON_MOTORIST_LOC_CD,U1_NUMBER_OF_THRU_LANES,U1_OBJECT_STRUCK,U1_ODPS_UNIT_NBR,U1_OPERATINGIN_AUTONOMOUS_MODE,U1_POSTED_SPEED_NBR,U1_PRECRASH_ACTION_CD,U1_SEQ_OF_EVENTS_1_CD,U1_SEQ_OF_EVENTS_2_CD,U1_SEQ_OF_EVENTS_3_CD,U1_SEQ_OF_EVENTS_4_CD,U1_SEQ_OF_EVENTS_5_CD,U1_SEQ_OF_EVENTS_6_CD,U1_SPECIAL_FUNCTION_CD,U1_TRAFFIC_CONTROL_CD,U1_TURN_CD,U1_TYPE_OF_UNIT_CD,U1_UNIT_SPEED_NBR,U2_AGE_NBR,U2_CONT_CIR_PRIMARY_CD,U2_DIRECTION_FROM_CD,U2_DIRECTION_TO_CD,U2_DISTRACTED_BY_1_CD,U2_GENDER_CD,U2_NON_MOTORIST_LOC_CD,U2_ODPS_UNIT_NBR,U2_POSTED_SPEED_NBR,U2_PRECRASH_ACTION_CD,U2_SEQ_OF_EVENTS_1_CD,U2_SEQ_OF_EVENTS_2_CD,U2_SEQ_OF_EVENTS_3_CD,U2_SEQ_OF_EVENTS_4_CD,U2_SEQ_OF_EVENTS_5_CD,U2_SEQ_OF_EVENTS_6_CD,U2_SPECIAL_FUNCTION_CD,U2_TRAFFIC_CONTROL_CD,U2_TURN_CD,U2_TYPE_OF_UNIT_CD,U2_UNIT_SPEED_NBR,U3_CONT_CIR_PRIMARY_CD,U3_ODPS_UNIT_NBR,U3_PRECRASH_ACTION_CD,U3_SEQ_OF_EVENTS_1_CD,U3_SEQ_OF_EVENTS_2_CD,U3_SEQ_OF_EVENTS_3_CD,U3_SEQ_OF_EVENTS_4_CD,U3_SEQ_OF_EVENTS_5_CD,U3_SEQ_OF_EVENTS_6_CD,U3_SPECIAL_FUNCTION_CD,U3_TRAFFIC_CONTROL_CD,U3_TYPE_OF_UNIT_CD,UNRESTRAIN_OCCUPANTS,WEATHER_COND_CD,V1,clean_Narrative,BERT_predictions,BERT_prediction_probabilities,RoBERTa_predictions,RoBERTa_predictions_probabilities,distilBERT_predictions,distilBERT_predictions_probabilities
716,716,203049782,unit 1 was sb 71 in the area of the 4.8 mm when he hydroplaned while changing lanes subsequently causing him to lose control of the vehicle and strike the concrete barrier dividing the interstate. listed occupants stated they were not injured and declined medical assistance.,20203049782,2020,O,3/1/2020 0:00,8,SHAMIR00071**N,S,HAM,4.92,39.143946,-84.479329,15000,16885.0,3/19/2020 0:00,13,5,N,2.0,Y,Y,1.0,18,0,,,,Y,4.799,SHAMIR00071**C,N,3,205003575,1,3,N,2,0,1,CINCINNATI,1,,Y,N,8.0,Y,0.0,,N,,N,CINCINNATI,N,,0,,,,71,IR,,4.8,N,,,4 8,2,,,,,N,N,Y,0,0,N,2.0,0,2,1,,56684.0,N,4.92,26,Y,5,1,2,1,M,N,N,N,0,4,35,1,2,0,1,35,0,0,0,0,0,1,6,NT,1,0,,,,,,,,,,,,,,,,,,,,,,,,,,,,,,,,,,0,4,11677.0,unit1 area . mm hydroplaned changing lanes subsequently causing lose control vehicle strike concrete barrier dividing interstate . listed occupants stated injured declined medical assistance .,O,"[0.9999998807907104, 6.755519876833205e-08, 1.7985014366672658e-08]",O,"[0.9999992847442627, 6.653246487076103e-07, 1.8226833375933893e-09]",O,"[1.0, 1.4185905456542969e-05, 3.5762786865234375e-07]"
717,717,203050015,"all 3 units traveling nb on i71. unit 1 began to hydroplane, over corrected, began spinning, and struck unit 2. unit 3 was struck by debris from the crash.",20203050015,2020,O,3/1/2020 0:00,8,SHAMIR00071**C,S,HAM,3.87,39.134942,-84.492792,15000,16885.0,3/19/2020 0:00,5,5,N,2.0,N,Y,1.0,19,0,38600.0,,,Y,3.87,SHAMIR00071**C,N,3,205003578,1,3,N,3,0,3,CINCINNATI,1,,Y,N,8.0,Y,0.0,,Y,,N,CINCINNATI,N,,0,,,,71,IR,,71.0,N,,,,2,,,,,N,N,N,0,0,N,2.0,0,2,1,,56684.0,N,3.87,16,Y,15,2,1,1,M,N,N,N,0,4,0,1,2,55,3,20,0,0,0,0,0,1,6,NT,1,55,43.0,1.0,2.0,1.0,1.0,F,,2.0,55.0,1.0,20.0,,,,,,1.0,6.0,NT,1.0,55.0,1.0,3.0,1.0,23.0,,,,,,1.0,6.0,1.0,0,4,11996.0,"units traveling . unit1 began hydroplane , corrected , began spinning , struck unit2 . unit3 struck debris crash .",AB,"[0.003047272562980652, 0.07404390722513199, 0.9229088425636292]",O,"[0.9764434099197388, 0.02086244337260723, 0.0026940584648400545]",C,"[0.3603515625, 0.60986328125, 0.0296630859375]"
718,718,203050160,"unit #1 was northbound on sr 8 approaching the 11.6 marker. rainfall had caused standing water at a section of the highway and an emergency electronic sign was posted warning of the water. unit #1 had bald rear tires and did not slow down at the section of water causing the vehicle to hydroplane. unit #1 failed to maintain control of the vehicle and struck the concrete barrier, breaking the control arm of the front left tire, disabling the vehicle. minor injuries were reported by three passengers. the driver reported no injuries.",20203050160,2020,AB,3/1/2020 0:00,4,SSUMSR00008**C,S,SUM,11.57,41.215561,-81.488445,36651,766.0,3/18/2020 0:00,13,4,N,2.0,Y,Y,2.0,22,0,,,,N,11.57,SSUMSR00008**C,N,4,20200515,4,3,N,1,2,1,HUDSON,1,S,Y,N,6.0,N,0.015,,N,,N,HUDSON,N,,4,,,,8,SR,,11.6,N,,,11 6,2,,,,,N,N,Y,0,4,Y,1.0,1,6,2,,180756.0,N,11.57,34,Y,5,2,1,1,M,N,N,N,0,1,35,1,2,55,1,35,0,0,0,0,0,1,6,NT,4,55,,,,,,,,,,,,,,,,,,,,,,,,,,,,,,,,,,0,4,12196.0,"unit1 approaching . marker . rainfall caused standing water section emergency electronic sign posted warning water . unit1 bald rear tires slow section water causing vehicle hydroplane . unit1 failed maintain control vehicle struck concrete barrier , breaking control arm front left tire , disabling vehicle . minor injuries reported three passengers . driver reported injuries .",C,"[1.164878995041363e-06, 0.9999980926513672, 7.038058242869738e-07]",C,"[3.745972776414419e-07, 0.9999995231628418, 1.4673133819087525e-07]",C,"[7.748603820800781e-07, 1.0, 3.5762786865234375e-07]"
719,719,203050255,driver of unit 01 was heading northbound on clifton av when he hit a puddle of water causing the vehicle to hydroplane resulting in the vehicle running off the right side of the road and striking a utility pole. the driver was uninjured.,20203050255,2020,O,3/1/2020 0:00,8,CHAMCR00644**C,C,HAM,1.951,39.144136,-84.519129,15000,16885.0,3/20/2020 0:00,17,6,N,,Y,N,4.0,2,0,,62765923-349d-41c1-a541-12bbd7e96c14,be81d851-c88c-4343-9e67-b4689bcc0054,N,1.951,CHAMCR00644**C,N,3,205003581,4,3,,1,0,1,CINCINNATI,1,,N,N,4.0,N,0.0,,Y,3417,N,CINCINNATI,N,,0,,CLIFTON,AVE,,,,,N,,,3417TH,3,,,,,N,N,N,0,0,N,,0,2,1,,42233.0,N,1.951,18,Y,11,2,1,1,M,N,N,N,0,4,0,1,2,25,1,8,0,0,0,0,0,1,6,NT,1,25,,,,,,,,,,,,,,,,,,,,,,,,,,,,,,,,,,0,4,12464.0,driver unit1 heading clifton hit puddle water causing vehicle hydroplane resulting vehicle running side striking utility pole . driver uninjured .,O,"[0.9999988079071045, 1.05768174307741e-06, 9.622162622235919e-08]",O,"[1.0, 3.8974299482186225e-11, 1.0874713808487271e-14]",O,"[1.0, 0.0, 0.0]"
720,720,203051730,unit 1 was driving south on i-270 south towards the mccutcheon rd. unit 1 hydroplaned off the road to the west of i-270. unit 1 struck the guardrail destroying 3 sections of the guardrail. unit 1 then came to rest to the west of the guard rail. unit 1 driving was cited with failure to control and driving without a drivers license.,20203051730,2020,O,3/1/2020 0:00,6,SFRAIR00270**C,S,FRA,32.925,40.04808,-82.902346,18000,19234.0,3/20/2020 0:00,13,6,N,2.0,Y,Y,1.0,5,0,27900.0,,,Y,32.925,SFRAIR00270**C,N,3,200217410,1,3,N,1,0,1,COLUMBUS,1,N,Y,N,6.0,Y,0.114,,Y,,N,COLUMBUS,N,,0,,I 270 S,,270,IR,,,N,,,MCCUTCHEON,1,,,,RD,N,N,N,0,0,N,1.0,0,2,1,,34871.0,N,32.925,16,Y,99,1,2,1,M,N,N,N,0,6,31,1,0,65,1,8,31,0,0,0,0,1,6,NT,3,65,,,,,,,,,,,,,,,,,,,,,,,,,,,,,,,,,,0,4,14322.0,unit1 driving towards mccutcheon unit1 hydroplaned . unit1 struck guardrail destroying sections guardrail . unit1 came rest guard rail . unit1 driving cited failure control driving without drivers license .,O,"[0.9999983310699463, 1.3878675417799968e-06, 2.009864203955658e-07]",C,"[0.14764609932899475, 0.8496903777122498, 0.00266358838416636]",O,"[0.98193359375, 0.0181884765625, 0.00046825408935546875]"
721,721,203052210,unit 1 (sydney yoder) was traveling west bound on ronald reagan near the 22.4 mile marker when she lost control of her vehicle after it hydroplaned. unit 1 then struck the retaining wall with both her front bumper and rear bumper. vehicle sustained disabling damage and was towed by engle's towing.,20203052210,2020,O,3/1/2020 0:00,8,SHAMSR00126**C,S,HAM,8.819,39.226059,-84.553252,56322,16885.0,3/14/2020 0:00,13,7,N,2.0,Y,Y,2.0,14,0,45100.0,,,N,8.819,SHAMSR00126**C,N,1,2.02E+12,4,3,N,4,0,1,NORTH COLLEGE HILL,1,,Y,N,4.0,N,0.0,,Y,,N,COLERAIN TOWNSHIP,N,,0,,,,126,SR,,22.0,N,,,,2,,,,,N,N,Y,0,0,N,1.0,0,2,1,,187732.0,N,21.959,17,Y,5,3,4,1,F,N,N,N,0,2,51,1,0,60,1,51,0,0,0,0,0,1,6,NT,1,70,,,,,,,,,,,,,,,,,,,,,,,,,,,,,,,,,,0,5,14570.0,unit1 traveling ronald reagan near . mile marker lost control vehicle hydroplaned . unit1 struck retaining wall front bumper rear bumper . vehicle sustained disabling damage towed engle 's towing .,O,"[0.7853755354881287, 0.2019386738538742, 0.012685797177255154]",C,"[0.211561918258667, 0.7879086136817932, 0.0005294542061164975]",O,"[0.9580078125, 0.040496826171875, 0.00199127197265625]"
722,722,203053182,upon my arrival i made contact with unit 01. unit 01 stated he was traveling westbound on st rt 56 e. he advised it was raining and he hydroplaned. he drove off the left side of the roadway and struck a tree. there were two passengers in the vehicle that left prior to my arrival. i was never able to make contact with them.,20203053182,2020,O,3/1/2020 0:00,6,SPICSR00056**C,S,PIC,22.538,39.571469,-82.892298,81550,99999.0,3/29/2020 0:00,13,1,N,2.0,Y,N,5.0,1,0,,,,N,22.538,SPICSR00056**C,N,4,AC03200033,1,3,,3,0,1,WASHINGTON TOWNSHIP,1,E,N,N,2.0,Y,0.028,,Y,7390,N,WASHINGTON TOWNSHIP,N,,0,,,,56,,,,N,,,,3,,,,,N,N,N,0,0,N,3.0,0,2,1,,172020.0,N,56.336,22,Y,11,2,1,1,M,N,N,N,0,2,48,1,0,55,1,9,48,0,0,0,0,1,6,NT,4,55,,,,,,,,,,,,,,,,,,,,,,,,,,,,,,,,,,0,4,15355.0,upon arrival made contact unit1 . unit1 stated traveling advised raining hydroplaned . drove left side roadway struck tree . two passengers vehicle left prior arrival . never able make contact .,O,"[0.9998811483383179, 0.00011315041047055274, 5.711547146347584e-06]",O,"[0.9999958276748657, 4.164420261076884e-06, 2.046720570803018e-09]",O,"[0.998046875, 0.00157928466796875, 8.594989776611328e-05]"
723,723,203053455,"unit 1 was traveling eastbound on 129 just past hampshire drive. unit 1 hydroplaned, failure to maintain control and crashing into the median causing disabling damage.",20203053455,2020,O,3/1/2020 0:00,8,SBUTSR00129**C,S,BUT,16.299,39.389532,-84.531883,25984,16885.0,3/20/2020 0:00,13,6,N,2.0,Y,Y,2.0,5,0,,,,N,16.299,SBUTSR00129**C,N,2,20-03-0130,1,3,N,1,0,1,FAIRFIELD TOWNSHIP,1,E,Y,N,4.0,Y,0.095,,Y,,N,FAIRFIELD TOWNSHIP,N,,0,,STATE ROUTE 129 E,,129,SR,,,N,,,HAMPSHIRE,1,,,,DR,N,N,N,0,0,N,1.0,0,2,4,,190743.0,N,16.299,21,Y,22,4,3,1,M,N,N,N,0,4,35,1,0,55,1,9,35,0,0,0,0,1,6,NT,1,40,,,,,,,,,,,,,,,,,,,,,,,,,,,,,,,,,,0,4,15845.0,"unit1 traveling past hampshire . unit1 hydroplaned , failure maintain control crashing median causing disabling damage .",O,"[0.6825305819511414, 0.280278742313385, 0.03719068318605423]",C,"[0.0858878344297409, 0.8939036130905151, 0.020208576694130898]",O,"[1.0, 2.193450927734375e-05, 2.1457672119140625e-06]"
724,724,203057036,unit 1 was traveling westbound in the left lane of sr 161 approaching us 62 when he attempted to change lanes to the right lane. when unit 1 changed lanes the unit hydroplaned on the wet pavement. unit 1 lost control and left the roadway to the right before striking a highway sign post witht the passnger side of his vehicle.,20203057036,2020,O,4/1/2020 0:00,6,SFRASR00161**N,S,FRA,22.093,40.084438,-82.7941,53970,19234.0,4/7/2020 0:00,17,3,N,2.0,Y,Y,2.0,7,0,,,,N,22.079,SFRASR00161**C,N,2,2020-00004104,4,4,N,1,0,1,NEW ALBANY,1,E,Y,N,4.0,N,0.318,US,N,,N,NEW ALBANY,N,,0,,STATE ROUTE 161 W,,161,SR,,,N,,,US ROUTE 62 W,1,62,US,,,N,N,Y,0,0,N,1.0,0,2,2,,328664.0,N,47.311,47,Y,5,3,4,1,M,N,N,N,0,2,0,1,0,65,3,8,11,0,0,0,0,1,6,NT,1,58,,,,,,,,,,,,,,,,,,,,,,,,,,,,,,,,,,0,4,19096.0,unit1 traveling left approaching us attempted change lanes . unit1 changed lanes unit hydroplaned wet pavement . unit1 lost control left roadway striking sign post witht passnger side vehicle .,O,"[0.9999904632568359, 8.94351069291588e-06, 5.827492941534729e-07]",O,"[0.9999030828475952, 9.632255387259647e-05, 6.088018835725961e-07]",O,"[1.0, 6.556510925292969e-07, 5.960464477539063e-08]"
725,725,203058751,"unit 1 was traveling nb on ir-271 in the center lane. the driver of unit 1 was identified as david gray. gray stated the following: while traveling nb on ir-271 another vehicle merged into his lane from the right lane of travel. in an attempt to avoid contact with the second vehicle gray stated he swerved over to the left lane of travel, but then lost control of the vehicle. gray stated he hydroplaned and landed in the mud. gray was unable to give a description of the second vehicle. r n rnrnrnrnrnrn",20203058751,2020,O,4/1/2020 0:00,12,SCUYIR00271**C,S,CUY,4.401,41.412681,-81.507039,4920,17668.0,4/12/2020 0:00,13,1,N,2.0,Y,Y,1.0,23,0,,b3e21c1d-25e1-4bc9-93a8-a4f736248765,a7e9ce07-eb7a-49dc-948d-63a7414d3565,Y,4.401,SCUYIR00271**C,N,3,2000114,1,4,N,1,0,1,BEDFORD HEIGHTS,1,N,Y,N,4.0,Y,0.009,,N,,N,BEDFORD HEIGHTS,N,,0,,,,271,IR,,26.2,N,,,26 2,2,,,,,N,Y,N,0,0,N,1.0,0,2,1,,121872.0,N,26.365,69,Y,15,2,1,9,M,N,N,N,0,3,44,1,0,60,1,9,44,0,0,0,0,1,6,NT,1,60,,,,,,,,,,,,,,,,,,,,,,,,,,,,,,,,,,0,4,5419.0,"unit1 traveling ir center . driver unit1 identified david gray . gray stated following : traveling ir another vehicle merged travel . attempt avoid contact second vehicle gray stated swerved left travel , lost control vehicle . gray stated hydroplaned landed mud . gray unable give description second vehicle . rnrnrnrnrnrn",O,"[0.9990046620368958, 0.0009651656728237867, 3.026918238901999e-05]",O,"[0.999997615814209, 2.4121081878547557e-06, 1.7084923698007515e-08]",O,"[1.0, 0.0001838207244873047, 8.404254913330078e-06]"
726,726,203059835,unit #1 was traveling west on tennessee ave when they failed to control their vehicle and hydroplaned into unit #2 who was turning into the shell gas station driveway.,20203059835,2020,O,3/1/2020 0:00,8,CHAMCR00689**C,C,HAM,1.059,39.168335,-84.477731,15000,16885.0,3/14/2020 0:00,5,7,N,,N,N,4.0,14,0,,,,N,1.059,CHAMCR00689**C,N,1,205003413,4,3,,2,0,2,CINCINNATI,1,,N,Y,4.0,N,0.0,,Y,1213,N,CINCINNATI,N,,0,,TENNESSEE,AVE,,,,,N,,,1213TH,3,,,,,N,N,N,0,0,N,,0,2,1,,44794.0,N,1.059,16,Y,2,3,4,1,F,N,N,N,0,2,0,1,2,0,1,20,0,0,0,0,0,1,2,NT,1,0,55.0,1.0,3.0,1.0,1.0,M,,2.0,,5.0,20.0,,,,,,1.0,2.0,RT,6.0,,,,,,,,,,,,,,0,4,8589.0,unit1 traveling tennessee failed control vehicle hydroplaned unit2 turning shell gas station driveway .,O,"[0.9999935626983643, 5.71970667806454e-06, 6.738468414368981e-07]",C,"[0.08208296447992325, 0.8860147595405579, 0.03190229833126068]",O,"[1.0, 0.0, 0.0]"
727,727,203065482,unit 1 was traveling northbound on interstate 77 near mile post 136 in the left most lane. unit 1 hydroplaned and failed to control the vehicle. unit 1 spun out and left the roadway to the right. the front right of unit 1 struck the guard rail. unit 1 sustained disabling damage. twelve posts of the guard rail were damaged.,20203065482,2020,O,4/1/2020 0:00,4,SSUMIR00077**N,S,SUM,22.452,41.124668,-81.653126,18658,766.0,4/17/2020 0:00,13,6,N,2.0,Y,Y,1.0,16,0,,,,Y,22.454,SSUMIR00077**C,N,1,22004017,1,4,N,1,0,1,COPLEY TOWNSHIP,1,S,Y,N,6.0,Y,0.04,,N,,N,COPLEY TOWNSHIP,N,,0,,,,77,IR,,136.0,N,,,136,2,,,,,N,N,Y,0,0,N,1.0,0,2,3,,39618.0,N,135.974,28,Y,5,2,1,1,M,N,N,N,0,3,30,1,2,65,13,8,30,0,0,0,0,1,6,NT,3,62,,,,,,,,,,,,,,,,,,,,,,,,,,,,,,,,,,0,6,23281.0,unit1 traveling interstate near mile post left . unit1 hydroplaned failed control vehicle . unit1 spun left roadway . front unit1 struck guard rail . unit1 sustained disabling damage . twelve posts guard rail damaged .,O,"[0.8391764760017395, 0.15160931646823883, 0.009214164689183235]",O,"[0.8876365423202515, 0.11166571825742722, 0.0006977075827307999]",O,"[0.5263671875, 0.465576171875, 0.007904052734375]"
728,728,203067087,both units were northbound on i 77n. unit # 1 was in the far right lane and unit #2 was next to unit #1 in the middle lane. unit #2 hydroplaned into the drivers side of unit #1. unit #1 then left the roadway after being hit and came to rest in the grass on the side of the road.,20203067087,2020,O,4/1/2020 0:00,4,SSUMIR00077**C,S,SUM,10.509,41.039956,-81.504871,1000,766.0,4/26/2020 0:00,5,1,N,2.0,N,Y,1.0,6,0,85500.0,,,Y,10.509,SSUMIR00077**C,N,1,T20049275,1,4,N,2,0,2,AKRON,1,,Y,N,6.0,Y,0.0,SR,N,,N,AKRON,N,,0,,I 77 N,,77,IR,,,N,E,,STATE ROUTE 764 N,1,764,SR,,,N,N,N,0,0,N,1.0,0,4,4,,56826.0,N,124.031,32,Y,99,2,1,1,F,N,N,N,0,1,0,2,9,55,1,20,0,0,0,0,0,1,6,NT,1,55,64.0,1.0,2.0,1.0,1.0,F,,1.0,55.0,1.0,20.0,,,,,,1.0,6.0,NT,3.0,55.0,,,,,,,,,,,,,0,4,24425.0,units 77n . unit1 far unit2 next unit1 middle . unit2 hydroplaned drivers side unit1 . unit1 left roadway hit came rest grass side .,C,"[0.011546936817467213, 0.9872446656227112, 0.0012084795162081718]",O,"[0.6291069388389587, 0.36794373393058777, 0.0029493733309209347]",O,"[0.93408203125, 0.0648193359375, 0.0011110305786132812]"
729,729,203067605,"unit #1 was travelling southbound on i75 at the 9.0 mm when she attempted to change lanes from the middle lane to the right lane and hydroplaned, spun around, and struck the guardrail with the driver's side of her vehicle.",20203067605,2020,O,4/1/2020 0:00,8,SHAMIR00075**N,S,HAM,8.919,39.188848,-84.481623,15000,16885.0,4/26/2020 0:00,13,1,N,2.0,Y,Y,1.0,5,0,,,,Y,8.968,SHAMIR00075**C,N,3,205004335,1,4,N,1,0,1,CINCINNATI,1,,Y,N,6.0,Y,0.0,,N,,N,CINCINNATI,N,,0,,,,75,IR,,9.0,N,,,9 0,2,,,,,N,N,N,0,0,N,1.0,0,2,1,,42885.0,N,8.919,31,Y,1,1,2,1,F,N,N,N,0,6,30,1,2,0,1,30,0,0,0,0,0,1,6,NT,1,0,,,,,,,,,,,,,,,,,,,,,,,,,,,,,,,,,,0,4,25161.0,"unit1 travelling . mm attempted change lanes middle hydroplaned , spun around , struck guardrail driver 's side vehicle .",O,"[0.9999963045120239, 3.4061711176036624e-06, 2.419960765109863e-07]",O,"[0.9999978542327881, 2.1292103156156372e-06, 4.354783200710699e-08]",O,"[1.0, 1.7881393432617188e-07, 0.0]"
730,730,203068342,"the driver of unit #1 stated that he was eb on ir 70 eb w/o e. livingston avenue in lane #2 (2nd from left), and was proceeding straight ahead when his truck began hydroplaning on the wet roadway. the driver of unit #1 stated that he lost control of his vehicle while hydroplaning and drove off of the right side of the roadway and into the gore at the e. main street off-ramp (exit 103a), where he came to rest after striking the end of the metal guardrail in the gore. reporting officer issued a citation to the driver of unit #1 for fail to control, section 2131.33a, ccc, mm, citation #1690916.",20203068342,2020,O,4/1/2020 0:00,6,SFRAIR00070**C,S,FRA,17.108,39.94953,-82.943771,18000,19234.0,4/29/2020 0:00,13,4,N,2.0,Y,Y,1.0,16,0,27000.0,9c1fdf80-be96-4ae6-bde6-bdbfbae3bfc9,a353ead4-cc36-4baf-b688-bb9558afca62,Y,17.108,SFRAIR00070**C,N,1,200309695,1,4,N,1,0,1,COLUMBUS,1,N,Y,N,7.0,Y,0.082,RA,N,,N,COLUMBUS,N,,0,,I 70 E,,70,IR,,,N,,E,LIVINGSTON,1,,,,AVE,N,N,Y,0,0,N,1.0,0,2,4,,45245.0,N,103.135,28,Y,11,6,2,9,M,N,N,N,0,5,31,1,0,55,9,8,31,0,0,0,0,1,6,RT,4,65,,,,,,,,,,,,,,,,,,,,,,,,,,,,,,,,,,0,4,25750.0,"driver unit1 stated w livingston , proceeding straight ahead truck began hydroplaning wet roadway . driver unit1 stated lost control vehicle hydroplaning drove side roadway gore main offramp , came rest striking end metal guardrail gore . reporting officer issued citation driver unit1 fail control , section .33a , ccc , mm , citation .",O,"[1.0, 4.2841801217718967e-08, 1.2554774109219125e-08]",O,"[1.0, 1.5293705538099722e-11, 4.057831273687057e-14]",O,"[1.0, 0.0, 0.0]"
731,731,203070294,unit 1 hydroplaned in standing water and lost control of her vehicle causing her to strike and be struck by the passing unit 2. (unit 1 actually hydroplaned in front of unit 2 and ended up on the opposite side of unit 2 as it was passing. which is when contact between the 2 vehicles was made),20203070294,2020,O,5/1/2020 0:00,8,SHAMIR00075**C,S,HAM,10.12,39.201965,-84.467801,15000,16885.0,5/3/2020 0:00,5,1,N,2.0,N,Y,1.0,12,0,,,,Y,10.12,SHAMIR00075**C,N,1,205004561,1,5,N,2,0,2,CINCINNATI,1,,Y,Y,6.0,Y,0.0,,Y,,N,CINCINNATI,N,,0,,,,75,IR,,10.3,N,,,10 3,2,,,,,N,N,N,0,0,N,1.0,0,2,1,,56738.0,N,10.12,23,Y,15,2,1,1,F,N,N,N,0,3,0,1,2,0,1,20,0,0,0,0,0,1,6,NT,1,0,50.0,1.0,2.0,1.0,1.0,F,,2.0,,1.0,20.0,,,,,,1.0,4.0,NT,15.0,,,,,,,,,,,,,,0,2,2703.0,unit1 hydroplaned standing water lost control vehicle causing strike struck passing unit2 .,O,"[0.9996978044509888, 0.0002919120597653091, 1.0373557415732648e-05]",O,"[0.9972724318504333, 0.0026905215345323086, 3.705264680320397e-05]",O,"[1.0, 0.0, 0.0]"
732,732,203072517,"unit #1 was travelling eb on ir90 near columbia rd. unit #1 hydroplaned and lost control causing the vehicle to spin and travel left into the paved shoulder. unit #1 struck the center concrete median. no other vehicles involved. the driver of unit #1 was transported for injuries and she also stated that she was several months pregnant. r n r nthe driver will be cited for failure to control, dus, and fictitious plates.",20203072517,2020,C,5/1/2020 0:00,12,SCUYIR00090**C,S,CUY,3.505,41.472325,-81.902696,83622,17668.0,5/10/2020 0:00,13,1,N,2.0,Y,Y,1.0,18,0,15900.0,,,Y,3.505,SCUYIR00090**C,N,2,2010707,1,5,N,0,0,1,WESTLAKE,1,W,Y,N,6.0,Y,0.028,SR,Y,,N,WESTLAKE,N,,0,,I 90 E,,90,IR,,,N,,,STATE ROUTE 252 E,1,252,SR,,,N,N,Y,0,0,N,1.0,1,2,1,,56880.0,N,159.324,21,Y,99,4,3,1,F,N,N,N,0,3,35,1,0,60,1,9,35,0,0,0,0,1,6,NT,1,70,,,,,,,,,,,,,,,,,,,,,,,,,,,,,,,,,,0,4,674.0,"unit1 travelling near columbia unit1 hydroplaned lost control causing vehicle spin travel left paved shoulder . unit1 struck center concrete median . vehicles involved . driver unit1 transported injuries also stated several months pregnant . r nthe driver cited failure control , dus , fictitious plates .",AB,"[0.003636767389252782, 0.2971499264240265, 0.6992132663726807]",C,"[1.333859017904615e-06, 0.999980092048645, 1.8547370927990414e-05]",C,"[0.0028476715087890625, 0.68359375, 0.313720703125]"