,id,OBJECTID,Narrative,DOCUMENT_NBR,CRASH_YR,CRASH_SEVERITY_CD,CRASH_MONTH_YEAR,DISTRICT_NBR,NLFID,NLF_JUR_CD,NLF_COUNTY_CD,COUNTY_LOG_NBR,ODOT_LATITUDE_NBR,ODOT_LONGITUDE_NBR,ODOT_FIPS_CD,AREA_CODE,CRASH_DATE,CRASH_TYPE_CD,DAY_IN_WEEK_CD,DISTRACTED_DRIVER_IND,FACILITY_TYPE_CD,FHWA_RDWY_DEPARTURE_IND,FREEWAY_IND,FUNCTIONAL_CLASS_CD,HOUR_OF_CRASH,INCAPAC_INJURIES_NBR,INTERCHANGE_ID,INTERSECTION_ID_CURRENT,INTERSECTION_LEG_ID,INTERSTATE_IND,INV_LOG_NBR,INV_NLFID,IS_COMMERCIAL_RELATED,LIGHT_COND_PRIMARY_CD,LOCAL_REPORT_NUMBER_ID,MAINTENANCE_AUTHORITY_CD,MONTH_OF_CRASH,NHS_CD,NO_INJURY_REPORTED_NBR,NON_INCAPAC_INJURIES_NBR,NUMBER_OF_UNITS_NBR,ODOT_CITY_VILLAGE_TWP_NME,ODOT_CRASH_LOCATION_CD,ODOT_DIR_FROM_REF_CD,ODOT_DIV_UNDIV_IND,ODOT_INTERSECTION_REL_IND,ODOT_LANES_NBR,ODOT_MAINTAINED_HWY_IND,ODOT_MILES_FROM_REF_NBR,ODOT_REF_ROUTE_PREFIX_CD,ODOT_YOUNG_DRIVER_IND,ODPS_ADDRESS_REFERENCE,ODPS_ALCOHOL_IND,ODPS_CITY_VILLAGE_TWP_NME,ODPS_DRUG_IND,ODPS_LOC_DIR_SUFFIX_CD,ODPS_LOC_IN_WORK_ZONE_CD,ODPS_LOC_ROAD_DIRECTION_CD,ODPS_LOC_ROAD_NME,ODPS_LOC_ROAD_SUFFIX_CD,ODPS_LOC_ROUTE_ID,ODPS_LOC_ROUTE_PREFIX_CD,ODPS_LOC_ROUTE_SUFFIX_CD,ODPS_MILEPOST_REFERENCE,ODPS_MOTORCYCLE_IND,ODPS_REF_DIR_SUFFIX_CD,ODPS_REF_DIRECTION_CD,ODPS_REF_GIVEN,ODPS_REF_POINT_USED_CD,ODPS_REF_ROUTE_ID,ODPS_REF_ROUTE_PREFIX_CD,ODPS_REF_ROUTE_SUFFIX_CD,ODPS_REF_SUFFIX_CD,ODPS_SCHOOL_ZONE_IND,ODPS_SENIOR_DRIVER_IND,ODPS_SPEED_IND,ODPS_TOTAL_FATALITIES_NBR,ODPS_TYPE_OF_WORK_ZONE_CD,ODPS_WORK_ZONE_IND,OPER_ACCESS_CONTROL_CD,POSSIBLE_INJURIES_NBR,ROAD_COND_PRIMARY_CD,ROAD_CONTOUR_CD,SA_RAMP_ID,SA_SEGMENT_ID,SECONDARY_CRASH,STATE_TRUE_LOG_NBR,U1_AGE_NBR,U1_AT_FAULT_IND,U1_CONT_CIR_PRIMARY_CD,U1_DIRECTION_FROM_CD,U1_DIRECTION_TO_CD,U1_DISTRACTED_BY_1_CD,U1_GENDER_CD,U1_IS_ALCOHOL_SUSPECTED,U1_IS_MARIJUANA_SUSPECTED,U1_IS_OTHER_DRUG_SUSPECTED,U1_NON_MOTORIST_LOC_CD,U1_NUMBER_OF_THRU_LANES,U1_OBJECT_STRUCK,U1_ODPS_UNIT_NBR,U1_OPERATINGIN_AUTONOMOUS_MODE,U1_POSTED_SPEED_NBR,U1_PRECRASH_ACTION_CD,U1_SEQ_OF_EVENTS_1_CD,U1_SEQ_OF_EVENTS_2_CD,U1_SEQ_OF_EVENTS_3_CD,U1_SEQ_OF_EVENTS_4_CD,U1_SEQ_OF_EVENTS_5_CD,U1_SEQ_OF_EVENTS_6_CD,U1_SPECIAL_FUNCTION_CD,U1_TRAFFIC_CONTROL_CD,U1_TURN_CD,U1_TYPE_OF_UNIT_CD,U1_UNIT_SPEED_NBR,U2_AGE_NBR,U2_CONT_CIR_PRIMARY_CD,U2_DIRECTION_FROM_CD,U2_DIRECTION_TO_CD,U2_DISTRACTED_BY_1_CD,U2_GENDER_CD,U2_NON_MOTORIST_LOC_CD,U2_ODPS_UNIT_NBR,U2_POSTED_SPEED_NBR,U2_PRECRASH_ACTION_CD,U2_SEQ_OF_EVENTS_1_CD,U2_SEQ_OF_EVENTS_2_CD,U2_SEQ_OF_EVENTS_3_CD,U2_SEQ_OF_EVENTS_4_CD,U2_SEQ_OF_EVENTS_5_CD,U2_SEQ_OF_EVENTS_6_CD,U2_SPECIAL_FUNCTION_CD,U2_TRAFFIC_CONTROL_CD,U2_TURN_CD,U2_TYPE_OF_UNIT_CD,U2_UNIT_SPEED_NBR,U3_CONT_CIR_PRIMARY_CD,U3_ODPS_UNIT_NBR,U3_PRECRASH_ACTION_CD,U3_SEQ_OF_EVENTS_1_CD,U3_SEQ_OF_EVENTS_2_CD,U3_SEQ_OF_EVENTS_3_CD,U3_SEQ_OF_EVENTS_4_CD,U3_SEQ_OF_EVENTS_5_CD,U3_SEQ_OF_EVENTS_6_CD,U3_SPECIAL_FUNCTION_CD,U3_TRAFFIC_CONTROL_CD,U3_TYPE_OF_UNIT_CD,UNRESTRAIN_OCCUPANTS,WEATHER_COND_CD,V1,clean_Narrative,BERT_predictions,BERT_prediction_probabilities,RoBERTa_predictions,RoBERTa_predictions_probabilities,distilBERT_predictions,distilBERT_predictions_probabilities
733,733,203074509,unit 1 was traveling east on winchester pike approaching bachman rd. unit 1 hydroplaned and drove off the north side of the roadway. unit 1 went into a cornfield and flipped onto its top.,20203074509,2020,O,4/1/2020 0:00,6,CFRACR00376**C,C,FRA,5.387,39.877609,-82.845648,46410,19234.0,4/26/2020 0:00,13,1,N,,Y,N,4.0,8,0,,97045987-a50e-4265-bc72-b8e04740089e,f06b4e02-1817-4383-8ade-06fcf16720af,N,5.387,CFRACR00376**C,N,1,20M-007710,2,4,,1,0,1,MADISON TOWNSHIP,1,,N,N,2.0,N,0.0,TR,N,,N,MADISON TOWNSHIP,N,,0,,WINCHESTER,PIKE,,,,,N,,,BACHMAN,1,,,,RD,N,N,Y,0,0,N,,0,2,1,,28675.0,N,5.387,32,Y,99,4,3,1,M,N,N,N,0,2,44,1,0,55,1,9,44,10,1,0,0,1,6,NT,1,60,,,,,,,,,,,,,,,,,,,,,,,,,,,,,,,,,,0,4,5297.0,unit1 traveling winchester pike approaching bachman unit1 hydroplaned drove side roadway . unit1 went cornfield flipped onto top .,C,"[0.011328339576721191, 0.9747356176376343, 0.013936023227870464]",C,"[0.004818944726139307, 0.9913769960403442, 0.003804063657298684]",C,"[0.03167724609375, 0.94970703125, 0.018157958984375]"
734,734,203074894,"unit 1 was making a left turn out of the drug mart parking lot to travel n/b on sr 21. unit 1 hydroplaned, ran off the road to the right, and struck a pole.",20203074894,2020,O,5/1/2020 0:00,12,SCUYSR00021**C,S,CUY,8.279,41.395407,-81.640349,37240,17668.0,5/14/2020 0:00,13,5,N,2.0,Y,N,4.0,18,0,,,,N,8.279,SCUYSR00021**C,N,1,20200326,4,5,,1,0,1,INDEPENDENCE,1,N,N,Y,4.0,N,0.004,,N,6160,N,INDEPENDENCE,N,,0,,STATE ROUTE 21 N,,21,,,,N,,,,3,,,,,N,Y,N,0,0,N,3.0,0,2,1,,183263.0,N,57.814,67,Y,11,4,1,1,M,N,N,N,0,4,41,1,2,35,6,41,8,0,0,0,0,1,6,LT,1,30,,,,,,,,,,,,,,,,,,,,,,,,,,,,,,,,,,0,4,3385.0,"unit1 making left turn drug mart parking lot travel . unit1 hydroplaned , ran , struck pole .",C,"[0.1699085831642151, 0.8211182355880737, 0.008973179385066032]",C,"[0.19724193215370178, 0.7884765267372131, 0.01428163144737482]",O,"[0.9951171875, 0.004360198974609375, 0.0002968311309814453]"
735,735,203075058,unit 1 was driving north on i-675 in heavy rain. unit 1 hydroplaned and ran off the right side of the road down into a tree line coming where it came to final rest. the driver of unit 1 was cited for operation without reasonable control.,20203075058,2020,O,5/1/2020 0:00,8,SGREIR00675**C,S,GRE,15.733,39.820684,-84.000099,25914,22528.0,5/14/2020 0:00,13,5,N,2.0,Y,Y,1.0,17,0,36300.0,,,Y,15.733,SGREIR00675**C,N,1,2020-00019588,1,5,N,1,0,1,FAIRBORN,1,E,Y,N,4.0,Y,0.017,,N,,N,FAIRBORN,N,,0,,,,675,IR,,23.1,N,,,,2,,,,,N,N,Y,0,0,N,1.0,0,2,1,,128903.0,N,23.337,59,Y,5,2,1,1,M,N,N,N,0,2,48,1,0,65,1,8,48,0,0,0,0,1,6,NT,1,65,,,,,,,,,,,,,,,,,,,,,,,,,,,,,,,,,,0,4,3501.0,unit1 driving heavy rain . unit1 hydroplaned ran side tree line coming came final rest . driver unit1 cited operation without reasonable control .,O,"[0.9937964677810669, 0.005829554982483387, 0.0003739836683962494]",C,"[0.20816801488399506, 0.7826968431472778, 0.00913520622998476]",O,"[1.0, 6.556510925292969e-07, 5.960464477539063e-08]"
736,736,203075511,unit 1 was traveling north on i-77 near state route 18. unit 1 hydroplaned due to rain water on the roadway. unit 1 spun out and struck the cement median causing rear end damage to unit 1. the driver of the vehicle reported no injuries.,20203075511,2020,O,4/1/2020 0:00,4,SSUMIR00077**C,S,SUM,22.98,41.132365,-81.651389,18658,766.0,4/26/2020 0:00,13,1,N,2.0,Y,Y,1.0,3,0,,522f02c9-9ee4-496d-9f67-76a4abd3c82c,ad28efd9-2ead-438b-bb82-7aac20467016,Y,22.98,SSUMIR00077**C,N,3,22004044,1,4,N,1,0,1,COPLEY TOWNSHIP,1,S,Y,N,6.0,Y,0.189,RA,N,,N,COPLEY TOWNSHIP,N,,0,,I 77 N,,77,IR,,,N,,,STATE ROUTE 18 N,1,18,SR,,,N,N,N,0,0,N,1.0,0,2,2,,91298.0,N,136.502,27,Y,1,2,1,1,M,N,N,N,0,4,28,1,2,65,1,28,0,0,0,0,0,1,6,NT,4,40,,,,,,,,,,,,,,,,,,,,,,,,,,,,,,,,,,0,4,5549.0,unit1 traveling near state . unit1 hydroplaned due rain water roadway . unit1 spun struck cement median causing rear end damage unit1 . driver vehicle reported injuries .,O,"[0.9999998807907104, 6.364115279211546e-08, 1.0972776465223433e-08]",O,"[0.9999994039535522, 5.595910010924854e-07, 2.1285484486099904e-09]",O,"[0.9208984375, 0.0775146484375, 0.0018634796142578125]"
737,737,203075683,unit #1 was traveling southbound on ir 271 south ir 480 east near the split and exit ramp for forbes rd. unit #1 was in the right lane for through traffic on ir 271 south when the vehicle started to hydroplane due to the heavy rainfall. unit #1 ran off the roadway on the right and struck the guardrail and flipped onto the drivers side. bfd extracted the driver from the vehicle and transported her to uh bedford.,20203075683,2020,AB,5/1/2020 0:00,12,SCUYIR00271**N,S,CUY,1.945,41.377674,-81.513809,4878,17668.0,5/15/2020 0:00,13,6,N,2.0,Y,Y,1.0,17,0,,,,Y,1.94,SCUYIR00271**C,N,1,2000072,1,5,N,0,1,1,BEDFORD,1,N,Y,N,6.0,Y,0.189,,Y,,N,BEDFORD,N,,0,,I 271 S,,271,IR,,,N,,,FORBES,1,,,,RD,N,N,N,0,0,N,1.0,0,2,1,,34931.0,N,23.909,21,Y,11,1,2,1,F,N,N,N,0,5,30,1,2,60,1,8,30,0,0,0,0,1,6,NT,3,60,,,,,,,,,,,,,,,,,,,,,,,,,,,,,,,,,,0,4,3826.0,unit1 traveling near split exit ramp forbes unit1 traffic vehicle started hydroplane due heavy rainfall . unit1 ran roadway struck guardrail flipped onto drivers side . bfd extracted driver vehicle transported uh bedford .,AB,"[0.0001593319175299257, 0.005465541034936905, 0.9943751096725464]",AB,"[0.00034504191717132926, 0.04955895245075226, 0.950096070766449]",C,"[8.58306884765625e-06, 1.0, 1.1324882507324219e-05]"
738,738,203076812,"unit #1 was traveling westbound on i-480 in the middle lane. unit #2 was traveling westbound on i-480 in the second to left lane. unit #2 stated that he drove over a puddle of water and hydroplaned. as a result, unit #2 stated that he spun out and struck unit #1 then crashed into the concrete median. unit #1 then stated that unit #2 lost control of his vehicle, spun out and struck his vehicle on the left side of his trailer.",20203076812,2020,O,5/1/2020 0:00,12,SCUYIR00480**N,S,CUY,23.818,41.424915,-81.538017,80990,17668.0,5/14/2020 0:00,5,5,N,2.0,Y,Y,1.0,19,0,20600.0,,,Y,23.852,SCUYIR00480**C,Y,1,20201201,1,5,N,3,0,2,WARRENSVILLE HEIGHTS,1,W,Y,N,7.0,Y,0.038,,N,,N,WARRENSVILLE HEIGHTS,N,,0,,,,480,IR,,,N,,,WARRENSVILLE CENTER,1,,,,RD,N,N,Y,0,0,N,1.0,0,2,1,,54083.0,N,26.122,55,Y,5,3,4,1,M,N,N,N,0,4,35,2,2,60,1,9,35,0,0,0,0,1,6,NT,1,60,56.0,1.0,3.0,4.0,1.0,M,,1.0,60.0,1.0,20.0,,,,,,1.0,6.0,NT,15.0,60.0,,,,,,,,,,,,,0,4,5146.0,"unit1 traveling middle . unit2 traveling second left . unit2 stated drove puddle water hydroplaned . result , unit2 stated spun struck unit1 crashed concrete median . unit1 stated unit2 lost control vehicle , spun struck vehicle left side trailer .",O,"[0.9427093863487244, 0.05248710513114929, 0.00480356439948082]",O,"[0.5454103946685791, 0.45202746987342834, 0.00256216898560524]",O,"[0.9990234375, 0.0008492469787597656, 8.678436279296875e-05]"
739,739,203076828,"unit #1 was traveling on i-480 west near mile post 14 2 in lane #2. unit #1 hydroplaned, veered left off the roadway and struck the concrete median.",20203076828,2020,O,5/1/2020 0:00,12,SCUYIR00480**N,S,CUY,14.153,41.421566,-81.713391,16000,17668.0,5/18/2020 0:00,13,2,N,2.0,Y,Y,1.0,19,0,20000.0,,,Y,14.153,SCUYIR00480**C,N,1,2020044120,1,5,N,1,0,1,CLEVELAND,1,W,Y,N,8.0,Y,0.057,,Y,,N,BROOKLYN,N,,0,,,,480,IR,,14.2,N,,,14 2,2,,,,,N,N,N,0,0,N,1.0,0,2,2,,35026.0,N,16.457,19,Y,11,3,4,1,M,N,N,N,0,4,34,1,0,60,1,9,34,0,0,0,0,1,6,NT,1,60,,,,,,,,,,,,,,,,,,,,,,,,,,,,,,,,,,0,4,5163.0,"unit1 traveling near mile post . unit1 hydroplaned , veered left roadway struck concrete median .",O,"[0.9019979238510132, 0.08674098551273346, 0.011261058039963245]",O,"[0.6914968490600586, 0.2698240876197815, 0.03867906332015991]",O,"[0.9404296875, 0.05389404296875, 0.0058135986328125]"
740,740,203076829,unit 1 was traveling northbound on s. walnut st. past greenewald st. unit 2 was parked in front of 330 s. walnut st. unit 1 attempted to slow down and hydroplaned. unit 1 struck unit 2 with its front end causing disabling damage to both units.,20203076829,2020,O,5/1/2020 0:00,1,TVANTR00095**C,T,VAN,10.49,40.866627,-84.578967,79562,99777.0,5/19/2020 0:00,7,3,N,,Y,N,5.0,2,0,,c7423cf1-09f2-4f25-85e8-7b7b87a538fd,0c08d9cc-ec45-4aa4-9279-9311dc9d354c,N,10.49,TVANTR00095**C,N,3,20-751,4,5,,1,0,2,VAN WERT,1,,N,N,4.0,N,0.0,,Y,330,N,VAN WERT,N,,0,S,WALNUT,ST,,,,,N,,,330TH,3,,,,,N,N,Y,0,0,N,,0,2,1,,300866.0,N,10.49,20,Y,5,2,1,1,M,N,N,N,0,2,0,1,0,25,1,21,0,0,0,0,0,1,6,NT,1,30,,1.0,2.0,1.0,,,,2.0,25.0,10.0,20.0,43.0,,,,,1.0,6.0,NT,3.0,0.0,,,,,,,,,,,,,0,4,5164.0,unit1 traveling walnut past greenewald unit2 parked front walnut unit1 attempted slow hydroplaned . unit1 struck unit2 front end causing disabling damage units .,O,"[0.9998588562011719, 0.00013370761007536203, 7.379372163995868e-06]",O,"[0.9670926332473755, 0.03247029706835747, 0.0004370806273072958]",O,"[0.97900390625, 0.01800537109375, 0.003265380859375]"
741,741,203077207,"accident occurred on i-71 s/b approximately 300 feet s/o e north broadway. driver #1 stated he was traveling s/b in the inside lane when his vehicle hydroplaned on standing water causing him to lose control. unit #1 spun out across two lanes and ran off the right side of the roadway striking a light pole that was already down. cfd medic 16 responded to the scene, however, both the driver and occupant reported no injuries. driver #1 was issued a citation for fail to control (2131.33a c.c.c.).",20203077207,2020,O,5/1/2020 0:00,6,SFRARA25396**C,S,FRA,0.001,40.029534,-82.9947,18000,19234.0,5/19/2020 0:00,13,3,N,4.0,Y,Y,1.0,11,0,28700.0,a95e5424-4ea1-4392-a967-90ec6f643b54,5914fdc1-42f2-4020-918d-364e40014858,Y,0.001,SFRARA25396**C,N,1,200358278,1,5,,2,0,1,COLUMBUS,1,S,N,N,,Y,0.057,RA,N,,N,COLUMBUS,N,,0,,I 71 S,,71,IR,,,N,,E,NORTH BROADWAY,1,,,,ST,N,N,Y,0,0,N,1.0,0,2,1,,,N,0.001,29,Y,1,1,2,1,M,N,N,N,0,3,41,1,0,65,1,8,41,0,0,0,0,1,6,NT,1,70,,,,,,,,,,,,,,,,,,,,,,,,,,,,,,,,,,0,4,5831.0,"accident occurred approximately feet broadway . driver stated traveling inside vehicle hydroplaned standing water causing lose control . unit1 spun across two lanes ran side roadway striking light pole already . cfd medic responded scene , however , driver occupant reported injuries . driver issued citation fail control .",O,"[0.9999995231628418, 4.7596438434993615e-07, 3.9986279176673634e-08]",O,"[1.0, 1.1857727244546368e-08, 1.0799594725441342e-11]",O,"[1.0, 1.1920928955078125e-07, 0.0]"
742,742,203077260,****online report****units 1 and two were traveling west bound on ir-275. unit 1 hydroplaned and struck unit 2,20203077260,2020,O,5/1/2020 0:00,8,SHAMIR00275**N,S,HAM,30.435,39.28162,-84.365246,75973,16885.0,5/19/2020 0:00,5,3,N,2.0,N,Y,1.0,6,0,,3a169d9f-8eba-401e-bf03-7ab85f7c33c3,3c4fac98-5303-4e43-bb40-af7d941b5b71,Y,30.193,SHAMIR00275**C,N,2,0519200156,1,5,N,2,0,2,SYCAMORE TOWNSHIP,1,,Y,N,8.0,Y,0.0,,N,,N,COLERAIN TOWNSHIP,N,,0,,,,275,IR,,30.2,N,,,30 2,2,,,,,N,N,Y,0,0,N,1.0,0,2,2,,81512.0,N,48.035,54,Y,5,3,4,1,M,N,N,N,0,3,0,1,0,65,1,20,0,0,0,0,0,1,6,NT,2,0,37.0,1.0,3.0,4.0,1.0,F,,2.0,65.0,1.0,20.0,,,,,,1.0,6.0,NT,2.0,65.0,,,,,,,,,,,,,0,4,5917.0,online reportunits two traveling ir . unit1 hydroplaned struck unit2,O,"[0.9999275207519531, 6.744098936906084e-05, 5.006091669201851e-06]",O,"[0.9522756934165955, 0.046605341136455536, 0.0011189196957275271]",O,"[0.97998046875, 0.0175933837890625, 0.0024204254150390625]"
743,743,203077297,"unit 1 was eastbound on interstate i-70 east of wilson rd in the center lane. road conditions were wet as it was raining heavily. unit 1 lost control due to the wet conditions and hydroplaned into the center divide causing functional damage to the left side, left front and front center of the vehicle. the driver of unit 1 stated she was driving 65mph which is the posted speed limit under normal conditions.",20203077297,2020,C,5/1/2020 0:00,6,SFRAIR00070**C,S,FRA,7.97,39.974658,-83.099533,18000,19234.0,5/18/2020 0:00,13,2,N,2.0,Y,Y,1.0,18,0,,,,Y,7.97,SFRAIR00070**C,N,1,200356436,1,5,N,0,0,1,COLUMBUS,1,E,Y,N,9.0,Y,1.0,,N,,N,COLUMBUS,N,,0,,I 70 E,,70,IR,,,N,,,WILSON,1,,,,RD,N,N,N,0,0,N,1.0,1,2,1,,45242.0,N,93.997,33,Y,1,4,3,1,F,N,N,N,0,3,35,1,2,65,1,35,0,0,0,0,0,1,6,NT,1,65,,,,,,,,,,,,,,,,,,,,,,,,,,,,,,,,,,0,4,5967.0,"unit1 interstate wilson center . conditions wet raining heavily . unit1 lost control due wet conditions hydroplaned center divide causing functional damage left side , left front front center vehicle . driver unit1 stated driving 65mph posted speed limit normal conditions .",O,"[0.9999998807907104, 6.440754418690631e-08, 1.39451916680855e-08]",O,"[0.9999977350234985, 2.2106778487795964e-06, 2.136555110610061e-08]",O,"[1.0, 0.0, 0.0]"
744,744,203077545,"unit #1 was traveling e/b on u.s. 35 at mile post 43.0. while traveling on the wet covered roadway, unit #1 hydroplaned and went right off the roadway. as a result of unit #1 failing to maintain control of his vehicle, unit #1 strikes a guardrail on the right side of the roadway causing him to spin around sideways.",20203077545,2020,O,5/1/2020 0:00,8,SGREUS00035**C,S,GRE,1.9,39.728214,-84.070457,4720,22528.0,5/19/2020 0:00,13,3,N,2.0,Y,Y,2.0,6,0,36500.0,,,N,1.9,SGREUS00035**C,N,2,2020-00015551,4,5,N,1,0,1,BEAVERCREEK,1,,Y,N,4.0,N,0.0,,N,,N,BEAVERCREEK,N,,0,,,,35,US,,43.0,N,,,43 0,2,,,,,N,N,N,0,0,N,1.0,0,2,1,,264659.0,N,42.963,29,Y,11,4,3,1,M,N,N,N,0,2,30,1,0,55,1,8,30,0,0,0,0,1,6,NT,1,55,,,,,,,,,,,,,,,,,,,,,,,,,,,,,,,,,,0,4,6171.0,"unit1 traveling u.s. mile post .. traveling wet covered roadway , unit1 hydroplaned went roadway . result unit1 failing maintain control vehicle , unit1 strikes guardrail side roadway causing spin around sideways .",C,"[0.17050735652446747, 0.8209460973739624, 0.008546454831957817]",O,"[0.952171802520752, 0.04745594784617424, 0.0003721454122569412]",O,"[1.0, 2.9325485229492188e-05, 3.039836883544922e-06]"
745,745,203077547,"unit #1 and unit #2 were traveling e/b on u.s. 35 near mile post 43.0. unit #1 was in the left lane and begin to lose control of her vehicle on the wet covered roadway. unit #1 begin to hydroplane resulting in this unit failing to maintain control. unit #1 begin swerving and came out of the left lane into the right lane where unit #2 was established. as a result of unit #1 failing to maintain control of her vehicle, unit #2 strikes unit #1.",20203077547,2020,O,5/1/2020 0:00,8,SGREUS00035**C,S,GRE,1.9,39.728214,-84.070457,4720,22528.0,5/19/2020 0:00,5,3,N,2.0,N,Y,2.0,9,0,36500.0,,,N,1.9,SGREUS00035**C,N,1,2020-00015560,4,5,N,2,0,2,BEAVERCREEK,1,,Y,N,4.0,N,0.0,,N,,N,BEAVERCREEK,N,,0,W,/ 43 0,HWY,35,US,,43.0,N,,,43,2,,,,,N,N,Y,0,0,N,1.0,0,2,1,,264659.0,N,42.963,29,Y,15,4,3,1,F,N,N,N,0,2,0,1,0,55,1,20,0,0,0,0,0,1,6,NT,1,60,36.0,1.0,4.0,3.0,1.0,F,,2.0,55.0,1.0,20.0,,,,,,1.0,6.0,NT,1.0,55.0,,,,,,,,,,,,,0,4,6173.0,"unit1 unit2 traveling u.s. near mile post .. unit1 left begin lose control vehicle wet covered roadway . unit1 begin hydroplane resulting unit failing maintain control . unit1 begin swerving came left unit2 established . result unit1 failing maintain control vehicle , unit2 strikes unit1 .",O,"[0.9989976286888123, 0.0009720934322103858, 3.0279650673037395e-05]",O,"[0.9629712104797363, 0.03617412596940994, 0.0008546345634385943]",O,"[1.0, 1.1920928955078125e-06, 1.1920928955078125e-07]"
746,746,203077550,unit #1 was traveling w/b on u.s. 35 near mile post 42.8. unit #1 drove through high water causing his vehicle to hydroplane. this resulted in unit #1 failing to maintain control of his vehicle. unit #1 wen left off the roadway and strikes a guardrail.,20203077550,2020,O,5/1/2020 0:00,8,SGREUS00035**N,S,GRE,1.707,39.729863,-84.073537,4720,22528.0,5/19/2020 0:00,13,3,N,2.0,Y,Y,2.0,10,0,,,,N,1.7,SGREUS00035**C,N,1,2020-00015565,4,5,N,1,0,1,BEAVERCREEK,1,,Y,N,4.0,N,0.0,,N,,N,BEAVERCREEK,N,,0,,,,35,US,,42.8,N,,,42 8,2,,,,,N,N,N,0,0,N,1.0,0,2,2,,241532.0,N,42.77,26,Y,11,3,4,1,M,N,N,N,0,2,30,1,0,55,1,9,30,0,0,0,0,1,6,NT,3,55,,,,,,,,,,,,,,,,,,,,,,,,,,,,,,,,,,0,2,6174.0,unit1 traveling u.s. near mile post .. unit1 drove high water causing vehicle hydroplane . resulted unit1 failing maintain control vehicle . unit1 wen left roadway strikes guardrail .,O,"[0.9975054860115051, 0.0023512463085353374, 0.00014323380310088396]",O,"[0.9961114525794983, 0.0037586253602057695, 0.00012990538380108774]",O,"[0.9990234375, 0.0012950897216796875, 6.395578384399414e-05]"
747,747,203077577,"unit 1 was traveling south, in the center left lane, on ir71 approaching the 7/6 mile post. the operator of unit 1 reported that she began to hydroplane and lose control. unit 1s operator over corrected causing the vehicle to lose control and left the roadway then struck the median.",20203077577,2020,O,5/1/2020 0:00,8,SHAMIR00071**N,S,HAM,7.654,39.160079,-84.437524,57386,16885.0,5/19/2020 0:00,13,3,N,2.0,Y,Y,1.0,10,0,,,,Y,7.575,SHAMIR00071**C,N,1,2.02E+12,1,5,N,1,0,1,NORWOOD,1,,Y,N,8.0,Y,0.0,IR,N,,N,NORWOOD,N,,0,S,IR71 South,HWY,71,IR,,7.6,N,S,,7 6,2,,IR,,,N,N,Y,0,0,N,2.0,0,2,4,,56687.0,N,7.654,41,Y,5,1,2,1,F,N,N,N,0,4,35,1,0,55,1,35,0,0,0,0,0,1,6,NT,1,55,,,,,,,,,,,,,,,,,,,,,,,,,,,,,,,,,,0,4,6218.0,"unit1 traveling , center left , approaching mile post . operator unit1 reported began hydroplane lose control . unit1s operator corrected causing vehicle lose control left roadway struck median .",O,"[0.9978578686714172, 0.002038025762885809, 0.00010414086864329875]",O,"[0.9944972395896912, 0.005393268074840307, 0.0001095715633709915]",O,"[1.0, 2.9802322387695312e-06, 5.960464477539062e-07]"
748,748,203077622,"unit #2 n i75 in right lane going straight. unit #1 n i75 in right middle lane, hydroplaned and slid out of control, spinning and striking unit #2; causing unit #2 to veer right off road striking a high concrete curb and a steel guardrail.",20203077622,2020,O,5/1/2020 0:00,8,SHAMIR00075**N,S,HAM,2.093,39.118863,-84.53523,15000,16885.0,5/19/2020 0:00,5,3,N,2.0,N,Y,1.0,14,0,40900.0,,,Y,2.165,SHAMIR00075**C,N,1,205005180,1,5,N,2,0,2,CINCINNATI,1,,Y,N,8.0,Y,0.0,,Y,,N,CINCINNATI,N,,0,,,,75,IR,,2.1,N,,,2 1,2,,,,,N,N,Y,0,0,N,1.0,0,2,1,,34127.0,N,2.093,22,Y,5,2,1,1,M,N,N,N,0,4,0,1,2,55,1,20,0,0,0,0,0,1,6,NT,1,0,26.0,1.0,2.0,1.0,1.0,F,,2.0,55.0,1.0,20.0,8.0,43.0,30.0,,,1.0,6.0,NT,1.0,,,,,,,,,,,,,,0,4,6310.0,"unit2 going straight . unit1 middle , hydroplaned slid control , spinning striking unit2 ; causing unit2 veer striking high concrete curb steel guardrail .",O,"[0.9979174733161926, 0.0018209416884928942, 0.0002615841804072261]",O,"[0.990063488483429, 0.009839451871812344, 9.699854854261503e-05]",O,"[1.0, 1.3828277587890625e-05, 1.2516975402832031e-06]"
749,749,203077796,unit #1 was traveling northbound on i75 when they hydroplaned and sideswiped concrete barrier causing property damage only.,20203077796,2020,O,5/1/2020 0:00,8,SHAMIR00075**C,S,HAM,9.752,39.197532,-84.471719,15000,16885.0,5/18/2020 0:00,13,2,N,2.0,Y,Y,1.0,20,0,,,,Y,9.752,SHAMIR00075**C,N,3,205005170,1,5,N,1,0,1,CINCINNATI,1,,Y,N,6.0,Y,0.0,,N,,N,CINCINNATI,N,,0,,,,75,IR,,9.7,N,,,9 7,2,,,,,N,N,N,0,0,N,1.0,0,2,1,,111006.0,N,9.752,64,Y,1,2,1,1,F,N,N,N,0,4,35,1,2,0,1,35,0,0,0,0,0,1,6,NT,3,0,,,,,,,,,,,,,,,,,,,,,,,,,,,,,,,,,,0,4,6706.0,unit1 traveling hydroplaned sideswiped concrete barrier causing property damage .,O,"[1.0, 5.3928477683484743e-08, 1.4155669525450776e-08]",O,"[0.9999988079071045, 1.2084852869520546e-06, 5.0639772375404846e-09]",O,"[1.0, 0.0, 0.0]"