,id,OBJECTID,Narrative,DOCUMENT_NBR,CRASH_YR,CRASH_SEVERITY_CD,CRASH_MONTH_YEAR,DISTRICT_NBR,NLFID,NLF_JUR_CD,NLF_COUNTY_CD,COUNTY_LOG_NBR,ODOT_LATITUDE_NBR,ODOT_LONGITUDE_NBR,ODOT_FIPS_CD,AREA_CODE,CRASH_DATE,CRASH_TYPE_CD,DAY_IN_WEEK_CD,DISTRACTED_DRIVER_IND,FACILITY_TYPE_CD,FHWA_RDWY_DEPARTURE_IND,FREEWAY_IND,FUNCTIONAL_CLASS_CD,HOUR_OF_CRASH,INCAPAC_INJURIES_NBR,INTERCHANGE_ID,INTERSECTION_ID_CURRENT,INTERSECTION_LEG_ID,INTERSTATE_IND,INV_LOG_NBR,INV_NLFID,IS_COMMERCIAL_RELATED,LIGHT_COND_PRIMARY_CD,LOCAL_REPORT_NUMBER_ID,MAINTENANCE_AUTHORITY_CD,MONTH_OF_CRASH,NHS_CD,NO_INJURY_REPORTED_NBR,NON_INCAPAC_INJURIES_NBR,NUMBER_OF_UNITS_NBR,ODOT_CITY_VILLAGE_TWP_NME,ODOT_CRASH_LOCATION_CD,ODOT_DIR_FROM_REF_CD,ODOT_DIV_UNDIV_IND,ODOT_INTERSECTION_REL_IND,ODOT_LANES_NBR,ODOT_MAINTAINED_HWY_IND,ODOT_MILES_FROM_REF_NBR,ODOT_REF_ROUTE_PREFIX_CD,ODOT_YOUNG_DRIVER_IND,ODPS_ADDRESS_REFERENCE,ODPS_ALCOHOL_IND,ODPS_CITY_VILLAGE_TWP_NME,ODPS_DRUG_IND,ODPS_LOC_DIR_SUFFIX_CD,ODPS_LOC_IN_WORK_ZONE_CD,ODPS_LOC_ROAD_DIRECTION_CD,ODPS_LOC_ROAD_NME,ODPS_LOC_ROAD_SUFFIX_CD,ODPS_LOC_ROUTE_ID,ODPS_LOC_ROUTE_PREFIX_CD,ODPS_LOC_ROUTE_SUFFIX_CD,ODPS_MILEPOST_REFERENCE,ODPS_MOTORCYCLE_IND,ODPS_REF_DIR_SUFFIX_CD,ODPS_REF_DIRECTION_CD,ODPS_REF_GIVEN,ODPS_REF_POINT_USED_CD,ODPS_REF_ROUTE_ID,ODPS_REF_ROUTE_PREFIX_CD,ODPS_REF_ROUTE_SUFFIX_CD,ODPS_REF_SUFFIX_CD,ODPS_SCHOOL_ZONE_IND,ODPS_SENIOR_DRIVER_IND,ODPS_SPEED_IND,ODPS_TOTAL_FATALITIES_NBR,ODPS_TYPE_OF_WORK_ZONE_CD,ODPS_WORK_ZONE_IND,OPER_ACCESS_CONTROL_CD,POSSIBLE_INJURIES_NBR,ROAD_COND_PRIMARY_CD,ROAD_CONTOUR_CD,SA_RAMP_ID,SA_SEGMENT_ID,SECONDARY_CRASH,STATE_TRUE_LOG_NBR,U1_AGE_NBR,U1_AT_FAULT_IND,U1_CONT_CIR_PRIMARY_CD,U1_DIRECTION_FROM_CD,U1_DIRECTION_TO_CD,U1_DISTRACTED_BY_1_CD,U1_GENDER_CD,U1_IS_ALCOHOL_SUSPECTED,U1_IS_MARIJUANA_SUSPECTED,U1_IS_OTHER_DRUG_SUSPECTED,U1_NON_MOTORIST_LOC_CD,U1_NUMBER_OF_THRU_LANES,U1_OBJECT_STRUCK,U1_ODPS_UNIT_NBR,U1_OPERATINGIN_AUTONOMOUS_MODE,U1_POSTED_SPEED_NBR,U1_PRECRASH_ACTION_CD,U1_SEQ_OF_EVENTS_1_CD,U1_SEQ_OF_EVENTS_2_CD,U1_SEQ_OF_EVENTS_3_CD,U1_SEQ_OF_EVENTS_4_CD,U1_SEQ_OF_EVENTS_5_CD,U1_SEQ_OF_EVENTS_6_CD,U1_SPECIAL_FUNCTION_CD,U1_TRAFFIC_CONTROL_CD,U1_TURN_CD,U1_TYPE_OF_UNIT_CD,U1_UNIT_SPEED_NBR,U2_AGE_NBR,U2_CONT_CIR_PRIMARY_CD,U2_DIRECTION_FROM_CD,U2_DIRECTION_TO_CD,U2_DISTRACTED_BY_1_CD,U2_GENDER_CD,U2_NON_MOTORIST_LOC_CD,U2_ODPS_UNIT_NBR,U2_POSTED_SPEED_NBR,U2_PRECRASH_ACTION_CD,U2_SEQ_OF_EVENTS_1_CD,U2_SEQ_OF_EVENTS_2_CD,U2_SEQ_OF_EVENTS_3_CD,U2_SEQ_OF_EVENTS_4_CD,U2_SEQ_OF_EVENTS_5_CD,U2_SEQ_OF_EVENTS_6_CD,U2_SPECIAL_FUNCTION_CD,U2_TRAFFIC_CONTROL_CD,U2_TURN_CD,U2_TYPE_OF_UNIT_CD,U2_UNIT_SPEED_NBR,U3_CONT_CIR_PRIMARY_CD,U3_ODPS_UNIT_NBR,U3_PRECRASH_ACTION_CD,U3_SEQ_OF_EVENTS_1_CD,U3_SEQ_OF_EVENTS_2_CD,U3_SEQ_OF_EVENTS_3_CD,U3_SEQ_OF_EVENTS_4_CD,U3_SEQ_OF_EVENTS_5_CD,U3_SEQ_OF_EVENTS_6_CD,U3_SPECIAL_FUNCTION_CD,U3_TRAFFIC_CONTROL_CD,U3_TYPE_OF_UNIT_CD,UNRESTRAIN_OCCUPANTS,WEATHER_COND_CD,V1,clean_Narrative,BERT_predictions,BERT_prediction_probabilities,RoBERTa_predictions,RoBERTa_predictions_probabilities,distilBERT_predictions,distilBERT_predictions_probabilities
750,750,203078115,the driver of unit #1 stated that he was driving in the rain and hydroplaned causing his vehicle to go through the guardrail and over the embankment.,20203078115,2020,O,5/1/2020 0:00,6,SFRAIR00070**N,S,FRA,18.327,39.934037,-82.933822,18000,19234.0,5/15/2020 0:00,13,6,N,2.0,Y,Y,1.0,19,0,,,,Y,18.31,SFRAIR00070**C,Y,1,200348623,1,5,N,1,0,1,COLUMBUS,1,W,Y,N,7.0,Y,0.3,US,N,,N,COLUMBUS,N,,0,,I 70 W,,70,IR,,,N,,,US ROUTE 33 W,1,33,US,,,N,N,N,0,0,N,1.0,0,2,3,,56429.0,N,104.354,32,Y,99,3,4,1,M,N,N,N,0,3,45,1,0,65,1,8,30,45,0,0,0,1,6,NT,15,58,,,,,,,,,,,,,,,,,,,,,,,,,,,,,,,,,,0,4,7084.0,driver unit1 stated driving rain hydroplaned causing vehicle go guardrail embankment .,O,"[0.9999618530273438, 3.688151991809718e-05, 1.3322609220267623e-06]",O,"[0.9022104144096375, 0.09642641246318817, 0.0013632391346618533]",O,"[0.87841796875, 0.1207275390625, 0.0007376670837402344]"
751,751,203078391,unit one was traveling south on st rte 61 when unit one hydroplaned going off the right side of the road and into a ditch. unit one had property damage to the vehicle and bald tires.,20203078391,2020,O,5/1/2020 0:00,3,SHURSR00061**C,S,HUR,6.404,41.079629,-82.663447,32102,99999.0,5/15/2020 0:00,17,6,N,2.0,Y,N,5.0,13,0,,,,N,6.404,SHURSR00061**C,N,1,2.02E+13,1,5,,1,0,1,GREENFIELD TOWNSHIP,1,N,N,N,2.0,Y,0.133,TR,Y,,N,GREENFIELD TOWNSHIP,N,,0,,,,61,SR,,,N,,,EGYPT,1,102,TR,,RD,N,N,N,0,0,N,3.0,0,2,2,,172570.0,N,65.66,24,Y,1,1,9,1,M,N,N,N,0,2,0,1,0,55,1,8,0,0,0,0,0,1,6,NT,1,55,,,,,,,,,,,,,,,,,,,,,,,,,,,,,,,,,,1,4,7553.0,unit1 traveling rte unit1 hydroplaned going side ditch . unit1 property damage vehicle bald tires .,O,"[0.9999998807907104, 1.7074761160529306e-07, 2.1953310280764526e-08]",O,"[0.9996209144592285, 0.0003560658369679004, 2.296266029588878e-05]",O,"[1.0, 0.0, 0.0]"
752,752,203078514,"unit #1 was southbound i-71 at e. north broadway ave., when driver #1 lost control of his vehicle, hydroplaned across the freeway and struck the light support/post. driver of unit #1 was transported to riverside hospital by columub fire medic #16, where he was treated for his injuries",20203078514,2020,C,5/1/2020 0:00,6,SFRARA25396**C,S,FRA,0.001,40.029559,-82.994711,18000,19234.0,5/19/2020 0:00,13,3,N,4.0,Y,Y,1.0,7,0,28700.0,a95e5424-4ea1-4392-a967-90ec6f643b54,5914fdc1-42f2-4020-918d-364e40014858,Y,0.001,SFRARA25396**C,N,1,200357862,1,5,,0,0,1,COLUMBUS,1,S,N,N,,Y,0.1,RA,Y,,N,COLUMBUS,N,,0,,I 71 S,,71,IR,,,N,,E,NORTH BROADWAY,1,,,,AVE,N,N,Y,0,0,N,1.0,1,2,4,,,N,0.001,23,Y,5,1,2,1,M,N,N,N,0,3,39,1,2,65,1,8,39,0,0,0,0,1,6,NT,1,65,,,,,,,,,,,,,,,,,,,,,,,,,,,,,,,,,,0,4,7782.0,"unit1 broadway . , driver lost control vehicle , hydroplaned across freeway struck light support post . driver unit1 transported riverside hospital columub fire medic , treated injuries",AB,"[0.0017978287069126964, 0.20069625973701477, 0.7975059747695923]",C,"[6.066541391192004e-05, 0.7310106754302979, 0.2689286172389984]",C,"[7.748603820800781e-07, 1.0, 3.2186508178710938e-06]"
753,753,203078597,unit 1 hit a racoon and hydroplaned causing unit 1 to damage vehicle.,20203078597,2020,O,5/1/2020 0:00,8,CHAMCR00718**C,C,HAM,0.099,39.100483,-84.555335,15000,16885.0,5/18/2020 0:00,9,2,N,,N,N,4.0,17,0,,ac5d5e3e-b164-4a86-924f-4c00fbed97e0,1b471f44-1e25-4447-a574-cf003b68f307,N,0.099,CHAMCR00718**C,N,1,205005187,4,5,,1,0,1,CINCINNATI,1,,N,N,2.0,N,0.0,,N,2351,N,CINCINNATI,N,,0,,ELBERON,AVE,,,,,N,,,2351ST,3,,,,,N,N,N,0,0,N,,0,1,2,,34807.0,N,0.099,59,N,1,8,5,1,M,N,N,N,0,3,0,1,9,35,1,19,0,0,0,0,0,1,6,NT,1,30,,,,,,,,,,,,,,,,,,,,,,,,,,,,,,,,,,0,1,7907.0,unit1 hit racoon hydroplaned causing unit1 damage vehicle .,O,"[0.9999998807907104, 1.6139530600867147e-07, 3.843420515181606e-08]",O,"[0.9997765421867371, 0.0002189747610827908, 4.544801868178183e-06]",O,"[1.0, 5.960464477539063e-08, 0.0]"
754,754,203079587,unit 1 was traveling west on i275 and lost control of his vehicle after hydroplaning. unit 1 went off the roadway left into the grass median striking a cable pole.,20203079587,2020,O,5/1/2020 0:00,8,SHAMIR00275**N,S,HAM,34.031,39.251575,-84.312844,76028,16885.0,5/18/2020 0:00,13,2,N,2.0,Y,Y,1.0,19,0,,,,Y,33.796,SHAMIR00275**C,N,1,COTP-05182007,1,5,N,2,0,1,SYMMES TOWNSHIP,1,,Y,N,6.0,Y,0.0,,N,,N,COLERAIN TOWNSHIP,N,,0,W,275,HWY,275,IR,,33.8,N,,,33 8,2,,,,,N,N,N,0,0,N,1.0,0,2,2,,34953.0,N,51.631,60,Y,99,3,4,1,M,N,N,N,0,3,33,1,0,65,1,9,33,0,0,0,0,1,6,NT,4,65,,,,,,,,,,,,,,,,,,,,,,,,,,,,,,,,,,0,4,9182.0,unit1 traveling lost control vehicle hydroplaning . unit1 went roadway left grass median striking cable pole .,O,"[0.9996306896209717, 0.0003395546227693558, 2.977793883474078e-05]",O,"[0.9999974966049194, 2.2778215225116583e-06, 1.8014023339674168e-07]",O,"[1.0, 4.172325134277344e-07, 5.960464477539063e-08]"
755,755,203079923,unit 1 was traveling north on harshman rd. and when in the area of arrowrock ave. hydroplaned and crossed center line to the left and collided with the drivers side of unit 2. unit 2 was traveling south on harshman rd.no injuries reportedboth vehicles towed from scene.,20203079923,2020,O,5/1/2020 0:00,7,CMOTCR00074**C,C,MOT,8.961,39.806054,-84.130729,67468,22528.0,5/19/2020 0:00,6,3,N,,N,N,3.0,12,0,,efe91662-5752-406b-9dc6-8b9b84dc7ca2,4ffead6b-a3a3-43c6-beb5-140d891175ba,N,8.961,CMOTCR00074**C,N,1,20-035313,4,5,N,3,0,2,RIVERSIDE,1,,N,N,4.0,N,0.0,MR,N,,N,RIVERSIDE,N,,0,,HARSHMAN,RD,,,,,N,,,ARROWROCK,1,,,,AVE,N,N,Y,0,0,N,,0,2,1,,53553.0,N,8.961,45,Y,5,2,1,1,M,N,N,N,0,4,0,1,0,45,1,20,10,0,0,0,0,1,6,NT,3,40,51.0,1.0,1.0,2.0,1.0,F,,2.0,45.0,1.0,20.0,,,,,,1.0,6.0,NT,3.0,45.0,,,,,,,,,,,,,0,4,9643.0,unit1 traveling harshman area arrowrock . hydroplaned crossed center line left collided drivers side unit2 . unit2 traveling harshman .no injuries reportedboth vehicles towed scene .,O,"[0.9999998807907104, 7.306563531983556e-08, 1.7265003648958555e-08]",O,"[0.999998927116394, 1.0848984857148025e-06, 7.039896665617107e-09]",O,"[1.0, 0.0, 0.0]"
756,756,203080203,unit 1 was traveling northbound on interstate 77 in the right lane at milepost 136.2. unit 1 hydroplaned due to standing water and spun out across the on ramp from sr21nb to ir77nb. unit 1 left the roadway to the right. the front left of unit 1 struck a tree causing the car to spin and the rear of the car struck another tree. the driver had a minor laceration to his arm but declined ems.,20203080203,2020,AB,5/1/2020 0:00,4,SSUMIR00077**N,S,SUM,22.684,41.128127,-81.652638,18658,766.0,5/17/2020 0:00,13,1,N,2.0,Y,Y,1.0,16,0,,,,Y,22.694,SSUMIR00077**C,N,1,22005053,1,5,N,0,1,1,COPLEY TOWNSHIP,1,N,Y,N,6.0,Y,0.2,,Y,,N,COPLEY TOWNSHIP,N,,0,,,,77,IR,,136.0,N,,,136,2,,,,,N,N,Y,0,0,N,1.0,0,2,1,,91297.0,N,136.206,20,Y,11,2,1,1,M,N,N,N,0,2,48,1,2,65,1,8,48,48,0,0,0,1,6,NT,1,70,,,,,,,,,,,,,,,,,,,,,,,,,,,,,,,,,,0,4,9988.0,unit1 traveling interstate milepost .. unit1 hydroplaned due standing water spun across ramp . unit1 left roadway . front left unit1 struck tree causing car spin rear car struck another tree . driver minor laceration arm declined ems .,C,"[2.833378857758362e-06, 0.9999967813491821, 3.8282806258393975e-07]",C,"[1.8260249134982587e-07, 0.9999997615814209, 5.242361922341843e-08]",C,"[1.806020736694336e-05, 1.0, 5.364418029785156e-07]"
757,757,203080205,unit 1 was traveling southbound on interstate 77 in the left most lane at milepost 136.3. unit 1 hydroplaned on standing water in the roadway. unit 1 left the roadway to the left and struck the concrete median. unit 1 reported no injury and declined ems.,20203080205,2020,O,5/1/2020 0:00,4,SSUMIR00077**N,S,SUM,22.745,41.129028,-81.652417,18658,766.0,5/18/2020 0:00,13,2,N,2.0,Y,Y,1.0,18,0,,,,Y,22.755,SSUMIR00077**C,N,1,22005057,1,5,N,1,0,1,COPLEY TOWNSHIP,1,N,Y,N,6.0,Y,0.31,,Y,,N,COPLEY TOWNSHIP,N,,0,,,,77,IR,,136.0,N,,,136,2,,,,,N,N,N,0,0,N,1.0,0,2,1,,91298.0,N,136.267,23,Y,11,1,2,1,M,N,N,N,0,4,35,1,2,65,1,9,35,0,0,0,0,1,6,NT,1,65,,,,,,,,,,,,,,,,,,,,,,,,,,,,,,,,,,0,4,10004.0,unit1 traveling interstate left milepost .. unit1 hydroplaned standing water roadway . unit1 left roadway left struck concrete median . unit1 reported injury declined ems .,O,"[0.6958891749382019, 0.30362093448638916, 0.0004898809711448848]",O,"[0.9995561242103577, 0.0004437100433278829, 1.0876583900198966e-07]",C,"[0.1357421875, 0.8642578125, 0.00021719932556152344]"
758,758,203080334,"on 05-25-20 at approximately 1417 hours, unit #1 was traveling nb on i-75 at approximately 70 mph in the left through lane and when near the 45/7 mp, failed to maintain control of the vehicle, began to hydroplane, and slid off the left side of roadway.",20203080334,2020,O,5/1/2020 0:00,7,SMOTIR00075**C,S,MOT,4.09,39.644337,-84.232254,49392,22528.0,5/25/2020 0:00,17,2,N,2.0,Y,Y,1.0,14,0,,,,Y,4.09,SMOTIR00075**C,N,1,20-1530,1,5,N,2,0,1,MIAMI TOWNSHIP,1,N,Y,N,6.0,Y,0.009,,N,,N,MIAMI TOWNSHIP,N,,0,,,,75,IR,,45.0,N,,,45,2,,,,,N,N,Y,0,0,N,1.0,0,2,2,,45379.0,N,45.06,26,Y,11,2,1,1,M,N,N,N,0,3,0,1,0,65,1,9,0,0,0,0,0,1,6,NT,1,70,,,,,,,,,,,,,,,,,,,,,,,,,,,,,,,,,,0,4,10192.0,"approximately , unit1 traveling approximately mph left near mp , failed maintain control vehicle , began hydroplane , slid left side roadway .",O,"[0.8287203311920166, 0.1590297818183899, 0.012249905616044998]",O,"[0.8861249089241028, 0.11031466722488403, 0.0035604482982307673]",C,"[0.42138671875, 0.57080078125, 0.0079498291015625]"
759,759,203081458,"unit 1 and unit 2 were both traveling westbound on i-74. unit 2 was attempting to make a lane change from the right lane to the middle lane. unit 2 operator made the lane change when it appeared safe. unit 1 at this time hydroplaned, swerved to avoid the median and then spun out nearly striking unit 2 before regaining control . in an attempt to avoid unit 1, unit 2 swerved, lost control and went off of the road to the right, and struck the guardrail coming to a final resting spot in the roadway.",20203081458,2020,O,5/1/2020 0:00,8,SHAMIR00074**N,S,HAM,7.04,39.211314,-84.720467,84938,16885.0,5/23/2020 0:00,5,7,N,2.0,N,Y,1.0,16,0,,,,Y,7.032,SHAMIR00074**C,N,1,0523200718,1,5,N,2,0,2,WHITEWATER TOWNSHIP,1,E,Y,N,6.0,Y,0.002,,Y,,N,COLERAIN TOWNSHIP,N,,0,,,,74,IR,,7.0,N,,,7,2,,,,,N,N,Y,0,0,N,1.0,0,2,2,,34011.0,N,7.04,59,Y,15,3,4,1,M,N,N,N,0,3,0,1,0,65,1,20,0,0,0,0,0,1,6,NT,1,65,25.0,15.0,3.0,4.0,1.0,M,,2.0,65.0,3.0,20.0,8.0,30.0,,,,1.0,6.0,NT,1.0,70.0,,,,,,,,,,,,,0,4,12195.0,"unit1 unit2 traveling i. unit2 attempting make change middle . unit2 operator made change appeared safe . unit1 time hydroplaned , swerved avoid median spun nearly striking unit2 regaining control . attempt avoid unit1 , unit2 swerved , lost control went , struck guardrail coming final resting spot roadway .",O,"[0.9874318838119507, 0.01167412381619215, 0.0008940466213971376]",O,"[0.968752920627594, 0.0308152474462986, 0.00043182808440178633]",O,"[1.0, 1.895427703857422e-05, 2.1457672119140625e-06]"
760,760,203081467,"the driver of unit 2 stated he was driving southbound on i71 in the right lane. the driver of unit 2 stated he reduced his speed because the roadway was slick from the rain. at that time, the driver of unit 2 stated he noticed unit 1 in the left lane going southbound on i71 and hydroplane and spin. the driver of unit 2 then went on to state that unit 1 spun until it faced northbound and in the right lane of i71. unit 1 struck unit 2 in a head on collision. unit 1 then fled the scene, the driver of unit 2 stated he was able to write down the license plate of unit 1 (hfv2465) before it fled the scene. because of the reduced speeds of both units, there were minor damages and both units were able to be driven from the scene. the driver of unit 2 stated he was not injured and declined a medic. reporting officers were not able to attempt a follow up on unit 1 due to run volume.",20203081467,2020,O,5/1/2020 0:00,6,SFRAIR00071**N,S,FRA,19.956,39.998689,-82.984728,18000,19234.0,5/19/2020 0:00,6,3,N,2.0,N,Y,1.0,17,0,28400.0,b35a0861-3343-4041-915d-a798c87f2726,a3d0a641-9eb3-46d0-9233-2e4454bae364,Y,19.951,SFRAIR00071**C,N,1,200359113,1,5,N,2,0,2,COLUMBUS,1,N,Y,N,6.0,Y,0.002,,N,,N,COLUMBUS,N,,0,,,,71,IR,,111.0,N,,,111,2,,,,,N,N,Y,0,0,N,1.0,0,2,1,,45298.0,N,111.0,0,Y,1,9,9,0,U,N,N,N,0,3,0,1,2,0,99,20,0,0,0,0,0,1,6,NT,1,0,35.0,5.0,1.0,2.0,1.0,M,,2.0,65.0,1.0,20.0,,,,,,3.0,6.0,NT,1.0,,,,,,,,,,,,,,0,4,12214.0,"driver unit2 stated driving . driver unit2 stated reduced speed roadway slick rain . time , driver unit2 stated noticed unit1 left going hydroplane spin . driver unit2 went state unit1 spun faced . unit1 struck unit2 head collision . unit1 fled scene , driver unit2 stated able write license plate unit1 fled scene . reduced speeds units , minor damages units able driven scene . driver unit2 stated injured declined medic . reporting officers able attempt follow unit1 due run volume .",O,"[1.0, 5.623977372692934e-08, 1.568067808932483e-08]",O,"[0.9999967813491821, 3.1869633403402986e-06, 1.4627608457828956e-08]",O,"[1.0, 1.7881393432617188e-07, 0.0]"
761,761,203082015,unit #2 responded to cincinnati police district four station to report a hitskip auto accident involving their vehicle. unit #2 heard sounds outside of their residence matching an auto accident and when they responded to their vehicle they observed accident damage. unknown how accident occurred at time of report. further investigation to follow.unit #1 vehicle owner/driver responded to cincinnati police district four station to speak with reporting officer. unit #1 driver admitted fault to accident advising due to rain conditions she began hydroplaning striking unit #2 causing listed auto accident. signed/written statement made by unit #1 driver admitting fault. unit #1 vehicle had matching license plate from photo of unit #2 and photo taken of damage to unit #1 for accident report file.hitskip investigation closed 5/25/20 at 1221 hrs p30.,20203082015,2020,O,5/1/2020 0:00,8,SHAMSR00004**C,S,HAM,0.074,39.157332,-84.480548,15000,16885.0,5/15/2020 0:00,7,6,N,2.0,Y,N,4.0,9,0,42800.0,,,N,0.074,SHAMSR00004**C,N,1,205004934,4,5,,1,0,2,CINCINNATI,1,,N,N,4.0,N,0.0,,N,4024,N,CINCINNATI,N,,0,,PADDOCK,RD,,,,,N,,,4024TH,3,,,,,N,N,N,0,0,N,3.0,0,2,1,,125064.0,N,0.074,27,Y,1,2,1,1,F,N,N,N,0,4,0,1,2,35,1,21,0,0,0,0,0,1,6,NT,1,25,,1.0,2.0,1.0,,,,2.0,35.0,10.0,20.0,,,,,,1.0,6.0,NT,1.0,0.0,,,,,,,,,,,,,0,2,13261.0,unit2 responded cincinnati police district four station report hitskip auto accident involving vehicle . unit2 heard sounds outside residence matching auto accident responded vehicle observed accident damage . unknown accident occurred time report . investigation follow.unit1 vehicle owner driver responded cincinnati police district four station speak reporting officer . unit1 driver admitted fault accident advising due rain conditions began hydroplaning striking unit2 causing listed auto accident . signed written statement made unit1 driver admitting fault . unit1 vehicle matching license plate photo unit2 photo taken damage unit1 accident report file.hitskip investigation closed .,O,"[1.0, 4.380977003393127e-08, 1.241205715984961e-08]",O,"[0.9999983310699463, 1.6423704209955758e-06, 1.9759990976808695e-08]",O,"[1.0, 0.0, 0.0]"
762,762,203082188,units were northbound on i 77 between white pond dr and ridgewood rd. the driver of unit 1 states that he was in lane 1 and hydroplaned on the wet roadway causing his car to drift into lane 2 where it collided with a semi.,20203082188,2020,O,5/1/2020 0:00,4,SSUMIR00077**C,S,SUM,18.369,41.09963,-81.587788,1000,766.0,5/28/2020 0:00,5,5,N,2.0,N,Y,1.0,7,0,85900.0,,,Y,18.369,SSUMIR00077**C,Y,1,T20062981,1,5,N,2,0,2,AKRON,1,,Y,N,6.0,Y,0.0,,N,,N,AKRON,N,,0,,,,77,IR,,,N,,,White Pond,1,,,,DR,N,N,N,0,0,N,1.0,0,1,1,,45448.0,N,131.891,35,Y,99,2,1,1,M,N,N,N,0,1,0,1,9,60,1,20,0,0,0,0,0,1,6,NT,1,55,53.0,1.0,2.0,1.0,1.0,M,,2.0,60.0,1.0,20.0,,,,,,1.0,6.0,NT,15.0,55.0,,,,,,,,,,,,,0,4,13576.0,units white pond ridgewood driver unit1 states hydroplaned wet roadway causing car drift collided semi .,O,"[0.9999995231628418, 5.176586341804068e-07, 5.239351708041795e-08]",O,"[0.9127175211906433, 0.08716490119695663, 0.00011750288831535727]",O,"[1.0, 0.00012731552124023438, 9.655952453613281e-06]"
763,763,203082528,unit 1 was traveling west on i480 in the right lane near mile marker 42 when it contacted standing water causing unit 1 to hydroplane. the driver of unit 1 was not able to maintain control of the vehicle and ran off the road to the right striking a berm and causing minor damage to the front of the vehicle where it made contact. no injuries were reported by the driver of unit 1. gateway towing removed the vehicle from the berm and it was able to be driven from the scene.,20203082528,2020,O,5/1/2020 0:00,4,SPORIR00480**N,S,POR,1.186,41.25768,-81.373362,75014,17668.0,5/28/2020 0:00,13,5,N,2.0,Y,Y,1.0,7,0,,,,Y,1.166,SPORIR00480**C,N,1,202001055,1,5,N,1,0,1,STREETSBORO,1,E,Y,N,4.0,Y,0.038,,Y,,N,STREETSBORO,N,,0,,,,480,IR,,42.0,N,,,42,2,,,,,N,N,N,0,0,N,1.0,0,2,3,,81550.0,N,42.193,22,Y,99,3,4,1,M,N,N,N,0,4,45,1,2,65,1,8,44,45,0,0,0,1,6,NT,1,55,,,,,,,,,,,,,,,,,,,,,,,,,,,,,,,,,,0,4,14264.0,unit1 traveling near mile marker contacted standing water causing unit1 hydroplane . driver unit1 able maintain control vehicle ran striking berm causing minor damage front vehicle made contact . injuries reported driver unit1 . gateway towing removed vehicle berm able driven scene .,O,"[0.9999998807907104, 9.676337242581212e-08, 1.7306314603615647e-08]",O,"[1.0, 5.6886097395125734e-12, 3.0565378719249296e-15]",O,"[1.0, 0.0, 0.0]"
764,764,203082890,unit #1 was westbound on st rt 2. unit #1 lost control when it made the curve near porky's pizza. unit #1 continued to over steer eventually causing it to travel sideways across the center line. unit #1 continued to travel sideways and eventually went off the roadway on the left side. unit #1 then went into the ditch which caused it to flip end over end. unit #1 did a total of three flips. unit #1 came to rest in a planted field. driver of unit #1 told ems that she did not have her seatbelt on. driver of unit #1 stated that the car hydroplaned on her while she was making the curve.,20203082890,2020,AB,5/1/2020 0:00,2,SOTTSR00002**C,S,OTT,10.581,41.588395,-83.096628,12266,99999.0,5/22/2020 0:00,13,6,N,2.0,Y,N,3.0,10,1,,425d2249-6e6c-483c-b2ec-565bcd940830,2d5abf7a-e3fa-47cf-88d3-f603599ffb4e,N,10.581,SOTTSR00002**C,N,1,20-000340,1,5,N,0,0,1,CARROLL TOWNSHIP,1,S,N,N,2.0,Y,0.035,,Y,4975,N,CARROLL TOWNSHIP,N,,0,,,,2,,,,N,,,,3,,,,,N,N,N,0,0,N,3.0,0,2,3,,175781.0,N,108.3,18,Y,11,3,1,9,F,N,N,N,0,2,44,1,0,55,5,11,9,44,1,1,0,1,6,RT,1,55,,,,,,,,,,,,,,,,,,,,,,,,,,,,,,,,,,1,4,14771.0,unit1 . unit1 lost control made curve near porky 's pizza . unit1 continued steer eventually causing travel sideways across center line . unit1 continued travel sideways eventually went roadway left side . unit1 went ditch caused flip end end . unit1 total three flips . unit1 came rest planted field . driver unit1 told ems seatbelt . driver unit1 stated car hydroplaned making curve .,AB,"[6.9388019774407894e-09, 1.3414089039542887e-07, 0.9999998807907104]",AB,"[4.0092659219226334e-06, 6.24154054094106e-05, 0.9999336004257202]",AB,"[0.0, 0.0, 1.0]"
765,765,203084237,unit 1 was traveling eastbound on st rt 73 near baxter dr. unit 1 hydroplaned through the curve and went off the right side of the road way into several feet of standing water.,20203084237,2020,O,5/1/2020 0:00,8,SWARSR00073**C,S,WAR,4.009,39.562502,-84.267001,74076,56926.0,5/18/2020 0:00,17,2,N,2.0,N,N,3.0,20,0,95300.0,43a55b08-7908-4e9f-8edc-c34aa9a0fc7e,337f2e5e-8948-4550-a728-4a751dee8352,N,4.009,SWARSR00073**C,N,4,20-115,4,5,N,1,0,1,SPRINGBORO,1,,N,N,4.0,N,0.0,RA,Y,,N,SPRINGBORO,N,,0,,,,73,SR,,,N,,,BAXTER,1,,,,DR,N,N,N,0,0,N,3.0,0,2,3,,152199.0,N,29.705,22,Y,1,4,3,1,M,N,N,N,0,4,0,1,0,50,13,13,8,0,0,0,0,1,6,NT,1,45,,,,,,,,,,,,,,,,,,,,,,,,,,,,,,,,,,0,4,1265.0,unit1 traveling near baxter . unit1 hydroplaned curve went side several feet standing water .,O,"[0.9999914169311523, 7.95230153016746e-06, 5.566420782088244e-07]",O,"[0.9460721611976624, 0.053473420441150665, 0.0004543796821963042]",O,"[1.0, 0.0, 0.0]"