,id,OBJECTID,Narrative,DOCUMENT_NBR,CRASH_YR,CRASH_SEVERITY_CD,CRASH_MONTH_YEAR,DISTRICT_NBR,NLFID,NLF_JUR_CD,NLF_COUNTY_CD,COUNTY_LOG_NBR,ODOT_LATITUDE_NBR,ODOT_LONGITUDE_NBR,ODOT_FIPS_CD,AREA_CODE,CRASH_DATE,CRASH_TYPE_CD,DAY_IN_WEEK_CD,DISTRACTED_DRIVER_IND,FACILITY_TYPE_CD,FHWA_RDWY_DEPARTURE_IND,FREEWAY_IND,FUNCTIONAL_CLASS_CD,HOUR_OF_CRASH,INCAPAC_INJURIES_NBR,INTERCHANGE_ID,INTERSECTION_ID_CURRENT,INTERSECTION_LEG_ID,INTERSTATE_IND,INV_LOG_NBR,INV_NLFID,IS_COMMERCIAL_RELATED,LIGHT_COND_PRIMARY_CD,LOCAL_REPORT_NUMBER_ID,MAINTENANCE_AUTHORITY_CD,MONTH_OF_CRASH,NHS_CD,NO_INJURY_REPORTED_NBR,NON_INCAPAC_INJURIES_NBR,NUMBER_OF_UNITS_NBR,ODOT_CITY_VILLAGE_TWP_NME,ODOT_CRASH_LOCATION_CD,ODOT_DIR_FROM_REF_CD,ODOT_DIV_UNDIV_IND,ODOT_INTERSECTION_REL_IND,ODOT_LANES_NBR,ODOT_MAINTAINED_HWY_IND,ODOT_MILES_FROM_REF_NBR,ODOT_REF_ROUTE_PREFIX_CD,ODOT_YOUNG_DRIVER_IND,ODPS_ADDRESS_REFERENCE,ODPS_ALCOHOL_IND,ODPS_CITY_VILLAGE_TWP_NME,ODPS_DRUG_IND,ODPS_LOC_DIR_SUFFIX_CD,ODPS_LOC_IN_WORK_ZONE_CD,ODPS_LOC_ROAD_DIRECTION_CD,ODPS_LOC_ROAD_NME,ODPS_LOC_ROAD_SUFFIX_CD,ODPS_LOC_ROUTE_ID,ODPS_LOC_ROUTE_PREFIX_CD,ODPS_LOC_ROUTE_SUFFIX_CD,ODPS_MILEPOST_REFERENCE,ODPS_MOTORCYCLE_IND,ODPS_REF_DIR_SUFFIX_CD,ODPS_REF_DIRECTION_CD,ODPS_REF_GIVEN,ODPS_REF_POINT_USED_CD,ODPS_REF_ROUTE_ID,ODPS_REF_ROUTE_PREFIX_CD,ODPS_REF_ROUTE_SUFFIX_CD,ODPS_REF_SUFFIX_CD,ODPS_SCHOOL_ZONE_IND,ODPS_SENIOR_DRIVER_IND,ODPS_SPEED_IND,ODPS_TOTAL_FATALITIES_NBR,ODPS_TYPE_OF_WORK_ZONE_CD,ODPS_WORK_ZONE_IND,OPER_ACCESS_CONTROL_CD,POSSIBLE_INJURIES_NBR,ROAD_COND_PRIMARY_CD,ROAD_CONTOUR_CD,SA_RAMP_ID,SA_SEGMENT_ID,SECONDARY_CRASH,STATE_TRUE_LOG_NBR,U1_AGE_NBR,U1_AT_FAULT_IND,U1_CONT_CIR_PRIMARY_CD,U1_DIRECTION_FROM_CD,U1_DIRECTION_TO_CD,U1_DISTRACTED_BY_1_CD,U1_GENDER_CD,U1_IS_ALCOHOL_SUSPECTED,U1_IS_MARIJUANA_SUSPECTED,U1_IS_OTHER_DRUG_SUSPECTED,U1_NON_MOTORIST_LOC_CD,U1_NUMBER_OF_THRU_LANES,U1_OBJECT_STRUCK,U1_ODPS_UNIT_NBR,U1_OPERATINGIN_AUTONOMOUS_MODE,U1_POSTED_SPEED_NBR,U1_PRECRASH_ACTION_CD,U1_SEQ_OF_EVENTS_1_CD,U1_SEQ_OF_EVENTS_2_CD,U1_SEQ_OF_EVENTS_3_CD,U1_SEQ_OF_EVENTS_4_CD,U1_SEQ_OF_EVENTS_5_CD,U1_SEQ_OF_EVENTS_6_CD,U1_SPECIAL_FUNCTION_CD,U1_TRAFFIC_CONTROL_CD,U1_TURN_CD,U1_TYPE_OF_UNIT_CD,U1_UNIT_SPEED_NBR,U2_AGE_NBR,U2_CONT_CIR_PRIMARY_CD,U2_DIRECTION_FROM_CD,U2_DIRECTION_TO_CD,U2_DISTRACTED_BY_1_CD,U2_GENDER_CD,U2_NON_MOTORIST_LOC_CD,U2_ODPS_UNIT_NBR,U2_POSTED_SPEED_NBR,U2_PRECRASH_ACTION_CD,U2_SEQ_OF_EVENTS_1_CD,U2_SEQ_OF_EVENTS_2_CD,U2_SEQ_OF_EVENTS_3_CD,U2_SEQ_OF_EVENTS_4_CD,U2_SEQ_OF_EVENTS_5_CD,U2_SEQ_OF_EVENTS_6_CD,U2_SPECIAL_FUNCTION_CD,U2_TRAFFIC_CONTROL_CD,U2_TURN_CD,U2_TYPE_OF_UNIT_CD,U2_UNIT_SPEED_NBR,U3_CONT_CIR_PRIMARY_CD,U3_ODPS_UNIT_NBR,U3_PRECRASH_ACTION_CD,U3_SEQ_OF_EVENTS_1_CD,U3_SEQ_OF_EVENTS_2_CD,U3_SEQ_OF_EVENTS_3_CD,U3_SEQ_OF_EVENTS_4_CD,U3_SEQ_OF_EVENTS_5_CD,U3_SEQ_OF_EVENTS_6_CD,U3_SPECIAL_FUNCTION_CD,U3_TRAFFIC_CONTROL_CD,U3_TYPE_OF_UNIT_CD,UNRESTRAIN_OCCUPANTS,WEATHER_COND_CD,V1,clean_Narrative,BERT_predictions,BERT_prediction_probabilities,RoBERTa_predictions,RoBERTa_predictions_probabilities,distilBERT_predictions,distilBERT_predictions_probabilities
766,766,203086403,"unit one was traveling west bound on sr 32 when unit one had hydroplaned across the road way, going into the grass shoulder sticking an exit sign. driver and passenger had fled the scene after the vehicle came to a stop.",20203086403,2020,O,4/1/2020 0:00,9,SBROSR00032**N,S,BRO,5.798,39.038703,-83.911158,52906,99999.0,4/29/2020 0:00,17,4,N,2.0,Y,N,3.0,17,0,,,,N,5.794,SBROSR00032**C,N,1,2.02E+13,4,4,N,1,0,1,MOUNT ORAB,1,W,Y,N,4.0,N,0.004,,N,,N,GREEN TOWNSHIP,N,,0,,STATE ROUTE 32 W,,32,SR,,,N,,N,HIGH,1,,,,ST,N,N,N,0,0,N,2.0,0,2,1,,133103.0,N,29.761,56,Y,18,3,9,1,M,N,N,N,0,2,0,1,0,60,1,8,0,0,0,0,0,1,6,NT,1,0,,,,,,,,,,,,,,,,,,,,,,,,,,,,,,,,,,1,4,7857.0,"unit1 traveling unit1 hydroplaned across , going grass shoulder sticking exit sign . driver passenger fled scene vehicle came stop .",C,"[4.025816815556027e-05, 0.9999147653579712, 4.49243416369427e-05]",O,"[0.9996114373207092, 0.000384164770366624, 4.423934115038719e-06]",O,"[1.0, 4.708766937255859e-06, 2.384185791015625e-07]"
767,767,203087714,unit 1 was northbound in the left lane of i 77 near the 108 mile post. unit 1 hydroplaned and lost control traveling across 2 lanes of travel and striking the guardrail on the east side of the highway.,20203087714,2020,C,6/1/2020 0:00,4,SSTAIR00077**C,S,STA,13.112,40.836742,-81.399416,12000,13375.0,6/5/2020 0:00,13,6,N,2.0,Y,Y,1.0,18,0,,,,Y,13.112,SSTAIR00077**C,N,1,2006632,1,6,N,0,0,1,CANTON,1,,Y,N,6.0,Y,0.0,,N,,N,CANTON,N,,0,,,HWY,77,IR,,108.0,N,,,108,2,,,,,N,N,Y,0,0,N,1.0,1,2,3,,81378.0,N,108.094,27,Y,5,2,1,1,F,N,N,N,0,3,30,1,0,65,1,30,0,0,0,0,0,1,6,NT,1,0,,,,,,,,,,,,,,,,,,,,,,,,,,,,,,,,,,0,4,6318.0,unit1 left near mile post . unit1 hydroplaned lost control traveling across lanes travel striking guardrail side .,C,"[0.06430267542600632, 0.9180978536605835, 0.017599426209926605]",C,"[0.050252579152584076, 0.9463360905647278, 0.0034113433212041855]",C,"[0.442626953125, 0.548828125, 0.00856781005859375]"
768,768,203089510,unit 1 was westbound on i 76 w traveling in lane 2. or lane 3. unit 2 was westbound on i 76 w traveling in lane 1. unit 1 stated that he began to hydroplane and ran off the road to the left. unit 1 struck the center barrier and into the path of unit 2. unit 2 was unable to swerve to avoid striking unit 1 due to a another vehicle to her right. unit 2 struck unit 1. unit 1 was found to have caused the accident. bwc,20203089510,2020,O,6/1/2020 0:00,4,SSUMIR00076**N,S,SUM,10.831,41.062729,-81.518282,1000,766.0,6/5/2020 0:00,5,6,N,2.0,N,Y,1.0,19,0,,,,Y,10.854,SSUMIR00076**C,N,1,T20067316,1,6,N,4,0,2,AKRON,1,,Y,N,8.0,Y,0.0,,N,,N,AKRON,N,,0,,,,76,IR,,,N,,,Grant,1,,,,ST,N,N,Y,0,0,N,1.0,0,1,1,,56798.0,N,22.979,28,Y,99,3,4,1,M,N,N,N,0,5,35,1,9,55,1,20,35,0,0,0,0,1,6,NT,1,60,28.0,1.0,3.0,4.0,1.0,F,,2.0,55.0,1.0,20.0,,,,,,1.0,6.0,NT,1.0,68.0,,,,,,,,,,,,,0,4,10155.0,unit1 traveling . . unit2 traveling . unit1 stated began hydroplane ran left . unit1 struck center barrier path unit2 . unit2 unable swerve avoid striking unit1 due another vehicle . unit2 struck unit1 . unit1 found caused accident . bwc,C,"[0.02993045188486576, 0.9504492282867432, 0.019620299339294434]",O,"[0.9988890290260315, 0.0009824656881392002, 0.0001285403996007517]",O,"[0.92578125, 0.05792236328125, 0.01629638671875]"
769,769,203090086,"unit 1 was traveling southbound on route 8 south. unit 1 stated she hydroplaned and struck the center barrier on the highway which caused her to flip the vehicle. . afd med unit arrived and evaluated the driver of unit 1, they decided she did not need to be transported to hospital. . driver of unit 1 was cited for ftc. . bwc available.",20203090086,2020,O,6/1/2020 0:00,4,SSUMSR00008**N,S,SUM,3.074,41.102048,-81.500046,1000,766.0,6/5/2020 0:00,13,6,N,2.0,Y,Y,2.0,18,0,87800.0,,,N,3.048,SSUMSR00008**C,N,1,T20067294,4,6,N,1,0,1,AKRON,1,,Y,N,6.0,N,0.0,SR,N,,N,AKRON,N,,0,,STATE ROUTE 8 S,,8,SR,,,N,E,,STATE ROUTE 261 S,1,261,SR,,,N,N,N,0,0,N,1.0,0,1,1,,180752.0,N,3.074,32,Y,99,1,2,1,F,N,N,N,0,4,36,1,9,55,1,36,0,0,0,0,0,1,6,NT,1,50,,,,,,,,,,,,,,,,,,,,,,,,,,,,,,,,,,0,4,11020.0,"unit1 traveling . unit1 stated hydroplaned struck center barrier caused flip vehicle . . afd med unit arrived evaluated driver unit1 , decided need transported hospital . . driver unit1 cited ftc . . bwc available .",C,"[1.9963379145337967e-06, 0.9999971389770508, 8.467929433209065e-07]",O,"[0.9724905490875244, 0.02747308649122715, 3.6413617635844275e-05]",C,"[7.450580596923828e-06, 1.0, 2.4318695068359375e-05]"
770,770,203091574,"unit 01 was traveling in the middle lane on 480 eastbound. unit 01 attempted to change lanes into the left lane. the operator of unit 01 failed to maintain reasonable control and hydroplaned into the concrete median that separates east and westbound traffic. unit 01 suffered disabling damage and was towed by pro automotive. occupant 02 was checked out by nofd, but was not transported. the operator of unit 01 was issued a summons in lieu citation. there was no damage done to the concrete wall.",20203091574,2020,C,6/1/2020 0:00,12,SCUYIR00480**C,S,CUY,5.066,41.418947,-81.883493,56882,17668.0,6/10/2020 0:00,13,4,N,2.0,Y,Y,1.0,20,0,,,,Y,5.066,SCUYIR00480**C,N,1,T78091,1,6,N,1,0,1,NORTH OLMSTED,1,W,Y,N,6.0,Y,0.3,,N,,N,NORTH OLMSTED,N,,0,,I 480 E,,480,IR,,,N,,,CLAGUE,1,,,,RD,N,N,Y,0,0,N,1.0,2,2,1,,54049.0,N,7.37,26,Y,5,4,3,1,F,N,N,N,0,3,35,1,0,60,1,35,0,0,0,0,0,1,6,NT,3,60,,,,,,,,,,,,,,,,,,,,,,,,,,,,,,,,,,0,4,14707.0,"unit1 traveling middle . unit1 attempted change lanes left . operator unit1 failed maintain reasonable control hydroplaned concrete median separates traffic . unit1 suffered disabling damage towed pro automotive . occupant checked nofd , transported . operator unit1 issued summons lieu citation . damage done concrete wall .",O,"[0.9999681711196899, 3.0654297006549314e-05, 1.1863469353556866e-06]",C,"[1.6712128854123875e-05, 0.9999833106994629, 1.9598035194690056e-08]",C,"[0.0004374980926513672, 1.0, 1.9073486328125e-06]"
771,771,203095376,"the driver of unit #1 stated that she was heading south on i270s near mile marker #42. the driver of unit #1 stated that she attempted to slow for traffic that was backed up when she began to hydroplane which caused her vehicle to skid, ultimately causing her to rear end unit #2. the driver of unit #2 stated that he was stopped in traffic on i270s near mile marker #42 when his vehicle was struck from behind by unit #1. truro township medic #161 responded to the scene, however, neither driver wished to seek medical treatment. the driver of unit #1 was found to have a suspended license. the driver of unit #1 was released on a summons for driving with a suspended driver's license and acda. unit #1 was impounded to the cpd impound lot.",20203095376,2020,O,6/1/2020 0:00,6,SFRAIR00270**C,S,FRA,41.986,39.945065,-82.846316,18000,19234.0,6/18/2020 0:00,2,5,N,2.0,N,Y,1.0,16,0,27900.0,,,Y,41.986,SFRAIR00270**C,N,1,200442483,1,6,N,2,0,2,COLUMBUS,1,S,Y,N,10.0,Y,0.028,,N,,N,COLUMBUS,N,,0,,,,270,IR,,42.0,N,,,42,2,,,,,N,N,Y,0,0,N,1.0,0,2,1,,81484.0,N,41.986,31,Y,5,1,2,1,F,N,N,N,0,3,0,1,0,65,1,20,0,0,0,0,0,1,6,NT,1,62,54.0,1.0,1.0,2.0,9.0,M,,2.0,65.0,11.0,20.0,,,,,,1.0,6.0,NT,1.0,0.0,,,,,,,,,,,,,0,4,11861.0,"driver unit1 stated heading 7s near mile marker . driver unit1 stated attempted slow traffic backed began hydroplane caused vehicle skid , ultimately causing rear end unit2 . driver unit2 stated stopped traffic 7s near mile marker vehicle struck behind unit1 . truro township medic responded scene , however , neither driver wished seek medical treatment . driver unit1 found suspended license . driver unit1 released summons driving suspended driver 's license acda . unit1 impounded cpd impound lot .",O,"[0.9999833106994629, 1.5916315533104353e-05, 6.760928386029263e-07]",O,"[0.9999984502792358, 1.592243961567874e-06, 2.2323543902302845e-08]",C,"[0.0008554458618164062, 0.9990234375, 1.0848045349121094e-05]"
772,772,203097780,"unit #1 was northbound on ir 77 nb in the right lane near the 104.8 milepost, hydroplaned on the water covered roadway went off the left side and struck the cement median barrier.",20203097780,2020,O,6/1/2020 0:00,4,SSTAIR00077**C,S,STA,9.829,40.792515,-81.388342,12000,13375.0,6/22/2020 0:00,13,2,N,2.0,Y,Y,1.0,11,0,,,,Y,9.829,SSTAIR00077**C,N,1,2007457,1,6,N,1,0,1,CANTON,1,,Y,N,6.0,Y,0.0,,Y,,N,CANTON,N,,0,,,HWY,77,IR,,104.8,N,,,104 8,2,,,,,N,N,N,0,0,N,1.0,0,2,1,,39608.0,N,104.811,25,Y,11,2,1,1,M,N,N,N,0,3,35,1,0,55,1,9,35,0,0,0,0,1,6,NT,1,0,,,,,,,,,,,,,,,,,,,,,,,,,,,,,,,,,,0,4,19496.0,"unit1 near . milepost , hydroplaned water covered roadway went left side struck cement median barrier .",O,"[0.9876349568367004, 0.011381357908248901, 0.0009836592944338918]",O,"[0.9894318580627441, 0.010533626191318035, 3.450708754826337e-05]",O,"[1.0, 2.3245811462402344e-06, 5.960464477539063e-08]"
773,773,203097820,"unit #1 was traveling eastbound on us 30. the driver advised his vehicle hydroplaned causing him to loose control of the vehicle, the vehicle then went off the right side of the roadway into some trees.",20203097820,2020,AB,6/1/2020 0:00,4,SSTAUS00030**C,S,STA,11.038,40.773392,-81.456107,62078,13375.0,6/22/2020 0:00,13,2,N,2.0,Y,Y,2.0,11,1,,,,N,11.038,SSTAUS00030**C,N,1,2020-09456C,1,6,N,0,0,1,PERRY TOWNSHIP,1,E,Y,N,4.0,Y,0.038,,N,,N,PERRY TOWNSHIP,N,,0,,,,30,US,,11.0,N,,,11,2,,,,,N,N,Y,0,0,N,1.0,0,2,1,,275449.0,N,188.684,43,Y,5,4,3,1,M,N,N,N,0,2,48,1,0,65,1,8,48,0,0,0,0,1,6,NT,1,55,,,,,,,,,,,,,,,,,,,,,,,,,,,,,,,,,,1,4,19560.0,"unit1 traveling us . driver advised vehicle hydroplaned causing loose control vehicle , vehicle went side roadway trees .",O,"[0.4602380096912384, 0.4411311149597168, 0.0986308753490448]",C,"[0.21071891486644745, 0.7709164023399353, 0.018364645540714264]",O,"[0.44921875, 0.4443359375, 0.10693359375]"
774,774,203098247,unit #1 was traveling on interstate route 77 north at the mile post 137a in the middle lane when the driver attempted to change into the left lane for merging traffic and vehicle the hydroplaned into the concrete median wall.,20203098247,2020,O,6/1/2020 0:00,4,SSUMIR00077**C,S,SUM,23.55,41.140323,-81.648536,4248,766.0,6/22/2020 0:00,13,2,N,2.0,Y,Y,1.0,12,0,86300.0,e19578df-4c9d-4247-abe4-fc1dc0e7d54b,30c3acc9-5669-483b-97d5-720b41439d7b,Y,23.55,SSUMIR00077**C,N,1,22006087,1,6,N,2,0,1,BATH TOWNSHIP,1,,Y,N,6.0,Y,0.0,,N,,N,COPLEY TOWNSHIP,N,,0,,,HWY,77,IR,,137.0,N,,,137,2,,,,,N,N,N,0,0,N,1.0,0,2,1,,34535.0,N,137.072,38,Y,1,2,1,1,F,N,N,N,0,3,35,1,2,65,3,9,35,0,0,0,0,1,6,NT,1,55,,,,,,,,,,,,,,,,,,,,,,,,,,,,,,,,,,0,4,20091.0,unit1 traveling interstate mile post 137a middle driver attempted change left merging traffic vehicle hydroplaned concrete median wall .,O,"[0.6448262333869934, 0.3335244953632355, 0.02164924517273903]",O,"[0.9982966780662537, 0.0016841428587213159, 1.9203976989956573e-05]",O,"[1.0, 0.0, 0.0]"
775,775,203098287,unit 1 (ramaswarny) stated that she was driving south bound on 77 s in the middle lane and unit 2 was traveling southbound in the far right lane. unit 1 stated that unit 2 switched lanes abruptly and came into her lane in front of her. unit 1 stated that she then hit the rear bumper of unit 2 casing unit 2 to lose control and crash into the wall that separates 77 north and 77 south. unit 2 was not on scene when i arrived. driver was transported to city hospital by amr. vehicle was towed to stans.tow yard unit 2( shannon) stated that he was driving south bound on 77 s when his vehicle hydroplaned due to water and he lost control. unit 2 stated that he switched lanes and was struck by unit 1 which then caused him to crash into the wall. unit 2 was cited bwc,20203098287,2020,C,6/1/2020 0:00,4,SSUMIR00077**N,S,SUM,17.182,41.083977,-81.5793,1000,766.0,6/22/2020 0:00,2,2,N,2.0,N,Y,1.0,12,0,85800.0,,,Y,17.19,SSUMIR00077**C,N,1,T20076098,1,6,N,2,0,2,AKRON,1,,Y,N,6.0,Y,0.0,IR,Y,,N,AKRON,N,,0,,STATE ROUTE 162 S,,162,SR,,,N,S,,I 77 S,1,77,IR,,,N,N,N,0,0,N,1.0,1,1,1,,56830.0,N,130.704,24,Y,99,1,2,1,M,N,N,N,0,1,0,2,9,0,1,20,0,0,0,0,0,1,6,NT,1,0,22.0,1.0,1.0,2.0,1.0,F,,1.0,,1.0,20.0,,,,,,1.0,6.0,NT,3.0,,,,,,,,,,,,,,0,4,20125.0,unit1 stated driving middle unit2 traveling far . unit1 stated unit2 switched lanes abruptly came front . unit1 stated hit rear bumper unit2 casing unit2 lose control crash wall separates . unit2 scene arrived . driver transported city hospital amr . vehicle towed stans.tow yard unit2 stated driving vehicle hydroplaned due water lost control . unit2 stated switched lanes struck unit1 caused crash wall . unit2 cited bwc,C,"[5.338626215234399e-05, 0.9998342990875244, 0.00011230036761844531]",AB,"[8.147506741806865e-05, 0.03487999737262726, 0.965038537979126]",C,"[3.11732292175293e-05, 1.0, 0.00016999244689941406]"
776,776,203098337,on 6/23/2020 unit one was traveling southbound on i-75 in the far left lane. unit one stated he started to hydroplane and then lost control of listed vehicle resulting in striking the highway center divider. unit one suffered front end damage to its vehicle. unit one required no medical attention and was cited with 4511.202 failure to control. unit one was advised on follow up procedures and how to obtain a copy of the report.,20203098337,2020,O,6/1/2020 0:00,2,SLUCIR00075**N,S,LUC,4.242,41.669201,-83.572093,77000,87868.0,6/23/2020 0:00,17,3,N,2.0,Y,Y,1.0,7,0,,,,Y,4.232,SLUCIR00075**C,N,1,2.00623E+13,1,6,N,1,0,1,TOLEDO,1,,Y,N,8.0,Y,0.0,,N,,N,TOLEDO,N,S,0,,I75,HWY,75,IR,,203.0,N,,,203,2,,,,,N,N,N,0,0,N,1.0,0,2,1,,34211.0,N,203.824,40,Y,99,1,2,1,M,N,N,N,0,4,0,1,0,60,1,9,0,0,0,0,0,1,6,NT,4,40,,,,,,,,,,,,,,,,,,,,,,,,,,,,,,,,,,0,4,20196.0,unit1 traveling far left . unit1 stated started hydroplane lost control listed vehicle resulting striking center divider . unit1 suffered front end damage vehicle . unit1 required medical attention cited . failure control . unit1 advised follow procedures obtain copy report .,O,"[0.9999998807907104, 1.001611238393707e-07, 2.2062319970928e-08]",O,"[0.9999654293060303, 3.460793959675357e-05, 5.352183141127398e-09]",O,"[1.0, 0.0, 0.0]"
777,777,203098534,unit #1 was traveling north bound on valley pike when it began to hydroplane. unit #1 slid sideways across the roadway. unit #1 attempted to correct the positioning of the vehicle and drove off of the left side of the road. unit #1 then dropped off into the creek and rolled onto the left side at final rest.,20203098534,2020,O,5/1/2020 0:00,7,CCHPCR00015**C,C,CHP,1.014,40.043428,-83.832141,46760,99999.0,5/25/2020 0:00,13,2,N,,Y,N,5.0,16,0,,,,N,1.014,CCHPCR00015**C,N,1,20-014279,2,5,,2,0,1,MAD RIVER TOWNSHIP,1,,N,N,2.0,N,0.0,,Y,4980,N,MAD RIVER TOWNSHIP,N,,0,,Valley,PIKE,,,,,N,,,4980TH,3,,,,,N,N,Y,0,0,N,,0,2,1,,6858.0,N,1.014,21,Y,1,2,1,1,M,N,N,N,0,2,44,1,0,50,1,9,44,0,0,0,0,1,6,NT,4,55,,,,,,,,,,,,,,,,,,,,,,,,,,,,,,,,,,0,4,20413.0,unit1 traveling valley pike began hydroplane . unit1 slid sideways across roadway . unit1 attempted correct positioning vehicle drove left side . unit1 dropped creek rolled onto left side final rest .,O,"[0.999871015548706, 0.00012159072502981871, 7.409658337564906e-06]",C,"[0.03498423844575882, 0.9529223442077637, 0.012093393132090569]",O,"[0.927734375, 0.0704345703125, 0.0019893646240234375]"
778,778,203098551,"unit #1 was traveling southbound on i-71. the vehicle hydroplaned, went off of the road to the right, into a ditch and then struck a fence before coming to final rest.",20203098551,2020,O,6/1/2020 0:00,12,SCUYIR00071**N,S,CUY,15.002,41.44819,-81.746377,9246,17668.0,6/23/2020 0:00,13,3,N,2.0,Y,Y,1.0,12,0,,7873cd68-f233-4bd2-9bb3-1256a179a12a,eb89d7e3-d2ad-4e94-ad7e-7c89808a0498,Y,14.95,SCUYIR00071**C,N,1,2020055387,1,6,N,1,0,1,BROOKLYN,1,S,Y,N,8.0,Y,0.085,,N,,N,BROOKLYN,N,,0,,,,71,IR,,243.6,N,,,243 6,2,,,,,N,N,Y,0,0,N,1.0,0,2,3,,42808.0,N,243.693,48,Y,5,2,1,1,M,N,N,N,0,4,44,1,0,60,1,8,44,46,0,0,0,1,6,NT,1,65,,,,,,,,,,,,,,,,,,,,,,,,,,,,,,,,,,0,4,20434.0,"unit1 traveling i. vehicle hydroplaned , went , ditch struck fence coming final rest .",O,"[0.9973387122154236, 0.0023818151094019413, 0.0002795710461214185]",O,"[0.9811971783638, 0.018282517790794373, 0.0005202486063353717]",O,"[1.0, 0.0001442432403564453, 1.519918441772461e-05]"
779,779,203099931,unit 1 was traveling west bound on i275 at the 30/2 mile marker. unit 2 was stopped facing west bound on the center median shoulder. unit 1 hydroplaned causing the vehicle to go off the roadway left and struck the center median guard wires then struck unit 2 causing unit 2 to advance 40 feet further west bound. unit 1 then continued on the center median guide wires until it came to its final resting point.,20203099931,2020,O,6/1/2020 0:00,8,SHAMIR00275**N,S,HAM,12.691,39.226978,-84.651888,16616,16885.0,6/21/2020 0:00,5,1,N,2.0,Y,Y,1.0,18,0,,,,Y,12.461,SHAMIR00275**C,N,1,0621200925,1,6,N,4,0,2,COLERAIN TOWNSHIP,1,,Y,N,6.0,Y,0.0,,Y,,N,COLERAIN TOWNSHIP,N,,0,,,,275,IR,,302.0,N,,,,2,,,,,N,N,N,0,0,N,1.0,0,2,1,,39742.0,N,30.291,19,Y,1,3,4,1,F,N,N,N,0,4,33,1,0,65,1,9,33,20,33,0,0,1,6,NT,1,65,41.0,1.0,3.0,4.0,1.0,F,,2.0,65.0,11.0,20.0,33.0,,,,,1.0,6.0,NT,1.0,0.0,,,,,,,,,,,,,0,2,21900.0,unit1 traveling mile marker . unit2 stopped facing center median shoulder . unit1 hydroplaned causing vehicle go roadway left struck center median guard wires struck unit2 causing unit2 advance feet . unit1 continued center median guide wires came final resting point .,O,"[0.4981238543987274, 0.45895081758499146, 0.04292529821395874]",C,"[0.41559621691703796, 0.5822744369506836, 0.0021292739547789097]",O,"[0.59619140625, 0.37646484375, 0.0272979736328125]"
780,780,203100481,unit #1 was traveling w b on sr. 2 in the center lane when he hydroplaned and struck the high speed wall. the car rotated 180 degrees and struck the wall with the rear passenger side bumper then came to rest with both wheels against the wall.,20203100481,2020,O,6/1/2020 0:00,12,SLAKSR00002**N,S,LAK,0.623,41.614728,-81.479132,85036,17668.0,6/21/2020 0:00,13,1,N,2.0,Y,Y,2.0,17,0,,,,N,0.626,SLAKSR00002**C,N,1,2000147,4,6,N,1,0,1,WICKLIFFE,1,W,Y,N,6.0,N,0.019,SR,Y,,N,WICKLIFFE,N,,0,,STATE ROUTE 2 W,,2,SR,,,N,,,LLOYD,1,633,SR,,RD,N,N,Y,0,0,N,1.0,0,2,4,,326617.0,N,208.955,23,Y,5,3,4,1,M,N,N,N,0,3,35,1,0,60,1,9,35,0,0,0,0,1,6,NT,1,60,,,,,,,,,,,,,,,,,,,,,,,,,,,,,,,,,,0,4,22321.0,unit1 traveling b sr. center hydroplaned struck high speed wall . car rotated degrees struck wall rear passenger side bumper came rest wheels wall .,C,"[0.28641730546951294, 0.675540566444397, 0.03804212436079979]",C,"[0.01674189418554306, 0.9821677207946777, 0.001090379199013114]",C,"[0.26611328125, 0.7216796875, 0.01203155517578125]"
781,781,203100524,unit #1 hydroplaned on standing water while driving southbound on sr8. unit#1 struck the center median and came to a final rest in the opposite direction.,20203100524,2020,O,6/1/2020 0:00,4,SSUMSR00008**N,S,SUM,0.608,41.065379,-81.504356,1000,766.0,6/23/2020 0:00,13,3,N,2.0,Y,Y,2.0,13,0,,,,N,0.487,SSUMSR00008**C,N,1,T20076649,4,6,N,1,0,1,AKRON,1,,Y,N,6.0,N,0.0,IR,Y,,N,AKRON,N,,0,,STATE ROUTE 8 S,,8,SR,,,N,E,,I 76 S,1,76,IR,,,N,N,N,0,0,N,1.0,0,1,1,,295671.0,N,0.608,25,Y,99,1,2,1,M,N,N,N,0,1,35,1,9,55,1,35,0,0,0,0,0,1,6,NT,1,0,,,,,,,,,,,,,,,,,,,,,,,,,,,,,,,,,,0,4,22386.0,unit1 hydroplaned standing water driving . unit1 struck center median came final rest opposite direction .,O,"[0.9999648332595825, 3.3185257052537054e-05, 2.0383856735861627e-06]",O,"[0.777360200881958, 0.22155319154262543, 0.0010866622906178236]",O,"[1.0, 3.337860107421875e-06, 1.7881393432617188e-07]"