,id,OBJECTID,Narrative,DOCUMENT_NBR,CRASH_YR,CRASH_SEVERITY_CD,CRASH_MONTH_YEAR,DISTRICT_NBR,NLFID,NLF_JUR_CD,NLF_COUNTY_CD,COUNTY_LOG_NBR,ODOT_LATITUDE_NBR,ODOT_LONGITUDE_NBR,ODOT_FIPS_CD,AREA_CODE,CRASH_DATE,CRASH_TYPE_CD,DAY_IN_WEEK_CD,DISTRACTED_DRIVER_IND,FACILITY_TYPE_CD,FHWA_RDWY_DEPARTURE_IND,FREEWAY_IND,FUNCTIONAL_CLASS_CD,HOUR_OF_CRASH,INCAPAC_INJURIES_NBR,INTERCHANGE_ID,INTERSECTION_ID_CURRENT,INTERSECTION_LEG_ID,INTERSTATE_IND,INV_LOG_NBR,INV_NLFID,IS_COMMERCIAL_RELATED,LIGHT_COND_PRIMARY_CD,LOCAL_REPORT_NUMBER_ID,MAINTENANCE_AUTHORITY_CD,MONTH_OF_CRASH,NHS_CD,NO_INJURY_REPORTED_NBR,NON_INCAPAC_INJURIES_NBR,NUMBER_OF_UNITS_NBR,ODOT_CITY_VILLAGE_TWP_NME,ODOT_CRASH_LOCATION_CD,ODOT_DIR_FROM_REF_CD,ODOT_DIV_UNDIV_IND,ODOT_INTERSECTION_REL_IND,ODOT_LANES_NBR,ODOT_MAINTAINED_HWY_IND,ODOT_MILES_FROM_REF_NBR,ODOT_REF_ROUTE_PREFIX_CD,ODOT_YOUNG_DRIVER_IND,ODPS_ADDRESS_REFERENCE,ODPS_ALCOHOL_IND,ODPS_CITY_VILLAGE_TWP_NME,ODPS_DRUG_IND,ODPS_LOC_DIR_SUFFIX_CD,ODPS_LOC_IN_WORK_ZONE_CD,ODPS_LOC_ROAD_DIRECTION_CD,ODPS_LOC_ROAD_NME,ODPS_LOC_ROAD_SUFFIX_CD,ODPS_LOC_ROUTE_ID,ODPS_LOC_ROUTE_PREFIX_CD,ODPS_LOC_ROUTE_SUFFIX_CD,ODPS_MILEPOST_REFERENCE,ODPS_MOTORCYCLE_IND,ODPS_REF_DIR_SUFFIX_CD,ODPS_REF_DIRECTION_CD,ODPS_REF_GIVEN,ODPS_REF_POINT_USED_CD,ODPS_REF_ROUTE_ID,ODPS_REF_ROUTE_PREFIX_CD,ODPS_REF_ROUTE_SUFFIX_CD,ODPS_REF_SUFFIX_CD,ODPS_SCHOOL_ZONE_IND,ODPS_SENIOR_DRIVER_IND,ODPS_SPEED_IND,ODPS_TOTAL_FATALITIES_NBR,ODPS_TYPE_OF_WORK_ZONE_CD,ODPS_WORK_ZONE_IND,OPER_ACCESS_CONTROL_CD,POSSIBLE_INJURIES_NBR,ROAD_COND_PRIMARY_CD,ROAD_CONTOUR_CD,SA_RAMP_ID,SA_SEGMENT_ID,SECONDARY_CRASH,STATE_TRUE_LOG_NBR,U1_AGE_NBR,U1_AT_FAULT_IND,U1_CONT_CIR_PRIMARY_CD,U1_DIRECTION_FROM_CD,U1_DIRECTION_TO_CD,U1_DISTRACTED_BY_1_CD,U1_GENDER_CD,U1_IS_ALCOHOL_SUSPECTED,U1_IS_MARIJUANA_SUSPECTED,U1_IS_OTHER_DRUG_SUSPECTED,U1_NON_MOTORIST_LOC_CD,U1_NUMBER_OF_THRU_LANES,U1_OBJECT_STRUCK,U1_ODPS_UNIT_NBR,U1_OPERATINGIN_AUTONOMOUS_MODE,U1_POSTED_SPEED_NBR,U1_PRECRASH_ACTION_CD,U1_SEQ_OF_EVENTS_1_CD,U1_SEQ_OF_EVENTS_2_CD,U1_SEQ_OF_EVENTS_3_CD,U1_SEQ_OF_EVENTS_4_CD,U1_SEQ_OF_EVENTS_5_CD,U1_SEQ_OF_EVENTS_6_CD,U1_SPECIAL_FUNCTION_CD,U1_TRAFFIC_CONTROL_CD,U1_TURN_CD,U1_TYPE_OF_UNIT_CD,U1_UNIT_SPEED_NBR,U2_AGE_NBR,U2_CONT_CIR_PRIMARY_CD,U2_DIRECTION_FROM_CD,U2_DIRECTION_TO_CD,U2_DISTRACTED_BY_1_CD,U2_GENDER_CD,U2_NON_MOTORIST_LOC_CD,U2_ODPS_UNIT_NBR,U2_POSTED_SPEED_NBR,U2_PRECRASH_ACTION_CD,U2_SEQ_OF_EVENTS_1_CD,U2_SEQ_OF_EVENTS_2_CD,U2_SEQ_OF_EVENTS_3_CD,U2_SEQ_OF_EVENTS_4_CD,U2_SEQ_OF_EVENTS_5_CD,U2_SEQ_OF_EVENTS_6_CD,U2_SPECIAL_FUNCTION_CD,U2_TRAFFIC_CONTROL_CD,U2_TURN_CD,U2_TYPE_OF_UNIT_CD,U2_UNIT_SPEED_NBR,U3_CONT_CIR_PRIMARY_CD,U3_ODPS_UNIT_NBR,U3_PRECRASH_ACTION_CD,U3_SEQ_OF_EVENTS_1_CD,U3_SEQ_OF_EVENTS_2_CD,U3_SEQ_OF_EVENTS_3_CD,U3_SEQ_OF_EVENTS_4_CD,U3_SEQ_OF_EVENTS_5_CD,U3_SEQ_OF_EVENTS_6_CD,U3_SPECIAL_FUNCTION_CD,U3_TRAFFIC_CONTROL_CD,U3_TYPE_OF_UNIT_CD,UNRESTRAIN_OCCUPANTS,WEATHER_COND_CD,V1,clean_Narrative,BERT_predictions,BERT_prediction_probabilities,RoBERTa_predictions,RoBERTa_predictions_probabilities,distilBERT_predictions,distilBERT_predictions_probabilities
782,782,203102179,"r n unit #01 was travelling on i480 eb in the right lane. unit #01 drove into standing water causing unit #01 to hydroplane and veer to the left. unit #01 veered to the left and struck the center concrete median. after striking the median, unit #01 swerved back across the highway and off the right side of the road striking the end of a guardrail before coming to a rest in the grass. the driver of unit #01 suffered minor injuries and was transported to sjws by nofd squad 51.",20203102179,2020,AB,6/1/2020 0:00,12,SCUYIR00480**C,S,CUY,0.618,41.389899,-81.958795,56882,17668.0,6/27/2020 0:00,13,7,N,2.0,Y,Y,1.0,5,0,,,,Y,0.618,SCUYIR00480**C,N,2,T78133,1,6,N,0,1,1,NORTH OLMSTED,1,E,Y,N,6.0,Y,0.114,,Y,,N,NORTH OLMSTED,N,,0,,I 480 E,,480,IR,,,N,,,BARTON,1,,,,RD,N,N,N,0,0,N,1.0,0,6,1,,56974.0,N,2.922,23,Y,1,4,3,1,F,N,N,N,0,3,35,1,2,60,1,35,31,8,0,0,0,1,6,NT,1,60,,,,,,,,,,,,,,,,,,,,,,,,,,,,,,,,,,0,4,23731.0,"r unit1 travelling . unit1 drove standing water causing unit1 hydroplane veer left . unit1 veered left struck center concrete median . striking median , unit1 swerved back across side striking end guardrail coming rest grass . driver unit1 suffered minor injuries transported sjws nofd squad .",C,"[4.041098122797848e-08, 0.9999998807907104, 8.153019592782584e-08]",C,"[1.1685185086207639e-07, 0.9999947547912598, 5.073908141639549e-06]",C,"[3.5762786865234375e-07, 1.0, 3.5762786865234375e-07]"
783,783,203102334,"unit 1 was traveling eastbound on i-275 at 34.0 mp. unit 1 hydroplaned and lost control. unit 1 left the roadway to the right, struck a traffic sign, continued through a grassy area before coming to rest on the eastbound i-275 entrance ramp from colerain av.",20203102334,2020,O,6/1/2020 0:00,8,SHAMIR00275**C,S,HAM,16.071,39.256762,-84.60045,16616,16885.0,6/28/2020 0:00,13,1,N,2.0,Y,Y,1.0,7,0,42500.0,,,Y,16.071,SHAMIR00275**C,N,1,202001134,1,6,N,1,0,1,COLERAIN TOWNSHIP,1,,Y,N,6.0,Y,0.0,,Y,,N,FOREST PARK,N,,0,,,,275,IR,,34.0,N,,,34 0,2,,,,,N,N,N,0,0,N,1.0,0,6,1,,34947.0,N,33.671,22,Y,99,4,3,1,F,N,N,N,0,3,44,1,2,65,1,8,37,44,0,0,0,1,6,NT,3,60,,,,,,,,,,,,,,,,,,,,,,,,,,,,,,,,,,0,4,23919.0,"unit1 traveling . mp . unit1 hydroplaned lost control . unit1 left roadway , struck traffic sign , continued grassy area coming rest entrance ramp colerain .",O,"[0.9999948740005493, 4.569290922518121e-06, 6.494287276836985e-07]",O,"[0.999519944190979, 0.0004432025598362088, 3.678199209389277e-05]",O,"[0.93505859375, 0.06280517578125, 0.0016307830810546875]"
784,784,203102530,unit #1 advised while she was traveling w bound on us-50 her vehicle hydroplaned and struck a fire hydrant. proper notification made in reference to the hydrant.,20203102530,2020,O,6/1/2020 0:00,8,SCLEUS00050**C,S,CLE,3.223,39.156155,-84.254567,49322,16885.0,6/28/2020 0:00,17,1,N,2.0,Y,N,4.0,11,0,,ac9e4f36-5a43-4bec-8eb4-c2805e08e822,96efc0ac-a484-4df3-a1ec-35cd6516ecd6,N,3.223,SCLEUS00050**C,N,1,20-6355,1,6,,1,0,1,MIAMI TOWNSHIP,1,W,N,N,2.0,Y,0.009,SR,N,,N,MIAMI TOWNSHIP,N,,0,,,,50,US,,,N,,,Whitney,1,,,,DR,N,N,N,0,0,N,3.0,0,2,1,,243189.0,N,39.433,27,Y,99,3,4,1,F,N,N,N,0,3,0,1,0,40,13,8,0,0,0,0,0,1,6,NT,1,40,,,,,,,,,,,,,,,,,,,,,,,,,,,,,,,,,,0,4,24226.0,unit1 advised traveling us vehicle hydroplaned struck fire hydrant . proper notification made reference hydrant .,O,"[1.0, 5.184075746456074e-08, 1.433603369349612e-08]",O,"[0.9999995231628418, 5.25471705259406e-07, 1.739130839339964e-09]",O,"[1.0, 0.0, 0.0]"
785,785,203102842,veh #1 was in the center lane of i75 north. veh #2 was in the lane left of veh #1. both drivers disagreed as to which car caused the accident. both agreed hydroplaning was involved. the left front of veh #1 struck the right rear of veh #2. the left side of veh #2 then struck the concrete divider. the front of veh #1 also struck the concrete divider.,20203102842,2020,O,6/1/2020 0:00,8,SHAMIR00075**N,S,HAM,6.492,39.163516,-84.508401,15000,16885.0,6/28/2020 0:00,5,1,N,2.0,N,Y,1.0,9,0,41200.0,,,Y,6.544,SHAMIR00075**C,N,1,205006846,1,6,N,2,0,2,CINCINNATI,1,,Y,N,6.0,Y,0.0,,N,,N,CINCINNATI,N,,0,,,,75,IR,,6.5,N,,,,2,,,,,N,N,N,0,0,N,1.0,0,2,3,,39529.0,N,6.492,50,N,99,2,1,1,M,N,N,N,0,4,0,1,2,55,1,20,0,0,0,0,0,1,6,NT,3,0,26.0,99.0,2.0,1.0,1.0,M,,2.0,55.0,1.0,20.0,,,,,,1.0,6.0,NT,4.0,,,,,,,,,,,,,,0,4,24560.0,veh center . veh left veh . drivers disagreed car caused accident . agreed hydroplaning involved . left front veh struck rear veh . left side veh struck concrete divider . front veh also struck concrete divider .,O,"[0.9235262870788574, 0.06746949255466461, 0.009004308842122555]",C,"[0.048772092908620834, 0.9493997693061829, 0.0018281249795109034]",O,"[1.0, 4.100799560546875e-05, 2.2649765014648438e-06]"
786,786,203107389,"unit 1 was traveling southbound on westbourne drive. unit 1 failed to maintain control of his vehicle after hydroplaning, causing unit 1 to strike a utility pole. the driver of unit 1, william j. king jr. was transported via medic 107 to be treated for suspected minor injuries.",20203107389,2020,AB,7/1/2020 0:00,8,CHAMCR00460**C,C,HAM,0.73,39.143647,-84.630572,31752,16885.0,7/6/2020 0:00,17,2,N,,Y,N,5.0,18,0,,cd9b6247-9a54-4ff2-ad41-509fca2f22db,8d921b71-596b-4c6d-9ef5-c38cd314053c,N,0.73,CHAMCR00460**C,N,1,202021129,2,7,,0,1,1,GREEN TOWNSHIP,1,,N,N,2.0,N,0.0,,N,3169,N,GREEN TOWNSHIP,N,,0,,Westbourne,DR,,,,,N,,,3169TH,3,,,,,N,Y,N,0,0,N,,0,2,1,,41031.0,N,0.73,81,Y,11,1,2,1,M,N,N,N,0,2,0,1,2,35,1,8,0,0,0,0,0,1,6,NT,1,0,,,,,,,,,,,,,,,,,,,,,,,,,,,,,,,,,,0,4,20848.0,"unit1 traveling westbourne . unit1 failed maintain control vehicle hydroplaning , causing unit1 strike utility pole . driver unit1 , william j. king jr. transported via medic treated suspected minor injuries .",C,"[1.0967923458338191e-07, 0.9999995231628418, 3.394101497633528e-07]",C,"[3.0509400517075846e-07, 0.9999958276748657, 3.8057678466429934e-06]",C,"[2.0265579223632812e-06, 1.0, 7.748603820800781e-07]"
787,787,203107714,"unit #1 traveling southbound on i271s in the left center lane r nunit #2 traveling southbound on i271s in the left sholder lane r n r ndriver of unit #2 traveled through i large collection of water on the i271s bridge over hawthorne pkwy causing unit #2 to hydroplane, striking the left bridge parapet, crossing traffic and striking unit #1 before traveling off of the road and striking a tree",20203107714,2020,O,7/1/2020 0:00,12,SCUYIR00271**N,S,CUY,2.333,41.383223,-81.513058,4878,17668.0,7/7/2020 0:00,5,3,N,2.0,Y,Y,1.0,13,0,,,,Y,2.326,SCUYIR00271**C,N,1,2000110,1,7,N,2,0,2,BEDFORD,1,S,Y,N,6.0,Y,0.002,,N,,N,BEDFORD HEIGHTS,N,,0,,I 271 S,,271,IR,,,N,,,HAWTHORNE,1,,,,PKWY,N,N,N,0,0,N,1.0,0,2,1,,121869.0,N,24.297,34,Y,22,1,2,1,F,N,N,N,0,5,28,2,0,60,1,28,20,8,48,0,0,1,6,NT,1,60,32.0,1.0,1.0,2.0,1.0,M,,1.0,60.0,1.0,20.0,,,,,,1.0,6.0,NT,3.0,55.0,,,,,,,,,,,,,0,4,25954.0,"unit1 traveling 71s left center nunit2 traveling 71s left sholder r ndriver unit2 traveled large collection water 71s bridge hawthorne causing unit2 hydroplane , striking left bridge parapet , crossing traffic striking unit1 traveling striking tree",C,"[0.026803771033883095, 0.9654346108436584, 0.007761668413877487]",AB,"[2.4044418751145713e-05, 0.0003172860306221992, 0.9996587038040161]",O,"[0.9990234375, 0.0004916191101074219, 0.00010794401168823242]"
788,788,203107868,"unit 1 traveled westbound on forest av. unit 2 was stopped at end of driveway of zoo.unit 1 hydroplaned, crossed the double yellow and struck unit 2.there was disabling damage to unit 2; functional damage to unit 1.",20203107868,2020,O,7/1/2020 0:00,8,CHAMCR00648**C,C,HAM,0.659,39.147,-84.507968,15000,16885.0,7/6/2020 0:00,6,2,N,,N,N,4.0,17,0,,39ffbbcb-1821-4050-bdeb-07d1bac227bd,5334a0b0-808b-466e-b146-233137e50665,N,0.659,CHAMCR00648**C,N,1,205007252,4,7,,2,0,2,CINCINNATI,1,,N,N,4.0,N,0.0,,Y,107,N,CINCINNATI,N,,0,,FOREST,AVE,,,,,N,,,107TH,3,,,,,N,N,N,0,0,N,,0,2,2,,34149.0,N,0.659,30,Y,99,3,4,1,F,N,N,N,0,2,0,1,2,30,1,13,20,0,0,0,0,1,6,NT,1,0,19.0,1.0,9.0,9.0,1.0,F,,2.0,30.0,11.0,20.0,,,,,,1.0,6.0,NT,1.0,,,,,,,,,,,,,,0,4,27854.0,"unit1 traveled forest . unit2 stopped end driveway zoo.unit1 hydroplaned , crossed double yellow struck unit2.there disabling damage unit2 ; functional damage unit1 .",O,"[0.9607238173484802, 0.03392525017261505, 0.005350972060114145]",O,"[0.9948363304138184, 0.005089057609438896, 7.464691589120775e-05]",O,"[1.0, 1.9550323486328125e-05, 1.430511474609375e-06]"
789,789,203108096,"unit#1 was northbound on universtiy coming onto roosevelt when she stated she hydroplaned into unit#2 who was on roosevelt going eastbound on the inside lane, causing unit#2 to go onto the raised median and striking a large street sign.",20203108096,2020,O,6/1/2020 0:00,8,CBUTCR00602**C,C,BUT,0.904,39.502959,-84.393162,49840,56926.0,6/21/2020 0:00,5,1,N,,N,N,5.0,0,0,,e6994916-f077-4276-9e10-54433a765d7c,8dd0d817-b038-4212-91e2-5240019e9cce,N,0.904,CBUTCR00602**C,N,1,20-029309,4,6,,3,0,2,MIDDLETOWN,2,,Y,Y,6.0,N,0.0,SR,Y,,N,MIDDLETOWN,N,,0,,UNIVERSITY,BLVD,,,,,N,,,ROOSEVELT,1,,,,BLVD,N,N,Y,0,0,N,,0,2,4,,104370.0,N,0.904,17,Y,5,2,5,1,F,N,N,N,0,3,0,1,0,35,1,20,0,0,0,0,0,1,2,RT,3,45,21.0,1.0,4.0,3.0,1.0,F,,2.0,35.0,1.0,20.0,,,,,,1.0,2.0,NT,3.0,35.0,,,,,,,,,,,,,0,4,28771.0,"unit1 universtiy coming onto roosevelt stated hydroplaned unit2 roosevelt going inside , causing unit2 go onto raised median striking large sign .",O,"[0.9999998807907104, 9.215806784368397e-08, 4.5128071946010095e-08]",O,"[0.9999148845672607, 8.379576320294291e-05, 1.2595943417181843e-06]",O,"[1.0, 0.0, 0.0]"
790,790,203110067,"driver of unit #2 states that he was eastbound on ir 70 and was in the far right lane to exit onto us 33 eastbound. he states that as unit #1 was passing him, unit #1 lost control and struck the camper he was towing. the camper that unit #2 was towing was a 2012 starcraft rv trailer camper (ohio tag ssv3347). driver of unit #2 states the left side of the camper was struck by the passenger side of unit #1. driver of unit #1 states that he was beside unit #2's camper when he hydroplaned and struck the left side of the camper with his passenger side.",20203110067,2020,O,6/1/2020 0:00,6,SFRAIR00070**C,S,FRA,18.433,39.93271,-82.932368,18000,19234.0,6/23/2020 0:00,5,3,N,2.0,N,Y,1.0,10,0,,,,Y,18.433,SFRAIR00070**C,N,1,200456664,1,6,N,3,0,2,COLUMBUS,1,W,Y,N,7.0,Y,0.038,US,Y,,N,COLUMBUS,N,,0,,I 70 E,,70,IR,,,N,,,US ROUTE 33 E,1,33,US,,,N,N,N,0,0,N,1.0,0,2,4,,56429.0,N,104.46,24,Y,99,4,3,1,M,N,N,N,0,4,0,1,0,65,13,20,0,0,0,0,0,1,6,NT,1,65,44.0,1.0,4.0,3.0,1.0,M,,2.0,65.0,1.0,20.0,,,,,,1.0,6.0,NT,4.0,65.0,,,,,,,,,,,,,0,4,39115.0,"driver unit2 states far exit onto us . states unit1 passing , unit1 lost control struck camper towing . camper unit2 towing starcraft rv trailer camper . driver unit2 states left side camper struck passenger side unit1 . driver unit1 states beside unit2 's camper hydroplaned struck left side camper passenger side .",O,"[0.9999990463256836, 6.954523428248649e-07, 2.695542207220569e-07]",O,"[0.8012454509735107, 0.19594646990299225, 0.0028080486226826906]",O,"[1.0, 0.0, 0.0]"
791,791,203110499,"unit 1 was traveling eb on ir-480. while approaching mm 27.6, unit 1 hydroplaned due to the water in the roadway. due to the water unit 1 then swerved right striking the concrete rail. unit 1 then bounced off the concrete median and struck the driver side of his vehicle on the right concrete median.",20203110499,2020,O,7/1/2020 0:00,12,SCUYIR00480**C,S,CUY,25.48,41.413436,-81.511708,4920,17668.0,7/11/2020 0:00,13,7,N,2.0,Y,Y,1.0,3,0,,,,Y,25.48,SCUYIR00480**C,N,4,2000202,1,7,N,1,0,1,BEDFORD HEIGHTS,1,E,Y,N,4.0,Y,0.009,,N,,N,BEDFORD HEIGHTS,N,,0,,,,480,IR,,27.6,N,,,27 6,2,,,,,N,N,N,0,0,N,1.0,0,2,2,,45588.0,N,27.784,49,Y,1,4,3,9,M,N,N,N,0,2,35,1,0,60,1,8,35,9,35,0,0,1,6,NT,1,60,,,,,,,,,,,,,,,,,,,,,,,,,,,,,,,,,,0,1,40917.0,"unit1 traveling ir . approaching mm . , unit1 hydroplaned due water roadway . due water unit1 swerved striking concrete rail . unit1 bounced concrete median struck driver side vehicle concrete median .",C,"[0.4350433647632599, 0.5597275495529175, 0.005229142028838396]",O,"[0.9777750372886658, 0.021903978660702705, 0.0003210455470252782]",AB,"[0.3115234375, 0.33154296875, 0.357177734375]"
792,792,203110704,"unit #2 was turning left from southbound olde ridenour road onto eastbound us62, with a green arrow traffic signal. unit #1 was westbound on us62, and failed to stop in time for the red light, striking the left side rear of unit #2. driver of unit #1 stated he hydroplanned in heavy rain. driver of unit #2 treated on scene for possible chest injuries from seat belt.",20203110704,2020,AB,7/1/2020 0:00,6,SFRAUS00062**N,S,FRA,23.599,40.018834,-82.884024,29106,19234.0,7/10/2020 0:00,6,6,N,2.0,N,N,4.0,13,0,,8887d3f6-d85f-445c-bad6-0be167acbc7c,254854b6-ff5e-45b5-8ac1-a6a9d3a32567,N,23.599,SFRAUS00062**C,N,1,20GAH-14261-AC,4,7,,1,1,2,GAHANNA,2,,Y,Y,2.0,N,0.0,US,N,,N,GAHANNA,N,,0,,,,62,US,,,N,,,OLDE RIDENOUR,1,,,,RD,N,Y,N,0,0,N,3.0,0,2,1,,276234.0,N,118.914,41,Y,3,3,4,1,M,N,N,N,0,4,0,1,0,40,1,20,0,0,0,0,0,1,2,NT,1,25,71.0,1.0,1.0,3.0,1.0,F,,2.0,25.0,6.0,20.0,,,,,,1.0,2.0,LT,1.0,15.0,,,,,,,,,,,,,0,4,41583.0,"unit2 turning left olde ridenour onto , green arrow traffic signal . unit1 , failed stop time red light , striking left side rear unit2 . driver unit1 stated hydroplanned heavy rain . driver unit2 treated scene possible chest injuries seat belt .",C,"[4.373467561435973e-07, 0.9999985694885254, 1.0044628879768425e-06]",C,"[4.2133569877478294e-07, 0.9999994039535522, 1.0640110303938854e-07]",C,"[1.6689300537109375e-06, 1.0, 1.1920928955078125e-06]"
793,793,203110924,"unit 1 traveling westbound on oakdale near pool st. unit 1 stated that he hydroplaned after hitting a puddle in the road way. unit 1 left the road way into the eastbound lane and struck a fence at 1601 pool. after striking a fence, unit 1 struck a tree with the front bumper knocking the tree down. unit 1 then struck a telephone pole. unit 1 cited for 4511.202 fail to maintain reasonable control. home owner at 1601 pool hubley,robert 419 693 5971",20203110924,2020,C,7/1/2020 0:00,2,MLUCMR04047**C,M,LUC,0.472,41.621711,-83.523688,77000,87868.0,7/10/2020 0:00,13,6,N,,Y,N,5.0,13,0,,e1f94ce4-bf1b-4a26-a0f7-1c97767056f0,ebeb629a-b18a-4744-99b6-6d188c02321e,N,0.472,MLUCMR04047**C,N,1,2.0071E+13,4,7,,0,0,1,TOLEDO,1,E,N,N,2.0,N,0.009,MR,Y,,N,TOLEDO,N,,0,,OAKDALE,AVE,,,,,N,,,POOL,1,,,,AVE,N,N,N,0,0,N,,1,2,1,,123261.0,N,0.472,25,Y,7,3,4,1,M,N,N,N,0,2,48,1,0,35,1,9,46,48,40,0,0,1,6,NT,4,30,,,,,,,,,,,,,,,,,,,,,,,,,,,,,,,,,,0,4,41971.0,"unit1 traveling oakdale near pool unit1 stated hydroplaned hitting puddle . unit1 left struck fence pool . striking fence , unit1 struck tree front bumper knocking tree . unit1 struck telephone pole . unit1 cited . fail maintain reasonable control . home owner pool hubley , robert",C,"[0.20591698586940765, 0.7902790307998657, 0.0038039821665734053]",C,"[0.014427426271140575, 0.985345721244812, 0.0002268339303554967]",C,"[0.040863037109375, 0.9482421875, 0.01134490966796875]"
794,794,203111093,"vehicle was traveling westbound on atlantic blvd. between st. rt 225 and u.s. 62. driver stated that she lost control of the vehicle due to water in the roadway, which caused the vehicle to hydroplane. vehicle went off the right side of the roadway, through the ditch and up an embankment, before striking a tree. this occurred approximately 100 yards north of beeson st.",20203111093,2020,AB,7/1/2020 0:00,4,SSTARA76056**C,S,STA,0.0,40.925798,-81.1374,43022,766.0,7/10/2020 0:00,13,6,N,4.0,Y,Y,2.0,17,0,83000.0,28395261-e114-46ce-8cfd-2ffe72df53e5,fb5e58b6-22af-4b70-b56f-f3027c34a60e,N,0.0,SSTARA76056**C,N,1,2001522,1,7,,0,1,1,LEXINGTON TOWNSHIP,1,N,N,N,,Y,0.057,US,Y,,N,LEXINGTON TOWNSHIP,N,,0,,ATLANTIC,BLVD,,,,,N,,,BEESON,1,,,,ST,N,N,Y,0,0,N,1.0,0,2,1,,,N,0.0,22,Y,5,5,8,1,F,N,N,N,0,2,48,1,2,65,1,8,44,45,48,0,0,1,6,NT,3,55,,,,,,,,,,,,,,,,,,,,,,,,,,,,,,,,,,0,4,42339.0,"vehicle traveling atlantic . u.s. . driver stated lost control vehicle due water roadway , caused vehicle hydroplane . vehicle went side roadway , ditch embankment , striking tree . occurred approximately yards beeson .",O,"[0.9999632835388184, 3.569411637727171e-05, 1.0367049299020437e-06]",O,"[0.9925535321235657, 0.007307799533009529, 0.00013862925698049366]",C,"[0.2783203125, 0.623046875, 0.0986328125]"
795,795,203112017,unit #1 while driving through heavy rain and navigating a curve on north i-75 at the 2-1 mp hydroplaned while in the 2nd lane. unit #1 was unable to avoid stricking unit #2 which was in the far left lane. unit #2 was also traveling northbound on i-75 at the 2-1 mp when his vehicle was struck by unit #1 then unit #2 lost control and hit the wall. witness on scene stated that roadway water flooded under unit #1's vehicle and he had no ability to control the direction of travel. unit #1 was going with traffic and was not driving recklessly. okay to not cite per 1250 due to weather hazard.,20203112017,2020,C,6/1/2020 0:00,8,SHAMIR00075**C,S,HAM,2.028,39.117203,-84.533907,15000,16885.0,6/30/2020 0:00,5,3,N,2.0,N,Y,1.0,16,0,,,,Y,2.028,SHAMIR00075**C,N,1,205006899,1,6,N,1,0,2,CINCINNATI,1,,Y,N,8.0,Y,0.0,,Y,,N,CINCINNATI,N,,0,,,,2,SR,,2.0,N,,,,2,,,,,N,N,N,0,0,N,1.0,1,2,1,,34127.0,N,2.028,18,Y,1,2,1,1,M,N,N,N,0,1,0,1,2,65,13,20,0,0,0,0,0,1,6,NT,1,40,22.0,1.0,2.0,1.0,1.0,M,,2.0,65.0,1.0,20.0,,,,,,1.0,6.0,NT,1.0,45.0,,,,,,,,,,,,,0,4,44736.0,unit1 driving heavy rain navigating curve mp hydroplaned . unit1 unable avoid stricking unit2 far left . unit2 also traveling mp vehicle struck unit1 unit2 lost control hit wall . witness scene stated roadway water flooded unit1 's vehicle ability control direction travel . unit1 going traffic driving recklessly . okay cite per due weather hazard .,C,"[3.4770457659760723e-06, 0.9999854564666748, 1.109061122406274e-05]",C,"[0.002151050139218569, 0.9974453449249268, 0.0004035694873891771]",C,"[0.1624755859375, 0.82861328125, 0.00878143310546875]"
796,796,203112605,"unit #1 was traveling west on i275 in the left lane (lane #1). unit #2 was traveling west on i275 in the middle lane (lane #2). at the 31.0 mile post, the operator of unit #1 failed to maintain reasonable control of her vehicle after hydroplaning on wet asphalt, spun around as she entered the the middle lane (lane #2) and then struck unit #2. operator of unit #1 was found at fault and cited for reasonable control.",20203112605,2020,O,7/1/2020 0:00,8,SHAMIR00275**C,S,HAM,13.04,39.227958,-84.641688,16616,16885.0,7/6/2020 0:00,5,2,N,2.0,N,Y,1.0,19,0,,,,Y,13.04,SHAMIR00275**C,Y,1,0706200994,1,7,N,2,0,2,COLERAIN TOWNSHIP,1,,Y,N,6.0,Y,0.0,,N,,N,COLERAIN TOWNSHIP,N,,0,W,275,HWY,275,IR,,31.0,N,,,31 0,2,,,,,N,N,Y,0,0,N,1.0,0,2,1,,39743.0,N,30.64,33,Y,5,3,4,1,F,N,N,N,0,3,0,1,0,65,1,20,0,0,0,0,0,1,6,NT,1,75,43.0,1.0,3.0,4.0,1.0,M,,2.0,65.0,1.0,20.0,,,,,,19.0,6.0,NT,20.0,65.0,,,,,,,,,,,,,1,4,45272.0,"unit1 traveling left . unit2 traveling middle . . mile post , operator unit1 failed maintain reasonable control vehicle hydroplaning wet asphalt , spun around entered middle struck unit2 . operator unit1 found fault cited reasonable control .",O,"[0.9999709129333496, 2.7490019419929013e-05, 1.5768383718750556e-06]",O,"[0.9663575887680054, 0.03169959783554077, 0.0019427863880991936]",O,"[1.0, 4.76837158203125e-07, 5.960464477539063e-08]"