,id,OBJECTID,Narrative,DOCUMENT_NBR,CRASH_YR,CRASH_SEVERITY_CD,CRASH_MONTH_YEAR,DISTRICT_NBR,NLFID,NLF_JUR_CD,NLF_COUNTY_CD,COUNTY_LOG_NBR,ODOT_LATITUDE_NBR,ODOT_LONGITUDE_NBR,ODOT_FIPS_CD,AREA_CODE,CRASH_DATE,CRASH_TYPE_CD,DAY_IN_WEEK_CD,DISTRACTED_DRIVER_IND,FACILITY_TYPE_CD,FHWA_RDWY_DEPARTURE_IND,FREEWAY_IND,FUNCTIONAL_CLASS_CD,HOUR_OF_CRASH,INCAPAC_INJURIES_NBR,INTERCHANGE_ID,INTERSECTION_ID_CURRENT,INTERSECTION_LEG_ID,INTERSTATE_IND,INV_LOG_NBR,INV_NLFID,IS_COMMERCIAL_RELATED,LIGHT_COND_PRIMARY_CD,LOCAL_REPORT_NUMBER_ID,MAINTENANCE_AUTHORITY_CD,MONTH_OF_CRASH,NHS_CD,NO_INJURY_REPORTED_NBR,NON_INCAPAC_INJURIES_NBR,NUMBER_OF_UNITS_NBR,ODOT_CITY_VILLAGE_TWP_NME,ODOT_CRASH_LOCATION_CD,ODOT_DIR_FROM_REF_CD,ODOT_DIV_UNDIV_IND,ODOT_INTERSECTION_REL_IND,ODOT_LANES_NBR,ODOT_MAINTAINED_HWY_IND,ODOT_MILES_FROM_REF_NBR,ODOT_REF_ROUTE_PREFIX_CD,ODOT_YOUNG_DRIVER_IND,ODPS_ADDRESS_REFERENCE,ODPS_ALCOHOL_IND,ODPS_CITY_VILLAGE_TWP_NME,ODPS_DRUG_IND,ODPS_LOC_DIR_SUFFIX_CD,ODPS_LOC_IN_WORK_ZONE_CD,ODPS_LOC_ROAD_DIRECTION_CD,ODPS_LOC_ROAD_NME,ODPS_LOC_ROAD_SUFFIX_CD,ODPS_LOC_ROUTE_ID,ODPS_LOC_ROUTE_PREFIX_CD,ODPS_LOC_ROUTE_SUFFIX_CD,ODPS_MILEPOST_REFERENCE,ODPS_MOTORCYCLE_IND,ODPS_REF_DIR_SUFFIX_CD,ODPS_REF_DIRECTION_CD,ODPS_REF_GIVEN,ODPS_REF_POINT_USED_CD,ODPS_REF_ROUTE_ID,ODPS_REF_ROUTE_PREFIX_CD,ODPS_REF_ROUTE_SUFFIX_CD,ODPS_REF_SUFFIX_CD,ODPS_SCHOOL_ZONE_IND,ODPS_SENIOR_DRIVER_IND,ODPS_SPEED_IND,ODPS_TOTAL_FATALITIES_NBR,ODPS_TYPE_OF_WORK_ZONE_CD,ODPS_WORK_ZONE_IND,OPER_ACCESS_CONTROL_CD,POSSIBLE_INJURIES_NBR,ROAD_COND_PRIMARY_CD,ROAD_CONTOUR_CD,SA_RAMP_ID,SA_SEGMENT_ID,SECONDARY_CRASH,STATE_TRUE_LOG_NBR,U1_AGE_NBR,U1_AT_FAULT_IND,U1_CONT_CIR_PRIMARY_CD,U1_DIRECTION_FROM_CD,U1_DIRECTION_TO_CD,U1_DISTRACTED_BY_1_CD,U1_GENDER_CD,U1_IS_ALCOHOL_SUSPECTED,U1_IS_MARIJUANA_SUSPECTED,U1_IS_OTHER_DRUG_SUSPECTED,U1_NON_MOTORIST_LOC_CD,U1_NUMBER_OF_THRU_LANES,U1_OBJECT_STRUCK,U1_ODPS_UNIT_NBR,U1_OPERATINGIN_AUTONOMOUS_MODE,U1_POSTED_SPEED_NBR,U1_PRECRASH_ACTION_CD,U1_SEQ_OF_EVENTS_1_CD,U1_SEQ_OF_EVENTS_2_CD,U1_SEQ_OF_EVENTS_3_CD,U1_SEQ_OF_EVENTS_4_CD,U1_SEQ_OF_EVENTS_5_CD,U1_SEQ_OF_EVENTS_6_CD,U1_SPECIAL_FUNCTION_CD,U1_TRAFFIC_CONTROL_CD,U1_TURN_CD,U1_TYPE_OF_UNIT_CD,U1_UNIT_SPEED_NBR,U2_AGE_NBR,U2_CONT_CIR_PRIMARY_CD,U2_DIRECTION_FROM_CD,U2_DIRECTION_TO_CD,U2_DISTRACTED_BY_1_CD,U2_GENDER_CD,U2_NON_MOTORIST_LOC_CD,U2_ODPS_UNIT_NBR,U2_POSTED_SPEED_NBR,U2_PRECRASH_ACTION_CD,U2_SEQ_OF_EVENTS_1_CD,U2_SEQ_OF_EVENTS_2_CD,U2_SEQ_OF_EVENTS_3_CD,U2_SEQ_OF_EVENTS_4_CD,U2_SEQ_OF_EVENTS_5_CD,U2_SEQ_OF_EVENTS_6_CD,U2_SPECIAL_FUNCTION_CD,U2_TRAFFIC_CONTROL_CD,U2_TURN_CD,U2_TYPE_OF_UNIT_CD,U2_UNIT_SPEED_NBR,U3_CONT_CIR_PRIMARY_CD,U3_ODPS_UNIT_NBR,U3_PRECRASH_ACTION_CD,U3_SEQ_OF_EVENTS_1_CD,U3_SEQ_OF_EVENTS_2_CD,U3_SEQ_OF_EVENTS_3_CD,U3_SEQ_OF_EVENTS_4_CD,U3_SEQ_OF_EVENTS_5_CD,U3_SEQ_OF_EVENTS_6_CD,U3_SPECIAL_FUNCTION_CD,U3_TRAFFIC_CONTROL_CD,U3_TYPE_OF_UNIT_CD,UNRESTRAIN_OCCUPANTS,WEATHER_COND_CD,V1,clean_Narrative,BERT_predictions,BERT_prediction_probabilities,RoBERTa_predictions,RoBERTa_predictions_probabilities,distilBERT_predictions,distilBERT_predictions_probabilities
797,797,203113047,"unit 1 stated she was traveling north on the i-77 in the center lane and began to hydroplaning. she lost control due to weather and road conditions, sliding into the median wall impacting the drivers side then sliding off the right side of the roadway into a ditch. no injuries and driver declined to write a statement.",20203113047,2020,O,7/1/2020 0:00,4,SSUMIR00077**C,S,SUM,19.997,41.114304,-81.611873,26166,766.0,7/11/2020 0:00,13,7,N,2.0,Y,Y,1.0,10,0,86000.0,,,Y,19.997,SSUMIR00077**C,N,1,20-017902,1,7,N,1,0,1,FAIRLAWN,1,,Y,N,6.0,Y,0.0,,Y,,N,FAIRLAWN,N,,0,,,,77,IR,,,N,,,RIDGEWOOD,1,,,,RD,N,N,Y,0,0,N,1.0,0,2,2,,34533.0,N,133.519,24,Y,5,2,1,1,F,N,N,N,0,3,35,1,0,65,1,9,35,8,44,0,0,1,6,NT,1,55,,,,,,,,,,,,,,,,,,,,,,,,,,,,,,,,,,0,4,46129.0,"unit1 stated traveling center began hydroplaning . lost control due weather conditions , sliding median wall impacting drivers side sliding side roadway ditch . injuries driver declined write statement .",O,"[0.9999998807907104, 1.3627369810365053e-07, 2.68332414066208e-08]",O,"[1.0, 7.497018977842274e-11, 4.2537953953529495e-14]",O,"[1.0, 0.0, 0.0]"
798,798,203113903,the driver of unit #1 stated she was traveling north on interstate route 77 in the middle lane when she saw a lot of water in the roadway from the rain. she stated that she applied her brakes to slow down and the vehicle started to hydroplane and then struck the concrete median barrier. the vehicle came to the final rest on top of the concrete median barrier.,20203113903,2020,C,7/1/2020 0:00,4,SSUMIR00077**C,S,SUM,23.493,41.13964,-81.649144,4248,766.0,7/11/2020 0:00,13,7,N,2.0,Y,Y,1.0,9,0,86300.0,,,Y,23.493,SSUMIR00077**C,N,1,22007059,1,7,N,0,0,1,BATH TOWNSHIP,1,S,Y,N,6.0,Y,0.057,,N,,N,COPLEY TOWNSHIP,N,,0,,,HWY,77,IR,,137.0,N,,,137,2,,,,,N,N,N,0,0,N,1.0,1,2,1,,34535.0,N,137.015,35,Y,1,2,1,1,F,N,N,N,0,3,35,1,2,65,1,9,35,0,0,0,0,1,6,NT,1,65,,,,,,,,,,,,,,,,,,,,,,,,,,,,,,,,,,0,4,48957.0,driver unit1 stated traveling interstate middle saw lot water roadway rain . stated applied brakes slow vehicle started hydroplane struck concrete median barrier . vehicle came final rest top concrete median barrier .,O,"[0.9999988079071045, 1.0340272638131864e-06, 6.072350089425527e-08]",O,"[0.9975495934486389, 0.0024197320453822613, 3.069638478336856e-05]",O,"[0.998046875, 0.0016040802001953125, 2.276897430419922e-05]"
799,799,203114017,driver 1 states he was s/b on i-270 s/b express lanes just n/o morse road hydroplaned and lost control of unit 1 traveling off the e/s of the roadway into the guard rail system. driver 1 was issued listed citation.,20203114017,2020,O,7/1/2020 0:00,6,SFRAIR00270**C,S,FRA,32.297,40.057256,-82.903617,18000,19234.0,7/3/2020 0:00,13,6,N,2.0,Y,Y,1.0,19,0,27900.0,,,Y,32.297,SFRAIR00270**C,N,1,200508042,1,7,N,1,0,1,COLUMBUS,1,,Y,N,6.0,Y,0.0,,N,,N,COLUMBUS,N,,0,,I 270 S,,270,IR,,,N,,,MORSE,1,,,,RD,N,N,N,0,0,N,1.0,0,2,1,,91390.0,N,32.297,47,Y,99,1,2,1,M,N,N,N,0,3,30,1,2,65,1,9,30,0,0,0,0,1,6,NT,1,0,,,,,,,,,,,,,,,,,,,,,,,,,,,,,,,,,,0,4,49258.0,driver states express lanes n morse hydroplaned lost control unit1 traveling e roadway guard rail system . driver issued listed citation .,O,"[0.9999998807907104, 7.130203982796957e-08, 1.9252093252930536e-08]",O,"[0.981222927570343, 0.018605293706059456, 0.00017187820049002767]",O,"[1.0, 6.556510925292969e-07, 0.0]"
800,800,203114673,"unit # 1, while traveling southbound on ceylon road, hydroplaned causing unit # 1 to go do a 180 degree turn. after turning around, unit # 1 traveled off the east side of the road into a ditch, causing the vehicle to roll onto it's passenger side. unit # 1 traveled several feet on it's side, backwards before coming to rest.",20203114673,2020,C,7/1/2020 0:00,3,CERICR00058**C,C,ERI,0.0,41.284838,-82.492024,5802,99999.0,7/9/2020 0:00,13,5,N,,Y,N,6.0,16,0,,68c5581e-c4b6-4909-b9d2-f77f5db7e69d,f60e82fa-bdf1-44ca-a984-83f89bdfa922,N,0.0,CERICR00058**C,N,1,2.02E+13,2,7,,0,0,1,BERLIN TOWNSHIP,1,S,N,N,2.0,N,0.2,,Y,13612,N,BERLIN TOWNSHIP,N,,0,,CEYLON,RD,,,,,N,,,,3,,,,,N,N,N,0,0,N,,1,2,1,,11552.0,N,0.0,22,Y,1,1,9,1,M,N,N,N,0,1,44,1,0,55,1,11,9,44,1,0,0,1,6,NT,4,45,,,,,,,,,,,,,,,,,,,,,,,,,,,,,,,,,,0,4,51250.0,"unit1 , traveling ceylon , hydroplaned causing unit1 go degree turn . turning around , unit1 traveled side ditch , causing vehicle roll onto 's passenger side . unit1 traveled several feet 's side , backwards coming rest .",C,"[0.0027009700424969196, 0.9830508828163147, 0.014248167164623737]",C,"[0.012836037203669548, 0.977968156337738, 0.009195864200592041]",C,"[0.00939178466796875, 0.98828125, 0.002567291259765625]"
801,801,203115313,unit 01 was traveling east in the middle lane of sr 2 east during a rain storm. heavy rain on the ground caused unit 01 to hydroplane. the driver was unable to control the vehicle. the vehicle went off the right side of the road and struck the guard rail at milepost 210.0. the car bounced off the guardrail and reentered the traffic way where it came to rest in the middle and right lane of sr 2 east. unit 01 suffered heavy disabling damage.,20203115313,2020,C,7/1/2020 0:00,12,SLAKSR00002**C,S,LAK,1.612,41.622498,-81.462989,85036,17668.0,7/19/2020 0:00,13,1,N,2.0,Y,Y,2.0,14,0,52900.0,,,N,1.612,SLAKSR00002**C,N,1,2000167,4,7,N,0,0,1,WICKLIFFE,1,,Y,N,6.0,N,0.0,,Y,,N,WICKLIFFE,N,,0,,,HWY,2,SR,,210.0,N,,,210 0,2,,,,,N,N,N,0,0,N,1.0,1,2,2,,180946.0,N,209.944,20,Y,99,4,3,1,F,N,N,N,0,3,30,1,0,60,1,8,30,0,0,0,0,1,6,NT,1,60,,,,,,,,,,,,,,,,,,,,,,,,,,,,,,,,,,0,4,52538.0,unit1 traveling middle rain storm . heavy rain ground caused unit1 hydroplane . driver unable control vehicle . vehicle went side struck guard rail milepost .. car bounced guardrail reentered traffic came rest middle . unit1 suffered heavy disabling damage .,O,"[0.7977835536003113, 0.1915414184331894, 0.010675095953047276]",C,"[0.01060776598751545, 0.9881954193115234, 0.0011968840844929218]",O,"[0.9951171875, 0.004642486572265625, 0.0005435943603515625]"
802,802,203115348,"unit #1, unit #2, and unit #3 were all heading southeast down cherry towards speilbusch. unit #1 and unit #2 started to slow down for the stop light. unit #3 started to slow down, but the car hydroplaned and failed to stop, causing unit #3 to crash into the back of unit #2. unit #2 then crashed into the back of unit #1 that was stopped in front of them. tfd was on scene with minor injuries being reported, but no one was transported. neither occupant+ of unit #2 were wearing their seatbelts. the driver of unit #3 was cited for acda.",20203115348,2020,AB,7/1/2020 0:00,2,SLUCSR00120**C,S,LUC,18.553,41.66035,-83.53486,77000,87868.0,7/19/2020 0:00,2,1,N,2.0,N,N,3.0,17,0,,1efe37ef-8b17-455f-8a5f-a88bd81f2c9c,2d4d6036-7d41-4a5b-b9e1-7d4729daaae8,N,18.553,SLUCSR00120**C,N,1,2.00719E+13,4,7,,3,3,3,TOLEDO,2,,Y,Y,4.0,N,0.0,SR,Y,,N,TOLEDO,N,,0,,CHERRY,ST,,,,,N,,,SPIELBUSCH,1,,,,AVE,N,N,N,0,0,N,3.0,0,2,1,,189919.0,N,37.302,25,Y,8,6,7,1,M,N,N,N,0,3,0,3,0,0,11,20,0,0,0,0,0,1,2,NT,1,0,44.0,1.0,6.0,7.0,1.0,F,,2.0,,11.0,20.0,20.0,,,,,1.0,2.0,NT,1.0,,1.0,1.0,11.0,20.0,,,,,,1.0,2.0,1.0,3,2,52570.0,"unit1 , unit2 , unit3 heading cherry towards speilbusch . unit1 unit2 started slow stop light . unit3 started slow , car hydroplaned failed stop , causing unit3 crash back unit2 . unit2 crashed back unit1 stopped front . tfd scene minor injuries reported , one transported . neither occupant+ unit2 wearing seatbelts . driver unit3 cited acda .",C,"[3.341056071803905e-07, 0.9999992847442627, 3.197722833192529e-07]",C,"[2.305373669742039e-07, 0.9999992847442627, 4.93923039357469e-07]",C,"[2.384185791015625e-07, 1.0, 1.7881393432617188e-07]"
803,803,203115628,"unit 1 was traveling northbound on 77 n in the center lane at 65 mph in a 60 mph zone. unit 1 hit a puddle of water and hydroplaned, exiting to the right of the road way. unit 1 then hit a pole and spun out side ways coming to a rest up against a tree.",20203115628,2020,O,7/1/2020 0:00,12,CCUYCR00043**C,C,CUY,1.087,41.447363,-81.656388,54250,17668.0,7/11/2020 0:00,17,7,N,,Y,N,4.0,6,0,,1504590d-1b1d-4292-bef6-1dd6364e3dd8,0e841787-0ae3-4492-80f5-3720932608d9,N,1.087,CCUYCR00043**C,N,2,202000438,4,7,,1,0,1,NEWBURGH HEIGHTS,1,S,N,N,4.0,N,0.009,,N,4910,N,NEWBURGH HEIGHTS,N,,0,,HARVARD,AVE,,,,,N,,,,3,,,,,N,N,Y,0,0,N,,0,6,1,,17184.0,N,1.087,39,Y,11,2,1,1,M,N,N,N,0,4,0,1,2,60,1,8,0,0,0,0,0,1,6,NT,1,65,,,,,,,,,,,,,,,,,,,,,,,,,,,,,,,,,,0,4,53090.0,"unit1 traveling center mph mph zone . unit1 hit puddle water hydroplaned , exiting . unit1 hit pole spun side ways coming rest tree .",O,"[0.9999725818634033, 2.567250339780003e-05, 1.7819993445300497e-06]",C,"[0.4247923195362091, 0.5737700462341309, 0.0014376003528013825]",C,"[0.2274169921875, 0.7529296875, 0.019744873046875]"
804,804,203118469,"unit 1 was traveling east bound on atlantic st. unit 1 hydroplaned between the intersections of paige and buena vista on atlantic st. unit 1 went off of the roadway to the left, struck a utility pole and then ran over a railroad crossing sign. the vehicle suffered functional damage and was towed by mays towing. utility pole #227bn02 officers did not observe obvious damage.",20203118469,2020,O,7/1/2020 0:00,4,CTRUCR00502**C,C,TRU,0.977,41.244975,-80.807498,80892,97831.0,7/19/2020 0:00,13,1,N,2.0,Y,N,4.0,19,0,,dd10de91-76cf-4527-baf5-b9482428b177,8965b33d-5ab5-4a13-a74c-b023812a6441,N,0.977,CTRUCR00502**C,N,1,20-16905,4,7,,1,0,1,WARREN,1,W,N,N,2.0,N,0.019,MR,Y,,N,WARREN,N,,0,,ATLANTIC,ST,,,,,N,,,BUENA VISTA,1,,,,AVE,N,N,Y,0,0,N,,0,6,1,,41172.0,N,0.977,17,Y,5,4,3,1,M,N,N,N,0,2,37,1,2,25,1,9,37,0,0,0,0,1,6,NT,1,35,,,,,,,,,,,,,,,,,,,,,,,,,,,,,,,,,,0,4,3636.0,"unit1 traveling atlantic unit1 hydroplaned intersections paige buena vista atlantic unit1 went roadway left , struck utility pole ran railroad crossing sign . vehicle suffered functional damage towed mays towing . utility pole 227bn2 officers observe obvious damage .",O,"[0.9999991655349731, 7.038831313366245e-07, 1.0874578038055915e-07]",O,"[0.6790303587913513, 0.3182770013809204, 0.002692584414035082]",O,"[0.998046875, 0.0014543533325195312, 6.967782974243164e-05]"
805,805,203118566,"unit # 1 stated that she was on 59 w going around the curve and hit a patch of water. unit # 1 stated that she hydroplaned and then hit the curb. unit # 1 then stated that when she hit the curb, it shot her back across the road, up over the other curb backwards and then into the wall of the towpath trail.",20203118566,2020,O,7/1/2020 0:00,4,SSUMSR00059**C,S,SUM,2.658,41.087078,-81.517364,1000,766.0,7/23/2020 0:00,13,5,N,2.0,Y,N,3.0,3,0,,2a5ce904-2fb2-454d-b135-db2cbd5bbbb3,50324187-0290-407a-bba1-8c38d9ed5cd4,N,2.658,SSUMSR00059**C,N,3,T20092063,4,7,N,1,0,1,AKRON,1,,N,N,4.0,N,0.0,CR,N,,N,AKRON,N,,0,,STATE ROUTE 59 W,,59,SR,,,N,,N,HOWARD,1,,,,ST,N,N,N,0,0,N,2.0,0,2,4,,135835.0,N,2.658,40,Y,99,3,4,1,F,N,N,N,0,1,36,1,9,0,13,36,0,0,0,0,0,1,6,NT,1,0,,,,,,,,,,,,,,,,,,,,,,,,,,,,,,,,,,0,4,3926.0,"unit1 stated going around curve hit patch water . unit1 stated hydroplaned hit curb . unit1 stated hit curb , shot back across , curb backwards wall towpath trail .",C,"[0.0010089955758303404, 0.9966801404953003, 0.002310941694304347]",O,"[1.0, 1.000133309503326e-08, 1.1681623550419129e-11]",C,"[0.0009398460388183594, 0.9990234375, 0.0002651214599609375]"
806,806,203118741,"unit #1 was east bound on i-90 approaching dover center under pass. unit #1 lost control and may have hydroplaned, left the road to the right, struck a guardrail and went down into a ditch.",20203118741,2020,C,7/1/2020 0:00,12,SCUYIR00090**C,S,CUY,2.481,41.468452,-81.921916,83622,17668.0,7/23/2020 0:00,13,5,N,2.0,Y,Y,1.0,10,0,,,,Y,2.481,SCUYIR00090**C,N,1,2016772,1,7,N,0,0,1,WESTLAKE,1,W,Y,N,6.0,Y,0.019,,N,,N,WESTLAKE,N,,0,,I 90 E,,90,IR,,,N,,,DOVER CENTER,1,,,,RD,N,N,Y,0,0,N,1.0,1,2,1,,47172.0,N,158.3,34,Y,99,4,3,1,M,N,N,N,0,3,31,1,2,60,3,8,31,44,0,0,0,1,6,NT,3,64,,,,,,,,,,,,,,,,,,,,,,,,,,,,,,,,,,0,4,5548.0,"unit1 approaching dover center pass . unit1 lost control may hydroplaned , left , struck guardrail went ditch .",O,"[0.9998371601104736, 0.0001560542150400579, 6.772436790924985e-06]",O,"[0.9978912472724915, 0.0020124169532209635, 9.632329602027312e-05]",O,"[1.0, 0.0004031658172607422, 1.7762184143066406e-05]"
807,807,203119954,"unit #1 was travelling east on ir-480 eb near the tiedeman rd. overpass. unit #1 was in the #2 lane. unit #3 was travelling east in the #3. unit #3 began to hydroplane on the wet surface and slid into the right side of unit #1. unit #3 then overcorrected and drove into the left side of unit #2, who was travelling in the #4 lane. unit #3 then lost control and rolled over on its side. unit #2 spun out and came to rest in the slow speed ditch.",20203119954,2020,AB,7/1/2020 0:00,12,SCUYIR00480**C,S,CUY,11.809,41.425733,-81.757721,9246,17668.0,7/22/2020 0:00,5,4,N,2.0,N,Y,1.0,5,0,19800.0,,,Y,11.809,SCUYIR00480**C,N,3,2020064833,1,7,N,2,1,3,BROOKLYN,1,W,Y,N,8.0,Y,0.114,,N,,N,BROOKLYN,N,,0,,I 480 E,,480,IR,,,N,,,TIEDEMAN,1,,,,RD,N,Y,Y,0,0,N,1.0,0,2,1,,35024.0,N,14.113,28,Y,99,4,3,1,M,N,N,N,0,4,0,3,0,60,1,20,20,1,0,0,0,1,6,NT,5,70,65.0,1.0,4.0,3.0,1.0,M,,2.0,60.0,1.0,20.0,8.0,44.0,,,,1.0,6.0,NT,3.0,60.0,1.0,1.0,1.0,20.0,,,,,,1.0,6.0,3.0,0,4,12978.0,"unit1 travelling ir near tiedeman overpass . unit1 . unit3 travelling . unit3 began hydroplane wet surface slid side unit1 . unit3 overcorrected drove left side unit2 , travelling . unit3 lost control rolled side . unit2 spun came rest slow speed ditch .",C,"[0.004402313847094774, 0.9712844491004944, 0.02431325428187847]",C,"[0.026441728696227074, 0.9660487771034241, 0.007509462535381317]",C,"[0.0008792877197265625, 0.9990234375, 0.00011581182479858398]"
808,808,203119976,"on july 22, 2020 at about 1011 hours, unit 1 was traveling eb on linden ave. and when at falke dr., hydroplaned, crossing the center line, overcorrected towards eastown shopping center, hit/jumped the curb at 4000 linden ave., hit the fence, knocked over a light pole, continuing into the parking lot while flipping over 3 times, into landscaping blocks, and resting into the treeline at the southeast corner of 4000 linden (key bank). unit 1's final rest was on its top in the treeline.",20203119976,2020,AB,7/1/2020 0:00,7,MMOTMR04972**C,M,MOT,2.641,39.746242,-84.124469,67468,22528.0,7/22/2020 0:00,13,4,N,,Y,N,4.0,10,0,,,,N,2.641,MMOTMR04972**C,N,1,20-051944,4,7,,0,1,1,RIVERSIDE,1,,N,N,2.0,N,0.0,,N,4000,N,RIVERSIDE,N,,0,,LINDEN,AVE,,,,,N,,,,3,,,,,N,N,Y,0,0,N,,0,2,2,,323021.0,N,2.641,33,Y,11,4,3,1,F,N,N,N,0,3,39,1,0,35,1,8,43,39,1,0,0,1,6,NT,3,40,,,,,,,,,,,,,,,,,,,,,,,,,,,,,,,,,,0,4,13027.0,"july , , unit1 traveling linden . falke . , hydroplaned , crossing center line , overcorrected towards eastown shopping center , hit jumped curb linden . , hit fence , knocked light pole , continuing parking lot flipping times , landscaping blocks , resting treeline corner linden . unit1 's final rest top treeline .",AB,"[1.2584316664288053e-06, 2.5995668693212792e-05, 0.9999727010726929]",C,"[0.006576741114258766, 0.9361923336982727, 0.05723097175359726]",C,"[0.0039215087890625, 0.95947265625, 0.0364990234375]"
809,809,203120552,"unit 1 was traveling eastbound on interstate 70 at the 167 m.p. when it hydroplaned, causing it to spin around and go off of the left side of the roadway. unit 1 struck an elevated grass embankment and came to a stop on top of it.",20203120552,2020,O,7/1/2020 0:00,5,SMUSIR00070**C,S,MUS,24.23,39.976963,-81.783725,78498,99999.0,7/22/2020 0:00,13,4,N,2.0,Y,Y,1.0,5,0,,,,Y,24.23,SMUSIR00070**C,N,4,2020-00021296,1,7,N,1,0,1,UNION TOWNSHIP,1,,Y,N,4.0,Y,0.0,,N,,N,UNION TOWNSHIP,N,,0,,MILEMARKER,HWY,70,IR,,167.0,N,,,167,2,,,,,N,N,Y,0,0,N,1.0,0,2,1,,56616.0,N,167.015,53,Y,5,4,3,1,F,N,N,N,0,2,45,1,0,70,1,9,45,0,0,0,0,1,6,NT,1,70,,,,,,,,,,,,,,,,,,,,,,,,,,,,,,,,,,0,4,16566.0,"unit1 traveling interstate m.p . hydroplaned , causing spin around go left side roadway . unit1 struck elevated grass embankment came stop top .",O,"[0.9726794958114624, 0.0227517019957304, 0.00456878449767828]",C,"[0.22612516582012177, 0.767747700214386, 0.006127039436250925]",O,"[1.0, 2.193450927734375e-05, 3.2186508178710938e-06]"
810,810,203120730,"unit 1 was travelling e b on i-480 e in the left lane when it encountered an area of standing water. unit driver stated the vehicle hydroplaned and spun, left the roadway to the left, striking the concrete median wall.",20203120730,2020,C,7/1/2020 0:00,12,SCUYIR00480**C,S,CUY,24.73,41.420378,-81.522588,4920,17668.0,7/27/2020 0:00,13,2,N,2.0,Y,Y,1.0,16,0,20600.0,,,Y,24.73,SCUYIR00480**C,N,1,2000223,1,7,N,0,0,1,BEDFORD HEIGHTS,1,,Y,N,4.0,Y,0.0,,Y,,N,BEDFORD HEIGHTS,N,,0,,,,480,IR,,27.0,N,,,,2,,,,,N,N,N,0,0,N,1.0,1,2,1,,45587.0,N,27.034,23,Y,1,4,3,1,F,N,N,N,0,2,35,1,2,60,1,9,35,0,0,0,0,1,6,NT,1,60,,,,,,,,,,,,,,,,,,,,,,,,,,,,,,,,,,0,4,16752.0,"unit1 travelling b left encountered area standing water . unit driver stated vehicle hydroplaned spun , left roadway left , striking concrete median wall .",O,"[0.9999994039535522, 5.453580911307654e-07, 4.7133500657992045e-08]",O,"[0.9970782995223999, 0.002904143650084734, 1.7597445548744872e-05]",O,"[1.0, 0.0, 0.0]"
811,811,203121678,"unit 1 was traveling westbound on interstate 270 north in lane 4 near mile post 36.8. unit 1 hit standing water on the roadway, went left due to hydroplaning, over-corrected and drove off the roadway to the right.",20203121678,2020,AB,7/1/2020 0:00,6,SFRAIR00270**N,S,FRA,36.782,40.007643,-82.877631,29106,19234.0,7/27/2020 0:00,13,2,N,2.0,N,Y,1.0,17,0,27900.0,,,Y,36.8,SFRAIR00270**C,N,1,20GAH-15582-AC,1,7,N,0,1,1,GAHANNA,1,,Y,N,8.0,Y,0.0,,N,,N,GAHANNA,N,,0,,IR 270 NB,HWY,270,IR,,36.8,N,,,36 8,2,,,,,N,N,Y,0,0,N,1.0,0,2,1,,47260.0,N,36.782,27,Y,5,3,4,1,F,N,N,N,0,4,48,1,0,65,1,13,8,44,48,0,0,1,6,NT,3,65,,,,,,,,,,,,,,,,,,,,,,,,,,,,,,,,,,0,2,26860.0,"unit1 traveling interstate near mile post .. unit1 hit standing water roadway , went left due hydroplaning , overcorrected drove roadway .",O,"[0.8336110711097717, 0.16434264183044434, 0.0020462707616388798]",O,"[0.9987190961837769, 0.001156612765043974, 0.00012431712821125984]",O,"[0.9990234375, 0.0010986328125, 1.6450881958007812e-05]"
812,812,203123459,u1 was westbound on licking view drive. in the area of 300 licking view dr u1 hydroplaned going left of center and travel off the south side of the road. u1 struck a utility pole and traveled into a 10 foot drop into a wooded area.,20203123459,2020,O,7/1/2020 0:00,5,MLICMR00135**C,M,LIC,0.0,40.028455,-82.433385,34748,61705.0,7/30/2020 0:00,13,5,N,,Y,N,7.0,18,0,,,,N,0.0,MLICMR00135**C,N,1,20-1270,4,7,,1,0,1,HEATH,1,,N,N,4.0,N,0.0,,Y,300,N,HEATH,N,,0,,LICKING VIEW,DR,,,,,N,,,,3,,,,,N,N,Y,0,0,N,,0,2,1,,44334.0,N,0.0,18,Y,11,3,4,1,M,N,N,N,0,2,40,1,0,35,1,11,9,40,0,0,0,1,6,NT,1,40,,,,,,,,,,,,,,,,,,,,,,,,,,,,,,,,,,1,4,30710.0,licking view . area licking view hydroplaned going left center travel side . struck utility pole traveled foot drop wooded area .,C,"[0.06090246140956879, 0.8994941711425781, 0.03960335999727249]",C,"[0.06107660010457039, 0.9366225600242615, 0.0023008997086435556]",O,"[0.94921875, 0.048370361328125, 0.002838134765625]"
813,813,203123667,"unit 1 was south east on sr 56 e just south of lutz rd. unit 1 driver stated that after he came around the curve he went over a deeper patch of water causing him to hydroplane enough that he lost control of his vehicle. unit 1 left the roadway on the right hand side, struck a ditch and rolled multiple times into a soybean field causing disabling damage to unit 1. the driver was transported to adena hospital for further treatment of his injuries.",20203123667,2020,AB,7/1/2020 0:00,6,SPICSR00056**C,S,PIC,32.317,39.488501,-82.756741,70184,99999.0,7/30/2020 0:00,16,5,N,2.0,Y,N,5.0,19,0,,,,N,32.317,SPICSR00056**C,N,1,AC07200069,1,7,,0,1,1,SALTCREEK TOWNSHIP,1,S,N,N,2.0,Y,0.038,,Y,,N,SALTCREEK TOWNSHIP,N,,0,,,,56,SR,,,N,,,LUTZ,1,,,,RD,N,N,N,0,0,N,3.0,0,2,1,,151387.0,N,66.115,19,Y,99,1,2,1,M,N,N,N,0,2,0,1,0,55,1,9,1,0,0,0,0,1,6,NT,1,0,,,,,,,,,,,,,,,,,,,,,,,,,,,,,,,,,,0,4,31155.0,"unit1 lutz unit1 driver stated came around curve went deeper patch water causing hydroplane enough lost control vehicle . unit1 left roadway side , struck ditch rolled multiple times soybean field causing disabling damage unit1 . driver transported adena hospital treatment injuries .",AB,"[8.746457751840353e-06, 0.0008508419850841165, 0.9991403818130493]",C,"[0.0005709316465072334, 0.9049955010414124, 0.09443352371454239]",C,"[0.0059356689453125, 0.9716796875, 0.0222320556640625]"