,id,OBJECTID,Narrative,DOCUMENT_NBR,CRASH_YR,CRASH_SEVERITY_CD,CRASH_MONTH_YEAR,DISTRICT_NBR,NLFID,NLF_JUR_CD,NLF_COUNTY_CD,COUNTY_LOG_NBR,ODOT_LATITUDE_NBR,ODOT_LONGITUDE_NBR,ODOT_FIPS_CD,AREA_CODE,CRASH_DATE,CRASH_TYPE_CD,DAY_IN_WEEK_CD,DISTRACTED_DRIVER_IND,FACILITY_TYPE_CD,FHWA_RDWY_DEPARTURE_IND,FREEWAY_IND,FUNCTIONAL_CLASS_CD,HOUR_OF_CRASH,INCAPAC_INJURIES_NBR,INTERCHANGE_ID,INTERSECTION_ID_CURRENT,INTERSECTION_LEG_ID,INTERSTATE_IND,INV_LOG_NBR,INV_NLFID,IS_COMMERCIAL_RELATED,LIGHT_COND_PRIMARY_CD,LOCAL_REPORT_NUMBER_ID,MAINTENANCE_AUTHORITY_CD,MONTH_OF_CRASH,NHS_CD,NO_INJURY_REPORTED_NBR,NON_INCAPAC_INJURIES_NBR,NUMBER_OF_UNITS_NBR,ODOT_CITY_VILLAGE_TWP_NME,ODOT_CRASH_LOCATION_CD,ODOT_DIR_FROM_REF_CD,ODOT_DIV_UNDIV_IND,ODOT_INTERSECTION_REL_IND,ODOT_LANES_NBR,ODOT_MAINTAINED_HWY_IND,ODOT_MILES_FROM_REF_NBR,ODOT_REF_ROUTE_PREFIX_CD,ODOT_YOUNG_DRIVER_IND,ODPS_ADDRESS_REFERENCE,ODPS_ALCOHOL_IND,ODPS_CITY_VILLAGE_TWP_NME,ODPS_DRUG_IND,ODPS_LOC_DIR_SUFFIX_CD,ODPS_LOC_IN_WORK_ZONE_CD,ODPS_LOC_ROAD_DIRECTION_CD,ODPS_LOC_ROAD_NME,ODPS_LOC_ROAD_SUFFIX_CD,ODPS_LOC_ROUTE_ID,ODPS_LOC_ROUTE_PREFIX_CD,ODPS_LOC_ROUTE_SUFFIX_CD,ODPS_MILEPOST_REFERENCE,ODPS_MOTORCYCLE_IND,ODPS_REF_DIR_SUFFIX_CD,ODPS_REF_DIRECTION_CD,ODPS_REF_GIVEN,ODPS_REF_POINT_USED_CD,ODPS_REF_ROUTE_ID,ODPS_REF_ROUTE_PREFIX_CD,ODPS_REF_ROUTE_SUFFIX_CD,ODPS_REF_SUFFIX_CD,ODPS_SCHOOL_ZONE_IND,ODPS_SENIOR_DRIVER_IND,ODPS_SPEED_IND,ODPS_TOTAL_FATALITIES_NBR,ODPS_TYPE_OF_WORK_ZONE_CD,ODPS_WORK_ZONE_IND,OPER_ACCESS_CONTROL_CD,POSSIBLE_INJURIES_NBR,ROAD_COND_PRIMARY_CD,ROAD_CONTOUR_CD,SA_RAMP_ID,SA_SEGMENT_ID,SECONDARY_CRASH,STATE_TRUE_LOG_NBR,U1_AGE_NBR,U1_AT_FAULT_IND,U1_CONT_CIR_PRIMARY_CD,U1_DIRECTION_FROM_CD,U1_DIRECTION_TO_CD,U1_DISTRACTED_BY_1_CD,U1_GENDER_CD,U1_IS_ALCOHOL_SUSPECTED,U1_IS_MARIJUANA_SUSPECTED,U1_IS_OTHER_DRUG_SUSPECTED,U1_NON_MOTORIST_LOC_CD,U1_NUMBER_OF_THRU_LANES,U1_OBJECT_STRUCK,U1_ODPS_UNIT_NBR,U1_OPERATINGIN_AUTONOMOUS_MODE,U1_POSTED_SPEED_NBR,U1_PRECRASH_ACTION_CD,U1_SEQ_OF_EVENTS_1_CD,U1_SEQ_OF_EVENTS_2_CD,U1_SEQ_OF_EVENTS_3_CD,U1_SEQ_OF_EVENTS_4_CD,U1_SEQ_OF_EVENTS_5_CD,U1_SEQ_OF_EVENTS_6_CD,U1_SPECIAL_FUNCTION_CD,U1_TRAFFIC_CONTROL_CD,U1_TURN_CD,U1_TYPE_OF_UNIT_CD,U1_UNIT_SPEED_NBR,U2_AGE_NBR,U2_CONT_CIR_PRIMARY_CD,U2_DIRECTION_FROM_CD,U2_DIRECTION_TO_CD,U2_DISTRACTED_BY_1_CD,U2_GENDER_CD,U2_NON_MOTORIST_LOC_CD,U2_ODPS_UNIT_NBR,U2_POSTED_SPEED_NBR,U2_PRECRASH_ACTION_CD,U2_SEQ_OF_EVENTS_1_CD,U2_SEQ_OF_EVENTS_2_CD,U2_SEQ_OF_EVENTS_3_CD,U2_SEQ_OF_EVENTS_4_CD,U2_SEQ_OF_EVENTS_5_CD,U2_SEQ_OF_EVENTS_6_CD,U2_SPECIAL_FUNCTION_CD,U2_TRAFFIC_CONTROL_CD,U2_TURN_CD,U2_TYPE_OF_UNIT_CD,U2_UNIT_SPEED_NBR,U3_CONT_CIR_PRIMARY_CD,U3_ODPS_UNIT_NBR,U3_PRECRASH_ACTION_CD,U3_SEQ_OF_EVENTS_1_CD,U3_SEQ_OF_EVENTS_2_CD,U3_SEQ_OF_EVENTS_3_CD,U3_SEQ_OF_EVENTS_4_CD,U3_SEQ_OF_EVENTS_5_CD,U3_SEQ_OF_EVENTS_6_CD,U3_SPECIAL_FUNCTION_CD,U3_TRAFFIC_CONTROL_CD,U3_TYPE_OF_UNIT_CD,UNRESTRAIN_OCCUPANTS,WEATHER_COND_CD,V1,clean_Narrative,BERT_predictions,BERT_prediction_probabilities,RoBERTa_predictions,RoBERTa_predictions_probabilities,distilBERT_predictions,distilBERT_predictions_probabilities
814,814,203123884,"unit 01 was traveling east on sr 2 in the middle lane near mile post 209.8. the road was saturated with water from an on going heavy rain storm passing through the area. unit 01 began to hydroplane on the wet pavement. the driver was unable to control the vehicle. unit 01 crossed over into and through the left lane, ran off the left side of the road, struck the cement median barrier, reentered the trafficway, and came to rest perpendicular to the direction of travel with half the car on the shoulder, and the front half of the car in the left lane. the car suffered disabling damage, and the driver transported to lake west with possible injuries.",20203123884,2020,C,6/1/2020 0:00,12,SLAKSR00002**C,S,LAK,1.326,41.620112,-81.467543,85036,17668.0,6/10/2020 0:00,13,4,N,2.0,Y,Y,2.0,20,0,,,,N,1.326,SLAKSR00002**C,N,1,2000133,4,6,N,0,0,1,WICKLIFFE,1,W,Y,N,6.0,N,0.1,,N,,N,WICKLIFFE,N,,0,,,,2,SR,,209.8,N,,,209 8,2,,,,,N,N,Y,0,0,N,1.0,1,2,1,,295348.0,N,209.658,40,Y,5,4,3,1,F,N,N,N,0,3,35,1,0,60,1,9,35,0,0,0,0,1,6,NT,1,60,,,,,,,,,,,,,,,,,,,,,,,,,,,,,,,,,,0,4,31549.0,"unit1 traveling middle near mile post .. saturated water going heavy rain storm passing area . unit1 began hydroplane wet pavement . driver unable control vehicle . unit1 crossed left , ran left side , struck cement median barrier , reentered trafficway , came rest perpendicular direction travel half car shoulder , front half car left . car suffered disabling damage , driver transported lake possible injuries .",C,"[4.223756988608329e-08, 0.9999998807907104, 9.404888601238781e-08]",C,"[8.899171177745302e-08, 0.9999995231628418, 2.980748092795693e-07]",C,"[0.00015974044799804688, 1.0, 2.9206275939941406e-06]"
815,815,203124711,the accident occurred on norton rd south of bausch rd. driver #1 stated he was northbound on norton rd when he hydroplaned on the wet road causing him to lose control and strike a mail box at 2329 and 2323 norton rd. unit #1 then flipped and ended up in a field across from 2295 norton rd. driver #1 was treated at scene by medic 31 with no transport. driver #1 was not cited due to the fact the jurisdiction could not be determined.,20203124711,2020,C,8/1/2020 0:00,6,CFRACR00003**C,C,FRA,8.021,39.905226,-83.145755,18000,19234.0,8/2/2020 0:00,13,1,N,,Y,N,4.0,8,0,,,,N,8.021,CFRACR00003**C,N,1,200573063,4,8,,0,0,1,COLUMBUS,1,S,N,N,2.0,N,0.019,,N,,N,PRAIRIE TOWNSHIP,N,,0,,NORTON,RD,,,,,N,,,BAUSCH,1,,,,RD,N,N,N,0,0,N,,1,2,1,,28187.0,N,8.021,29,Y,99,2,1,1,M,N,N,N,0,2,47,1,2,55,1,47,8,0,0,0,0,1,6,NT,1,55,,,,,,,,,,,,,,,,,,,,,,,,,,,,,,,,,,0,4,32878.0,accident occurred norton bausch driver stated norton hydroplaned wet causing lose control strike mail box norton unit1 flipped ended field across norton driver treated scene medic transport . driver cited due fact jurisdiction could determined .,C,"[5.6664954172447324e-05, 0.9999370574951172, 6.305467650236096e-06]",C,"[2.3694385618000524e-06, 0.999997615814209, 4.697671229791922e-08]",O,"[0.74658203125, 0.253173828125, 0.00026345252990722656]"
816,816,203124905,"the operator of unit #1 was stopped at the red light on w alexis at lewis in the left turn lane. unit #2 was entering the left turn lane of w alexis and was approaching the stopped unit #1. the operator of unit #2 stated that he """"hit a puddle and began to hydroplane"""" causing him to spin. unit #2 struck the rear of unit #1. the operator of unit #2 was cited. it should be noted that the operator of unit #2 stated that he was en route to the hospital to receive treatment for his passenger due to an infection in her arm. the passenger was transported to the hospital by tfrd for treatment for her prior condition.",20203124905,2020,O,8/1/2020 0:00,2,MLUCMR04013**C,M,LUC,2.011,41.721566,-83.566562,77000,87868.0,8/1/2020 0:00,5,7,N,,N,N,4.0,13,0,,31eff577-6ef1-4162-88f9-8d86436cb04e,7baabe6c-3e91-4e1c-82a9-f47a6a0c21a8,N,2.011,MLUCMR04013**C,N,1,2.00801E+13,4,8,,3,0,2,TOLEDO,2,E,N,Y,4.0,N,0.001,SR,N,,N,TOLEDO,N,,0,,LEWIS,AVE,,,,,N,,W,ALEXIS,1,,,,RD,N,N,Y,0,0,N,,0,2,1,,127182.0,N,2.011,46,Y,5,3,4,1,M,N,N,N,0,2,0,2,0,45,1,20,0,0,0,0,0,1,2,NT,2,25,49.0,1.0,3.0,4.0,1.0,M,,1.0,45.0,11.0,20.0,,,,,,1.0,2.0,NT,4.0,0.0,,,,,,,,,,,,,0,4,33573.0,operator unit1 stopped red light alexis lewis left turn . unit2 entering left turn alexis approaching stopped unit1 . operator unit2 stated `` '' hit puddle began hydroplane '' '' causing spin . unit2 struck rear unit1 . operator unit2 cited . noted operator unit2 stated hospital receive treatment passenger due infection arm . passenger transported hospital tfrd treatment prior condition .,C,"[0.0010239119874313474, 0.9963143467903137, 0.002661749254912138]",C,"[1.0236664820695296e-05, 0.9999862909317017, 3.4077061172865797e-06]",C,"[0.0034236907958984375, 0.9951171875, 0.0014505386352539062]"
817,817,203125088,unit #1 traveling eastbound on i-275 at the 73 mm hydroplanned on standing water causing unit #1 to spin off road right and strike the concrete wall.,20203125088,2020,O,8/1/2020 0:00,8,SHAMIR00275**N,S,HAM,41.553,39.059327,-84.425333,15000,16885.0,8/1/2020 0:00,13,7,N,2.0,Y,Y,1.0,14,0,,995120d8-8d02-4a30-b294-b8a6d32b9e2f,40f46cc6-3aca-4921-bc24-28986efc8cbc,Y,41.324,SHAMIR00275**C,N,1,205008498,1,8,N,1,0,1,CINCINNATI,1,,Y,N,6.0,Y,0.0,,Y,,N,CINCINNATI,N,,0,,,,275,IR,,73.0,N,,,73 0,2,,,,,N,N,Y,0,0,N,1.0,0,6,1,,56953.0,N,73.033,21,N,5,4,3,1,M,N,N,N,0,4,35,1,2,55,1,8,35,0,0,0,0,1,6,NT,1,70,,,,,,,,,,,,,,,,,,,,,,,,,,,,,,,,,,0,4,33790.0,unit1 traveling mm hydroplanned standing water causing unit1 spin strike concrete wall .,O,"[0.999512791633606, 0.00046347512397915125, 2.3688762667006813e-05]",O,"[0.9943191409111023, 0.005498199257999659, 0.00018265125981997699]",O,"[1.0, 0.0, 0.0]"
818,818,203125103,unit #1 was traveling e. b. on newton and was stopped for the traffic signal at broadway st. unit #1 proceeded into the intersection as the traffic signal changed to green and began turning left onto n. b. broadway. unit #2 was traveling s. b. on broadway st. at newton in the left lane of travel. unit #2 stated that his traffic signal had changed to red and he began to stop. unit #2 stated that his vehicle began to hydroplane on the wet roadway and slid into the intersection and was struck by unit #1. no injuries were reported. unit #2 was cited for failure to control a motor vehicle.,20203125103,2020,O,8/1/2020 0:00,2,MLUCMR04024**C,M,LUC,0.293,41.639716,-83.544148,77000,87868.0,8/2/2020 0:00,6,1,N,,N,N,7.0,11,0,,a2aa578a-5327-4118-99ee-50fe100d0b3d,ec14f2a0-68c5-454a-99d0-b3a56a50edc8,N,0.293,MLUCMR04024**C,N,1,2.00802E+13,4,8,4,2,0,2,TOLEDO,1,,N,Y,2.0,N,0.0,MR,N,,N,TOLEDO,N,,0,,BROADWAY,ST,,,,,N,,,NEWTON,1,,,,ST,N,N,N,0,0,N,,0,2,2,,149782.0,N,0.293,40,Y,3,1,2,1,M,N,N,N,0,4,0,2,0,25,1,20,0,0,0,0,0,1,2,NT,3,25,64.0,1.0,4.0,1.0,1.0,M,,1.0,25.0,6.0,20.0,,,,,,1.0,2.0,LT,2.0,10.0,,,,,,,,,,,,,1,4,33815.0,unit1 traveling b. newton stopped traffic signal broadway unit1 proceeded intersection traffic signal changed green began turning left onto b. broadway . unit2 traveling b. broadway newton left travel . unit2 stated traffic signal changed red began stop . unit2 stated vehicle began hydroplane wet roadway slid intersection struck unit1 . injuries reported . unit2 cited failure control motor vehicle .,O,"[0.9999998807907104, 8.611139890035702e-08, 1.83501995820734e-08]",O,"[0.9999998807907104, 7.58099147901703e-08, 1.7623379144904305e-10]",O,"[1.0, 0.0, 0.0]"
819,819,203125921,unit #1 was traveling southbound on ir 271 in the right lane (lane 5). unit #2 was traveling southbound on ir 271 in the center through lane for 271 south (lane 2). the driver of unit #2 stated that the vehicle started to hydroplane to the right and as she applied the brakes the vehicle started to spin out. unit #2 crossed over the other lanes of travel and struck the front of unit #1 and the bridge wall before stopping.,20203125921,2020,AB,8/1/2020 0:00,12,SCUYIR00271**N,S,CUY,2.506,41.385721,-81.51274,4920,17668.0,8/4/2020 0:00,5,3,N,2.0,N,Y,1.0,7,0,,dafa6489-2820-4944-969d-52f1ef0dfc64,f6f318b5-fc0b-4cb8-bf00-53ac0f27ff0e,Y,2.499,SCUYIR00271**C,N,1,2000128,1,8,N,0,1,2,BEDFORD HEIGHTS,1,,Y,N,6.0,Y,0.0,CR,Y,,N,BEDFORD HEIGHTS,N,,0,,I 271 N,,271,IR,,,N,,,SOLON,1,,,,RD,N,N,N,0,0,N,1.0,1,2,1,,121869.0,N,24.47,23,Y,99,1,2,1,F,N,N,N,0,5,0,2,2,60,1,13,20,0,0,0,0,1,6,NT,1,60,26.0,1.0,1.0,2.0,1.0,F,,1.0,60.0,1.0,20.0,,,,,,1.0,6.0,NT,3.0,50.0,,,,,,,,,,,,,0,4,35181.0,unit1 traveling . unit2 traveling center . driver unit2 stated vehicle started hydroplane applied brakes vehicle started spin . unit2 crossed lanes travel struck front unit1 bridge wall stopping .,O,"[0.6510223150253296, 0.33064165711402893, 0.018336016684770584]",C,"[0.014032596722245216, 0.9835123419761658, 0.0024550952948629856]",C,"[0.024383544921875, 0.94384765625, 0.03167724609375]"
820,820,203126987,unit #1 traveling north on i-75 when driver failed to maintain control causing accident with unit #2. witnesses stated vehicle hydroplaned.,20203126987,2020,AB,7/1/2020 0:00,8,SHAMIR00075**C,S,HAM,2.127,39.118418,-84.534752,15000,16885.0,7/30/2020 0:00,5,5,N,2.0,N,Y,1.0,12,0,,,,Y,2.127,SHAMIR00075**C,Y,1,205008370,1,7,N,1,1,2,CINCINNATI,1,,Y,N,8.0,Y,0.0,,Y,,N,CINCINNATI,N,,0,,,,75,IR,,2.1,N,,,2 1,2,,,,,N,N,N,0,0,N,1.0,0,2,1,,34127.0,N,2.127,22,Y,99,2,1,1,F,N,N,N,0,4,0,1,2,0,1,20,0,0,0,0,0,1,6,NT,1,0,21.0,1.0,2.0,1.0,1.0,M,,2.0,,1.0,20.0,,,,,,1.0,6.0,NT,15.0,,,,,,,,,,,,,,0,4,36287.0,unit1 traveling driver failed maintain control causing accident unit2 . witnesses stated vehicle hydroplaned .,C,"[0.007563067600131035, 0.9284966588020325, 0.06394034624099731]",C,"[0.019652724266052246, 0.5489047765731812, 0.4314424395561218]",C,"[0.038421630859375, 0.82763671875, 0.134033203125]"
821,821,203127084,unit 1 was north bound on fourmile run rd. unit 1 hydroplaned and ran off of the roadway right. unit 1 came to rest on its passenger side in the ditch.,20203127084,2020,O,8/1/2020 0:00,4,CTRUCR01239**C,C,TRU,0.947,41.147269,-80.743015,82446,97831.0,8/3/2020 0:00,17,2,N,2.0,Y,N,5.0,17,0,,70f75d20-933b-47c7-8b52-90cdfd138fc4,0fd60ae6-f5c0-4ca1-9dc5-70bd835203c6,N,0.947,CTRUCR01239**C,N,1,20-0003574,2,8,,1,0,1,WEATHERSFIELD TOWNSHIP,1,S,N,N,2.0,N,0.014,CR,Y,,N,WEATHERSFIELD TOWNSHIP,N,,0,,FOURMILE RUN,RD,,,,,N,,,SALT SPRINGS,1,,,,RD,N,N,Y,0,0,N,,0,2,1,,104847.0,N,0.947,25,Y,5,2,1,1,M,N,N,N,0,1,0,1,2,40,1,8,0,0,0,0,0,1,6,NT,1,30,,,,,,,,,,,,,,,,,,,,,,,,,,,,,,,,,,0,4,37594.0,unit1 fourmile run unit1 hydroplaned ran roadway . unit1 came rest passenger side ditch .,O,"[0.9708423614501953, 0.024800345301628113, 0.00435720244422555]",O,"[0.9907551407814026, 0.00873381644487381, 0.0005110415513627231]",O,"[0.998046875, 0.0022449493408203125, 0.00017786026000976562]"
822,822,203127518,"the non injury accident occurred on st. rt. 315 n/b s/o the medical center dr. exit / king ave. driver of unit #1 stated he was n/b on st. rt. 315 in the middle lane when his truck hit a bump in the road and caused his truck to veer off the road right striking the side guard rail and was spun around facing s/b in the n/b lanes at final rest. it was raining at the time of the accident and cars were hydroplaning throughout the day. based on the circumstances, driver of unit #1 was cited for fail to control, no ops, and dus citation #1826536.",20203127518,2020,O,8/1/2020 0:00,6,SFRASR00315**C,S,FRA,3.134,39.990852,-83.025083,18000,19234.0,8/3/2020 0:00,13,2,N,2.0,Y,Y,2.0,18,0,,fa1c54de-f2df-49f8-8a99-f1acaa945adb,3cb857da-39a4-4d9b-8abd-77c19c2a7eff,N,3.134,SFRASR00315**C,N,1,200577023,4,8,N,1,0,1,COLUMBUS,1,S,Y,N,8.0,N,0.095,RA,N,,N,COLUMBUS,N,,0,,STATE ROUTE 315 N,,315,SR,,,N,,,KING,1,,,,AVE,N,N,N,0,0,N,1.0,0,2,3,,148688.0,N,3.134,28,Y,99,2,1,1,M,N,N,N,0,3,30,1,0,55,1,8,30,0,0,0,0,1,6,NT,4,50,,,,,,,,,,,,,,,,,,,,,,,,,,,,,,,,,,0,4,41600.0,"non injury accident occurred . medical center . exit king . driver unit1 stated . middle truck hit bump caused truck veer striking side guard rail spun around facing lanes final rest . raining time accident cars hydroplaning throughout day . based circumstances , driver unit1 cited fail control , ops , dus citation .",O,"[0.9999969005584717, 2.8629669941437896e-06, 1.7919671790878056e-07]",O,"[0.8805304765701294, 0.11946611851453781, 3.3410628930141684e-06]",O,"[1.0, 0.0, 0.0]"
823,823,203128204,"unit 1 was traveling n/b on jfk memorial pkwy (sr 57) in the left lane. unknown unit 2 traveling n/b on jfk memorial pkway in the right lane passed unit 1 and then turned into the left lane directly in front of unit 1. unit 1 and the vehicle did not come into any contact due to the driver of unit 1 applying the brakes. however, unit 1 began to hydroplane from the left lane, to the right lane, then off the right shoulder and into a grassy shallow ditch, hitting a wire fence with the left side of unit 1. the front of unit 1 was facing southwest at final rest. the driver of unit 1 stated the vehicle """"cut him off"""", causing him to apply the brakes in a quick and forceful manner.",20203128204,2020,O,8/1/2020 0:00,3,SLORSR00057**N,S,LOR,16.811,41.385831,-82.077537,25256,51364.0,8/2/2020 0:00,0,1,N,2.0,N,N,3.0,16,0,,06b177ea-f1c7-418c-93ba-b162cabfcc7a,6bcfc88a-cd4a-4911-b78a-cb487165b76e,N,16.809,SLORSR00057**C,N,1,2020-00018553,4,8,N,2,0,2,ELYRIA,2,W,Y,Y,4.0,N,0.019,CR,Y,,N,ELYRIA,N,,0,,JFK MEMORIAL,PKWY,57,SR,,,N,,,ABBE,1,301,SR,,RD,N,N,N,0,0,N,2.0,0,2,1,,296419.0,N,50.773,0,Y,99,9,9,0,U,N,N,N,0,2,0,2,2,50,99,99,0,0,0,0,0,1,6,NT,99,0,17.0,15.0,2.0,1.0,1.0,M,,1.0,50.0,1.0,13.0,8.0,46.0,,,,1.0,6.0,NT,1.0,50.0,,,,,,,,,,,,,0,4,21520.0,"unit1 traveling jfk memorial left . unknown unit2 traveling jfk memorial pkway passed unit1 turned left directly front unit1 . unit1 vehicle come contact due driver unit1 applying brakes . however , unit1 began hydroplane left , , shoulder grassy shallow ditch , hitting wire fence left side unit1 . front unit1 facing final rest . driver unit1 stated vehicle `` '' cut '' '' , causing apply brakes quick forceful manner .",O,"[0.9999986886978149, 1.2478043345254264e-06, 1.4161329886519525e-07]",O,"[0.9999752044677734, 2.3309583411901258e-05, 1.4151419236441143e-06]",O,"[1.0, 0.0, 0.0]"
824,824,203131285,"unit 1 and unit 2 were traveling south on i-77 near state route 18. the driver of unit 1 joseph louis reported that his vehicle began to hydroplane. unit 1 rotated at least 180 degrees, struck the cement median and struck unit 2. there was damage on the right front, right side and right back of unit 1 from striking the median. there was seemingly minimal damage on the left side of unit 2. the driver later contacted police reporting the vehicle felt unsafe to drive and had it towed from ridgewood crossing.",20203131285,2020,O,8/1/2020 0:00,4,SSUMIR00077**C,S,SUM,22.881,41.13088,-81.651719,18658,766.0,8/1/2020 0:00,6,7,N,2.0,Y,Y,1.0,15,0,,,,Y,22.881,SSUMIR00077**C,N,1,22008004,1,8,N,3,0,2,COPLEY TOWNSHIP,1,S,Y,N,6.0,Y,0.208,SR,N,,N,COPLEY TOWNSHIP,N,,0,,I 77 S,,77,IR,,,N,,,STATE ROUTE 18 S,1,18,SR,,,N,N,Y,0,0,N,1.0,0,2,1,,91298.0,N,136.403,27,Y,99,2,1,1,M,N,N,N,0,4,35,1,2,65,1,35,20,0,0,0,0,1,6,NT,1,70,43.0,1.0,1.0,2.0,1.0,F,,2.0,65.0,1.0,20.0,,,,,,1.0,6.0,NT,1.0,66.0,,,,,,,,,,,,,0,4,60514.0,"unit1 unit2 traveling near state . driver unit1 joseph louis reported vehicle began hydroplane . unit1 rotated least degrees , struck cement median struck unit2 . damage front , side back unit1 striking median . seemingly minimal damage left side unit2 . driver later contacted police reporting vehicle felt unsafe towed ridgewood crossing .",O,"[0.9999992847442627, 5.857766609551618e-07, 6.037073063680509e-08]",O,"[1.0, 5.0486619329603855e-08, 1.5970913480600757e-10]",O,"[1.0, 5.435943603515625e-05, 3.6954879760742188e-06]"
825,825,203133750,"unit 1 operating north bound interstate 75 when his vehicle started to hydroplane due to the amount of rain falling on the roadway. the driver of unit 1 lost control of the vehicle, going off the left side of the roadway striking the concrete median.",20203133750,2020,O,8/1/2020 0:00,2,SLUCIR00075**C,S,LUC,9.154,41.696896,-83.501485,77000,87868.0,8/16/2020 0:00,13,1,N,2.0,Y,Y,1.0,10,0,,,,Y,9.154,SLUCIR00075**C,N,1,2.00816E+13,1,8,N,1,0,1,TOLEDO,1,S,Y,N,7.0,Y,0.25,,N,,N,TOLEDO,N,,0,,,,75,IR,,209.0,N,,,,2,,,,,N,N,N,0,0,N,1.0,0,2,4,,91181.0,N,208.736,47,Y,11,2,1,1,M,N,N,N,0,3,35,1,0,60,1,9,35,0,0,0,0,1,6,NT,4,60,,,,,,,,,,,,,,,,,,,,,,,,,,,,,,,,,,0,4,77503.0,"unit1 operating interstate vehicle started hydroplane due amount rain falling roadway . driver unit1 lost control vehicle , going left side roadway striking concrete median .",O,"[0.9943460822105408, 0.00533835357055068, 0.000315557379508391]",O,"[0.9917844533920288, 0.00778473075479269, 0.0004308733041398227]",O,"[0.97998046875, 0.0179901123046875, 0.002109527587890625]"
826,826,203133899,"unit #1 was traveling sb on i-75 in the left lane right before the detroit/monroe exit (exit #203). unit #1 stated due to the heavy rain, he """"hydroplaned"""" and lost control of his vehicle. unit #1 then struck the concrete medium. a passenger from unit #1 was transported to toledo hospital by medic #25 with minor injury. unit #1 was cited for failure to control. unit #1 stated he does have a valid michigan license but did not have it on his person. this was not confirmed due to leads being down. unit #1 did not have current proof of insurance.",20203133899,2020,AB,8/1/2020 0:00,2,SLUCIR00075**N,S,LUC,4.012,41.667159,-83.568677,77000,87868.0,8/16/2020 0:00,13,1,N,2.0,Y,Y,1.0,10,0,59600.0,,,Y,4.01,SLUCIR00075**C,N,1,2.00816E+13,1,8,N,3,1,1,TOLEDO,1,,Y,N,8.0,Y,0.0,,N,,N,TOLEDO,N,,0,,I 75 S,,75,IR,,,N,,N,DETROIT,1,,,,AVE,N,N,N,0,0,N,1.0,0,2,3,,34211.0,N,203.594,33,Y,99,1,2,1,M,N,N,N,0,4,35,1,0,55,1,35,0,0,0,0,0,1,6,NT,4,55,,,,,,,,,,,,,,,,,,,,,,,,,,,,,,,,,,0,4,77587.0,"unit1 traveling left detroit monroe exit . unit1 stated due heavy rain , `` '' hydroplaned '' '' lost control vehicle . unit1 struck concrete medium . passenger unit1 transported toledo hospital medic minor injury . unit1 cited failure control . unit1 stated valid michigan license person . confirmed due leads . unit1 current proof insurance .",C,"[1.4262820968724554e-07, 0.9999997615814209, 1.0779940140537292e-07]",C,"[8.591567279836454e-08, 0.9999997615814209, 1.4405136994355416e-07]",C,"[9.5367431640625e-07, 1.0, 2.980232238769531e-07]"
827,827,203134175,unit one was travelling south bound when unit one hydroplaned and went off the shoulder side of the road. *vin is incorrect due to lack of information sent from dispatch.*,20203134175,2020,O,8/1/2020 0:00,4,STRUSR00011**N,S,TRU,8.772,41.219234,-80.710989,80052,97831.0,8/4/2020 0:00,17,3,N,2.0,Y,Y,2.0,14,0,,,,N,8.907,STRUSR00011**C,N,1,VIE2001976,1,8,N,1,0,1,VIENNA TOWNSHIP,1,,Y,N,4.0,Y,0.0,,N,,N,VIENNA TOWNSHIP,N,,0,,,,11,SR,,51.0,N,,,,2,,,,,N,N,N,0,0,N,1.0,0,2,1,,295723.0,N,50.862,30,Y,1,1,2,1,F,N,N,N,0,2,0,1,0,65,1,8,0,0,0,0,0,1,6,NT,2,55,,,,,,,,,,,,,,,,,,,,,,,,,,,,,,,,,,0,4,78069.0,unit1 travelling unit1 hydroplaned went shoulder side . vin incorrect due lack information sent dispatch .,O,"[0.9984672665596008, 0.0014583977172151208, 7.428360549965873e-05]",O,"[0.9725797176361084, 0.027219653129577637, 0.00020054614287801087]",O,"[1.0, 0.0004374980926513672, 2.9802322387695312e-05]"