,id,OBJECTID,Narrative,DOCUMENT_NBR,CRASH_YR,CRASH_SEVERITY_CD,CRASH_MONTH_YEAR,DISTRICT_NBR,NLFID,NLF_JUR_CD,NLF_COUNTY_CD,COUNTY_LOG_NBR,ODOT_LATITUDE_NBR,ODOT_LONGITUDE_NBR,ODOT_FIPS_CD,AREA_CODE,CRASH_DATE,CRASH_TYPE_CD,DAY_IN_WEEK_CD,DISTRACTED_DRIVER_IND,FACILITY_TYPE_CD,FHWA_RDWY_DEPARTURE_IND,FREEWAY_IND,FUNCTIONAL_CLASS_CD,HOUR_OF_CRASH,INCAPAC_INJURIES_NBR,INTERCHANGE_ID,INTERSECTION_ID_CURRENT,INTERSECTION_LEG_ID,INTERSTATE_IND,INV_LOG_NBR,INV_NLFID,IS_COMMERCIAL_RELATED,LIGHT_COND_PRIMARY_CD,LOCAL_REPORT_NUMBER_ID,MAINTENANCE_AUTHORITY_CD,MONTH_OF_CRASH,NHS_CD,NO_INJURY_REPORTED_NBR,NON_INCAPAC_INJURIES_NBR,NUMBER_OF_UNITS_NBR,ODOT_CITY_VILLAGE_TWP_NME,ODOT_CRASH_LOCATION_CD,ODOT_DIR_FROM_REF_CD,ODOT_DIV_UNDIV_IND,ODOT_INTERSECTION_REL_IND,ODOT_LANES_NBR,ODOT_MAINTAINED_HWY_IND,ODOT_MILES_FROM_REF_NBR,ODOT_REF_ROUTE_PREFIX_CD,ODOT_YOUNG_DRIVER_IND,ODPS_ADDRESS_REFERENCE,ODPS_ALCOHOL_IND,ODPS_CITY_VILLAGE_TWP_NME,ODPS_DRUG_IND,ODPS_LOC_DIR_SUFFIX_CD,ODPS_LOC_IN_WORK_ZONE_CD,ODPS_LOC_ROAD_DIRECTION_CD,ODPS_LOC_ROAD_NME,ODPS_LOC_ROAD_SUFFIX_CD,ODPS_LOC_ROUTE_ID,ODPS_LOC_ROUTE_PREFIX_CD,ODPS_LOC_ROUTE_SUFFIX_CD,ODPS_MILEPOST_REFERENCE,ODPS_MOTORCYCLE_IND,ODPS_REF_DIR_SUFFIX_CD,ODPS_REF_DIRECTION_CD,ODPS_REF_GIVEN,ODPS_REF_POINT_USED_CD,ODPS_REF_ROUTE_ID,ODPS_REF_ROUTE_PREFIX_CD,ODPS_REF_ROUTE_SUFFIX_CD,ODPS_REF_SUFFIX_CD,ODPS_SCHOOL_ZONE_IND,ODPS_SENIOR_DRIVER_IND,ODPS_SPEED_IND,ODPS_TOTAL_FATALITIES_NBR,ODPS_TYPE_OF_WORK_ZONE_CD,ODPS_WORK_ZONE_IND,OPER_ACCESS_CONTROL_CD,POSSIBLE_INJURIES_NBR,ROAD_COND_PRIMARY_CD,ROAD_CONTOUR_CD,SA_RAMP_ID,SA_SEGMENT_ID,SECONDARY_CRASH,STATE_TRUE_LOG_NBR,U1_AGE_NBR,U1_AT_FAULT_IND,U1_CONT_CIR_PRIMARY_CD,U1_DIRECTION_FROM_CD,U1_DIRECTION_TO_CD,U1_DISTRACTED_BY_1_CD,U1_GENDER_CD,U1_IS_ALCOHOL_SUSPECTED,U1_IS_MARIJUANA_SUSPECTED,U1_IS_OTHER_DRUG_SUSPECTED,U1_NON_MOTORIST_LOC_CD,U1_NUMBER_OF_THRU_LANES,U1_OBJECT_STRUCK,U1_ODPS_UNIT_NBR,U1_OPERATINGIN_AUTONOMOUS_MODE,U1_POSTED_SPEED_NBR,U1_PRECRASH_ACTION_CD,U1_SEQ_OF_EVENTS_1_CD,U1_SEQ_OF_EVENTS_2_CD,U1_SEQ_OF_EVENTS_3_CD,U1_SEQ_OF_EVENTS_4_CD,U1_SEQ_OF_EVENTS_5_CD,U1_SEQ_OF_EVENTS_6_CD,U1_SPECIAL_FUNCTION_CD,U1_TRAFFIC_CONTROL_CD,U1_TURN_CD,U1_TYPE_OF_UNIT_CD,U1_UNIT_SPEED_NBR,U2_AGE_NBR,U2_CONT_CIR_PRIMARY_CD,U2_DIRECTION_FROM_CD,U2_DIRECTION_TO_CD,U2_DISTRACTED_BY_1_CD,U2_GENDER_CD,U2_NON_MOTORIST_LOC_CD,U2_ODPS_UNIT_NBR,U2_POSTED_SPEED_NBR,U2_PRECRASH_ACTION_CD,U2_SEQ_OF_EVENTS_1_CD,U2_SEQ_OF_EVENTS_2_CD,U2_SEQ_OF_EVENTS_3_CD,U2_SEQ_OF_EVENTS_4_CD,U2_SEQ_OF_EVENTS_5_CD,U2_SEQ_OF_EVENTS_6_CD,U2_SPECIAL_FUNCTION_CD,U2_TRAFFIC_CONTROL_CD,U2_TURN_CD,U2_TYPE_OF_UNIT_CD,U2_UNIT_SPEED_NBR,U3_CONT_CIR_PRIMARY_CD,U3_ODPS_UNIT_NBR,U3_PRECRASH_ACTION_CD,U3_SEQ_OF_EVENTS_1_CD,U3_SEQ_OF_EVENTS_2_CD,U3_SEQ_OF_EVENTS_3_CD,U3_SEQ_OF_EVENTS_4_CD,U3_SEQ_OF_EVENTS_5_CD,U3_SEQ_OF_EVENTS_6_CD,U3_SPECIAL_FUNCTION_CD,U3_TRAFFIC_CONTROL_CD,U3_TYPE_OF_UNIT_CD,UNRESTRAIN_OCCUPANTS,WEATHER_COND_CD,V1,clean_Narrative,BERT_predictions,BERT_prediction_probabilities,RoBERTa_predictions,RoBERTa_predictions_probabilities,distilBERT_predictions,distilBERT_predictions_probabilities
828,828,203135960,"unit #3 was traveling east bound on i90 in the left lane. unit #3 drove through water build-up on the road which caused him to hydroplane. unit #3 lost control and merged into the right lane, striking the rear of unit #2. when unit #3 merged lanes and struck unit #2, unit #3 also cut off unit #2 forcing unit #2 to attempt and avoid the crash by merging to the left; however he was unable to avoid unit #3, striking the left rear of unit #3. unit #1 sustained minor rear damage, unit #2 sustained minor right front damage and unit #3 sustained both front and left rear damage. *it should be noted that it was raining heavily and visibility was highly obstructed. vehicles were traveling at a much slower rate than normal.",20203135960,2020,O,8/1/2020 0:00,3,SLORIR00090**C,S,LOR,12.873,41.404119,-82.123519,25256,51364.0,8/16/2020 0:00,5,1,N,2.0,N,Y,1.0,12,0,,bd22a1ce-58ee-497c-8b0a-d3c176eff2ee,4a5da7b9-848d-4514-9a9f-0a7ff3113af9,Y,12.873,SLORIR00090**C,N,1,2020-00019746,1,8,N,5,0,3,ELYRIA,1,W,Y,N,4.0,Y,0.009,RA,Y,,N,ELYRIA,N,,0,,I 90 E,,90,IR,,,N,,,LORAIN,1,57,SR,,BLVD,N,Y,N,0,0,N,1.0,0,2,1,,39687.0,N,145.361,28,Y,99,4,3,1,M,N,N,N,0,2,0,3,0,65,1,20,20,0,0,0,0,1,6,NT,3,30,69.0,15.0,4.0,3.0,1.0,M,,2.0,65.0,1.0,20.0,,,,,,1.0,6.0,NT,3.0,30.0,1.0,1.0,1.0,20.0,,,,,,1.0,6.0,3.0,0,4,79230.0,"unit3 traveling left . unit3 drove water buildup caused hydroplane . unit3 lost control merged , striking rear unit2 . unit3 merged lanes struck unit2 , unit3 also cut unit2 forcing unit2 attempt avoid crash merging left ; however unable avoid unit3 , striking left rear unit3 . unit1 sustained minor rear damage , unit2 sustained minor front damage unit3 sustained front left rear damage . noted raining heavily visibility highly obstructed . vehicles traveling much slower rate normal .",O,"[0.9951136708259583, 0.0047226278111338615, 0.00016364910698030144]",O,"[0.9999970197677612, 3.0063558824622305e-06, 5.043305506546858e-08]",O,"[0.97607421875, 0.02313232421875, 0.0004475116729736328]"
829,829,203136461,"unit #1 was traveling on 480 west near tiedeman road and hydroplaned, causing the vehicle to crash into the concrete barrier and spin around on the highway.",20203136461,2020,AB,8/1/2020 0:00,12,SCUYIR00480**N,S,CUY,14.202,41.421545,-81.712449,16000,17668.0,8/16/2020 0:00,13,1,N,2.0,Y,Y,1.0,12,0,20000.0,,,Y,14.202,SCUYIR00480**C,N,1,2020072750,1,8,N,1,1,1,CLEVELAND,1,W,Y,N,8.0,Y,0.009,,N,,N,BROOKLYN,N,,0,,,,480,IR,,14.2,N,,,,2,,,,,N,N,Y,0,0,N,1.0,0,2,1,,35026.0,N,16.506,27,Y,5,3,4,1,F,N,N,N,0,4,35,1,0,60,1,9,35,0,0,0,0,1,6,NT,1,67,,,,,,,,,,,,,,,,,,,,,,,,,,,,,,,,,,0,4,79518.0,"unit1 traveling near tiedeman hydroplaned , causing vehicle crash concrete barrier spin around .",O,"[0.6486517786979675, 0.33423423767089844, 0.017114056274294853]",O,"[0.8272873759269714, 0.17050717771053314, 0.002205486176535487]",O,"[1.0, 0.0, 0.0]"
830,830,203139456,"the driver of unit #1, northbound, failed to maintain control of the vehicle after it hydroplaned on a wet road. unit #1 left the roadway and came to rest on a grassy area causing listed damage.",20203139456,2020,O,7/1/2020 0:00,8,CHAMCR00612**C,C,HAM,4.824,39.139328,-84.453001,15000,16885.0,7/23/2020 0:00,17,5,N,,N,N,3.0,9,0,,,,N,4.824,CHAMCR00612**C,N,1,205008021,4,7,,1,0,1,CINCINNATI,1,,N,N,4.0,N,0.0,,Y,2443,N,CINCINNATI,N,,0,,MADISON,RD,,,,,N,,,2443RD,3,,,,,N,N,N,0,0,N,,0,2,1,,33800.0,N,4.824,18,Y,99,2,1,1,F,N,N,N,0,6,0,1,2,0,1,13,0,0,0,0,0,1,6,NT,3,0,,,,,,,,,,,,,,,,,,,,,,,,,,,,,,,,,,0,4,7606.0,"driver unit1 , , failed maintain control vehicle hydroplaned wet . unit1 left roadway came rest grassy area causing listed damage .",O,"[0.999907374382019, 8.920557593228295e-05, 3.439422471274156e-06]",O,"[0.6593745350837708, 0.3321639895439148, 0.008461467921733856]",O,"[0.98291015625, 0.0161895751953125, 0.0008416175842285156]"
831,831,203140761,"the driver of unit 1 was traveling w b on ir 90 in the #3 lane, hydroplaned due to heavy rain, ran off the roadway left, struck the guardrail median barrier rolled the vehicle once and came to rest facing s b. r n r nno damage to the guardrail medium barrier r n r nno citation issued",20203140761,2020,O,8/1/2020 0:00,12,SCUYIR00090**N,S,CUY,30.092,41.599691,-81.488671,25704,17668.0,8/26/2020 0:00,13,4,N,2.0,Y,Y,1.0,11,0,,,,Y,30.077,SCUYIR00090**C,N,1,2090907,1,8,N,1,0,1,EUCLID,1,,Y,N,6.0,Y,0.0,,N,,N,EUCLID,N,,0,,90 W B,HWY,90,IR,,186.0,N,,,186,2,,,,,N,N,N,0,0,N,1.0,0,2,2,,56893.0,N,185.911,35,Y,99,2,6,1,M,N,N,N,0,3,34,1,0,60,1,9,34,0,0,0,0,1,6,LT,3,60,,,,,,,,,,,,,,,,,,,,,,,,,,,,,,,,,,0,4,11048.0,"driver unit1 traveling b , hydroplaned due heavy rain , ran roadway left , struck guardrail median barrier rolled vehicle came rest facing b. r nno damage guardrail medium barrier r nno citation issued",O,"[0.9998812675476074, 0.00011445188283687457, 4.23631354351528e-06]",O,"[0.9154711961746216, 0.08427008241415024, 0.00025874492712318897]",C,"[0.0022830963134765625, 0.99609375, 0.0012865066528320312]"
832,832,203140926,unit 1 was traveling south on i-77 at mile post 136. unit 1 failed to control his vehicle causing him to hydroplane into the cement barrier in the middle of the roadway. unit 1 hydroplaned due to inclement weather.,20203140926,2020,O,8/1/2020 0:00,4,SSUMIR00077**N,S,SUM,22.637,41.127426,-81.652794,18658,766.0,8/26/2020 0:00,13,4,N,2.0,Y,Y,1.0,8,0,,,,Y,22.648,SSUMIR00077**C,N,1,22008102,1,8,N,1,0,1,COPLEY TOWNSHIP,1,S,Y,N,6.0,Y,0.028,,N,,N,COPLEY TOWNSHIP,N,,0,,,,77,IR,,136.0,N,,,136,2,,,,,N,N,Y,0,0,N,1.0,0,2,1,,91297.0,N,136.159,31,Y,5,1,2,1,M,N,N,N,0,3,35,1,2,65,1,9,35,0,0,0,0,1,6,NT,1,55,,,,,,,,,,,,,,,,,,,,,,,,,,,,,,,,,,0,4,11629.0,unit1 traveling mile post . unit1 failed control vehicle causing hydroplane cement barrier middle roadway . unit1 hydroplaned due inclement weather .,O,"[0.9999955892562866, 4.1009270717040636e-06, 3.0193257316568634e-07]",O,"[0.9999616146087646, 3.816965181613341e-05, 2.8393290563144546e-07]",O,"[1.0, 0.0, 0.0]"
833,833,203141771,unit#1 was westbound on 275 at approximately the 31/8 mile post. unit #1 hit a large puddle of standing water and began to hydroplane and lost control. unit#1 when off the left side of the roadway into the median striking a culvert and rendering his vehicle immobile.,20203141771,2020,O,7/1/2020 0:00,8,SHAMIR00275**N,S,HAM,32.03,39.265694,-84.34371,51716,16885.0,7/19/2020 0:00,13,1,N,2.0,Y,Y,1.0,17,0,43300.0,6e8412a0-3a35-4a74-9721-21d140858cd4,fc2708ea-b0ce-4820-803d-bd69b9cb5823,Y,31.787,SHAMIR00275**C,N,1,0719200814,1,7,N,2,0,1,MONTGOMERY,1,,Y,N,7.0,Y,0.0,,Y,,N,COLERAIN TOWNSHIP,N,,0,,,,275,IR,,31.8,N,,,31 8,2,,,,,N,N,Y,0,0,N,1.0,0,6,1,,121916.0,N,49.63,20,Y,5,3,4,1,M,N,N,N,0,3,44,1,0,65,1,9,44,0,0,0,0,1,6,NT,1,65,,,,,,,,,,,,,,,,,,,,,,,,,,,,,,,,,,0,4,12848.0,unit1 approximately mile post . unit1 hit large puddle standing water began hydroplane lost control . unit1 left side roadway median striking culvert rendering vehicle immobile .,O,"[0.8570080995559692, 0.13591094315052032, 0.007080951705574989]",O,"[0.9860266447067261, 0.013606647960841656, 0.0003667405981104821]",O,"[0.97509765625, 0.0242767333984375, 0.0008420944213867188]"
834,834,203142086,unit #1 was traveling southbound on i270 sb when vehicle hydroplaned on water in the roadway. unit #1 struck guard rail/dividing barrier.,20203142086,2020,O,8/1/2020 0:00,6,SFRAIR00270**C,S,FRA,40.999,39.959222,-82.843459,18000,19234.0,8/28/2020 0:00,17,6,N,2.0,Y,Y,1.0,12,0,27900.0,,,Y,40.999,SFRAIR00270**C,N,1,200648001,1,8,N,1,0,1,COLUMBUS,1,,Y,N,10.0,Y,0.0,,N,,N,COLUMBUS,N,,0,,,,270,IR,,,N,,,MAIN,1,,,,ST,N,N,N,0,0,N,1.0,0,2,1,,39716.0,N,40.999,41,Y,1,1,2,1,F,N,N,N,0,3,0,1,0,65,1,10,0,0,0,0,0,1,6,NT,1,45,,,,,,,,,,,,,,,,,,,,,,,,,,,,,,,,,,0,4,13437.0,unit1 traveling vehicle hydroplaned water roadway . unit1 struck guard rail dividing barrier .,O,"[0.9980962872505188, 0.0017923624254763126, 0.00011134715896332636]",O,"[0.9987735152244568, 0.0012206882238388062, 5.797701305709779e-06]",O,"[1.0, 0.0004639625549316406, 1.2040138244628906e-05]"
835,835,203143941,unit 1 was southbound on 77 s in lane one. unit 2 was behind unit 1. unit 1 either hydroplaned or was rear ended by a 3rd unknown vehicle causing unit 1 to spin out and strike unit 2. unit 1 driver stated she was rear ended by an unknown car and spun out hitting unit 2. she stated the other car left before she could get a description. her vehicle did have damage to the front and rear. unit 2 driver initially said unit one hydroplaned and struck him but then said she could have been rear ended and he couldn't remember what cars were around or between them.,20203143941,2020,O,8/1/2020 0:00,4,SSUMIR00077**N,S,SUM,17.141,41.083523,-81.578812,1000,766.0,8/26/2020 0:00,5,4,N,2.0,N,Y,1.0,10,0,85800.0,,,Y,17.15,SSUMIR00077**C,N,1,T20109445,1,8,N,3,0,3,AKRON,1,,Y,N,6.0,Y,0.0,SR,Y,,N,AKRON,N,,0,,I 77 S,,77,IR,,,N,,,STATE ROUTE 162 S,1,162,SR,,,N,Y,Y,0,0,N,1.0,0,1,1,,56830.0,N,130.663,19,N,1,1,2,1,F,N,N,N,0,1,0,1,9,65,1,20,0,0,0,0,0,1,6,NT,1,65,20.0,1.0,1.0,2.0,1.0,M,,2.0,65.0,1.0,20.0,,,,,,1.0,6.0,NT,1.0,65.0,99.0,3.0,99.0,20.0,,,,,,,6.0,99.0,0,4,15857.0,unit1 one . unit2 behind unit1 . unit1 either hydroplaned rear ended unknown vehicle causing unit1 spin strike unit2 . unit1 driver stated rear ended unknown car spun hitting unit2 . stated car left could get description . vehicle damage front rear . unit2 driver initially said unit1 hydroplaned struck said could rear ended could n't remember cars around .,O,"[0.9969563484191895, 0.002851641969755292, 0.00019208368030376732]",O,"[0.9998977184295654, 9.95410664472729e-05, 2.777493364192196e-06]",O,"[0.96337890625, 0.03521728515625, 0.001277923583984375]"
836,836,203145087,on the listed date and time unit 1 was driving westbound on berdan in the westbound lane. u1 stated that he hydroplaned and struck a tree on the south side of the road. u1 stated that he then spun and came to a stop in front of 1121 berdan.u1 was cited.,20203145087,2020,O,8/1/2020 0:00,2,MLUCMR00723**C,M,LUC,2.674,41.688977,-83.56771,77000,87868.0,8/28/2020 0:00,13,6,N,,Y,N,5.0,19,0,,34d4af9c-e3c0-4b06-a479-2fc495588ebe,7cd03bb7-05be-430d-afed-a339d0cb658c,N,2.674,MLUCMR00723**C,N,1,2.00828E+13,4,8,,1,0,1,TOLEDO,1,,N,N,2.0,N,0.0,,N,1107,N,TOLEDO,N,,0,,BERDAN,AVE,,,,,N,,,1107TH,3,,,,,N,N,Y,0,0,N,,0,2,1,,138094.0,N,2.674,44,Y,5,3,4,1,M,N,N,N,0,2,48,1,0,35,1,9,48,0,0,0,0,1,6,NT,1,40,,,,,,,,,,,,,,,,,,,,,,,,,,,,,,,,,,0,4,16806.0,listed date time unit1 driving berdan . stated hydroplaned struck tree side . stated spun came stop front berdan . cited .,O,"[0.9995610117912292, 0.0004218784160912037, 1.7009662769851275e-05]",O,"[0.9974268078804016, 0.0025487495586276054, 2.4326600396307185e-05]",O,"[0.98828125, 0.0112457275390625, 0.00024437904357910156]"
837,837,203147889,"unit 1 was travelling in the middle lane of i-77 northbound in the area of the harris rd bridge. unit 2 was travelling in the right lane of i-77 northbound just behind unit 1. just north of the bridge, unit 1 hydroplaned and failed to maintain reasonable control of the vehicle causing it to spin into the right lane striking unit 2. the right rear of unit 1 struck the left rear side of unit 2 causing both vehicles to drive off the right side of the roadway and into a ditch.",20203147889,2020,AB,9/1/2020 0:00,12,SCUYIR00077**C,S,CUY,3.506,41.326128,-81.64877,9064,17668.0,9/7/2020 0:00,5,2,N,2.0,Y,Y,1.0,11,0,,,,Y,3.506,SCUYIR00077**C,N,1,2020159,1,9,N,1,1,2,BROADVIEW HEIGHTS,1,N,Y,N,6.0,Y,0.028,,N,,N,BROADVIEW HEIGHTS,N,,0,,I 77 N,,77,IR,,,N,,,HARRIS,1,,,,RD,N,N,N,0,0,N,1.0,0,2,1,,91240.0,N,150.648,32,Y,99,2,1,1,F,N,N,N,0,3,44,1,0,60,3,8,44,20,0,0,0,1,6,NT,1,45,50.0,1.0,2.0,1.0,1.0,F,,2.0,60.0,1.0,20.0,8.0,44.0,,,,1.0,6.0,NT,1.0,50.0,,,,,,,,,,,,,0,4,1053.0,"unit1 travelling middle area harris bridge . unit2 travelling behind unit1 . bridge , unit1 hydroplaned failed maintain reasonable control vehicle causing spin striking unit2 . rear unit1 struck left rear side unit2 causing vehicles side roadway ditch .",O,"[0.9790785312652588, 0.01805344969034195, 0.002868067240342498]",C,"[0.47549811005592346, 0.5188701748847961, 0.005631707608699799]",C,"[0.480712890625, 0.5, 0.0191192626953125]"
838,838,203148282,unit 1 was traveling on i-480 east in lane 2. unit 1 hydroplaned and spun out. unit 1 went off the left side of the road and struck the median.,20203148282,2020,O,9/1/2020 0:00,12,SCUYIR00480**N,S,CUY,11.826,41.425903,-81.757466,9246,17668.0,9/7/2020 0:00,13,2,N,2.0,Y,Y,1.0,8,0,19800.0,,,Y,11.826,SCUYIR00480**C,N,3,2020079409,1,9,N,1,0,1,BROOKLYN,1,,Y,N,8.0,Y,0.0,,Y,,N,BROOKLYN,N,,0,,,,480,IR,,14.0,N,,,,2,,,,,N,N,Y,0,0,N,1.0,0,2,1,,35024.0,N,14.13,20,Y,5,4,3,1,M,N,N,N,0,4,35,1,2,60,1,9,35,0,0,0,0,1,6,NT,2,65,,,,,,,,,,,,,,,,,,,,,,,,,,,,,,,,,,0,4,1220.0,unit1 traveling . unit1 hydroplaned spun . unit1 went left side struck median .,O,"[0.9188950657844543, 0.06646066904067993, 0.014644267037510872]",O,"[0.8042963743209839, 0.1929616928100586, 0.0027418904937803745]",O,"[0.9931640625, 0.0054168701171875, 0.0009489059448242188]"
839,839,203149114,"unit 1 was traveling sb on ir71 at the 7.5 milepost. unit 1 hydroplaned, causing the vehicle to lose control, strike unit 2 a semi tractor trailer, then continue on to strike unit 3 a lexus. at this time unit 1 came to a rest with disabling damage to the drivers side rear.",20203149114,2020,O,9/1/2020 0:00,8,SHAMIR00071**N,S,HAM,7.655,39.160099,-84.437511,57386,16885.0,9/2/2020 0:00,5,4,N,2.0,N,Y,1.0,7,0,,,,Y,7.576,SHAMIR00071**C,Y,3,2.02E+12,1,9,N,3,0,3,NORWOOD,1,,Y,N,8.0,Y,0.0,IR,N,,N,NORWOOD,N,,0,S,IR71 South,HWY,71,IR,,7.5,N,S,,7 5,2,,IR,,,N,N,N,0,0,N,2.0,0,2,1,,56687.0,N,7.655,58,Y,99,1,2,1,F,N,N,N,0,4,0,1,0,55,1,20,0,0,0,0,0,1,6,NT,3,55,59.0,1.0,1.0,2.0,1.0,M,,2.0,55.0,1.0,20.0,,,,,,1.0,6.0,NT,15.0,55.0,1.0,3.0,1.0,20.0,,,,,,1.0,6.0,3.0,0,3,1508.0,"unit1 traveling . milepost . unit1 hydroplaned , causing vehicle lose control , strike unit2 semi tractor trailer , continue strike unit3 lexus . time unit1 came rest disabling damage drivers side rear .",AB,"[0.03596789762377739, 0.2194414883852005, 0.7445905804634094]",C,"[0.018844779580831528, 0.9772815108299255, 0.0038737826980650425]",O,"[0.491455078125, 0.4755859375, 0.033050537109375]"
840,840,203149750,unit 2 was travelling southeast on salt springs rd when it slowed to make a eastbound turn onto argo st. unit 1 was also travelling southeast on salt springs rd when it went to slow down it hydroplaned and struck unit 2 in the rear.,20203149750,2020,O,8/1/2020 0:00,4,CMAHCR00512**C,C,MAH,1.317,41.119294,-80.693091,88000,97831.0,8/28/2020 0:00,2,6,N,,N,N,4.0,17,0,,95e8aa8f-6b9a-4ef9-8f21-3defa7da5326,1551def9-62ef-424a-9091-375de82d976d,N,1.317,CMAHCR00512**C,N,1,20Y007121,4,8,,3,0,2,YOUNGSTOWN,2,N,N,Y,2.0,N,0.0,MR,N,,N,YOUNGSTOWN,N,,0,,SALT SPRINGS,RD,,,,,N,,,ARGO,1,,,,ST,N,N,N,0,0,N,,0,2,1,,89785.0,N,1.317,44,Y,8,1,2,1,M,N,N,N,0,2,0,1,0,35,1,20,0,0,0,0,0,1,6,NT,1,35,51.0,1.0,1.0,2.0,1.0,M,,2.0,35.0,1.0,20.0,,,,,,1.0,6.0,NT,3.0,15.0,,,,,,,,,,,,,0,4,5974.0,unit2 travelling salt springs slowed make turn onto argo unit1 also travelling salt springs went slow hydroplaned struck unit2 rear .,O,"[0.9809926152229309, 0.01814836636185646, 0.0008591139339841902]",O,"[0.99880051612854, 0.00117918208707124, 2.0258157746866345e-05]",O,"[0.9990234375, 0.0008358955383300781, 4.607439041137695e-05]"
841,841,203149752,"unit 1 was traveling south on i680 south at milepost 8 in the center most lane. unit 1 hydroplaned in water and spun out, striking the concrete barrier.",20203149752,2020,O,8/1/2020 0:00,4,SMAHIR00680**C,S,MAH,8.06,41.077491,-80.629699,88000,97831.0,8/28/2020 0:00,13,6,N,2.0,Y,Y,1.0,19,0,64000.0,,,Y,8.06,SMAHIR00680**C,N,3,20Y007147,1,8,N,1,0,1,YOUNGSTOWN,1,N,Y,N,6.0,Y,0.002,,Y,,N,YOUNGSTOWN,N,,0,,,,680,IR,,8.0,N,,,,2,,,,,N,N,N,0,0,N,1.0,0,2,1,,39801.0,N,8.06,17,Y,1,1,2,1,F,N,N,N,0,3,35,1,0,50,1,35,0,0,0,0,0,1,6,NT,1,40,,,,,,,,,,,,,,,,,,,,,,,,,,,,,,,,,,0,4,5976.0,"unit1 traveling milepost center . unit1 hydroplaned water spun , striking concrete barrier .",O,"[0.9997054934501648, 0.0002786855329759419, 1.585014797456097e-05]",C,"[0.274652361869812, 0.7239920496940613, 0.0013555698096752167]",O,"[1.0, 3.635883331298828e-06, 1.7881393432617188e-07]"
842,842,203150809,"unit #1 was driving westbound on state route 4 (hamilton middletown road). unit #1 got into the left hand turn lane in order to turn south onto state route 4 bypass. while turning south, unit #1 driver hydroplaned on the wet roadway of state route 4 bypass. the driver overcorrected and lost control of her motor vehicle. unit #1 went off the right side of the roadway and ended up in the trees. unit #1 was disabled and the only thing damaged in the crash. there were no injuries",20203150809,2020,O,7/1/2020 0:00,8,SBUTSR00004**N,S,BUT,10.822,39.408954,-84.50178,25984,16885.0,7/21/2020 0:00,13,3,N,2.0,Y,N,3.0,6,0,,df417ec7-832a-479f-ba38-0862a85253da,446f2ee3-e098-4209-ae95-83246961d3fc,N,10.829,SBUTSR00004**C,N,2,20-07-0142,1,7,N,1,0,1,FAIRFIELD TOWNSHIP,2,S,Y,Y,4.0,Y,0.025,TR,N,,N,FAIRFIELD TOWNSHIP,N,,0,,STATE ROUTE 4 S,,4,SR,,,N,,,STATE ROUTE 4 S,1,4,SR,B,,N,N,N,0,0,N,3.0,0,2,1,,125037.0,N,21.238,54,Y,1,5,2,1,F,N,N,N,0,4,48,1,0,55,6,48,11,8,0,0,0,1,2,LT,1,25,,,,,,,,,,,,,,,,,,,,,,,,,,,,,,,,,,0,4,6375.0,"unit1 driving state . unit1 got left turn order turn onto state bypass . turning , unit1 driver hydroplaned wet roadway state bypass . driver overcorrected lost control motor vehicle . unit1 went side roadway ended trees . unit1 disabled thing damaged crash . injuries",O,"[0.9999998807907104, 6.459146817405781e-08, 1.749899780634223e-08]",O,"[1.0, 3.217634492180821e-10, 1.7141816395158105e-13]",O,"[1.0, 0.0, 0.0]"
843,843,203150818,unit 1 (hyw2886) was turning left from bridgewater falls onto princeton road when unit 1 reportedly hydroplaned and ran off road right into the embankment. unit 1 driver was issued a citation for operation without reasonable control (4511.202) and unit 1 was towed by marcell's towing.,20203150818,2020,O,7/1/2020 0:00,8,CBUTCR00018**C,C,BUT,0.324,39.390477,-84.499611,25984,16885.0,7/27/2020 0:00,13,2,N,,Y,N,5.0,19,0,,44e1d748-e995-452f-aa2f-574b50200808,db14826a-ddf4-44ba-94f1-267aa99c646a,N,0.324,CBUTCR00018**C,N,1,20-07-0186,2,7,,2,0,1,FAIRFIELD TOWNSHIP,1,W,N,Y,2.0,N,0.004,TR,Y,,N,FAIRFIELD TOWNSHIP,N,,0,,PRINCETON,RD,,,,,N,,,LAKEWOOD,1,,,,DR,N,N,N,0,0,N,,0,2,2,,9861.0,N,0.324,18,Y,11,2,4,1,M,N,N,N,0,2,44,1,0,45,6,8,44,0,0,0,0,1,2,LT,4,20,,,,,,,,,,,,,,,,,,,,,,,,,,,,,,,,,,0,2,6397.0,unit1 turning left bridgewater falls onto princeton unit1 reportedly hydroplaned ran embankment . unit1 driver issued citation operation without reasonable control unit1 towed marcell 's towing .,O,"[0.9999983310699463, 1.458187853131676e-06, 1.8810510482580867e-07]",O,"[0.9755052924156189, 0.024164199829101562, 0.00033046514727175236]",O,"[1.0, 0.0, 0.0]"