,id,OBJECTID,Narrative,DOCUMENT_NBR,CRASH_YR,CRASH_SEVERITY_CD,CRASH_MONTH_YEAR,DISTRICT_NBR,NLFID,NLF_JUR_CD,NLF_COUNTY_CD,COUNTY_LOG_NBR,ODOT_LATITUDE_NBR,ODOT_LONGITUDE_NBR,ODOT_FIPS_CD,AREA_CODE,CRASH_DATE,CRASH_TYPE_CD,DAY_IN_WEEK_CD,DISTRACTED_DRIVER_IND,FACILITY_TYPE_CD,FHWA_RDWY_DEPARTURE_IND,FREEWAY_IND,FUNCTIONAL_CLASS_CD,HOUR_OF_CRASH,INCAPAC_INJURIES_NBR,INTERCHANGE_ID,INTERSECTION_ID_CURRENT,INTERSECTION_LEG_ID,INTERSTATE_IND,INV_LOG_NBR,INV_NLFID,IS_COMMERCIAL_RELATED,LIGHT_COND_PRIMARY_CD,LOCAL_REPORT_NUMBER_ID,MAINTENANCE_AUTHORITY_CD,MONTH_OF_CRASH,NHS_CD,NO_INJURY_REPORTED_NBR,NON_INCAPAC_INJURIES_NBR,NUMBER_OF_UNITS_NBR,ODOT_CITY_VILLAGE_TWP_NME,ODOT_CRASH_LOCATION_CD,ODOT_DIR_FROM_REF_CD,ODOT_DIV_UNDIV_IND,ODOT_INTERSECTION_REL_IND,ODOT_LANES_NBR,ODOT_MAINTAINED_HWY_IND,ODOT_MILES_FROM_REF_NBR,ODOT_REF_ROUTE_PREFIX_CD,ODOT_YOUNG_DRIVER_IND,ODPS_ADDRESS_REFERENCE,ODPS_ALCOHOL_IND,ODPS_CITY_VILLAGE_TWP_NME,ODPS_DRUG_IND,ODPS_LOC_DIR_SUFFIX_CD,ODPS_LOC_IN_WORK_ZONE_CD,ODPS_LOC_ROAD_DIRECTION_CD,ODPS_LOC_ROAD_NME,ODPS_LOC_ROAD_SUFFIX_CD,ODPS_LOC_ROUTE_ID,ODPS_LOC_ROUTE_PREFIX_CD,ODPS_LOC_ROUTE_SUFFIX_CD,ODPS_MILEPOST_REFERENCE,ODPS_MOTORCYCLE_IND,ODPS_REF_DIR_SUFFIX_CD,ODPS_REF_DIRECTION_CD,ODPS_REF_GIVEN,ODPS_REF_POINT_USED_CD,ODPS_REF_ROUTE_ID,ODPS_REF_ROUTE_PREFIX_CD,ODPS_REF_ROUTE_SUFFIX_CD,ODPS_REF_SUFFIX_CD,ODPS_SCHOOL_ZONE_IND,ODPS_SENIOR_DRIVER_IND,ODPS_SPEED_IND,ODPS_TOTAL_FATALITIES_NBR,ODPS_TYPE_OF_WORK_ZONE_CD,ODPS_WORK_ZONE_IND,OPER_ACCESS_CONTROL_CD,POSSIBLE_INJURIES_NBR,ROAD_COND_PRIMARY_CD,ROAD_CONTOUR_CD,SA_RAMP_ID,SA_SEGMENT_ID,SECONDARY_CRASH,STATE_TRUE_LOG_NBR,U1_AGE_NBR,U1_AT_FAULT_IND,U1_CONT_CIR_PRIMARY_CD,U1_DIRECTION_FROM_CD,U1_DIRECTION_TO_CD,U1_DISTRACTED_BY_1_CD,U1_GENDER_CD,U1_IS_ALCOHOL_SUSPECTED,U1_IS_MARIJUANA_SUSPECTED,U1_IS_OTHER_DRUG_SUSPECTED,U1_NON_MOTORIST_LOC_CD,U1_NUMBER_OF_THRU_LANES,U1_OBJECT_STRUCK,U1_ODPS_UNIT_NBR,U1_OPERATINGIN_AUTONOMOUS_MODE,U1_POSTED_SPEED_NBR,U1_PRECRASH_ACTION_CD,U1_SEQ_OF_EVENTS_1_CD,U1_SEQ_OF_EVENTS_2_CD,U1_SEQ_OF_EVENTS_3_CD,U1_SEQ_OF_EVENTS_4_CD,U1_SEQ_OF_EVENTS_5_CD,U1_SEQ_OF_EVENTS_6_CD,U1_SPECIAL_FUNCTION_CD,U1_TRAFFIC_CONTROL_CD,U1_TURN_CD,U1_TYPE_OF_UNIT_CD,U1_UNIT_SPEED_NBR,U2_AGE_NBR,U2_CONT_CIR_PRIMARY_CD,U2_DIRECTION_FROM_CD,U2_DIRECTION_TO_CD,U2_DISTRACTED_BY_1_CD,U2_GENDER_CD,U2_NON_MOTORIST_LOC_CD,U2_ODPS_UNIT_NBR,U2_POSTED_SPEED_NBR,U2_PRECRASH_ACTION_CD,U2_SEQ_OF_EVENTS_1_CD,U2_SEQ_OF_EVENTS_2_CD,U2_SEQ_OF_EVENTS_3_CD,U2_SEQ_OF_EVENTS_4_CD,U2_SEQ_OF_EVENTS_5_CD,U2_SEQ_OF_EVENTS_6_CD,U2_SPECIAL_FUNCTION_CD,U2_TRAFFIC_CONTROL_CD,U2_TURN_CD,U2_TYPE_OF_UNIT_CD,U2_UNIT_SPEED_NBR,U3_CONT_CIR_PRIMARY_CD,U3_ODPS_UNIT_NBR,U3_PRECRASH_ACTION_CD,U3_SEQ_OF_EVENTS_1_CD,U3_SEQ_OF_EVENTS_2_CD,U3_SEQ_OF_EVENTS_3_CD,U3_SEQ_OF_EVENTS_4_CD,U3_SEQ_OF_EVENTS_5_CD,U3_SEQ_OF_EVENTS_6_CD,U3_SPECIAL_FUNCTION_CD,U3_TRAFFIC_CONTROL_CD,U3_TYPE_OF_UNIT_CD,UNRESTRAIN_OCCUPANTS,WEATHER_COND_CD,V1,clean_Narrative,BERT_predictions,BERT_prediction_probabilities,RoBERTa_predictions,RoBERTa_predictions_probabilities,distilBERT_predictions,distilBERT_predictions_probabilities
844,844,203152948,"the non injury hitskip accident occurred on st. rt. 315 n/b n/o medical center drive. driver of unit #2 stated she was n/b on st. rt. 315 in the right lane when she heard unit #1 and then unit #1 struck her vehicle on the left rear end causing unit #2 to go left and spin out into the concrete median facing sideways on the freeway. witness #1 stated unit #1 was traveling n/b on st. rt. 315 in the left lane and it appeared to hydroplane going right across the freeway to the right lane striking unit #2 causing unit #2 to veer left, spin out, and came to rest flush with the median. witness #1 stated unit #1 was smoking after the accident and it continued to travel n/b exiting the freeway at w. lane ave. witness #1 was able to collect the license plate number and followed the vehicle e/b on w. lane ave. to n/b olentangy river rd. where it was last seen going. based on the circumstances, driver of unit #1 was cited for fail to control and hitskip citation #1826538.",20203152948,2020,O,9/1/2020 0:00,6,SFRASR00315**C,S,FRA,3.134,39.990852,-83.025083,18000,19234.0,9/7/2020 0:00,19,2,N,2.0,Y,Y,2.0,19,0,,fa1c54de-f2df-49f8-8a99-f1acaa945adb,3cb857da-39a4-4d9b-8abd-77c19c2a7eff,N,3.134,SFRASR00315**C,N,3,200677111,4,9,N,5,0,2,COLUMBUS,1,N,Y,N,8.0,N,0.095,RA,Y,,N,COLUMBUS,N,,0,,STATE ROUTE 315 N,,315,SR,,,N,,,MEDICAL CENTER,1,,,,DR,N,N,N,0,0,N,1.0,0,2,1,,148688.0,N,3.134,25,Y,99,2,5,1,M,N,N,N,0,3,0,1,0,55,3,20,0,0,0,0,0,1,6,RT,3,45,39.0,1.0,2.0,1.0,1.0,F,,2.0,55.0,1.0,35.0,20.0,,,,,1.0,6.0,NT,3.0,55.0,,,,,,,,,,,,,0,4,2849.0,"non injury hitskip accident occurred . n medical center . driver unit2 stated . heard unit1 unit1 struck vehicle left rear end causing unit2 go left spin concrete median facing sideways freeway . witness stated unit1 traveling . left appeared hydroplane going across freeway striking unit2 causing unit2 veer left , spin , came rest flush median . witness stated unit1 smoking accident continued travel exiting freeway . witness able collect license plate number followed vehicle . olentangy river last seen going . based circumstances , driver unit1 cited fail control hitskip citation .",O,"[0.9999992847442627, 6.016969678057649e-07, 1.2440995078577544e-07]",C,"[0.010107018984854221, 0.9888598918914795, 0.0010330838849768043]",O,"[1.0, 0.00030541419982910156, 2.205371856689453e-06]"
845,845,203153281,unit #1 was travelling southbound on sr 8 s. unit #1 hydroplaned in lane 1 on sr 8 s. unit #1 lost control and hit the median near the on ramp of e tallmadge av.. unit #1 cited for failure to control.,20203153281,2020,O,9/1/2020 0:00,4,SSUMSR00008**N,S,SUM,3.029,41.101376,-81.500064,1000,766.0,9/7/2020 0:00,13,2,N,2.0,Y,Y,2.0,15,0,87800.0,,,N,3.005,SSUMSR00008**C,N,1,T20115665,4,9,N,3,0,1,AKRON,1,,Y,N,6.0,N,0.0,,Y,,N,AKRON,N,,0,,,,8,SR,,3.0,N,,,3 0,2,,,,,N,N,N,0,0,N,1.0,0,1,1,,180752.0,N,3.029,23,Y,99,1,2,1,M,N,N,N,0,3,36,1,9,0,1,36,0,0,0,0,0,1,6,NT,2,0,,,,,,,,,,,,,,,,,,,,,,,,,,,,,,,,,,0,4,3040.0,unit1 travelling unit1 hydroplaned unit1 lost control hit median near ramp tallmadge .. unit1 cited failure control .,C,"[0.02598639763891697, 0.9680150151252747, 0.005998630542308092]",O,"[0.9563996195793152, 0.043237365782260895, 0.0003630438004620373]",O,"[0.998046875, 0.0014209747314453125, 0.00022304058074951172]"
846,846,203154405,unit 1 stated that she was traveling on i-480 east in lane 3 at milepost 13.0. unit 1 stated that unit 2 was on her right side and veered into her lane. unit 2 then struck unit 1 on the right side. unit 1 went off the left side of the road and struck the concrete median. unit 2 went off the right side of the road and struck a guardrail. r n r nunit 2 stated that he was traveling on i-480 east in lane 3 at milepost 13.0. unit 2 stated that unit 1 hydroplaned and lost control. unit 1 struck unit 2 on the left side. unit 1 went off the left side of the road and struck the concrete median. unit 2 went off the right side of the road and struck a guardrail. r n r nodot did not have video of the crash.,20203154405,2020,AB,9/1/2020 0:00,12,SCUYIR00480**C,S,CUY,10.843,41.42212,-81.775327,16000,17668.0,9/13/2020 0:00,5,1,N,2.0,Y,Y,1.0,8,0,,2dae75c3-63e7-4552-bc39-e0ff58199bd5,027f379e-9efd-40f7-a097-3e754400723c,Y,10.843,SCUYIR00480**C,N,1,2020081398,1,9,N,1,1,2,CLEVELAND,1,,Y,N,8.0,Y,0.0,,N,,N,BROOKLYN,N,,0,,,,480,IR,,13.0,N,,,,2,,,,,N,N,Y,0,0,N,1.0,1,2,1,,56980.0,N,13.147,44,N,22,4,3,1,F,N,N,N,0,4,35,1,2,60,1,9,35,20,0,0,0,1,6,NT,1,65,61.0,22.0,4.0,3.0,1.0,M,,2.0,60.0,1.0,20.0,30.0,8.0,,,,1.0,6.0,NT,3.0,55.0,,,,,,,,,,,,,0,4,3448.0,unit1 stated traveling milepost .. unit1 stated unit2 side veered . unit2 struck unit1 side . unit1 went left side struck concrete median . unit2 went side struck guardrail . r nunit2 stated traveling milepost .. unit2 stated unit1 hydroplaned lost control . unit1 struck unit2 left side . unit1 went left side struck concrete median . unit2 went side struck guardrail . r nodot video crash .,C,"[0.009995794855058193, 0.9631131887435913, 0.026891067624092102]",C,"[0.04900660365819931, 0.7949312925338745, 0.15606209635734558]",C,"[0.048858642578125, 0.947265625, 0.0040740966796875]"
847,847,203157318,unit #1 was traveling eastbound on us rt 30. unit #1 hydroplaned and ran off the right side of the road. unit #1 ran off road right and down a ravine approx. 35ft off the roadway before coming to a stop facing north. the front seat passenger was transported by springfield township fire department to avita ontario. shelly smith towing arrived on scene and was able to pull the vehicle up the ravine. the vehicle was towed to 350 ashland rd. in mansfield ohio.,20203157318,2020,AB,8/1/2020 0:00,3,SRICUS00030**C,S,RIC,8.088,40.782621,-82.580884,58520,54091.0,8/28/2020 0:00,17,6,N,2.0,Y,Y,2.0,19,0,,,,N,8.088,SRICUS00030**C,N,1,20-10251,4,8,N,1,1,1,ONTARIO,1,E,Y,N,4.0,N,1.0,,N,,N,ONTARIO,N,,0,,,,30,US,,,N,,N,LEXINGTON SPRINGMILL,1,,,,RD,N,Y,N,0,0,N,1.0,0,2,1,,261853.0,N,126.745,71,Y,1,4,3,1,M,N,N,N,0,2,0,1,2,70,1,8,0,0,0,0,0,1,6,NT,4,60,,,,,,,,,,,,,,,,,,,,,,,,,,,,,,,,,,0,4,8667.0,unit1 traveling us . unit1 hydroplaned ran side . unit1 ran ravine approx . 35ft roadway coming stop facing . front seat passenger transported springfield township fire department avita ontario . shelly smith towing arrived scene able pull vehicle ravine . vehicle towed ashland mansfield ohio .,AB,"[0.0002664153289515525, 0.055778756737709045, 0.9439548850059509]",C,"[2.4243434381787665e-05, 0.9985204339027405, 0.0014553464716300368]",AB,"[1.0132789611816406e-06, 0.00011777877807617188, 1.0]"
848,848,203157324,"unit #1 was traveling east bound approaching the n. lexington- springmill bridge over us 30. unit #1 hydroplaned approaching the bridge and went off of the left side of the road striking the guardrail blocking the bridge abutment. unit #1 impacted with enough force to push the guardrail into the bridge abutment, which also caused unit #1 to strike to abutment.",20203157324,2020,C,9/1/2020 0:00,3,SRICUS00030**C,S,RIC,7.568,40.784695,-82.59018,58520,54091.0,9/7/2020 0:00,13,2,N,2.0,Y,Y,2.0,16,0,76300.0,,,N,7.568,SRICUS00030**C,N,1,20-10680,4,9,N,0,0,1,ONTARIO,1,,Y,N,4.0,N,0.0,,N,,N,ONTARIO,N,,0,,US ROUTE 30 E,,30,US,,,N,,N,LEXINGTON SPRINGMILL,1,,,,RD,N,N,Y,0,0,N,1.0,1,2,3,,284929.0,N,126.225,31,Y,5,4,3,1,M,N,N,N,0,4,27,1,2,70,1,9,30,27,0,0,0,1,6,NT,3,70,,,,,,,,,,,,,,,,,,,,,,,,,,,,,,,,,,0,4,4419.0,"unit1 traveling approaching lexington springmill bridge us . unit1 hydroplaned approaching bridge went left side striking guardrail blocking bridge abutment . unit1 impacted enough force push guardrail bridge abutment , also caused unit1 strike abutment .",O,"[0.5495157837867737, 0.4215269088745117, 0.028957273811101913]",C,"[0.11445204168558121, 0.8846589922904968, 0.0008890056051313877]",O,"[1.0, 6.866455078125e-05, 4.947185516357422e-06]"
849,849,203159827,"unit #1 was traveling north on northepointe drive near the fairview road intersection. unit #2 was traveling west on fairview road near the northpointe drive intersection. unit #2 stopped at the stop sign, then initiated a left turn onto northepoine drive, traveling south. unit #2, began to hydroplane on the wet road conditions, crossed the center median and was struck by unit #1 causing disabling damage to both. the initial collision caused unit #2 to spin. the passenger side of unit #2 collided with the driver's side of unit #1 causing secondary damage to both vehicles.",20203159827,2020,O,8/1/2020 0:00,5,CMUSCR00723**C,C,MUS,2.975,40.009026,-82.021956,88084,99786.0,8/25/2020 0:00,6,3,N,,N,N,5.0,16,0,,1c783d37-17a5-41f5-89f8-d7b3b40724ec,ddeed221-c7c8-4fff-9399-aeca8f0ca055,N,2.975,CMUSCR00723**C,N,1,20-021595,4,8,,2,0,2,ZANESVILLE,2,,N,Y,2.0,N,0.0,TR,Y,,N,ZANESVILLE,N,,0,,Northpointe,DR,,,,,N,,,Fairview,1,,,,RD,N,N,N,0,0,N,,0,2,1,,90259.0,N,2.975,18,Y,99,3,2,1,M,N,N,N,0,2,0,2,0,35,6,20,0,0,0,0,0,1,4,LT,3,15,19.0,1.0,2.0,1.0,1.0,F,,1.0,35.0,1.0,20.0,,,,,,1.0,6.0,NT,1.0,35.0,,,,,,,,,,,,,0,1,9317.0,"unit1 traveling northepointe near fairview intersection . unit2 traveling fairview near northpointe intersection . unit2 stopped stop sign , initiated left turn onto northepoine , traveling . unit2 , began hydroplane wet conditions , crossed center median struck unit1 causing disabling damage . initial collision caused unit2 spin . passenger side unit2 collided driver 's side unit1 causing secondary damage vehicles .",O,"[0.9999959468841553, 3.7719905776611995e-06, 2.1027341290391632e-07]",O,"[0.9252119660377502, 0.07281746715307236, 0.00197059428319335]",O,"[0.92236328125, 0.07452392578125, 0.00269317626953125]"
850,850,203162895,unit 1 was southbound on s main st near the intersection of augusta dr. unit 2 was southbound on s main st stopped for a red light at the intersection of s main st and augusta dr. both unit 1 and unit 2 were traveling in the center lane of travel. unit 1 was looking out his rear-view mirror and side view mirror in an attempt to merge into the curb lane of travel. unit 1 observed the red light and unit 2 stopped at the red light. unit 1 applied his brakes and began to hydroplane on the wet roadway. unit 1 struck the center rear bumper of unit 2 with the center front bumper of his vehicle.,20203162895,2020,O,9/1/2020 0:00,7,SLOGUS00068**C,S,LOG,6.429,40.334176,-83.761741,5130,99706.0,9/28/2020 0:00,2,2,N,2.0,N,N,3.0,15,0,,bb4d170f-5e0a-408a-aa62-6f7ab57c6013,47d00adc-e156-4b57-97e6-bb3b5d458e41,N,6.429,SLOGUS00068**C,N,1,2.02E+12,4,9,N,4,0,2,BELLEFONTAINE,1,N,N,Y,4.0,N,0.009,MR,Y,,N,BELLEFONTAINE,N,,0,S,MAIN,ST,,,,,N,,,AUGUSTA,1,,,,DR,N,N,N,0,0,N,3.0,0,2,1,,318449.0,N,127.464,24,Y,8,1,2,8,M,N,N,N,0,4,0,1,0,35,1,20,0,0,0,0,0,1,2,NT,1,35,40.0,1.0,1.0,2.0,1.0,F,,2.0,35.0,11.0,20.0,,,,,,1.0,2.0,NT,1.0,0.0,,,,,,,,,,,,,0,4,6933.0,unit1 main near intersection augusta . unit2 main stopped red light intersection main augusta . unit1 unit2 traveling center travel . unit1 looking rearview mirror side view mirror attempt merge curb travel . unit1 observed red light unit2 stopped red light . unit1 applied brakes began hydroplane wet roadway . unit1 struck center rear bumper unit2 center front bumper vehicle .,O,"[0.9530379772186279, 0.0458061657845974, 0.0011558856349438429]",O,"[0.999466598033905, 0.0005170199437998235, 1.645028532948345e-05]",O,"[1.0, 3.2961368560791016e-05, 1.4901161193847656e-06]"
851,851,203163063,"unit #1 was traveling on interstate 480 eastbound in the area of mile marker 4 4 when the unit started hydroplaning, losing control and crashing in to the center median. r ndisabling damage to unit #1 r nno reported injuries r n",20203163063,2020,O,9/1/2020 0:00,12,SCUYIR00480**C,S,CUY,1.859,41.397804,-81.937558,56882,17668.0,9/28/2020 0:00,13,2,N,2.0,Y,Y,1.0,17,0,,dbd8b1ba-037b-4abe-a5cf-875740dfa77c,7d703227-7c7e-48ff-b304-390733a3262d,Y,1.859,SCUYIR00480**C,N,1,T78382,1,9,N,1,0,1,NORTH OLMSTED,1,E,Y,N,6.0,Y,0.004,,N,,N,NORTH OLMSTED,N,,0,E,I 480 EB,HWY,480,IR,,4.0,N,,,4,2,,,,,N,N,Y,0,0,N,1.0,0,2,3,,81539.0,N,4.163,43,Y,99,4,3,1,M,N,N,N,0,3,35,1,0,60,13,9,35,0,0,0,0,1,6,NT,1,65,,,,,,,,,,,,,,,,,,,,,,,,,,,,,,,,,,0,4,7011.0,"unit1 traveling interstate area mile marker unit started hydroplaning , losing control crashing center median . ndisabling damage unit1 nno reported injuries n",O,"[0.999995231628418, 4.3753238969657104e-06, 3.6829499094892526e-07]",O,"[0.999998927116394, 1.0736475815065205e-06, 1.714619024539843e-08]",O,"[1.0, 0.0, 0.0]"
852,852,203163085,unit #1 was traveling east bound on us 50. unit #2 was traveling west bound on us 50. unit #1 hydroplaned going over the double yellow divider lines striking unit #2 head on. unit #1 driver admitted to loosing control and sliding into oncoming traffic. photographs of the scene were taken and attached to this report.,20203163085,2020,C,9/1/2020 0:00,8,SCLEUS00050**C,S,CLE,3.223,39.156158,-84.254569,49322,16885.0,9/28/2020 0:00,1,2,N,2.0,N,N,4.0,16,0,,3d78069a-7b0c-47aa-90c9-43bb8913075e,e5c62545-a4bc-42a5-b181-56fad948a7b3,N,3.223,SCLEUS00050**C,N,1,20-10555,1,9,,1,0,2,MIAMI TOWNSHIP,1,E,N,N,2.0,Y,0.028,TR,Y,,N,MIAMI TOWNSHIP,N,,0,,,,50,US,,,N,,,Whitney,1,,,,DR,N,N,N,0,0,N,3.0,1,2,1,,243189.0,N,39.433,23,Y,7,4,3,1,U,N,N,N,0,2,0,1,0,40,1,20,0,0,0,0,0,1,6,NT,1,35,40.0,1.0,3.0,4.0,1.0,M,,2.0,40.0,1.0,20.0,,,,,,1.0,6.0,NT,1.0,,,,,,,,,,,,,,0,4,7022.0,unit1 traveling us . unit2 traveling us . unit1 hydroplaned going double yellow divider lines striking unit2 head . unit1 driver admitted loosing control sliding oncoming traffic . photographs scene taken attached report .,AB,"[0.0006188343395479023, 0.023439567536115646, 0.97594153881073]",C,"[0.0030334375333040953, 0.8164064288139343, 0.18056009709835052]",O,"[0.49267578125, 0.457763671875, 0.049163818359375]"
853,853,203163187,unit 1 was traveling on ir 90 w b near euclid ave. in the center lane. unit 1 hydroplaned and struck the concrete median. ptl. kristen fitch #18 155,20203163187,2020,O,9/1/2020 0:00,12,SLAKIR00090**N,S,LAK,0.158,41.596596,-81.48781,85036,17668.0,9/28/2020 0:00,13,2,N,2.0,Y,Y,1.0,18,0,,,,Y,0.081,SLAKIR00090**C,N,2,2000234,1,9,N,1,0,1,WICKLIFFE,1,E,Y,N,6.0,Y,0.043,US,N,,N,WICKLIFFE,N,,0,,,,90,IR,,,N,,,EUCLID,1,20,US,,AVE,N,N,N,0,0,N,1.0,0,2,1,,47210.0,N,186.21,28,Y,1,3,4,1,M,N,N,N,0,3,35,1,0,60,1,9,35,0,0,0,0,1,6,NT,1,55,,,,,,,,,,,,,,,,,,,,,,,,,,,,,,,,,,0,4,7100.0,unit1 traveling b near euclid . center . unit1 hydroplaned struck concrete median . ptl . kristen fitch,O,"[0.9986081719398499, 0.0013355201808735728, 5.6314111134270206e-05]",C,"[0.13891932368278503, 0.8598930835723877, 0.0011875976342707872]",O,"[1.0, 5.960464477539063e-08, 0.0]"
854,854,203163272,"unit 1 was traveling west on hills and dales rd nw, near 7255 hills and dales. unit 1 lost control of the vehicle, hydroplaned off the right side of the roadway and struck a utility pole (# 26431). unit 1 then flipped on its roof causing disabling damage. the driver of unit 1 suffered minor injuries. lf",20203163272,2020,AB,9/1/2020 0:00,4,CSTACR00098**C,C,STA,1.248,40.830108,-81.485327,38094,13375.0,9/28/2020 0:00,13,2,N,,Y,N,4.0,23,0,,0d45a0fa-7233-44d4-95e0-8ce4709412fc,98005807-c983-4414-93fc-0ed90056758d,N,1.248,CSTACR00098**C,N,4,20-60213,2,9,,0,1,1,JACKSON TOWNSHIP,1,,N,N,4.0,N,0.0,,Y,7255,N,JACKSON TOWNSHIP,N,,0,,HILLS AND DALES,RD,,,,,N,,,,3,,,,,N,N,Y,0,0,N,,0,2,1,,20884.0,N,1.248,17,Y,11,3,4,1,M,N,N,N,0,4,40,1,0,40,1,8,40,1,0,0,0,1,6,NT,1,47,,,,,,,,,,,,,,,,,,,,,,,,,,,,,,,,,,0,4,7148.0,"unit1 traveling hills dales nw , near hills dales . unit1 lost control vehicle , hydroplaned side roadway struck utility pole . unit1 flipped roof causing disabling damage . driver unit1 suffered minor injuries . lf",C,"[1.0600066957522358e-07, 0.9999997615814209, 1.0938656913594969e-07]",C,"[5.077653213447775e-07, 0.9999995231628418, 4.6696921884858966e-08]",C,"[1.430511474609375e-06, 1.0, 1.1920928955078125e-07]"
855,855,203163391,"unit #1 wb on i-275 towards kentucky. unit #1 stated that she had hydroplaned and failed to maintain control of her vehicle, traveled off road to the left onto the grass median striking a ditch.",20203163391,2020,AB,9/1/2020 0:00,8,SHAMIR00275**C,S,HAM,41.087,39.060654,-84.421285,15000,16885.0,9/28/2020 0:00,13,2,N,2.0,Y,Y,1.0,15,0,43700.0,,,Y,41.087,SHAMIR00275**C,N,1,205011165,1,9,N,0,1,1,CINCINNATI,1,,Y,N,6.0,Y,0.0,,N,,N,CINCINNATI,N,,0,,,,275,IR,,72.4,N,,,72 4,2,,,,,N,N,N,0,0,N,1.0,0,2,4,,56953.0,N,72.567,41,Y,99,3,4,1,F,N,N,N,0,3,44,1,2,65,1,9,44,0,0,0,0,1,6,NT,1,65,,,,,,,,,,,,,,,,,,,,,,,,,,,,,,,,,,0,4,7213.0,"unit1 towards kentucky . unit1 stated hydroplaned failed maintain control vehicle , traveled left onto grass median striking ditch .",C,"[0.15518809854984283, 0.8166788816452026, 0.028132937848567963]",O,"[0.9857059717178345, 0.01408209279179573, 0.0002119911805493757]",O,"[0.9951171875, 0.0048675537109375, 0.0003185272216796875]"
856,856,203163573,"unit 1 was traveling westbound, in the left lane, on us 20, just east of e. 355 th st. driver of unit 1 stated that he began to hydroplane due to heavy rain and unit 1 ran off the right side of the road striking a telephone pole in front of coco s locos, located at 35535 euclid ave (unknown pole #). driver of unit 1 then parked the vehicle in a nearby parking lot and left the area. officers located the driver the next day.",20203163573,2020,O,9/1/2020 0:00,12,SLAKUS00020**C,S,LAK,3.592,41.626273,-81.433276,85484,17668.0,9/28/2020 0:00,13,2,N,2.0,Y,N,4.0,22,0,,,,N,3.592,SLAKUS00020**C,N,3,2021766,4,9,,1,0,1,WILLOUGHBY,1,E,N,N,4.0,N,0.057,,Y,,N,WILLOUGHBY,N,,0,,,,20,US,,,N,,E,355TH,1,,,,ST,N,N,Y,0,0,N,3.0,0,2,1,,284655.0,N,206.107,25,Y,11,3,4,1,M,N,N,N,0,4,40,1,0,25,1,8,40,0,0,0,0,1,6,NT,4,30,,,,,,,,,,,,,,,,,,,,,,,,,,,,,,,,,,0,4,7362.0,"unit1 traveling , left , us , driver unit1 stated began hydroplane due heavy rain unit1 ran side striking telephone pole front coco locos , located euclid . driver unit1 parked vehicle nearby parking lot left area . officers located driver next day .",O,"[0.9999997615814209, 1.8324534778457746e-07, 2.5168436224021207e-08]",O,"[1.0, 4.351923543755021e-10, 8.864711265391123e-13]",O,"[1.0, 4.0531158447265625e-06, 4.76837158203125e-07]"
857,857,203163721,"unit 1 was negotiating a curve in the 6000 block of springdale road. unit 1 was traveling at an unsafe speed, loosing control, causing the vehicle to hydroplane, running off the roadway right.",20203163721,2020,O,9/1/2020 0:00,8,CHAMCR00096**C,C,HAM,2.132,39.226818,-84.642035,16616,16885.0,9/28/2020 0:00,17,2,N,,Y,N,5.0,13,0,,a3142391-e0fe-47a4-9e47-6888a37d3c43,b1e8b4a8-1ff4-4045-9847-9a21814033c6,N,2.132,CHAMCR00096**C,N,1,0928200517,2,9,,3,0,1,COLERAIN TOWNSHIP,1,,N,N,2.0,N,0.0,,Y,6011,N,COLERAIN TOWNSHIP,N,,0,,SPRINGDALE,RD,,,,,N,,,6011TH,3,,,,,N,N,Y,0,0,N,,0,2,4,,26225.0,N,2.132,22,Y,5,8,5,1,F,N,N,N,0,2,0,1,0,35,13,8,0,0,0,0,0,1,6,NT,1,0,,,,,,,,,,,,,,,,,,,,,,,,,,,,,,,,,,0,2,7460.0,"unit1 negotiating curve springdale . unit1 traveling unsafe speed , loosing control , causing vehicle hydroplane , running roadway .",O,"[0.9999964237213135, 3.3742087452992564e-06, 2.3236388813074882e-07]",O,"[0.9776485562324524, 0.017834952101111412, 0.004516511224210262]",O,"[1.0, 0.0, 0.0]"
858,858,203163838,"unit 1 was east bound on ir90, in the left through lane, passing under sr84 (bishop road). unit 2 was east bound on ir90, in the center lane, passing under sr84 (bishop road). u2 began to hydroplane due to the rain on the roadway and travelling too fast for conditions. u2 struck u1 in the right rear tire area with it s left front tire area. u2 became disabled upon the left front tire separating from the rim. r nd1 stated that he was driving along and saw a car to the right of him begin to hydroplane. the car then struck the right side of the ambulance. r nd2 stated that she was not speeding, but she began to hydroplane. once she did, she was unable to keep the car from hitting the ambulance.",20203163838,2020,AB,9/1/2020 0:00,12,SLAKIR00090**C,S,LAK,0.807,41.589566,-81.479496,85036,17668.0,9/28/2020 0:00,5,2,N,2.0,N,Y,1.0,18,0,52100.0,,,Y,0.807,SLAKIR00090**C,N,2,2000233,1,9,N,3,1,2,WICKLIFFE,1,E,Y,N,6.0,Y,0.016,SR,N,,N,WICKLIFFE,N,,0,,,,90,IR,,,N,,,BISHOP,1,84,SR,,RD,N,N,Y,0,0,N,1.0,0,2,3,,91363.0,N,186.859,34,Y,5,4,3,1,F,N,N,N,0,3,0,2,0,60,1,20,0,0,0,0,0,1,6,NT,1,60,28.0,1.0,4.0,3.0,1.0,M,,1.0,60.0,1.0,20.0,,,,,,10.0,6.0,NT,20.0,60.0,,,,,,,,,,,,,0,4,7515.0,"unit1 , left , passing . unit2 , center , passing . began hydroplane due rain roadway travelling fast conditions . struck rear tire area left front tire area . became disabled upon left front tire separating rim . stated driving along saw car begin hydroplane . car struck side ambulance . stated speeding , began hydroplane . , unable keep car hitting ambulance .",C,"[0.01719023659825325, 0.9802294969558716, 0.002580194966867566]",O,"[0.9999997615814209, 2.6086124194080185e-07, 1.1163819868542646e-09]",O,"[0.9462890625, 0.051971435546875, 0.0017843246459960938]"