,id,OBJECTID,Narrative,DOCUMENT_NBR,CRASH_YR,CRASH_SEVERITY_CD,CRASH_MONTH_YEAR,DISTRICT_NBR,NLFID,NLF_JUR_CD,NLF_COUNTY_CD,COUNTY_LOG_NBR,ODOT_LATITUDE_NBR,ODOT_LONGITUDE_NBR,ODOT_FIPS_CD,AREA_CODE,CRASH_DATE,CRASH_TYPE_CD,DAY_IN_WEEK_CD,DISTRACTED_DRIVER_IND,FACILITY_TYPE_CD,FHWA_RDWY_DEPARTURE_IND,FREEWAY_IND,FUNCTIONAL_CLASS_CD,HOUR_OF_CRASH,INCAPAC_INJURIES_NBR,INTERCHANGE_ID,INTERSECTION_ID_CURRENT,INTERSECTION_LEG_ID,INTERSTATE_IND,INV_LOG_NBR,INV_NLFID,IS_COMMERCIAL_RELATED,LIGHT_COND_PRIMARY_CD,LOCAL_REPORT_NUMBER_ID,MAINTENANCE_AUTHORITY_CD,MONTH_OF_CRASH,NHS_CD,NO_INJURY_REPORTED_NBR,NON_INCAPAC_INJURIES_NBR,NUMBER_OF_UNITS_NBR,ODOT_CITY_VILLAGE_TWP_NME,ODOT_CRASH_LOCATION_CD,ODOT_DIR_FROM_REF_CD,ODOT_DIV_UNDIV_IND,ODOT_INTERSECTION_REL_IND,ODOT_LANES_NBR,ODOT_MAINTAINED_HWY_IND,ODOT_MILES_FROM_REF_NBR,ODOT_REF_ROUTE_PREFIX_CD,ODOT_YOUNG_DRIVER_IND,ODPS_ADDRESS_REFERENCE,ODPS_ALCOHOL_IND,ODPS_CITY_VILLAGE_TWP_NME,ODPS_DRUG_IND,ODPS_LOC_DIR_SUFFIX_CD,ODPS_LOC_IN_WORK_ZONE_CD,ODPS_LOC_ROAD_DIRECTION_CD,ODPS_LOC_ROAD_NME,ODPS_LOC_ROAD_SUFFIX_CD,ODPS_LOC_ROUTE_ID,ODPS_LOC_ROUTE_PREFIX_CD,ODPS_LOC_ROUTE_SUFFIX_CD,ODPS_MILEPOST_REFERENCE,ODPS_MOTORCYCLE_IND,ODPS_REF_DIR_SUFFIX_CD,ODPS_REF_DIRECTION_CD,ODPS_REF_GIVEN,ODPS_REF_POINT_USED_CD,ODPS_REF_ROUTE_ID,ODPS_REF_ROUTE_PREFIX_CD,ODPS_REF_ROUTE_SUFFIX_CD,ODPS_REF_SUFFIX_CD,ODPS_SCHOOL_ZONE_IND,ODPS_SENIOR_DRIVER_IND,ODPS_SPEED_IND,ODPS_TOTAL_FATALITIES_NBR,ODPS_TYPE_OF_WORK_ZONE_CD,ODPS_WORK_ZONE_IND,OPER_ACCESS_CONTROL_CD,POSSIBLE_INJURIES_NBR,ROAD_COND_PRIMARY_CD,ROAD_CONTOUR_CD,SA_RAMP_ID,SA_SEGMENT_ID,SECONDARY_CRASH,STATE_TRUE_LOG_NBR,U1_AGE_NBR,U1_AT_FAULT_IND,U1_CONT_CIR_PRIMARY_CD,U1_DIRECTION_FROM_CD,U1_DIRECTION_TO_CD,U1_DISTRACTED_BY_1_CD,U1_GENDER_CD,U1_IS_ALCOHOL_SUSPECTED,U1_IS_MARIJUANA_SUSPECTED,U1_IS_OTHER_DRUG_SUSPECTED,U1_NON_MOTORIST_LOC_CD,U1_NUMBER_OF_THRU_LANES,U1_OBJECT_STRUCK,U1_ODPS_UNIT_NBR,U1_OPERATINGIN_AUTONOMOUS_MODE,U1_POSTED_SPEED_NBR,U1_PRECRASH_ACTION_CD,U1_SEQ_OF_EVENTS_1_CD,U1_SEQ_OF_EVENTS_2_CD,U1_SEQ_OF_EVENTS_3_CD,U1_SEQ_OF_EVENTS_4_CD,U1_SEQ_OF_EVENTS_5_CD,U1_SEQ_OF_EVENTS_6_CD,U1_SPECIAL_FUNCTION_CD,U1_TRAFFIC_CONTROL_CD,U1_TURN_CD,U1_TYPE_OF_UNIT_CD,U1_UNIT_SPEED_NBR,U2_AGE_NBR,U2_CONT_CIR_PRIMARY_CD,U2_DIRECTION_FROM_CD,U2_DIRECTION_TO_CD,U2_DISTRACTED_BY_1_CD,U2_GENDER_CD,U2_NON_MOTORIST_LOC_CD,U2_ODPS_UNIT_NBR,U2_POSTED_SPEED_NBR,U2_PRECRASH_ACTION_CD,U2_SEQ_OF_EVENTS_1_CD,U2_SEQ_OF_EVENTS_2_CD,U2_SEQ_OF_EVENTS_3_CD,U2_SEQ_OF_EVENTS_4_CD,U2_SEQ_OF_EVENTS_5_CD,U2_SEQ_OF_EVENTS_6_CD,U2_SPECIAL_FUNCTION_CD,U2_TRAFFIC_CONTROL_CD,U2_TURN_CD,U2_TYPE_OF_UNIT_CD,U2_UNIT_SPEED_NBR,U3_CONT_CIR_PRIMARY_CD,U3_ODPS_UNIT_NBR,U3_PRECRASH_ACTION_CD,U3_SEQ_OF_EVENTS_1_CD,U3_SEQ_OF_EVENTS_2_CD,U3_SEQ_OF_EVENTS_3_CD,U3_SEQ_OF_EVENTS_4_CD,U3_SEQ_OF_EVENTS_5_CD,U3_SEQ_OF_EVENTS_6_CD,U3_SPECIAL_FUNCTION_CD,U3_TRAFFIC_CONTROL_CD,U3_TYPE_OF_UNIT_CD,UNRESTRAIN_OCCUPANTS,WEATHER_COND_CD,V1,clean_Narrative,BERT_predictions,BERT_prediction_probabilities,RoBERTa_predictions,RoBERTa_predictions_probabilities,distilBERT_predictions,distilBERT_predictions_probabilities
859,859,203165071,unit 1 was traveling eastbound on 82 driver stated he hydroplaned and hit a guardrail and spun out.,20203165071,2020,C,9/1/2020 0:00,4,STRUSR00082**C,S,TRU,29.606,41.213591,-80.529172,9190,97831.0,9/29/2020 0:00,13,3,N,1.0,Y,N,3.0,21,0,90100.0,88327ff1-6b29-439b-bc0d-da07b49817df,06743469-8bd9-4885-a412-73d5d9860403,N,29.606,STRUSR00082**C,N,3,20-004814,1,9,N,0,0,1,BROOKFIELD TOWNSHIP,1,N,N,N,1.0,Y,0.044,SR,N,,N,BROOKFIELD TOWNSHIP,N,,0,,STATE ROUTE 82 E,,82,SR,,,N,,,US ROUTE 62 E,1,62,US,,,N,N,N,0,0,N,2.0,2,2,4,,173436.0,N,88.267,29,Y,99,4,3,9,M,N,N,N,0,2,30,1,0,60,13,8,30,0,0,0,0,1,6,NT,1,35,,,,,,,,,,,,,,,,,,,,,,,,,,,,,,,,,,0,4,8151.0,unit1 traveling driver stated hydroplaned hit guardrail spun .,O,"[0.9999926090240479, 6.880189175717533e-06, 4.845170451517333e-07]",O,"[0.5513937473297119, 0.4472810924053192, 0.0013251755153760314]",O,"[0.94921875, 0.04931640625, 0.0014438629150390625]"
860,860,203166566,unit 1 was traveling westbound on i-480. unit 1 then lost control while changing lanes and hydroplaned into the construction lanes. unit 1 then struck the concrete barrier to the left and rolled over. minor injuries were suspected. unit 1 was cited for failure to control (333.08). see oh2 for details on drivers licenses suspension.,20203166566,2020,AB,10/1/2020 0:00,12,SCUYIR00480*NC,S,CUY,1.1,41.42635,-81.515969,80990,17668.0,10/4/2020 0:00,13,1,N,2.0,Y,Y,1.0,18,0,,926dee23-7f27-459c-9b93-da194235a621,acac088d-bc15-4867-9ce2-c338bf36c768,Y,1.1,SCUYIR00480*NC,N,3,20202722,1,10,N,0,1,1,WARRENSVILLE HEIGHTS,1,E,Y,N,6.0,Y,0.095,RA,Y,,N,WARRENSVILLE HEIGHTS,N,,3,,I 480 W,,480,IR,,,N,,,MILES,1,,,,RD,N,N,N,0,1,Y,1.0,0,2,3,,128890.0,N,1.1,23,Y,11,3,4,1,F,N,N,N,0,5,35,1,2,60,3,9,35,1,0,0,0,1,6,NT,1,60,,,,,,,,,,,,,,,,,,,,,,,,,,,,,,,,,,0,4,8821.0,unit1 traveling . unit1 lost control changing lanes hydroplaned construction lanes . unit1 struck concrete barrier left rolled . minor injuries suspected . unit1 cited failure control . see details drivers licenses suspension .,C,"[1.1719181003400081e-07, 0.9999997615814209, 1.4644689372289577e-07]",C,"[9.513782828207695e-08, 0.9999990463256836, 7.989590926626988e-07]",C,"[1.7881393432617188e-07, 1.0, 3.5762786865234375e-07]"
861,861,203172053,"unit #1 was traveling westbound on martin luther king dr. unit #2 was traveling eastbound on martin luther king dr. unit #1 hydroplaned causing them to lose control and go into oncoming traffic, striking unit #2 causing damage to both vehicles.",20203172053,2020,O,10/1/2020 0:00,8,CHAMCR00656**C,C,HAM,0.501,39.135337,-84.505624,15000,16885.0,10/11/2020 0:00,6,1,N,,N,N,5.0,5,0,,ce63abf3-0601-458d-a662-04d0c7898d47,2aab0438-8156-47e6-a5f9-36cffc1b5de7,N,0.501,CHAMCR00656**C,N,3,205011770,4,10,,2,0,2,CINCINNATI,2,,N,Y,4.0,N,0.0,,Y,199,N,CINCINNATI,N,,0,,MARTIN LUTHER KING,DR,,,,,N,,,,3,,,,,N,N,N,0,0,N,,0,2,2,,90111.0,N,0.501,17,Y,99,3,4,1,F,N,N,N,0,6,0,1,2,0,1,20,0,0,0,0,0,1,2,NT,1,0,33.0,1.0,4.0,3.0,1.0,M,,2.0,,1.0,20.0,,,,,,1.0,2.0,NT,1.0,,,,,,,,,,,,,,0,4,11495.0,"unit1 traveling martin luther king . unit2 traveling martin luther king . unit1 hydroplaned causing lose control go oncoming traffic , striking unit2 causing damage vehicles .",O,"[0.7801911234855652, 0.21430353820323944, 0.005505267530679703]",C,"[0.09780974686145782, 0.8994429707527161, 0.002747233957052231]",O,"[0.9990234375, 0.0009107589721679688, 0.0001323223114013672]"
862,862,203172317,"unit 1 was traveling south bound on pippin road when unit 1 started to hydroplane and attempted to apply the breaks causing unit 1 to lose control, crossing the opposite direction of travel, running off the roadway then traveling through the front lawn of 9758 pippin road and striking a tree in the side yard of 9750 pippin road.",20203172317,2020,O,9/1/2020 0:00,8,CHAMCR00090**C,C,HAM,2.786,39.248154,-84.574538,16616,16885.0,9/30/2020 0:00,13,4,N,,Y,N,4.0,0,0,,7032e227-cb50-4545-8b57-dc94f4078565,8be4ecf7-3013-4d82-a0c2-a2ffbe8347bb,N,2.786,CHAMCR00090**C,N,3,09300200022,2,9,,1,0,1,COLERAIN TOWNSHIP,1,,N,N,2.0,N,0.0,,Y,9750,N,COLERAIN TOWNSHIP,N,,0,,PIPPIN,RD,,,,,N,,,9750TH,3,,,,,N,N,N,0,0,N,,0,2,1,,19380.0,N,2.786,23,Y,11,1,2,1,F,N,N,N,0,2,48,1,0,35,1,11,9,37,48,0,0,1,6,NT,1,35,,,,,,,,,,,,,,,,,,,,,,,,,,,,,,,,,,0,4,11622.0,"unit1 traveling pippin unit1 started hydroplane attempted apply breaks causing unit1 lose control , crossing opposite direction travel , running roadway traveling front lawn pippin striking tree side yard pippin .",C,"[0.10764961689710617, 0.8259121775627136, 0.06643818318843842]",C,"[0.10481635481119156, 0.8851202726364136, 0.010063385590910912]",O,"[0.9990234375, 0.0008759498596191406, 7.778406143188477e-05]"
863,863,203173546,"on 9-07-2020, unit 1 was traveling northbound on sr 235 near cr 10. unit 1 began to hydroplane across standing water on the roadway. unit 1 lost control and traveled off the west side of the roadway. unit 1 struck the ditch, then overturned onto its top where it came to final rest.",20203173546,2020,C,9/1/2020 0:00,1,SHARSR00235**C,S,HAR,21.981,40.819719,-83.823476,43162,99999.0,9/7/2020 0:00,13,2,N,2.0,Y,N,5.0,22,0,,331c5245-0ce2-4a49-ad61-529477c06644,8bc930f5-4381-4b38-81e1-c7a8fa18960f,N,21.981,SHARSR00235**C,N,4,20-015582,1,9,,0,0,1,LIBERTY TOWNSHIP,1,S,N,N,2.0,Y,0.01,SR,Y,,N,LIBERTY TOWNSHIP,N,,0,,,,235,SR,,,N,,,,1,10,CR,,,N,N,Y,0,0,N,3.0,1,2,1,,297729.0,N,88.303,18,Y,1,2,1,1,M,N,N,N,0,2,44,1,0,55,1,11,9,44,1,0,0,1,6,NT,1,65,,,,,,,,,,,,,,,,,,,,,,,,,,,,,,,,,,0,4,12283.0,", unit1 traveling near cr . unit1 began hydroplane across standing water roadway . unit1 lost control traveled side roadway . unit1 struck ditch , overturned onto top came final rest .",O,"[0.9997794032096863, 0.00020932953339070082, 1.1279505088168662e-05]",C,"[0.09943889826536179, 0.8486793637275696, 0.05188174545764923]",O,"[0.6533203125, 0.342041015625, 0.004436492919921875]"
864,864,203175374,"unit 1 was traveling on the ramp from west bound ir 74 to east bound ir 275. the operator of unit 1 failed to maintain reasonable control of her vehicle, hydroplaning and striking the median barrier",20203175374,2020,O,10/1/2020 0:00,8,SHAMRA31117**C,S,HAM,0.11,39.214389,-84.677347,16616,16885.0,10/15/2020 0:00,13,5,N,4.0,Y,Y,2.0,16,0,40300.0,,,N,0.11,SHAMRA31117**C,N,1,1015200710,1,10,,1,0,1,COLERAIN TOWNSHIP,8,,N,N,,Y,0.0,IR,Y,,N,COLERAIN TOWNSHIP,N,,0,,,,74,IR,,,N,,,,1,275,IR,,,N,N,Y,0,0,N,1.0,0,1,4,,,N,0.11,24,Y,5,4,3,1,F,N,N,N,0,1,35,1,0,65,13,8,35,0,0,0,0,1,6,NT,3,0,,,,,,,,,,,,,,,,,,,,,,,,,,,,,,,,,,0,4,13001.0,"unit1 traveling ramp . operator unit1 failed maintain reasonable control vehicle , hydroplaning striking median barrier",O,"[0.9999905824661255, 8.977840479929e-06, 4.415879288899305e-07]",O,"[0.9998798370361328, 0.00011705754150170833, 3.0689304821862606e-06]",O,"[1.0, 0.0, 0.0]"
865,865,203177525,"unit #1 was traveling s/b in the left center lane of i-77s approaching the chestnut road overpass. the operator of unit #1 attempted to change lanes into the right middle lane and noticed a truck merging into the right middle lane at the same time. unit #1 then swerved back into the left center lane, lost control and hydroplaned into the left median wall causing the listed damage.",20203177525,2020,O,10/1/2020 0:00,12,SCUYIR00077**N,S,CUY,7.645,41.385934,-81.653047,37240,17668.0,10/19/2020 0:00,13,2,N,2.0,Y,Y,1.0,7,0,,,,Y,7.647,SCUYIR00077**C,N,2,20200729,1,10,N,1,0,1,INDEPENDENCE,1,N,Y,N,8.0,Y,0.095,,Y,,N,INDEPENDENCE,N,,0,,,,77,IR,,,N,,,CHESTNUT,1,,,,RD,N,N,Y,0,0,N,1.0,0,2,1,,91242.0,N,154.787,19,Y,1,1,2,1,F,N,N,N,0,3,35,1,2,60,3,9,35,0,0,0,0,1,6,NT,3,65,,,,,,,,,,,,,,,,,,,,,,,,,,,,,,,,,,0,4,13974.0,"unit1 traveling left center approaching chestnut overpass . operator unit1 attempted change lanes middle noticed truck merging middle time . unit1 swerved back left center , lost control hydroplaned left median wall causing listed damage .",C,"[0.0490553118288517, 0.9405483603477478, 0.010396291501820087]",C,"[0.020048240199685097, 0.9474937915802002, 0.03245795890688896]",O,"[0.998046875, 0.0021915435791015625, 0.00015091896057128906]"
866,866,203178139,unit # 1 w/b on ir-74 at 18-9mp. unit#1 vehicle hydroplane and struck the center concrete barrier.,20203178139,2020,O,10/1/2020 0:00,8,SHAMIR00074**N,S,HAM,18.643,39.158726,-84.549783,15000,16885.0,10/19/2020 0:00,13,2,N,2.0,Y,Y,1.0,11,0,,,,Y,18.578,SHAMIR00074**C,N,1,205012191,1,10,N,1,0,1,CINCINNATI,1,,Y,N,4.0,Y,0.0,,N,,N,CINCINNATI,N,,4,,,,74,IR,,18.6,N,,,18 6,2,,,,,N,N,N,0,3,Y,1.0,0,2,2,,91148.0,N,18.643,27,Y,99,3,4,1,M,N,N,N,0,2,35,1,2,55,1,35,0,0,0,0,0,1,6,NT,3,40,,,,,,,,,,,,,,,,,,,,,,,,,,,,,,,,,,0,4,14322.0,unit1 ir 9mp . unit1 vehicle hydroplane struck center concrete barrier .,O,"[0.8791982531547546, 0.11274520307779312, 0.008056500926613808]",O,"[0.9985302686691284, 0.0014315294101834297, 3.817016477114521e-05]",O,"[0.9990234375, 0.0007519721984863281, 1.5437602996826172e-05]"
867,867,203178762,"units #2 and #1 were driving westbound on us route 62, west of stygler road. unit #1 was directly behind unit #2. unit #2 quickly slammed on its brakes, causing unit #1 to hydroplane on the wet roadway. unit #2 continued driving westbound on us 62, as unit #1 spun out, and slid off of the roadway to the right. unit #1 then slid down into a ditch, before striking a tree at final rest. there were no injuries in this accident. unit #1 was towed from scene by cal's towing.",20203178762,2020,O,10/1/2020 0:00,6,SFRAUS00062**N,S,FRA,23.286,40.018406,-82.892719,29106,19234.0,10/20/2020 0:00,5,3,N,2.0,Y,N,3.0,4,0,,ac6dcf62-4257-4a05-a865-a8db652f9d4c,f6bbc851-2241-4564-99da-c9d1062395a6,N,23.145,SFRAUS00062**C,N,3,20GAH-22482-AC,4,10,N,2,0,2,GAHANNA,1,W,Y,N,4.0,N,0.119,MR,N,,N,GAHANNA,N,,0,,US ROUTE 62 W,,62,US,,,N,,N,STYGLER,1,,,,RD,N,N,N,0,0,N,2.0,0,2,1,,286315.0,N,118.601,0,Y,99,3,4,9,U,N,N,N,0,2,0,2,0,50,1,13,0,0,0,0,0,1,6,NT,3,50,37.0,1.0,3.0,4.0,1.0,M,,1.0,50.0,1.0,8.0,44.0,48.0,,,,1.0,6.0,NT,1.0,40.0,,,,,,,,,,,,,0,4,14656.0,"units driving us , stygler . unit1 directly behind unit2 . unit2 quickly slammed brakes , causing unit1 hydroplane wet roadway . unit2 continued driving us , unit1 spun , slid roadway . unit1 slid ditch , striking tree final rest . injuries accident . unit1 towed scene cal 's towing .",O,"[0.9999998807907104, 1.1997759941095865e-07, 2.888229744257842e-08]",O,"[0.999891996383667, 0.00010465793457115069, 3.316526317576063e-06]",O,"[1.0, 0.0, 0.0]"
868,868,203179159,"unit #1 nb on ir 75 at approximately the 1.2 milepost, lost control hydroplaning spun around twice and struck right side concrete wallno injuries were reported",20203179159,2020,O,10/1/2020 0:00,8,SHAMIR00075**C,S,HAM,1.07,39.104539,-84.528255,15000,16885.0,10/19/2020 0:00,13,2,N,2.0,N,Y,1.0,12,0,,f92d05fc-1ddb-47aa-b87d-e5026bc6d5a4,52e7b0b2-aadc-4b92-895f-819bf26c2731,Y,1.07,SHAMIR00075**C,N,1,205012190,1,10,N,1,0,1,CINCINNATI,1,,Y,N,8.0,Y,0.0,,Y,,N,CINCINNATI,N,,0,N,IR 75,HWY,75,IR,,1.2,N,,,1 2,2,,,,,N,N,Y,0,0,N,1.0,0,2,3,,91162.0,N,1.07,21,Y,5,2,1,1,M,N,N,N,0,5,35,1,2,55,13,13,35,0,0,0,0,1,6,NT,1,55,,,,,,,,,,,,,,,,,,,,,,,,,,,,,,,,,,0,4,14830.0,"unit1 approximately . milepost , lost control hydroplaning spun around twice struck side concrete wallno injuries reported",O,"[0.9999998807907104, 6.412463449123607e-08, 1.7010696851116336e-08]",O,"[1.0, 3.234459144962898e-09, 3.454991718068734e-12]",O,"[1.0, 0.0, 0.0]"
869,869,203179378,"unit 1 was eastbound on river rd and came out of the turn into the straight away and hit a puddle of water with some oil and started hydroplaning. unit 1's driver over corrected and crossed the double yellow, went onto the sidewalk and struck electric pole l444 breaking it in half before coming to rest.",20203179378,2020,O,10/1/2020 0:00,8,SHAMUS00050**C,S,HAM,17.036,39.086371,-84.575161,15000,16885.0,10/20/2020 0:00,13,3,N,2.0,Y,N,3.0,10,0,,,,N,17.036,SHAMUS00050**C,N,1,205012254,4,10,3,1,0,1,CINCINNATI,1,,N,N,2.0,N,0.0,,Y,3194,N,CINCINNATI,N,,0,,RIVER,RD,,,,,N,,,3194TH,3,,,,,N,N,N,0,0,N,3.0,0,2,1,,346361.0,N,17.036,25,Y,99,4,3,1,F,N,N,N,0,4,40,1,2,35,1,40,0,0,0,0,0,1,6,NT,3,35,,,,,,,,,,,,,,,,,,,,,,,,,,,,,,,,,,0,1,14986.0,"unit1 river came turn straight away hit puddle water oil started hydroplaning . unit1 's driver corrected crossed double yellow , went onto sidewalk struck electric pole breaking half coming rest .",O,"[0.5958431959152222, 0.3711053133010864, 0.033051565289497375]",O,"[0.9999994039535522, 5.439006258711743e-07, 2.3806352444921686e-09]",O,"[0.9541015625, 0.043243408203125, 0.0027446746826171875]"
870,870,203179780,"unit # 1 was traveling east on cedar road in the left through lane near 28350 cedar rd. unit # 2 was exiting ir 271 nb to cedar rd westbound. as unit # 2 negotiated the curve to cedar westbound, operator advised she hydroplaned and lost control of the vehicle. unit # 2 traveled through portable lane barriers and across the center line, striking unit # 1 in the eastbound lanes. unit # 2 determined to be at fault, failure to control, and cited for the same.",20203179780,2020,C,10/1/2020 0:00,12,CCUYCR00023**C,C,CUY,10.324,41.501217,-81.478225,45556,17668.0,10/19/2020 0:00,19,2,N,2.0,Y,N,3.0,11,0,,8f8aa5ef-aece-460c-b584-715dbcb7edae,d4465119-1872-49c0-8f7d-b1ac2096025d,N,10.324,CCUYCR00023**C,N,1,2070127,4,10,N,2,0,2,LYNDHURST,1,,N,Y,4.0,N,0.0,,Y,28350,N,PEPPER PIKE,N,,0,,CEDAR,RD,,,,,N,,,28350TH,3,,,,,N,Y,Y,0,0,N,,1,2,1,,10634.0,N,10.324,21,Y,99,5,4,1,F,N,N,N,0,4,32,2,0,25,13,32,11,20,0,0,0,1,6,RT,3,35,73.0,1.0,4.0,3.0,1.0,M,,1.0,35.0,1.0,20.0,,,,,,1.0,2.0,NT,3.0,35.0,,,,,,,,,,,,,0,4,15191.0,"unit1 traveling cedar left near cedar unit2 exiting cedar . unit2 negotiated curve cedar , operator advised hydroplaned lost control vehicle . unit2 traveled portable barriers across center line , striking unit1 lanes . unit2 determined fault , failure control , cited .",O,"[0.69804847240448, 0.2940289080142975, 0.007922635413706303]",C,"[0.027381807565689087, 0.9714056253433228, 0.0012125136563554406]",O,"[0.89453125, 0.09320068359375, 0.01261138916015625]"
871,871,203179860,"unit 1 was traveling sb on i-75 in the far left lane. unit 1 stated that he was coming around the curve and """"hydroplaned"""" on water on the ground which caused his to lose control and strike the middle median. unit 1 stated that he had no injuries at this time.unit 1 was cited on scene. bwc was activated.",20203179860,2020,O,10/1/2020 0:00,2,SLUCIR00075**N,S,LUC,8.384,41.690839,-83.51361,77000,87868.0,10/21/2020 0:00,13,4,N,2.0,Y,Y,1.0,5,0,,,,Y,8.331,SLUCIR00075**C,N,3,2.01021E+13,1,10,N,1,0,1,TOLEDO,1,,Y,N,4.0,Y,0.0,,N,,N,TOLEDO,N,N,0,N,I 75,HWY,75,IR,,208.0,N,,,208,2,,,,,N,N,N,0,0,N,1.0,0,2,3,,81212.0,N,207.966,26,Y,99,1,2,1,M,N,N,N,0,3,35,1,0,60,13,9,35,0,0,0,0,1,6,NT,4,0,,,,,,,,,,,,,,,,,,,,,,,,,,,,,,,,,,0,4,15225.0,unit1 traveling far left . unit1 stated coming around curve `` '' hydroplaned '' '' water ground caused lose control strike middle median . unit1 stated injuries time.unit1 cited scene . bwc activated .,O,"[0.9999997615814209, 1.8714344207637623e-07, 2.0375257037130723e-08]",O,"[1.0, 7.171852001164325e-10, 2.352685646127284e-13]",O,"[1.0, 0.0, 0.0]"
872,872,203179870,"unit 1 was exiting from south bound us 27 to west kemper road, the operator of unit 1 stated he was traveling at a faster speed than normal, due to being nervous about an aggressive driver behind his unit. as unit 1 exited us 27 he hydroplaned and struck the concrete curb.",20203179870,2020,O,10/1/2020 0:00,8,CHAMCR00266**C,C,HAM,0.222,39.292101,-84.613918,16616,16885.0,10/20/2020 0:00,13,3,N,,Y,N,5.0,12,0,,,,N,0.222,CHAMCR00266**C,N,1,1020200475,2,10,,4,0,1,COLERAIN TOWNSHIP,8,,N,Y,2.0,N,0.0,,Y,,N,COLERAIN TOWNSHIP,N,,0,,US ROUTE 27 S,,27,US,,,N,,W,KEMPER,1,,,,RD,N,N,Y,0,0,N,,0,2,4,,100453.0,N,0.222,17,Y,5,1,2,1,M,N,N,N,0,2,43,1,0,60,13,43,0,0,0,0,0,1,6,NT,1,40,,,,,,,,,,,,,,,,,,,,,,,,,,,,,,,,,,0,2,15235.0,"unit1 exiting us kemper , operator unit1 stated traveling faster speed normal , due nervous aggressive driver behind unit . unit1 exited us hydroplaned struck concrete curb .",O,"[0.9999984502792358, 1.4164588719722815e-06, 9.446890913977768e-08]",O,"[0.9972131848335266, 0.002753978129476309, 3.286791979917325e-05]",O,"[1.0, 1.0132789611816406e-06, 1.1920928955078125e-07]"
873,873,203181414,unit #1 stated that she was traveling w b on i480 in the #1 lane when she hydroplaned. the vehicle then traveled across all lanes striking the embankment.,20203181414,2020,O,10/1/2020 0:00,12,SCUYIR00480**N,S,CUY,12.637,41.422917,-81.742252,9246,17668.0,10/21/2020 0:00,13,4,N,2.0,Y,Y,1.0,6,0,,c2c8d9f5-cb26-4d28-989d-f19b766bb574,c847fc6d-f15e-46d0-9d16-9dfb8c651050,Y,12.643,SCUYIR00480**C,N,3,2020093662,1,10,N,1,0,1,BROOKLYN,1,E,Y,N,8.0,Y,0.044,,N,,N,BROOKLYN,N,,0,,,,480,IR,,15.0,N,,,15 0,2,,,,,N,N,Y,0,0,N,1.0,0,2,1,,128121.0,N,14.941,35,Y,22,3,4,1,F,N,N,N,0,4,45,1,2,60,1,8,45,0,0,0,0,1,6,NT,3,65,,,,,,,,,,,,,,,,,,,,,,,,,,,,,,,,,,0,4,15911.0,unit1 stated traveling b hydroplaned . vehicle traveled across lanes striking embankment .,C,"[5.7161396398441866e-05, 0.9999109506607056, 3.180758358212188e-05]",C,"[0.4830310642719269, 0.5146558880805969, 0.0023131074849516153]",O,"[0.96875, 0.0294342041015625, 0.0015382766723632812]"
874,874,203181435,"unit 1 was traveling north on i-271 in the express lane. unit 1 then hydroplaned near the harvard rd exit and spin out, striking the concrete median and finally came to rest facing south in the median of i-271 north. visible damage to the vehicle was seen along the rear and passenger side. the driver did not state any injuries. united towing towed the vehicle from the scene.",20203181435,2020,O,10/1/2020 0:00,12,SCUYIR00271**C,S,CUY,6.872,41.444911,-81.492774,58604,17668.0,10/23/2020 0:00,13,6,N,2.0,Y,Y,1.0,20,0,18500.0,,,Y,6.872,SCUYIR00271**C,N,3,20202936,1,10,N,1,0,1,ORANGE,1,S,Y,N,10.0,Y,0.038,RA,N,,N,WARRENSVILLE HEIGHTS,N,,0,,,,271,IR,,,N,,,HARVARD,1,,,,RD,N,N,Y,0,0,N,1.0,0,2,1,,91401.0,N,28.836,32,Y,5,2,1,1,M,N,N,N,0,2,35,1,2,60,1,35,0,0,0,0,0,1,6,NT,1,60,,,,,,,,,,,,,,,,,,,,,,,,,,,,,,,,,,0,4,15918.0,"unit1 traveling express . unit1 hydroplaned near harvard exit spin , striking concrete median finally came rest facing median . visible damage vehicle seen along rear passenger side . driver state injuries . united towing towed vehicle scene .",O,"[0.9999998807907104, 9.144211077227737e-08, 2.1266192362645597e-08]",O,"[0.9999998807907104, 8.329695333486598e-08, 5.683669090927879e-10]",O,"[1.0, 0.0, 0.0]"
875,875,203181729,"unit 1 and unit 3 were stopped at a red light on miles road east bound at northfield rd. unit 2 was driving south on northfield road when an unidentified unit described only as an suv, turned left onto miles rd east from northfield rd in front of unit 2, causing unit 2 to brake hard. unit 2 then hydroplaned and struck unit 1 and unit 3.",20203181729,2020,O,10/1/2020 0:00,12,CCUYCR00011**C,C,CUY,0.001,41.427396,-81.525931,56924,17668.0,10/23/2020 0:00,6,6,N,,N,N,3.0,19,0,,7bb92f13-1643-47f1-88c7-610b27cc4c6a,70d26e24-6484-480c-8e4a-9ed16b1f3006,N,0.001,CCUYCR00011**C,N,3,2020228,4,10,N,4,0,3,NORTH RANDALL,2,W,N,Y,4.0,N,0.02,SR,N,,N,NORTH RANDALL,N,,0,,MILES,RD,43,SR,,,N,,,NORTHFIELD,1,8,SR,,RD,N,N,N,0,0,N,,0,6,1,,3051.0,N,0.001,28,Y,15,1,2,1,M,N,N,N,0,5,0,2,0,25,1,20,0,0,0,0,0,1,2,NT,3,20,52.0,1.0,4.0,3.0,1.0,M,,1.0,35.0,11.0,20.0,,,,,,1.0,2.0,NT,1.0,0.0,1.0,3.0,11.0,20.0,,,,,,1.0,2.0,1.0,0,4,16014.0,"unit1 unit3 stopped red light miles northfield unit2 driving northfield unidentified unit described suv , turned left onto miles northfield front unit2 , causing unit2 brake hard . unit2 hydroplaned struck unit1 unit3 .",C,"[0.0006453542155213654, 0.9987614154815674, 0.0005932605126872659]",C,"[0.4023544490337372, 0.5595383048057556, 0.0381072461605072]",C,"[0.09552001953125, 0.86474609375, 0.0391845703125]"