,id,OBJECTID,Narrative,DOCUMENT_NBR,CRASH_YR,CRASH_SEVERITY_CD,CRASH_MONTH_YEAR,DISTRICT_NBR,NLFID,NLF_JUR_CD,NLF_COUNTY_CD,COUNTY_LOG_NBR,ODOT_LATITUDE_NBR,ODOT_LONGITUDE_NBR,ODOT_FIPS_CD,AREA_CODE,CRASH_DATE,CRASH_TYPE_CD,DAY_IN_WEEK_CD,DISTRACTED_DRIVER_IND,FACILITY_TYPE_CD,FHWA_RDWY_DEPARTURE_IND,FREEWAY_IND,FUNCTIONAL_CLASS_CD,HOUR_OF_CRASH,INCAPAC_INJURIES_NBR,INTERCHANGE_ID,INTERSECTION_ID_CURRENT,INTERSECTION_LEG_ID,INTERSTATE_IND,INV_LOG_NBR,INV_NLFID,IS_COMMERCIAL_RELATED,LIGHT_COND_PRIMARY_CD,LOCAL_REPORT_NUMBER_ID,MAINTENANCE_AUTHORITY_CD,MONTH_OF_CRASH,NHS_CD,NO_INJURY_REPORTED_NBR,NON_INCAPAC_INJURIES_NBR,NUMBER_OF_UNITS_NBR,ODOT_CITY_VILLAGE_TWP_NME,ODOT_CRASH_LOCATION_CD,ODOT_DIR_FROM_REF_CD,ODOT_DIV_UNDIV_IND,ODOT_INTERSECTION_REL_IND,ODOT_LANES_NBR,ODOT_MAINTAINED_HWY_IND,ODOT_MILES_FROM_REF_NBR,ODOT_REF_ROUTE_PREFIX_CD,ODOT_YOUNG_DRIVER_IND,ODPS_ADDRESS_REFERENCE,ODPS_ALCOHOL_IND,ODPS_CITY_VILLAGE_TWP_NME,ODPS_DRUG_IND,ODPS_LOC_DIR_SUFFIX_CD,ODPS_LOC_IN_WORK_ZONE_CD,ODPS_LOC_ROAD_DIRECTION_CD,ODPS_LOC_ROAD_NME,ODPS_LOC_ROAD_SUFFIX_CD,ODPS_LOC_ROUTE_ID,ODPS_LOC_ROUTE_PREFIX_CD,ODPS_LOC_ROUTE_SUFFIX_CD,ODPS_MILEPOST_REFERENCE,ODPS_MOTORCYCLE_IND,ODPS_REF_DIR_SUFFIX_CD,ODPS_REF_DIRECTION_CD,ODPS_REF_GIVEN,ODPS_REF_POINT_USED_CD,ODPS_REF_ROUTE_ID,ODPS_REF_ROUTE_PREFIX_CD,ODPS_REF_ROUTE_SUFFIX_CD,ODPS_REF_SUFFIX_CD,ODPS_SCHOOL_ZONE_IND,ODPS_SENIOR_DRIVER_IND,ODPS_SPEED_IND,ODPS_TOTAL_FATALITIES_NBR,ODPS_TYPE_OF_WORK_ZONE_CD,ODPS_WORK_ZONE_IND,OPER_ACCESS_CONTROL_CD,POSSIBLE_INJURIES_NBR,ROAD_COND_PRIMARY_CD,ROAD_CONTOUR_CD,SA_RAMP_ID,SA_SEGMENT_ID,SECONDARY_CRASH,STATE_TRUE_LOG_NBR,U1_AGE_NBR,U1_AT_FAULT_IND,U1_CONT_CIR_PRIMARY_CD,U1_DIRECTION_FROM_CD,U1_DIRECTION_TO_CD,U1_DISTRACTED_BY_1_CD,U1_GENDER_CD,U1_IS_ALCOHOL_SUSPECTED,U1_IS_MARIJUANA_SUSPECTED,U1_IS_OTHER_DRUG_SUSPECTED,U1_NON_MOTORIST_LOC_CD,U1_NUMBER_OF_THRU_LANES,U1_OBJECT_STRUCK,U1_ODPS_UNIT_NBR,U1_OPERATINGIN_AUTONOMOUS_MODE,U1_POSTED_SPEED_NBR,U1_PRECRASH_ACTION_CD,U1_SEQ_OF_EVENTS_1_CD,U1_SEQ_OF_EVENTS_2_CD,U1_SEQ_OF_EVENTS_3_CD,U1_SEQ_OF_EVENTS_4_CD,U1_SEQ_OF_EVENTS_5_CD,U1_SEQ_OF_EVENTS_6_CD,U1_SPECIAL_FUNCTION_CD,U1_TRAFFIC_CONTROL_CD,U1_TURN_CD,U1_TYPE_OF_UNIT_CD,U1_UNIT_SPEED_NBR,U2_AGE_NBR,U2_CONT_CIR_PRIMARY_CD,U2_DIRECTION_FROM_CD,U2_DIRECTION_TO_CD,U2_DISTRACTED_BY_1_CD,U2_GENDER_CD,U2_NON_MOTORIST_LOC_CD,U2_ODPS_UNIT_NBR,U2_POSTED_SPEED_NBR,U2_PRECRASH_ACTION_CD,U2_SEQ_OF_EVENTS_1_CD,U2_SEQ_OF_EVENTS_2_CD,U2_SEQ_OF_EVENTS_3_CD,U2_SEQ_OF_EVENTS_4_CD,U2_SEQ_OF_EVENTS_5_CD,U2_SEQ_OF_EVENTS_6_CD,U2_SPECIAL_FUNCTION_CD,U2_TRAFFIC_CONTROL_CD,U2_TURN_CD,U2_TYPE_OF_UNIT_CD,U2_UNIT_SPEED_NBR,U3_CONT_CIR_PRIMARY_CD,U3_ODPS_UNIT_NBR,U3_PRECRASH_ACTION_CD,U3_SEQ_OF_EVENTS_1_CD,U3_SEQ_OF_EVENTS_2_CD,U3_SEQ_OF_EVENTS_3_CD,U3_SEQ_OF_EVENTS_4_CD,U3_SEQ_OF_EVENTS_5_CD,U3_SEQ_OF_EVENTS_6_CD,U3_SPECIAL_FUNCTION_CD,U3_TRAFFIC_CONTROL_CD,U3_TYPE_OF_UNIT_CD,UNRESTRAIN_OCCUPANTS,WEATHER_COND_CD,V1,clean_Narrative,BERT_predictions,BERT_prediction_probabilities,RoBERTa_predictions,RoBERTa_predictions_probabilities,distilBERT_predictions,distilBERT_predictions_probabilities
876,876,203182203,unit 1 was traveling west on i-480 before the miles road exit. unit 1 then hit their breaks and due to the rain hydroplaned into the guardrail at the i-480 green rd bridge resulting in a single vehicle mva. single occupant with no injuries. vehicle was towed via united towing.,20203182203,2020,O,10/1/2020 0:00,12,SCUYSR00008**C,S,CUY,5.09,41.423578,-81.527358,4920,17668.0,10/21/2020 0:00,13,4,N,2.0,Y,N,3.0,5,0,,9398d494-c99b-4bad-a86a-ab2192ddb5f7,ddfdfb16-56bd-4b0e-b3de-17542ae8c2cb,N,5.09,SCUYSR00008**C,N,3,20202896,4,10,N,1,0,1,BEDFORD HEIGHTS,1,W,N,N,6.0,N,0.003,RA,Y,,N,WARRENSVILLE HEIGHTS,N,,0,,I 480 W,,480,IR,,,N,,,GREEN,1,,,,RD,N,N,Y,0,0,N,3.0,0,2,1,,326865.0,N,26.41,25,Y,5,3,4,1,F,N,N,N,0,4,30,1,2,60,1,30,0,0,0,0,0,1,6,NT,1,60,,,,,,,,,,,,,,,,,,,,,,,,,,,,,,,,,,0,4,16177.0,unit1 traveling miles exit . unit1 hit breaks due rain hydroplaned guardrail green bridge resulting single vehicle mva . single occupant injuries . vehicle towed via united towing .,O,"[0.9999998807907104, 7.382516997722632e-08, 1.5228293293034767e-08]",O,"[0.98091721534729, 0.01844695210456848, 0.0006358025129884481]",O,"[1.0, 0.0, 0.0]"
877,877,203182471,"unit 1 was east on i-480 during a heavy rain with standing in the roadway. unit 1 hydroplaned, lost control and ran off the right side of the highway. unit 1 travelled into a ditch where it struck a tree. the driver of unit 1 complained of possible injuries, and after being checked out by nofd, elected to have family transport her to the hospital if necessary.",20203182471,2020,C,10/1/2020 0:00,12,SCUYIR00480**C,S,CUY,0.542,41.38952,-81.960316,56882,17668.0,10/21/2020 0:00,13,4,N,2.0,Y,Y,1.0,4,0,,,,Y,0.542,SCUYIR00480**C,N,3,T78449,1,10,N,0,0,1,NORTH OLMSTED,1,W,Y,N,6.0,Y,0.114,,Y,,N,NORTH OLMSTED,N,,0,,I 480 E,,480,IR,,,N,,,BARTON,1,,,,RD,N,N,N,0,0,N,1.0,1,2,3,,56974.0,N,2.846,20,Y,1,4,3,1,F,N,N,N,0,3,48,1,0,60,1,8,44,48,0,0,0,1,6,NT,1,50,,,,,,,,,,,,,,,,,,,,,,,,,,,,,,,,,,0,4,16310.0,"unit1 heavy rain standing roadway . unit1 hydroplaned , lost control ran side . unit1 travelled ditch struck tree . driver unit1 complained possible injuries , checked nofd , elected family transport hospital necessary .",C,"[9.053804888026207e-07, 0.9999988079071045, 2.486045502791967e-07]",C,"[1.1975055258517386e-07, 0.9999997615814209, 1.1915975761667141e-07]",C,"[8.940696716308594e-07, 1.0, 1.1920928955078125e-07]"
878,878,203182641,unit 1 was traveling east on sr5 when unit 1 hydroplaned and went off the right side of the roadway. unit 1 struck the guardrail and came to rest in median.,20203182641,2020,O,10/1/2020 0:00,4,STRUSR00005**C,S,TRU,12.027,41.276234,-80.817436,13470,97831.0,10/23/2020 0:00,13,6,N,2.0,Y,Y,2.0,23,0,,,,N,12.027,STRUSR00005**C,N,4,20-2484,1,10,N,2,0,1,CHAMPION TOWNSHIP,1,W,Y,N,4.0,Y,0.23,,Y,,N,CHAMPION TOWNSHIP,N,,0,,STATE ROUTE 5 E,,5,SR,,,N,,N,PARK,1,,,,AVE,N,N,N,0,0,N,1.0,0,2,1,,148736.0,N,27.741,17,Y,1,4,3,1,F,N,N,N,0,2,30,1,0,65,1,8,30,0,0,0,0,1,6,NT,3,65,,,,,,,,,,,,,,,,,,,,,,,,,,,,,,,,,,0,4,16429.0,unit1 traveling unit1 hydroplaned went side roadway . unit1 struck guardrail came rest median .,O,"[0.5561636686325073, 0.4109329879283905, 0.032903362065553665]",O,"[0.6145960092544556, 0.3841407895088196, 0.0012632048455998302]",O,"[0.70556640625, 0.274658203125, 0.0196990966796875]"
879,879,203182731,the flowerbed and boulder damaged belonged to brookdale kettering at 280 walden way. the manager is tiffany bolin and her phone number is (937)270-9765. unit 1 was traveling northwest on walden way in front of 280 walden way. unit 1 hydroplaned due to the severe weather and ran off road right. due to the rain unit 1 was unable to see the boulder in his path before he struck it driving up onto it. unit 1 came to rest in the drive way to 280 walden way on top of the boulder.,20203182731,2020,O,10/1/2020 0:00,8,TGRETR01964**C,T,GRE,0.788,39.688459,-84.105842,40040,22528.0,10/23/2020 0:00,13,6,N,,Y,N,7.0,21,0,,aec976cd-08d7-49d4-8b10-77da2090e055,22f0dca3-5d67-4f4a-bfaa-6c2daefb22a8,N,0.788,TGRETR01964**C,N,3,2020-00046808,4,10,,1,0,1,KETTERING,1,,N,N,2.0,N,0.0,,N,280,N,KETTERING,N,,0,,WALDEN,WAY,,,,,N,,,,3,,,,,N,N,Y,0,0,N,,0,2,3,,244446.0,N,0.788,51,Y,5,7,6,1,M,N,N,N,0,2,44,1,0,25,13,8,44,24,0,0,0,1,6,NT,3,5,,,,,,,,,,,,,,,,,,,,,,,,,,,,,,,,,,0,4,16494.0,flowerbed boulder damaged belonged brookdale kettering walden . manager tiffany bolin phone number . unit1 traveling walden front walden . unit1 hydroplaned due severe weather ran . due rain unit1 unable see boulder path struck driving onto . unit1 came rest walden top boulder .,O,"[0.9997879862785339, 0.00019276892999187112, 1.9359235011506826e-05]",O,"[0.9999759197235107, 2.3922502805362456e-05, 8.584122923593895e-08]",O,"[1.0, 0.0, 0.0]"
880,880,203184960,"unit #2 was northbound on i-75. unit #1 was also northbound on i-75. the driver of unit #1 stated that she lost control and started to hydroplane, unit #1 side swiped unit #2 and the struck the cable barrier median. unit #1 came to rest in the median up against the cable barrier. unit #2 was able to safely pull off the right side of the highway. there was a heavy storm that moved through and a substantial amount of rain fell in a very short period of time. multiple accidents were reported in the same location around the same time.",20203184960,2020,O,10/1/2020 0:00,7,SSHEIR00075**C,S,SHE,9.355,40.321873,-84.163703,28434,99769.0,10/23/2020 0:00,5,6,N,2.0,N,Y,1.0,15,0,80600.0,,,Y,9.355,SSHEIR00075**C,N,1,20-017259,1,10,N,2,0,2,FRANKLIN TOWNSHIP,1,S,Y,N,4.0,Y,0.077,CR,Y,,N,FRANKLIN TOWNSHIP,N,,0,,I 75 N,,75,IR,,,N,,,CR 25 N,1,25,CR,A,,N,N,Y,0,0,N,1.0,0,2,1,,42917.0,N,94.643,21,Y,5,2,1,1,F,N,N,N,0,2,33,1,0,70,1,20,33,0,0,0,0,1,6,NT,3,60,23.0,1.0,2.0,1.0,1.0,M,,2.0,70.0,1.0,20.0,,,,,,1.0,6.0,NT,1.0,65.0,,,,,,,,,,,,,0,4,17583.0,"unit2 i. unit1 also i. driver unit1 stated lost control started hydroplane , unit1 side swiped unit2 struck cable barrier median . unit1 came rest median cable barrier . unit2 able safely pull side . heavy storm moved substantial amount rain fell short period time . multiple accidents reported location around time .",O,"[0.9999099969863892, 8.577424159739166e-05, 4.1337348193337675e-06]",O,"[0.9999995231628418, 4.347924971170869e-07, 1.1625090223787993e-08]",O,"[1.0, 3.218650817871094e-05, 5.245208740234375e-06]"
881,881,203185274,unit #1 was s/b on sr 8 and ran into a puddle that caused him to hydroplane into a median. evaluated by med 4 checked clear. vehicle towed by wilson's,20203185274,2020,O,10/1/2020 0:00,4,SSUMSR00008**C,S,SUM,3.08,41.102558,-81.499839,1000,766.0,10/23/2020 0:00,13,6,N,2.0,Y,Y,2.0,21,0,87800.0,,,N,3.08,SSUMSR00008**C,N,3,T20137812,4,10,N,1,0,1,AKRON,1,S,Y,N,8.0,N,0.095,,Y,,N,AKRON,N,,0,,STATE ROUTE 8 S,,8,SR,,,N,,S,CUYAHOGA FALLS,1,,,,AVE,N,N,N,0,0,N,1.0,0,1,1,,125612.0,N,3.08,19,Y,1,1,2,1,M,N,N,N,0,1,36,1,9,65,1,36,0,0,0,0,0,1,6,NT,2,65,,,,,,,,,,,,,,,,,,,,,,,,,,,,,,,,,,1,4,17739.0,unit1 ran puddle caused hydroplane median . evaluated med checked clear . vehicle towed wilson 's,O,"[0.9999997615814209, 2.0014587676087103e-07, 2.114513009132679e-08]",C,"[0.000606915564276278, 0.9993929862976074, 1.313384672130269e-07]",O,"[1.0, 1.7881393432617188e-07, 0.0]"
882,882,203186199,"unit 1 stated she was stopped, northbound on chamberlin rd at a red light at the intersection of chamberlin rd and e aurora rd in the right turn lane when she was struck in the rear by unit 2. r n r nunit 2 stated she was traveling northbound in the right hand lane of chamberlin rd approaching a red light at chamberlin rd and e aurora rd. unit 2 stated she failed to ensure an assured clear distance ahead and struck the rear of unit 1. unit 2 stated she hydroplaned and was not able to stop the car.",20203186199,2020,C,10/1/2020 0:00,4,SSUMSR00082**C,S,SUM,6.193,41.31138,-81.472206,78050,17668.0,10/29/2020 0:00,2,5,N,2.0,N,N,4.0,6,0,,46ba8fc0-7dfe-46b6-b44f-1ef3e8e134b3,ccfd9d4f-1c29-4ab6-931f-333bc9451f4f,N,6.193,SSUMSR00082**C,N,3,2024905,4,10,,1,0,2,TWINSBURG,2,,N,Y,4.0,N,0.0,CR,N,,N,TWINSBURG,N,,0,E,AURORA,RD,82,SR,,,N,,,CHAMBERLIN,1,,,,RD,N,N,N,0,0,N,3.0,1,2,1,,187135.0,N,31.737,33,Y,8,2,1,1,F,N,N,N,0,3,0,2,0,35,1,20,0,0,0,0,0,1,2,NT,2,35,38.0,1.0,2.0,1.0,1.0,F,,1.0,35.0,1.0,20.0,,,,,,1.0,2.0,NT,3.0,0.0,,,,,,,,,,,,,0,4,18080.0,"unit1 stated stopped , chamberlin red light intersection chamberlin aurora turn struck rear unit2 . r nunit2 stated traveling chamberlin approaching red light chamberlin aurora unit2 stated failed ensure assured clear distance ahead struck rear unit1 . unit2 stated hydroplaned able stop car .",O,"[0.6571649312973022, 0.33636173605918884, 0.00647331727668643]",O,"[0.9939512014389038, 0.005951065570116043, 9.771824989002198e-05]",O,"[0.97265625, 0.0270538330078125, 0.0005526542663574219]"
883,883,203186321,"unit #1 hydroplaned, ran off roadway to the left. struck the concrete barrier. went back across both lanes when unit #2 rear ended unit #1.",20203186321,2020,O,10/1/2020 0:00,4,SSUMSR00008**N,S,SUM,15.18,41.266295,-81.502696,7790,17668.0,10/23/2020 0:00,2,6,N,2.0,N,Y,2.0,20,0,88700.0,18a96501-955c-4cf9-818d-a18be2666f0b,5260f4b4-05b8-4676-b5b3-e322d3c19657,N,15.175,SSUMSR00008**C,N,4,20-00355,4,10,N,3,0,2,BOSTON HEIGHTS,1,S,Y,N,4.0,N,0.019,,N,,N,BOSTON HEIGHTS,N,,0,,,HWY,8,SR,,15.0,N,,,15 0,2,,,,,N,N,N,0,0,N,1.0,0,2,1,,326877.0,N,15.18,31,Y,99,1,2,1,M,N,N,N,0,2,35,1,2,65,1,20,9,35,0,0,0,1,6,NT,1,0,32.0,1.0,1.0,2.0,1.0,M,,2.0,65.0,1.0,20.0,,,,,,1.0,6.0,NT,4.0,50.0,,,,,,,,,,,,,0,4,18161.0,"unit1 hydroplaned , ran roadway left . struck concrete barrier . went back across lanes unit2 rear ended unit1 .",O,"[0.8414892554283142, 0.13636231422424316, 0.022148331627249718]",AB,"[0.010212327353656292, 0.16722966730594635, 0.8225580453872681]",C,"[0.146728515625, 0.78759765625, 0.0654296875]"
884,884,203187823,"unit # 1 was traveling northbound on sr 57 and stopped near cleveland street in the right through lane. unit # 2 was traveling directly behind unit # 1. as unit #2 approached cleveland street , the driver of unit #2 stated she lost control of the vehicle as it began to hydroplane on the wet road, leading to the front of unit #2 to strike the rear of unit # 1. unit # 1 sustained minor damage. unit # 2 sustained disabling damage. no injuries were reproted.",20203187823,2020,O,10/1/2020 0:00,3,SLORUS00020**C,S,LOR,19.226,41.37563,-82.076157,25256,51364.0,10/29/2020 0:00,2,5,N,2.0,N,N,3.0,17,0,,,,N,19.226,SLORUS00020**C,N,1,2020-00026314,4,10,N,2,0,2,ELYRIA,2,S,Y,Y,4.0,N,0.038,,N,,N,ELYRIA,N,,0,,STATE ROUTE 57 N,,57,SR,,,N,,,CLEVELAND,1,,,,ST,N,N,N,0,0,N,3.0,0,2,2,,275001.0,N,165.085,31,Y,99,2,1,1,F,N,N,N,0,2,0,2,0,50,1,20,0,0,0,0,0,1,2,NT,1,40,40.0,1.0,2.0,1.0,1.0,F,,1.0,50.0,11.0,20.0,,,,,,1.0,2.0,NT,1.0,0.0,,,,,,,,,,,,,0,4,18580.0,"unit1 traveling stopped near cleveland . unit2 traveling directly behind unit1 . unit2 approached cleveland , driver unit2 stated lost control vehicle began hydroplane wet , leading front unit2 strike rear unit1 . unit1 sustained minor damage . unit2 sustained disabling damage . injuries reproted .",O,"[0.9999518394470215, 4.621254265657626e-05, 1.948357521541766e-06]",C,"[0.12341104447841644, 0.8610466718673706, 0.015542238019406796]",O,"[1.0, 1.9073486328125e-06, 1.1920928955078125e-07]"
885,885,203188357,unit 1 was traveling westbound on w main street just west of cromley road. unit 1 drove off the right side of the roadway and struck power pole ##########. the collision occurred directly in front of 530 w main street. the driver stated he hydroplaned which caused him to drive off the roadway. the driver was uninjured and later arrested for ovi.the power pole was completely snapped and south central responded to the scene to replace the pole. the roadway was shut down for several hours and the vehicle was towed by fletcher's.,20203188357,2020,O,10/1/2020 0:00,6,SPICSR00316**C,S,PIC,12.699,39.713543,-82.965373,33978,99787.0,10/29/2020 0:00,13,5,N,2.0,Y,N,5.0,20,0,,,,N,12.699,SPICSR00316**C,N,4,AC10200092,1,10,,1,0,1,HARRISON TOWNSHIP,1,,N,N,2.0,Y,0.0,,N,530,N,HARRISON TOWNSHIP,N,,0,,MAIN,ST,,,,,N,,,,3,,,,,N,N,N,0,0,N,3.0,0,2,1,,298058.0,N,12.699,37,Y,11,3,4,1,M,N,N,N,0,2,40,1,0,35,1,8,44,40,0,0,0,1,6,NT,4,0,,,,,,,,,,,,,,,,,,,,,,,,,,,,,,,,,,0,4,18843.0,unit1 traveling main cromley . unit1 drove side roadway struck power pole . collision occurred directly front main . driver stated hydroplaned caused roadway . driver uninjured later arrested ovi.the power pole completely snapped central responded scene replace pole . roadway shut several vehicle towed fletcher 's .,O,"[0.9999922513961792, 7.314155482163187e-06, 4.794570145350008e-07]",O,"[0.999992847442627, 7.066150828904938e-06, 7.778513122502773e-08]",O,"[0.9990234375, 0.0005612373352050781, 7.081031799316406e-05]"
886,886,203188471,unit #1 was driving eastbound on columbia parkway and hydroplaned. unit #1 spun out and struck the concrete median. unit #1 was not cited for it was a district walk in report. unit #1 driver wanted the crash documented for insurance purposes.,20203188471,2020,O,10/1/2020 0:00,8,CHAMCR00738**C,C,HAM,0.075,39.1075,-84.508295,15000,16885.0,10/30/2020 0:00,13,6,N,,Y,N,3.0,15,0,,c517c93f-3530-4457-a315-9b2afbfaf16d,e6060b5d-8baa-4f14-84ce-dc53338d4d72,N,0.075,CHAMCR00738**C,N,3,205012779,4,10,7,1,0,1,CINCINNATI,2,,N,Y,4.0,N,0.0,,N,1000,N,CINCINNATI,N,,0,,COLUMBIA,PKWY,,,,,N,,,1000TH,3,,,,,N,N,N,0,0,N,,0,2,1,,35130.0,N,0.075,38,Y,1,4,3,1,M,N,N,N,0,4,35,1,2,0,1,35,0,0,0,0,0,1,6,NT,1,0,,,,,,,,,,,,,,,,,,,,,,,,,,,,,,,,,,0,4,18909.0,unit1 driving columbia hydroplaned . unit1 spun struck concrete median . unit1 cited district walk report . unit1 driver wanted crash documented insurance purposes .,C,"[0.13664495944976807, 0.85859614610672, 0.004758936818689108]",C,"[0.08992058783769608, 0.908440351486206, 0.0016390355303883553]",O,"[1.0, 0.00012934207916259766, 1.3649463653564453e-05]"
887,887,203188821,unit 1 was traveling south on i-271 in the local lanes and hydroplaned just south of the i-480 w split. unit 1 then rotated 180 degrees and struck the guard rail right before the u.s. 422 overpass. the driver of unit 1 reported no injuries and was able to drive the vehicle from the scene. the vehicle had cosmetic damage to the driver side.,20203188821,2020,O,10/1/2020 0:00,12,SCUYIR00271**N,S,CUY,5.936,41.433116,-81.502794,80990,17668.0,10/29/2020 0:00,13,5,N,2.0,Y,Y,1.0,8,0,18400.0,,,Y,5.89,SCUYIR00271**C,N,1,20202988,1,10,N,1,0,1,WARRENSVILLE HEIGHTS,1,S,Y,N,5.0,Y,0.2,,Y,,N,WARRENSVILLE HEIGHTS,N,,0,,,,271,IR,,,N,,,EMERY,1,,,,RD,N,N,N,0,0,N,1.0,0,2,1,,81490.0,N,27.9,23,Y,99,1,2,1,F,N,N,N,0,3,30,1,2,60,1,30,0,0,0,0,0,1,6,NT,1,60,,,,,,,,,,,,,,,,,,,,,,,,,,,,,,,,,,0,4,19092.0,unit1 traveling local lanes hydroplaned split . unit1 rotated degrees struck guard rail u.s. overpass . driver unit1 reported injuries able vehicle scene . vehicle cosmetic damage driver side .,O,"[0.999602735042572, 0.00038194781518541276, 1.540605262562167e-05]",O,"[1.0, 1.5456647073364138e-10, 6.924915149772101e-14]",O,"[1.0, 1.1920928955078125e-07, 0.0]"
888,888,203196467,"both unit #1 and unit #2 were traveling north bound at e17th ave. the driver of unit #1 stated she hydroplaned in the rain and lost control. the driver of unit #1 stated her vehicle went sideways in front of unit #2 were unit #2 made contact and unit #1 continued to rotate around and ended up hitting the east side guard rail on the driver's side, and was now facing south bound. unit #2 hit the east side guard rail on the passenger side and come to a rest. the driver of unit #1 complained of ear pain but did not request any medical attention at this time. the driver of unit #2 complained of belly pain and was treated at scene by cfd medic 18. the driver of unit #1 was cited for fail to control. both vehicles were able to be driven away from scene.",20203196467,2020,AB,11/1/2020 0:00,6,MFRAMR00705**C,M,FRA,1.155,40.000708,-82.984449,18000,19234.0,11/10/2020 0:00,5,3,N,,N,N,4.0,23,0,,ecc2f307-c878-4b34-b327-7c9f40ab4381,a0358f30-128d-4f5e-a846-bfbe89f59e23,N,1.155,MFRAMR00705**C,N,3,200850031,4,11,,0,1,2,COLUMBUS,1,N,N,N,4.0,N,0.011,RA,N,,N,COLUMBUS,N,,0,,I 71 N,,71,IR,,,N,,E,17TH,1,,,,AVE,N,N,N,0,0,N,,1,2,1,,114570.0,N,1.155,43,Y,99,2,1,1,F,N,N,N,0,3,30,1,2,55,99,20,30,0,0,0,0,1,6,NT,1,50,29.0,1.0,2.0,1.0,1.0,F,,2.0,55.0,1.0,20.0,30.0,,,,,1.0,6.0,NT,1.0,55.0,,,,,,,,,,,,,0,4,22456.0,"unit1 unit2 traveling e17th . driver unit1 stated hydroplaned rain lost control . driver unit1 stated vehicle went sideways front unit2 unit2 made contact unit1 continued rotate around ended hitting side guard rail driver 's side , facing . unit2 hit side guard rail passenger side come rest . driver unit1 complained ear pain request medical attention time . driver unit2 complained belly pain treated scene cfd medic . driver unit1 cited fail control . vehicles able driven away scene .",C,"[0.0003268801956437528, 0.99965500831604, 1.8140130123356357e-05]",C,"[1.5222217371047009e-06, 0.9999984502792358, 2.9708161264352384e-08]",C,"[7.033348083496094e-06, 1.0, 2.7418136596679688e-06]"
889,889,203198160,unit #1 was westbound on i-76 in lane 2. the driver stated he lost control of the vehicle in the heavy rain and hydroplaned. the vehicle spun around 180 degrees. the right rear fender struck the concrete median wall. the fender and wheel were damaged.,20203198160,2020,O,11/1/2020 0:00,4,SSUMIR00076**N,S,SUM,10.831,41.062729,-81.518282,1000,766.0,11/11/2020 0:00,13,4,N,2.0,Y,Y,1.0,3,0,,,,Y,10.854,SSUMIR00076**C,N,3,T20146025,1,11,N,1,0,1,AKRON,1,,Y,N,8.0,Y,0.0,,Y,,N,AKRON,N,,0,,,,76,IR,,,N,,,Grant,1,,,,ST,N,N,N,0,0,N,1.0,0,1,1,,56798.0,N,22.979,22,Y,99,3,4,1,M,N,N,N,0,1,35,1,9,55,1,35,0,0,0,0,0,1,6,NT,1,55,,,,,,,,,,,,,,,,,,,,,,,,,,,,,,,,,,0,4,23049.0,unit1 . driver stated lost control vehicle heavy rain hydroplaned . vehicle spun around degrees . rear fender struck concrete median wall . fender wheel damaged .,O,"[0.9999856948852539, 1.3774074432149064e-05, 4.705419200945471e-07]",O,"[0.9999573230743408, 4.257537511875853e-05, 1.1501190044782561e-07]",O,"[1.0, 6.735324859619141e-06, 2.980232238769531e-07]"
890,890,203203345,"both units were traveling i-480 eastbound on the bridge. unit #1 was in lane 3 and unit #2 in lane 4. the driver of unit #1 stated due to the wet roadway and high winds, his car hydroplaned, causing it to sideswipe unit #2. refer to oh-2 diagram for depiction.",20203203345,2020,O,11/1/2020 0:00,12,SCUYIR00480**C,S,CUY,18.854,41.409072,-81.629196,79268,17668.0,11/15/2020 0:00,5,1,N,2.0,N,Y,1.0,13,0,,,,Y,18.854,SCUYIR00480**C,N,1,20134,1,11,N,4,0,2,VALLEY VIEW,1,E,Y,N,8.0,Y,0.095,,N,,N,VALLEY VIEW,N,,0,E,480,HWY,480,IR,,21.0,N,,,21,2,,,,,N,Y,N,0,0,N,1.0,0,2,2,,45582.0,N,21.158,65,Y,99,4,3,9,M,N,N,N,0,4,0,1,0,55,1,20,0,0,0,0,0,1,6,NT,1,0,39.0,1.0,4.0,3.0,1.0,F,,2.0,55.0,1.0,20.0,,,,,,1.0,6.0,NT,3.0,50.0,,,,,,,,,,,,,0,4,25311.0,"units traveling bridge . unit1 unit2 . driver unit1 stated due wet roadway high winds , car hydroplaned , causing sideswipe unit2 . refer oh diagram depiction .",O,"[0.9999998807907104, 1.0108310277701094e-07, 2.0416457857663772e-08]",C,"[0.44334667921066284, 0.5557406544685364, 0.0009126203949563205]",O,"[1.0, 5.960464477539063e-08, 0.0]"