,id,OBJECTID,Narrative,DOCUMENT_NBR,CRASH_YR,CRASH_SEVERITY_CD,CRASH_MONTH_YEAR,DISTRICT_NBR,NLFID,NLF_JUR_CD,NLF_COUNTY_CD,COUNTY_LOG_NBR,ODOT_LATITUDE_NBR,ODOT_LONGITUDE_NBR,ODOT_FIPS_CD,AREA_CODE,CRASH_DATE,CRASH_TYPE_CD,DAY_IN_WEEK_CD,DISTRACTED_DRIVER_IND,FACILITY_TYPE_CD,FHWA_RDWY_DEPARTURE_IND,FREEWAY_IND,FUNCTIONAL_CLASS_CD,HOUR_OF_CRASH,INCAPAC_INJURIES_NBR,INTERCHANGE_ID,INTERSECTION_ID_CURRENT,INTERSECTION_LEG_ID,INTERSTATE_IND,INV_LOG_NBR,INV_NLFID,IS_COMMERCIAL_RELATED,LIGHT_COND_PRIMARY_CD,LOCAL_REPORT_NUMBER_ID,MAINTENANCE_AUTHORITY_CD,MONTH_OF_CRASH,NHS_CD,NO_INJURY_REPORTED_NBR,NON_INCAPAC_INJURIES_NBR,NUMBER_OF_UNITS_NBR,ODOT_CITY_VILLAGE_TWP_NME,ODOT_CRASH_LOCATION_CD,ODOT_DIR_FROM_REF_CD,ODOT_DIV_UNDIV_IND,ODOT_INTERSECTION_REL_IND,ODOT_LANES_NBR,ODOT_MAINTAINED_HWY_IND,ODOT_MILES_FROM_REF_NBR,ODOT_REF_ROUTE_PREFIX_CD,ODOT_YOUNG_DRIVER_IND,ODPS_ADDRESS_REFERENCE,ODPS_ALCOHOL_IND,ODPS_CITY_VILLAGE_TWP_NME,ODPS_DRUG_IND,ODPS_LOC_DIR_SUFFIX_CD,ODPS_LOC_IN_WORK_ZONE_CD,ODPS_LOC_ROAD_DIRECTION_CD,ODPS_LOC_ROAD_NME,ODPS_LOC_ROAD_SUFFIX_CD,ODPS_LOC_ROUTE_ID,ODPS_LOC_ROUTE_PREFIX_CD,ODPS_LOC_ROUTE_SUFFIX_CD,ODPS_MILEPOST_REFERENCE,ODPS_MOTORCYCLE_IND,ODPS_REF_DIR_SUFFIX_CD,ODPS_REF_DIRECTION_CD,ODPS_REF_GIVEN,ODPS_REF_POINT_USED_CD,ODPS_REF_ROUTE_ID,ODPS_REF_ROUTE_PREFIX_CD,ODPS_REF_ROUTE_SUFFIX_CD,ODPS_REF_SUFFIX_CD,ODPS_SCHOOL_ZONE_IND,ODPS_SENIOR_DRIVER_IND,ODPS_SPEED_IND,ODPS_TOTAL_FATALITIES_NBR,ODPS_TYPE_OF_WORK_ZONE_CD,ODPS_WORK_ZONE_IND,OPER_ACCESS_CONTROL_CD,POSSIBLE_INJURIES_NBR,ROAD_COND_PRIMARY_CD,ROAD_CONTOUR_CD,SA_RAMP_ID,SA_SEGMENT_ID,SECONDARY_CRASH,STATE_TRUE_LOG_NBR,U1_AGE_NBR,U1_AT_FAULT_IND,U1_CONT_CIR_PRIMARY_CD,U1_DIRECTION_FROM_CD,U1_DIRECTION_TO_CD,U1_DISTRACTED_BY_1_CD,U1_GENDER_CD,U1_IS_ALCOHOL_SUSPECTED,U1_IS_MARIJUANA_SUSPECTED,U1_IS_OTHER_DRUG_SUSPECTED,U1_NON_MOTORIST_LOC_CD,U1_NUMBER_OF_THRU_LANES,U1_OBJECT_STRUCK,U1_ODPS_UNIT_NBR,U1_OPERATINGIN_AUTONOMOUS_MODE,U1_POSTED_SPEED_NBR,U1_PRECRASH_ACTION_CD,U1_SEQ_OF_EVENTS_1_CD,U1_SEQ_OF_EVENTS_2_CD,U1_SEQ_OF_EVENTS_3_CD,U1_SEQ_OF_EVENTS_4_CD,U1_SEQ_OF_EVENTS_5_CD,U1_SEQ_OF_EVENTS_6_CD,U1_SPECIAL_FUNCTION_CD,U1_TRAFFIC_CONTROL_CD,U1_TURN_CD,U1_TYPE_OF_UNIT_CD,U1_UNIT_SPEED_NBR,U2_AGE_NBR,U2_CONT_CIR_PRIMARY_CD,U2_DIRECTION_FROM_CD,U2_DIRECTION_TO_CD,U2_DISTRACTED_BY_1_CD,U2_GENDER_CD,U2_NON_MOTORIST_LOC_CD,U2_ODPS_UNIT_NBR,U2_POSTED_SPEED_NBR,U2_PRECRASH_ACTION_CD,U2_SEQ_OF_EVENTS_1_CD,U2_SEQ_OF_EVENTS_2_CD,U2_SEQ_OF_EVENTS_3_CD,U2_SEQ_OF_EVENTS_4_CD,U2_SEQ_OF_EVENTS_5_CD,U2_SEQ_OF_EVENTS_6_CD,U2_SPECIAL_FUNCTION_CD,U2_TRAFFIC_CONTROL_CD,U2_TURN_CD,U2_TYPE_OF_UNIT_CD,U2_UNIT_SPEED_NBR,U3_CONT_CIR_PRIMARY_CD,U3_ODPS_UNIT_NBR,U3_PRECRASH_ACTION_CD,U3_SEQ_OF_EVENTS_1_CD,U3_SEQ_OF_EVENTS_2_CD,U3_SEQ_OF_EVENTS_3_CD,U3_SEQ_OF_EVENTS_4_CD,U3_SEQ_OF_EVENTS_5_CD,U3_SEQ_OF_EVENTS_6_CD,U3_SPECIAL_FUNCTION_CD,U3_TRAFFIC_CONTROL_CD,U3_TYPE_OF_UNIT_CD,UNRESTRAIN_OCCUPANTS,WEATHER_COND_CD,V1,clean_Narrative,BERT_predictions,BERT_prediction_probabilities,RoBERTa_predictions,RoBERTa_predictions_probabilities,distilBERT_predictions,distilBERT_predictions_probabilities
891,891,203204115,units #1 and #2 were both traveling ir-480 e/b at milepost 21.6. both vehicles began to hydroplane and struck each other. due to the road conditions this officer was unable to determine who is at fault.,20203204115,2020,O,11/1/2020 0:00,12,SCUYIR00480**C,S,CUY,19.276,41.410389,-81.621384,29428,17668.0,11/15/2020 0:00,5,1,N,2.0,N,Y,1.0,14,0,,6d54237d-88ff-4d9d-89de-7cb2b6e4f983,5c9f36c7-0611-4808-a064-90eeb415025a,Y,19.276,SCUYIR00480**C,N,1,20203439,1,11,N,3,0,2,GARFIELD HEIGHTS,1,,Y,N,8.0,Y,0.0,,N,,N,GARFIELD HEIGHTS,N,,4,,,HWY,480,IR,,21.6,N,,,21 6,2,,,,,N,N,N,0,3,Y,1.0,0,2,1,,39773.0,N,21.58,60,N,15,4,3,1,F,N,N,N,0,4,0,1,2,60,1,20,0,0,0,0,0,1,6,NT,1,50,59.0,15.0,4.0,3.0,1.0,M,,2.0,60.0,1.0,20.0,,,,,,1.0,6.0,NT,1.0,50.0,,,,,,,,,,,,,0,4,25638.0,units traveling ir milepost .. vehicles began hydroplane struck . due conditions officer unable determine fault .,O,"[0.9996699094772339, 0.0003179878112860024, 1.2147209417889826e-05]",O,"[1.0, 2.768728135649212e-09, 1.8851161950883544e-11]",O,"[0.921875, 0.07684326171875, 0.0016202926635742188]"
892,892,203205197,unit 1 was traveling s/b on s. madison rd. unit 1 hydroplaned through water on the roadway. unit 1 lost control and went off the roadway to the left. unit 1 struck a concrete block and ended in a ditch on the side of the road.,20203205197,2020,O,10/1/2020 0:00,12,SLAKSR00528**C,S,LAK,0.143,41.716554,-81.050912,46494,99999.0,10/21/2020 0:00,13,4,N,2.0,Y,N,5.0,6,0,,,,N,0.143,SLAKSR00528**C,N,4,2001158,1,10,,1,0,1,MADISON TOWNSHIP,1,,N,N,2.0,Y,0.0,,Y,5750,N,MADISON TOWNSHIP,N,,0,S,MADISON,RD,528,SR,,,N,,,5750TH,3,,,,,N,N,N,0,0,N,3.0,0,6,1,,329529.0,N,24.206,22,Y,11,1,2,1,M,N,N,N,0,2,54,1,2,55,1,9,44,54,0,0,0,1,6,NT,4,40,,,,,,,,,,,,,,,,,,,,,,,,,,,,,,,,,,0,4,25957.0,unit1 traveling madison unit1 hydroplaned water roadway . unit1 lost control went roadway left . unit1 struck concrete ended ditch side .,O,"[0.9993581175804138, 0.0006022367160767317, 3.9670288970228285e-05]",O,"[0.9522320032119751, 0.04632445424795151, 0.001443606917746365]",O,"[0.998046875, 0.001781463623046875, 0.00016307830810546875]"
893,893,203205530,"unit 1 was traveling west on i-480 in lane number 3. unite 1 then hydroplaned near the miles rd exit and lost control of their vehicle. as a result unit 1 then entered lane number 4, which is where unit 2 had been driving. unit 2 then struck unit 1 in the front passenger side. no reported injuries. unit 1 was towed due to not being able to drive due to a bent front passenger wheel.",20203205530,2020,O,11/1/2020 0:00,12,SCUYIR00480*NC,S,CUY,1.15,41.426626,-81.51508,80990,17668.0,11/22/2020 0:00,6,1,N,2.0,N,Y,1.0,15,0,,926dee23-7f27-459c-9b93-da194235a621,52854669-cd18-4cb8-ab1c-9a46402542e9,Y,1.15,SCUYIR00480*NC,Y,1,20203255,1,11,N,2,0,2,WARRENSVILLE HEIGHTS,1,E,Y,N,6.0,Y,0.284,RA,Y,,N,WARRENSVILLE HEIGHTS,N,,0,,I 480 W,,480,IR,,,N,,,GREEN,1,,,,RD,N,N,Y,0,0,N,1.0,0,2,1,,128890.0,N,1.15,23,Y,5,3,4,1,F,N,N,N,0,4,0,1,2,60,1,20,0,0,0,0,0,1,6,NT,3,60,45.0,1.0,4.0,3.0,1.0,M,,2.0,60.0,1.0,20.0,,,,,,1.0,6.0,NT,4.0,55.0,,,,,,,,,,,,,0,4,26078.0,"unit1 traveling number . unite hydroplaned near miles exit lost control vehicle . result unit1 entered number , unit2 driving . unit2 struck unit1 front passenger side . reported injuries . unit1 towed due able due bent front passenger wheel .",O,"[0.9999998807907104, 6.934254059842715e-08, 1.753167033768932e-08]",O,"[0.9999996423721313, 3.350508563926269e-07, 1.4481126298093727e-09]",O,"[1.0, 5.960464477539063e-08, 0.0]"
894,894,203205778,"unit #1 failed to maintain contol of his vehicle (possibly hydroplaned), struck a wall then ran off the road to the right into a ditch causing damage to his vehicle alone.",20203205778,2020,O,11/1/2020 0:00,8,SHAMIR00075**N,S,HAM,7.936,39.175676,-84.488491,15000,16885.0,11/21/2020 0:00,13,7,N,2.0,Y,Y,1.0,0,0,,,,Y,7.983,SHAMIR00075**C,N,3,205013801,1,11,N,2,0,1,CINCINNATI,1,,Y,N,6.0,Y,0.0,,Y,,N,CINCINNATI,N,,0,,,HWY,75,IR,,8.0,N,,,8,2,,,,,N,N,N,0,0,N,1.0,0,2,2,,56737.0,N,7.936,17,Y,1,1,2,1,M,N,N,N,0,3,51,1,2,0,1,51,8,0,0,0,0,1,6,NT,1,0,,,,,,,,,,,,,,,,,,,,,,,,,,,,,,,,,,0,4,26179.0,"unit1 failed maintain contol vehicle , struck wall ran ditch causing damage vehicle alone .",O,"[0.714847981929779, 0.27412447333335876, 0.011027565225958824]",C,"[0.27400583028793335, 0.6972077488899231, 0.028786439448595047]",O,"[0.9140625, 0.078369140625, 0.007289886474609375]"
895,895,203206306,unit 1 was traveling north on carson road approaching a curve near 13220 carson. unit 1 was negotiating the curve and began to hydroplane off the roadway then attempted to correct and got sent into a rollover event. unit 1 came to a stop on its top in front of 13220 carson.,20203206306,2020,O,11/1/2020 0:00,6,TPICTR00160**C,T,PIC,0.44,39.805359,-83.18425,20156,99999.0,11/21/2020 0:00,16,7,N,,N,N,7.0,14,0,,,,N,0.44,TPICTR00160**C,N,1,AC11200051,3,11,,1,0,1,DARBY TOWNSHIP,1,,N,N,2.0,N,0.0,,Y,13220,N,DARBY TOWNSHIP,N,,0,,CARSON,RD,,,,,N,,,13220TH,3,,,,,N,N,N,0,0,N,,0,2,3,,210416.0,N,0.44,21,Y,11,2,1,1,F,N,N,N,0,1,0,1,0,55,13,1,0,0,0,0,0,1,6,NT,3,35,,,,,,,,,,,,,,,,,,,,,,,,,,,,,,,,,,0,4,26505.0,unit1 traveling carson approaching curve near carson . unit1 negotiating curve began hydroplane roadway attempted correct got sent rollover event . unit1 came stop top front carson .,O,"[0.9919679760932922, 0.007573162671178579, 0.000458789145341143]",O,"[1.0, 3.81688778361422e-08, 6.133544783182288e-10]",C,"[0.06671142578125, 0.81591796875, 0.1175537109375]"
896,896,203206736,unit #1 was travelling eastbound on e broad st in the left hand lane just west of mcnaughten rd. the driver of unit #1 stated she hydroplaned and lost control. unit #1 struck a utility pole on the northeast corner of the intersection and then spun around and came to a rest in the ditch. all occupants were transported to nationwide children's hospital by cfd medic 5. both back seat occupants received injuries to their face/neck area. the driver of unit #1 complained of chest pain but advised she would get checked out at a later time. the driver of unit #1 was cited for failure to control 2131.33a (citation #:1840564). unit #1 was towed by johnson's towing to the city impound lot for safekeeping.,20203206736,2020,AB,11/1/2020 0:00,6,SFRASR00016**C,S,FRA,8.983,39.98025,-82.836244,18000,19234.0,11/22/2020 0:00,13,1,N,2.0,Y,N,3.0,18,0,,545340f4-f05d-42fc-a938-cbacafb05087,4f0e480e-b009-4f43-b8f2-631e7806a038,N,8.983,SFRASR00016**C,N,4,200880239,4,11,N,1,2,1,COLUMBUS,6,E,N,Y,4.0,N,0.0,CR,N,,N,COLUMBUS,N,,0,E,Broad,ST,,,,,N,,,McNaughten,1,,,,RD,N,N,N,0,0,N,3.0,0,2,1,,129628.0,N,8.983,39,Y,99,4,3,1,F,N,N,N,0,4,40,1,2,50,1,9,40,44,0,0,0,1,2,NT,1,50,,,,,,,,,,,,,,,,,,,,,,,,,,,,,,,,,,0,4,26590.0,unit1 travelling broad left mcnaughten driver unit1 stated hydroplaned lost control . unit1 struck utility pole corner intersection spun around came rest ditch . occupants transported nationwide children 's hospital cfd medic . back seat occupants received injuries face neck area . driver unit1 complained chest pain advised would get checked later time . driver unit1 cited failure control .33a . unit1 towed johnson 's towing city impound lot safekeeping .,C,"[0.0017810789868235588, 0.872422993183136, 0.1257958561182022]",C,"[1.516587246896961e-07, 0.9999432563781738, 5.6589698942843825e-05]",C,"[5.960464477539063e-08, 1.0, 5.960464477539062e-07]"
897,897,203206883,unit #1 was traveling southbound on i-75 when she began to hydroplane then crossed two lanes of trafficstriking a lightpole.,20203206883,2020,O,11/1/2020 0:00,8,SHAMIR00075**N,S,HAM,4.731,39.154748,-84.538186,15000,16885.0,11/22/2020 0:00,13,1,N,2.0,Y,Y,1.0,17,0,,,,Y,4.758,SHAMIR00075**C,N,2,205013887,1,11,N,1,0,1,CINCINNATI,1,,Y,N,6.0,Y,0.0,,Y,,N,CINCINNATI,N,,0,,,,75,IR,,4.7,N,,,,2,,,,,N,N,N,0,0,N,1.0,0,2,1,,110978.0,N,4.731,24,Y,99,1,2,1,F,N,N,N,0,4,40,1,2,55,1,40,0,0,0,0,0,1,6,NT,1,0,,,,,,,,,,,,,,,,,,,,,,,,,,,,,,,,,,0,4,26672.0,unit1 traveling began hydroplane crossed two lanes trafficstriking lightpole .,O,"[0.9998260140419006, 0.0001672350481385365, 6.849642886663787e-06]",O,"[0.9999983310699463, 1.6128466313602985e-06, 7.822128722523303e-09]",O,"[1.0, 1.7881393432617188e-07, 0.0]"
898,898,203208789,"unit #1 was traveling on i-480 westbound in the number 2 lane. unit #2 was traveling on i-480 westbound in the number 1 lane. unit #1 failed to control the vehicle while hydroplaning into the number 1 lane directly in front of unit #2 unit #1 was struck in the rear by unit #2, the impact from the collision caused unit #1 to spin off roadway striking the center median wall. unit #2 struck unit #1 with the front right side of the vehicle.",20203208789,2020,O,11/1/2020 0:00,12,SCUYIR00480**C,S,CUY,23.88,41.424746,-81.537471,80990,17668.0,11/25/2020 0:00,2,4,N,2.0,N,Y,1.0,23,0,20600.0,,,Y,23.88,SCUYIR00480**C,N,3,20203288,1,11,N,3,0,2,WARRENSVILLE HEIGHTS,1,W,Y,N,7.0,Y,0.015,,Y,,N,WARRENSVILLE HEIGHTS,N,,0,,,HWY,480,IR,,,N,,,WARRENSVILLE CENTER,1,,,,RD,N,N,Y,0,0,N,1.0,0,2,1,,54083.0,N,26.184,21,Y,1,3,4,1,M,N,N,N,0,4,0,1,2,60,1,20,9,0,0,0,0,1,6,NT,3,70,29.0,1.0,3.0,4.0,1.0,M,,2.0,60.0,1.0,20.0,,,,,,1.0,6.0,NT,1.0,60.0,,,,,,,,,,,,,0,4,27455.0,"unit1 traveling number . unit2 traveling number . unit1 failed control vehicle hydroplaning number directly front unit2 unit1 struck rear unit2 , impact collision caused unit1 spin roadway striking center median wall . unit2 struck unit1 front side vehicle .",C,"[0.008894132450222969, 0.9827919602394104, 0.008313869126141071]",C,"[0.08943857997655869, 0.579258382320404, 0.3313029706478119]",C,"[0.44873046875, 0.53515625, 0.0157928466796875]"
899,899,203210602,"unit 1 was in the right middle lane of s71. unit 1 driver states that she began to hydroplane, striking unit 2. who was traveling in the right lane of south 1&1. a witness traveling directly behind unit 2 stated that unit 1 came into unit 2's lane and struck unit 2. unit 2 then spun out and hit the guard rail.",20203210602,2020,C,11/1/2020 0:00,3,SRICIR00071**N,S,RIC,7.39,40.653688,-82.543287,81578,99999.0,11/25/2020 0:00,5,4,N,2.0,N,Y,1.0,8,0,75800.0,,,Y,7.416,SRICIR00071**C,N,1,2.02E+12,1,11,N,1,0,2,WASHINGTON TOWNSHIP,1,,Y,N,6.0,Y,0.0,IR,N,,N,NORWOOD,N,,0,S,IR71 South,HWY,71,IR,,7.5,N,S,,7 5,2,,IR,,,N,N,N,0,0,N,1.0,1,2,1,,42852.0,N,165.481,31,Y,9,1,2,1,F,N,N,N,0,4,0,1,0,55,3,20,0,0,0,0,0,1,6,NT,4,55,56.0,1.0,1.0,2.0,1.0,F,,2.0,55.0,1.0,20.0,,,,,,1.0,6.0,NT,1.0,50.0,,,,,,,,,,,,,0,4,28145.0,"unit1 middle . unit1 driver states began hydroplane , striking unit2 . traveling & . witness traveling directly behind unit2 stated unit1 came unit2 's struck unit2 . unit2 spun hit guard rail .",C,"[0.24538417160511017, 0.6880875825881958, 0.06652822345495224]",C,"[0.026607031002640724, 0.964835524559021, 0.008557389490306377]",C,"[0.0360107421875, 0.92822265625, 0.035858154296875]"
900,900,203213174,unit #1 was traveling on the curve of 77e/77s. unit #1 hydroplaned and slid into the center grass median.,20203213174,2020,O,11/1/2020 0:00,4,SSUMIR00076**C,S,SUM,8.335,41.059628,-81.566374,1000,766.0,11/25/2020 0:00,17,4,N,2.0,Y,Y,1.0,12,0,84500.0,,,Y,8.335,SSUMIR00076**C,N,4,T20152135,1,11,N,1,0,1,AKRON,1,,Y,N,2.0,Y,0.0,IR,Y,,N,AKRON,N,,0,,I 76 E,,76,IR,,,N,S,,I 77 N,1,77,IR,,,N,N,N,0,0,N,1.0,0,3,3,,91228.0,N,20.483,22,Y,1,3,2,1,M,N,N,N,0,1,0,1,9,0,13,9,0,0,0,0,0,1,6,LT,1,0,,,,,,,,,,,,,,,,,,,,,,,,,,,,,,,,,,0,4,29312.0,unit1 traveling curve 77e 77s . unit1 hydroplaned slid center grass median .,O,"[0.9945888519287109, 0.004968016408383846, 0.0004432105924934149]",C,"[0.4191507399082184, 0.5584763288497925, 0.022372925654053688]",O,"[1.0, 0.0003654956817626953, 2.2649765014648438e-05]"
901,901,203214122,"unit 1 was traveling east in the right hand eastbound lane of i- 80. unit 1 began to hydroplane and slide toward the south (right) shoulder. driver of unit 1 attempted to correct this loss of control by steering to the north (left). driver of unit 1 lost complete control as unit 1 jackknifed in the south shoulder of i-80, and continued to slide off the roadway. unit 1 came to rest with cab facing west and the front of its trailer facing south.",20203214122,2020,O,11/1/2020 0:00,4,STRUIR00080**C,S,TRU,11.062,41.17668,-80.540306,36596,99999.0,11/22/2020 0:00,17,1,N,2.0,N,Y,1.0,18,0,,,,Y,11.062,STRUIR00080**C,Y,5,HTP2003577,1,11,N,1,0,1,HUBBARD TOWNSHIP,1,E,Y,N,4.0,Y,0.0,,N,,N,HUBBARD TOWNSHIP,N,,0,E,INTERSTATE 80,HWY,80,IR,,236.0,N,,,236,2,,,,,N,N,N,0,0,N,1.0,0,2,1,,56857.0,N,235.814,28,Y,1,4,3,1,M,N,N,N,0,2,0,1,0,65,1,13,4,0,0,0,0,1,6,NT,15,40,,,,,,,,,,,,,,,,,,,,,,,,,,,,,,,,,,0,4,29807.0,"unit1 traveling . unit1 began hydroplane slide toward shoulder . driver unit1 attempted correct loss control steering . driver unit1 lost complete control unit1 jackknifed shoulder , continued slide roadway . unit1 came rest cab facing front trailer facing .",O,"[0.9999985694885254, 1.1847786254293169e-06, 2.48234442778994e-07]",O,"[0.9999865293502808, 1.3280853636388201e-05, 2.895688737680757e-07]",O,"[1.0, 1.3709068298339844e-06, 2.980232238769531e-07]"
902,902,203215315,"unit 01 was traveling east on ir 90 in the right lane during heavy rain. the driver was driving too fast for the conditions, causing unit 01 to hydroplane. unit 01 ran off the right side of the road, over the shoulder, over a ditch, up an embankment, into a small tree, and came to a rest at the bottom of the embankment with it s rear end wedged against the ditch. the vehicle suffered functional damage.",20203215315,2020,O,11/1/2020 0:00,12,SLAKIR00090**C,S,LAK,1.05,41.589715,-81.474918,85036,17668.0,11/30/2020 0:00,13,2,N,2.0,N,Y,1.0,9,0,,,,Y,1.05,SLAKIR00090**C,N,1,2000301,1,11,N,1,0,1,WICKLIFFE,1,E,Y,N,6.0,Y,0.017,,Y,,N,WICKLIFFE,N,,0,,,,90,IR,,187.2,N,,,187 2,2,,,,,N,N,Y,0,0,N,1.0,0,2,1,,91363.0,N,187.102,25,Y,5,4,3,1,F,N,N,N,0,3,44,1,0,60,1,13,8,44,45,48,0,1,6,NT,3,60,,,,,,,,,,,,,,,,,,,,,,,,,,,,,,,,,,0,4,30397.0,"unit1 traveling heavy rain . driver driving fast conditions , causing unit1 hydroplane . unit1 ran side , shoulder , ditch , embankment , small tree , came rest bottom embankment rear end wedged ditch . vehicle suffered functional damage .",O,"[0.9997209906578064, 0.00027026236057281494, 8.69424911797978e-06]",O,"[0.9999958276748657, 4.135828476137249e-06, 1.1727917303971935e-08]",O,"[0.998046875, 0.0016546249389648438, 0.00014066696166992188]"
903,903,203221606,"units #1 and #2 were both travelling north on stickney. units #3, and #4 were travelling south on stickney near the 4400 blk. unit #3 was stopped in traffic intending to make a left hand turn into the driveway. unit #4 lost control of his vehicle due to the rain water and hydroplaned out of control into the paths of on coming units #1 and #2 striking both units. unit #4 bounced off units 1 and 2 and struck the drivers side of unit #3. units 1 and 2 ended up down the road from the accident location. unit #4 was cited for the accident.",20203221606,2020,C,12/1/2020 0:00,2,CLUCCR00169**C,C,LUC,2.389,41.702738,-83.527427,77000,87868.0,12/12/2020 0:00,5,7,N,,N,N,5.0,5,0,,,,N,2.389,CLUCCR00169**C,N,2,2.01212E+13,4,12,,3,0,4,TOLEDO,1,,N,N,4.0,N,0.0,,Y,4450,N,TOLEDO,N,,0,,STICKNEY,AVE,,,,,N,,,4450TH,3,,,,,N,N,N,0,0,N,,1,2,1,,25474.0,N,2.389,25,Y,7,1,2,1,M,N,N,N,0,2,0,4,0,40,1,20,0,0,0,0,0,1,6,NT,1,35,34.0,1.0,1.0,2.0,1.0,F,,3.0,40.0,1.0,20.0,,,,,,1.0,6.0,NT,1.0,0.0,1.0,2.0,1.0,20.0,,,,,,1.0,6.0,1.0,0,4,33034.0,"units travelling stickney . units , travelling stickney near blk . unit3 stopped traffic intending make left turn driveway . unit4 lost control vehicle due rain water hydroplaned control paths coming units striking units . unit4 bounced unit1 unit2 struck drivers side unit3 . unit1 unit2 ended accident location . unit4 cited accident .",C,"[7.976318011060357e-05, 0.9998307228088379, 8.955170778790489e-05]",C,"[0.1878337264060974, 0.8039306402206421, 0.00823560543358326]",C,"[0.1243896484375, 0.8525390625, 0.0230865478515625]"
904,904,203225553,"both units were traveling westbound on i90, near the columbia road sr252 exit. unit #1 was in the far right lane, preparing to exit. unit #2 was in the far left lane, further behind unit #1. unit #1 began to slow for the exit. unit # 2 driver stated that her vehicle began to hydroplane, causing same to spin out of control. unit #2 driver stated that she managed to avoid striking a smaller passenger vehicle, but then struck unit # 1. unit # 2 driver was transported to a local hospital for evaluation due to being pregnant. unit #2 driver to be cited for failure to control.",20203225553,2020,C,12/1/2020 0:00,12,SCUYIR00090**N,S,CUY,3.961,41.474152,-81.894454,83622,17668.0,12/18/2020 0:00,5,6,N,2.0,N,Y,1.0,9,0,,b020e9d4-9650-45c0-9ff8-c30e378a70de,190c5304-8c0b-4084-89bb-98e043ab91d5,Y,3.961,SCUYIR00090**C,N,1,2028800,1,12,N,2,0,2,WESTLAKE,1,E,Y,N,6.0,Y,0.17,RA,Y,,N,WESTLAKE,N,,0,,I 90 W,,90,IR,,,N,,,STATE ROUTE 252 W,1,252,SR,,,N,N,N,0,0,N,1.0,1,3,1,,81450.0,N,159.78,18,Y,99,3,4,1,F,N,N,N,0,4,0,2,0,60,1,20,0,0,0,0,0,1,6,NT,3,60,40.0,1.0,3.0,4.0,1.0,M,,1.0,60.0,1.0,20.0,,,,,,99.0,6.0,NT,5.0,40.0,,,,,,,,,,,,,0,6,34780.0,"units traveling , near columbia exit . unit1 far , preparing exit . unit2 far left , behind unit1 . unit1 began slow exit . unit2 driver stated vehicle began hydroplane , causing spin control . unit2 driver stated managed avoid striking smaller passenger vehicle , struck unit1 . unit2 driver transported local hospital evaluation due pregnant . unit2 driver cited failure control .",C,"[7.235669841065828e-07, 0.9999988079071045, 4.672354521062516e-07]",C,"[7.770586876176822e-07, 0.9999990463256836, 1.7374672722780815e-07]",C,"[0.0001838207244873047, 1.0, 1.6689300537109375e-05]"
905,905,203226463,driver of unit 1 statd he was traveling south on s nelson road just south of bryden road when he hydroplaned off the road ito a city light ppole(non numbered) at the north east corner of the intersection of s nelson road & e walnut street. driver of unit 1 was evaluated at the scene by cfd medic 15 but did not require any ttreatment. driver of unit 1 issued a traffic citation for ccc 2131.33a and released at the scene. s nelson road needed to be closed in both directions to await columbus city eletric to repair the damaged pole hanging over the roadway,20203226463,2020,O,12/1/2020 0:00,6,MFRAMR04285**C,M,FRA,0.75,39.959194,-82.948005,18000,19234.0,12/19/2020 0:00,13,7,N,,Y,N,4.0,22,0,,5606396c-ab6f-46f9-b226-84834257d12b,2fc60549-6482-42fc-98bf-4dbb9f57528a,N,0.75,MFRAMR04285**C,N,3,200945489,4,12,,1,0,1,COLUMBUS,1,E,N,N,2.0,N,0.0,MR,N,,N,COLUMBUS,N,,0,S,Nelson,RD,,,,,N,,E,Walnut,1,,,,ST,N,N,Y,0,0,N,,0,2,1,,153835.0,N,0.75,31,Y,5,1,2,1,M,N,N,N,0,2,40,1,0,35,1,9,40,0,0,0,0,1,6,NT,1,40,,,,,,,,,,,,,,,,,,,,,,,,,,,,,,,,,,0,4,35137.0,driver unit1 statd traveling nelson bryden hydroplaned ito city light ppole corner intersection nelson & walnut . driver unit1 evaluated scene cfd medic require ttreatment . driver unit1 issued traffic citation ccc .33a released scene . nelson needed closed directions await columbus city eletric repair damaged pole hanging roadway,C,"[0.0009660805808380246, 0.9989917874336243, 4.2163959733443335e-05]",C,"[0.0004517698544077575, 0.9995457530021667, 2.554257889642031e-06]",C,"[0.0026302337646484375, 0.9970703125, 3.8743019104003906e-05]"