,id,OBJECTID,Narrative,DOCUMENT_NBR,CRASH_YR,CRASH_SEVERITY_CD,CRASH_MONTH_YEAR,DISTRICT_NBR,NLFID,NLF_JUR_CD,NLF_COUNTY_CD,COUNTY_LOG_NBR,ODOT_LATITUDE_NBR,ODOT_LONGITUDE_NBR,ODOT_FIPS_CD,AREA_CODE,CRASH_DATE,CRASH_TYPE_CD,DAY_IN_WEEK_CD,DISTRACTED_DRIVER_IND,FACILITY_TYPE_CD,FHWA_RDWY_DEPARTURE_IND,FREEWAY_IND,FUNCTIONAL_CLASS_CD,HOUR_OF_CRASH,INCAPAC_INJURIES_NBR,INTERCHANGE_ID,INTERSECTION_ID_CURRENT,INTERSECTION_LEG_ID,INTERSTATE_IND,INV_LOG_NBR,INV_NLFID,IS_COMMERCIAL_RELATED,LIGHT_COND_PRIMARY_CD,LOCAL_REPORT_NUMBER_ID,MAINTENANCE_AUTHORITY_CD,MONTH_OF_CRASH,NHS_CD,NO_INJURY_REPORTED_NBR,NON_INCAPAC_INJURIES_NBR,NUMBER_OF_UNITS_NBR,ODOT_CITY_VILLAGE_TWP_NME,ODOT_CRASH_LOCATION_CD,ODOT_DIR_FROM_REF_CD,ODOT_DIV_UNDIV_IND,ODOT_INTERSECTION_REL_IND,ODOT_LANES_NBR,ODOT_MAINTAINED_HWY_IND,ODOT_MILES_FROM_REF_NBR,ODOT_REF_ROUTE_PREFIX_CD,ODOT_YOUNG_DRIVER_IND,ODPS_ADDRESS_REFERENCE,ODPS_ALCOHOL_IND,ODPS_CITY_VILLAGE_TWP_NME,ODPS_DRUG_IND,ODPS_LOC_DIR_SUFFIX_CD,ODPS_LOC_IN_WORK_ZONE_CD,ODPS_LOC_ROAD_DIRECTION_CD,ODPS_LOC_ROAD_NME,ODPS_LOC_ROAD_SUFFIX_CD,ODPS_LOC_ROUTE_ID,ODPS_LOC_ROUTE_PREFIX_CD,ODPS_LOC_ROUTE_SUFFIX_CD,ODPS_MILEPOST_REFERENCE,ODPS_MOTORCYCLE_IND,ODPS_REF_DIR_SUFFIX_CD,ODPS_REF_DIRECTION_CD,ODPS_REF_GIVEN,ODPS_REF_POINT_USED_CD,ODPS_REF_ROUTE_ID,ODPS_REF_ROUTE_PREFIX_CD,ODPS_REF_ROUTE_SUFFIX_CD,ODPS_REF_SUFFIX_CD,ODPS_SCHOOL_ZONE_IND,ODPS_SENIOR_DRIVER_IND,ODPS_SPEED_IND,ODPS_TOTAL_FATALITIES_NBR,ODPS_TYPE_OF_WORK_ZONE_CD,ODPS_WORK_ZONE_IND,OPER_ACCESS_CONTROL_CD,POSSIBLE_INJURIES_NBR,ROAD_COND_PRIMARY_CD,ROAD_CONTOUR_CD,SA_RAMP_ID,SA_SEGMENT_ID,SECONDARY_CRASH,STATE_TRUE_LOG_NBR,U1_AGE_NBR,U1_AT_FAULT_IND,U1_CONT_CIR_PRIMARY_CD,U1_DIRECTION_FROM_CD,U1_DIRECTION_TO_CD,U1_DISTRACTED_BY_1_CD,U1_GENDER_CD,U1_IS_ALCOHOL_SUSPECTED,U1_IS_MARIJUANA_SUSPECTED,U1_IS_OTHER_DRUG_SUSPECTED,U1_NON_MOTORIST_LOC_CD,U1_NUMBER_OF_THRU_LANES,U1_OBJECT_STRUCK,U1_ODPS_UNIT_NBR,U1_OPERATINGIN_AUTONOMOUS_MODE,U1_POSTED_SPEED_NBR,U1_PRECRASH_ACTION_CD,U1_SEQ_OF_EVENTS_1_CD,U1_SEQ_OF_EVENTS_2_CD,U1_SEQ_OF_EVENTS_3_CD,U1_SEQ_OF_EVENTS_4_CD,U1_SEQ_OF_EVENTS_5_CD,U1_SEQ_OF_EVENTS_6_CD,U1_SPECIAL_FUNCTION_CD,U1_TRAFFIC_CONTROL_CD,U1_TURN_CD,U1_TYPE_OF_UNIT_CD,U1_UNIT_SPEED_NBR,U2_AGE_NBR,U2_CONT_CIR_PRIMARY_CD,U2_DIRECTION_FROM_CD,U2_DIRECTION_TO_CD,U2_DISTRACTED_BY_1_CD,U2_GENDER_CD,U2_NON_MOTORIST_LOC_CD,U2_ODPS_UNIT_NBR,U2_POSTED_SPEED_NBR,U2_PRECRASH_ACTION_CD,U2_SEQ_OF_EVENTS_1_CD,U2_SEQ_OF_EVENTS_2_CD,U2_SEQ_OF_EVENTS_3_CD,U2_SEQ_OF_EVENTS_4_CD,U2_SEQ_OF_EVENTS_5_CD,U2_SEQ_OF_EVENTS_6_CD,U2_SPECIAL_FUNCTION_CD,U2_TRAFFIC_CONTROL_CD,U2_TURN_CD,U2_TYPE_OF_UNIT_CD,U2_UNIT_SPEED_NBR,U3_CONT_CIR_PRIMARY_CD,U3_ODPS_UNIT_NBR,U3_PRECRASH_ACTION_CD,U3_SEQ_OF_EVENTS_1_CD,U3_SEQ_OF_EVENTS_2_CD,U3_SEQ_OF_EVENTS_3_CD,U3_SEQ_OF_EVENTS_4_CD,U3_SEQ_OF_EVENTS_5_CD,U3_SEQ_OF_EVENTS_6_CD,U3_SPECIAL_FUNCTION_CD,U3_TRAFFIC_CONTROL_CD,U3_TYPE_OF_UNIT_CD,UNRESTRAIN_OCCUPANTS,WEATHER_COND_CD,V1,clean_Narrative,BERT_predictions,BERT_prediction_probabilities,RoBERTa_predictions,RoBERTa_predictions_probabilities,distilBERT_predictions,distilBERT_predictions_probabilities
906,906,203226600,unit 1 was traveling northbound on i75 roughly 1/2 mile before the bancfroft exit. unit 1 failed to control his vehicle and struck the median barrier to his left and then went across all lanes and struck the curb to his left. unit 1 stated that he hydroplaned and lost control.,20203226600,2020,O,12/1/2020 0:00,2,SLUCIR00075**C,S,LUC,3.638,41.66376,-83.56391,77000,87868.0,12/19/2020 0:00,13,7,N,2.0,Y,Y,1.0,23,0,59600.0,6f5c1d0c-cca6-48d3-9f1a-8ab08e9594cf,edaecf2a-9698-4821-bcda-92c066e75705,Y,3.638,SLUCIR00075**C,N,3,2.01219E+13,1,12,N,2,0,1,TOLEDO,1,S,Y,N,8.0,Y,0.5,RA,Y,,N,TOLEDO,N,,0,,I 75 N,,75,IR,,,N,,W,BANCROFT,1,,,,ST,N,N,Y,0,0,N,1.0,0,2,3,,111015.0,N,203.22,24,Y,5,2,1,1,M,N,N,N,0,3,43,1,0,65,13,43,35,0,0,0,0,1,6,NT,1,65,,,,,,,,,,,,,,,,,,,,,,,,,,,,,,,,,,0,1,35184.0,unit1 traveling roughly mile bancfroft exit . unit1 failed control vehicle struck median barrier left went across lanes struck curb left . unit1 stated hydroplaned lost control .,O,"[0.7210537791252136, 0.25796791911125183, 0.020978203043341637]",C,"[0.03757154569029808, 0.9604994058609009, 0.0019290718482807279]",O,"[0.51318359375, 0.474365234375, 0.012115478515625]"
907,907,203227942,unit 1 was traveling westbound on i 76 e near s.main st when it hit standing water and hydroplaned. unit 1 lost control and hit the center wall.,20203227942,2020,C,12/1/2020 0:00,4,SSUMIR00076**N,S,SUM,10.308,41.062332,-81.527628,1000,766.0,12/20/2020 0:00,13,1,N,2.0,Y,Y,1.0,2,0,,,,Y,10.368,SSUMIR00076**C,N,3,T20162719,1,12,N,0,0,1,AKRON,1,,Y,N,8.0,Y,0.0,,Y,,N,AKRON,N,,0,,,,76,IR,,,N,,S,Main,1,,,,ST,N,N,N,0,0,N,1.0,1,2,2,,34351.0,N,22.456,19,Y,99,3,4,1,M,N,N,N,0,4,36,1,9,0,1,36,0,0,0,0,0,1,6,NT,1,0,,,,,,,,,,,,,,,,,,,,,,,,,,,,,,,,,,0,6,35980.0,unit1 traveling near s.main hit standing water hydroplaned . unit1 lost control hit center wall .,C,"[0.008996386080980301, 0.6939772963523865, 0.29702630639076233]",C,"[0.0064274026080966, 0.9918482303619385, 0.0017243826296180487]",O,"[0.994140625, 0.006076812744140625, 0.00016379356384277344]"
908,908,203230046,unit #2 was westbound on gallup avenue stopped at the intersection for republic street. unit #1 was behind unit #2 and failed to see a water puddle in the road. unit #1 hydroplaned and rear-ended unit #2. unit #2 left the scene before my arrival.patrolman cameron lloyd/218,20203230046,2020,O,12/1/2020 0:00,3,THURTR00204**C,T,HUR,0.315,41.259859,-82.60592,57302,99754.0,12/21/2020 0:00,2,2,N,,N,N,5.0,18,0,,60ce0a9a-0085-40b2-9b78-00de0d6190cf,54e50b65-e1ac-4b7a-bed2-60a479785455,N,0.315,THURTR00204**C,N,3,2.02E+13,4,12,,5,0,2,NORWALK,2,,N,Y,2.0,N,0.0,CR,Y,,N,NORWALK,N,,0,,GALLUP,AVE,,,,,N,,,REPUBLIC,1,,,,ST,N,N,N,0,0,N,,0,2,1,,213661.0,N,0.315,19,Y,8,3,9,1,F,N,N,N,0,2,0,1,0,25,1,20,0,0,0,0,0,1,2,NT,1,10,25.0,1.0,3.0,,1.0,F,,2.0,35.0,11.0,20.0,,,,,,1.0,2.0,,1.0,,,,,,,,,,,,,,0,4,36933.0,unit2 gallup stopped intersection republic . unit1 behind unit2 failed see water puddle . unit1 hydroplaned rearended unit2 . unit2 left scene arrival.patrolman cameron lloyd,O,"[0.999984622001648, 1.4777790056541562e-05, 6.168703521325369e-07]",O,"[0.9999867677688599, 1.3152670362615027e-05, 1.1822189094345958e-07]",O,"[0.89208984375, 0.10675048828125, 0.0011034011840820312]"
909,909,203231764,unit #1 was traveling north bound on wolfpen pleasant hill rd. unit #1 failed to maintain control and hydroplaned into the intersection of wolfpen pleasant hill rd an allen dr. unit #1 hydroplaned through a red light and struck unit #2 while unit #2 was turning left from allen dr. onto south bound wolfpen pleasant hill rd. no injuries were reported. insurance information was exchanged and unit #1 driver was cited and both parties were sent on their way.,20203231764,2020,O,12/1/2020 0:00,8,CCLECR00132**C,C,CLE,3.594,39.190206,-84.238668,49322,16885.0,12/21/2020 0:00,6,2,N,,N,N,5.0,12,0,,2ddf76a2-4196-4bec-8335-0b0bd70c41de,9455016c-5275-41e5-82f2-d167bbfe7172,N,3.594,CCLECR00132**C,N,1,20-13927,2,12,,4,0,2,MIAMI TOWNSHIP,1,,N,Y,2.0,N,0.0,RA,Y,,N,MIAMI TOWNSHIP,N,,0,,WOLFPEN PLEASANT HILL,RD,,,,,N,,,ALLEN,1,,,,DR,N,N,N,0,0,N,,0,2,1,,27095.0,N,3.594,17,Y,99,2,1,1,F,N,N,N,0,2,0,1,0,40,1,20,0,0,0,0,0,1,2,NT,1,21,56.0,1.0,3.0,2.0,1.0,M,,2.0,40.0,6.0,20.0,,,,,,1.0,2.0,LT,1.0,5.0,,,,,,,,,,,,,0,4,37630.0,unit1 traveling wolfpen pleasant hill unit1 failed maintain control hydroplaned intersection wolfpen pleasant hill allen . unit1 hydroplaned red light struck unit2 unit2 turning left allen . onto wolfpen pleasant hill injuries reported . insurance information exchanged unit1 driver cited parties sent .,O,"[0.9999992847442627, 5.849415174452588e-07, 8.639695181500429e-08]",O,"[1.0, 1.6454997364689916e-09, 1.6430417139681741e-12]",O,"[1.0, 0.0, 0.0]"
910,910,203238351,unit #1 was traveling northbound on us 250 in the outside curb lane. unit #2 was traveling northbound on us 250 on the inside lane. unit #2 hydroplaned and lost control traveling into unit #1's lane of travel causing unit #1 to strike unit #2.,20203238351,2020,O,11/1/2020 0:00,3,SERIUS00250**C,S,ERI,10.633,41.311295,-82.606779,50148,99754.0,11/22/2020 0:00,6,1,N,2.0,N,N,3.0,12,0,,b0548173-bade-48ab-b158-9bdbe4dfc5ec,a34026cd-2007-4eaa-92f3-b1b26883c561,N,10.633,SERIUS00250**C,N,1,2.02E+13,1,11,N,2,0,2,MILAN TOWNSHIP,3,,N,Y,4.0,Y,0.0,SR,Y,,N,MILAN TOWNSHIP,N,,0,,,,250,US,,,N,,,,1,13,SR,,,N,N,N,0,0,N,3.0,0,2,1,,273833.0,N,10.633,27,Y,99,2,9,1,M,N,N,N,0,4,0,2,0,55,1,20,0,0,0,0,0,1,2,NT,1,40,17.0,1.0,2.0,,1.0,F,,1.0,55.0,1.0,20.0,,,,,,1.0,2.0,,1.0,40.0,,,,,,,,,,,,,0,4,40452.0,unit1 traveling us outside curb . unit2 traveling us inside . unit2 hydroplaned lost control traveling unit1 's travel causing unit1 strike unit2 .,O,"[0.8822032809257507, 0.11447662860155106, 0.003320078132674098]",C,"[0.3771802484989166, 0.61287522315979, 0.009944493882358074]",O,"[0.9580078125, 0.035308837890625, 0.00698089599609375]"
911,911,203244471,"unit 1 was traveling eastbound on sr-16 during a heavy rainfall. per the driver, unit 1 hydroplaned and lost control. unit 1 ran off the right side of the roadway and headed towards a guardrail. as it neared the guardrail, the driver turned the wheel and as a result, the rear of the vehicle struck the guardrail. shortly after striking the guardrail, unit one came to a rest near the shoulder.",20203244471,2020,AB,8/1/2020 0:00,5,SMUSSR00016**C,S,MUS,7.017,40.145265,-82.083457,12406,99999.0,8/15/2020 0:00,13,7,N,2.0,Y,Y,2.0,13,0,,,,N,7.017,SMUSSR00016**C,N,1,2020-00023771,1,8,N,1,1,1,CASS TOWNSHIP,1,E,Y,N,4.0,Y,0.017,,Y,,N,CASS TOWNSHIP,N,,0,,,,16,SR,,7.0,N,,,7,2,,,,,N,N,Y,0,0,N,1.0,0,2,2,,179689.0,N,52.567,18,Y,5,8,5,1,M,N,N,N,0,2,30,1,0,70,1,8,30,0,0,0,0,1,6,NT,1,70,,,,,,,,,,,,,,,,,,,,,,,,,,,,,,,,,,0,4,18812.0,"unit1 traveling sr heavy rainfall . per driver , unit1 hydroplaned lost control . unit1 ran side roadway headed towards guardrail . neared guardrail , driver turned wheel result , rear vehicle struck guardrail . shortly striking guardrail , unit1 came rest near shoulder .",O,"[0.950508177280426, 0.044965390115976334, 0.004526473581790924]",O,"[0.7823476791381836, 0.2164527028799057, 0.0011996087851002812]",O,"[1.0, 0.0001233816146850586, 1.4722347259521484e-05]"
912,912,203244473,driver of unit one was traveling south bound on licking rd. when he struck high water in the roadway. unit one then hydroplaned into the guard rail hitting the front end of the vehicle and bouncing off of the guard rail into a concrete barrier in the other side of the road. functional damage was caused to the vehicle and no injury's were reported.,20203244473,2020,O,8/1/2020 0:00,5,CMUSCR00414**C,C,MUS,1.403,39.957439,-82.039321,26502,99786.0,8/25/2020 0:00,17,3,N,,N,N,5.0,15,0,,,,N,1.403,CMUSCR00414**C,N,1,2020-00024816,2,8,,2,0,1,FALLS TOWNSHIP,1,,N,N,2.0,N,0.0,,N,2665,N,FALLS TOWNSHIP,N,,0,,LICKING,RD,,,,,N,,,,3,,,,,N,N,N,0,0,N,,0,2,1,,89527.0,N,1.403,31,Y,1,1,2,1,M,N,N,N,0,2,0,1,0,35,1,13,0,0,0,0,0,1,6,NT,3,35,,,,,,,,,,,,,,,,,,,,,,,,,,,,,,,,,,0,4,18814.0,driver unit1 traveling licking struck high water roadway . unit1 hydroplaned guard rail hitting front end vehicle bouncing guard rail concrete barrier side . functional damage caused vehicle injury 's reported .,O,"[0.9999997615814209, 2.654067543517158e-07, 3.043000518232475e-08]",O,"[0.9118481278419495, 0.08691710233688354, 0.0012346961302682757]",O,"[1.0, 0.0, 0.0]"
913,913,205002121,"unit 1 was traveling westbound on ir 70 in the left lane when the unit hydroplaned, lost control went off the left side of the roadway stricking the median cable,",20205002121,2020,O,1/1/2020 0:00,7,SCLAIR00070**N,S,CLA,25.781,39.932518,-83.599762,33586,99999.0,1/3/2020 0:00,13,6,N,2.0,Y,Y,1.0,4,0,,,,Y,25.77,SCLAIR00070**C,N,4,12-0002-12,1,1,N,2,0,1,HARMONY TOWNSHIP,1,W,Y,N,6.0,Y,0.02,,Y,,N,HARMONY TOWNSHIP,N,,0,,,,70,IR,,67.0,N,,,67,2,,,,,N,N,Y,0,0,N,1.0,0,2,1,,81085.0,N,66.985,18,Y,5,3,4,1,F,N,N,N,0,3,33,1,0,70,1,9,33,0,0,0,0,1,6,NT,1,70,,,,,,,,,,,,,,,,,,,,,,,,,,,,,,,,,,0,4,49049.0,"unit1 traveling left unit hydroplaned , lost control went left side roadway stricking median cable ,",O,"[0.9925243258476257, 0.0070008705370128155, 0.00047477628686465323]",O,"[0.9820172190666199, 0.016392283141613007, 0.0015905576292425394]",O,"[0.998046875, 0.0018024444580078125, 7.241964340209961e-05]"
914,914,205003801,"unit 1 was northbound on interstate 71. unit 1 hydroplaned on the wet roadway, went off the right side of the roadway, and struck a guardrail. unit 1 spun back onto the roadway, went off the left side of the roadway, and struck the concrete median barrier.",20205003801,2020,C,1/1/2020 0:00,6,SFRAIR00071**C,S,FRA,20.77,40.009743,-82.987429,18000,19234.0,1/2/2020 0:00,13,5,N,2.0,Y,Y,1.0,21,0,,56642a18-ca91-444d-b4ed-e1c21eab004c,d49ad99e-5288-47db-be41-485f723868e5,Y,20.77,SFRAIR00071**C,N,3,59-0011-25,1,1,N,0,0,1,COLUMBUS,1,N,Y,N,6.0,Y,0.7,,N,,N,COLUMBUS,N,,0,,,,71,IR,,111.0,N,,,111,2,,,,,N,N,Y,0,0,N,1.0,1,2,3,,91004.0,N,111.814,30,Y,5,2,1,1,M,N,N,N,0,3,35,1,0,65,1,8,30,9,35,0,0,1,6,NT,1,70,,,,,,,,,,,,,,,,,,,,,,,,,,,,,,,,,,0,4,49498.0,"unit1 interstate . unit1 hydroplaned wet roadway , went side roadway , struck guardrail . unit1 spun back onto roadway , went left side roadway , struck concrete median barrier .",O,"[0.8203863501548767, 0.17002566158771515, 0.009588000364601612]",O,"[0.9806498289108276, 0.01897992566227913, 0.0003701928653754294]",O,"[1.0, 3.0994415283203125e-06, 2.384185791015625e-07]"
915,915,205012293,"unit #1 was traveling north on sr 823. unit #1 hydroplaned, lost control and struck the concrete barrier.",20205012293,2020,AB,1/1/2020 0:00,9,SSCISR00823**C,S,SCI,14.6,38.898051,-82.966104,64206,99999.0,1/24/2020 0:00,13,6,N,2.0,Y,N,3.0,6,0,,,,N,14.6,SSCISR00823**C,N,4,73-0065-73,1,1,N,0,1,1,PORTER TOWNSHIP,1,N,Y,N,4.0,Y,0.4,,N,,N,VALLEY TOWNSHIP,N,,0,,,,823,SR,,15.0,N,,,15,2,,,,,N,N,Y,0,0,N,1.0,0,2,2,,200732.0,N,14.6,37,Y,5,2,1,1,M,N,N,N,0,4,35,1,0,70,1,9,35,0,0,0,0,1,6,NT,1,70,,,,,,,,,,,,,,,,,,,,,,,,,,,,,,,,,,0,4,51973.0,"unit1 traveling . unit1 hydroplaned , lost control struck concrete barrier .",C,"[0.1729520857334137, 0.7886565327644348, 0.03839137405157089]",C,"[0.19678059220314026, 0.7266882061958313, 0.07653120160102844]",O,"[0.74853515625, 0.2415771484375, 0.0101470947265625]"
916,916,205013913,"unit 1 and unit 2 were southbound on interstate 71. unit 1 hydroplaned on the wet roadway, spun out and was struck by unit 2. unit 1 and unit 2 went off the right side of the roadway into a tree line.",20205013913,2020,O,1/1/2020 0:00,6,SMRWIR00071**N,S,MRW,4.071,40.403507,-82.822524,33600,99999.0,1/25/2020 0:00,5,7,N,2.0,N,Y,1.0,23,0,,,,Y,4.067,SMRWIR00071**C,Y,4,59-0100-59,1,1,N,4,0,2,HARMONY TOWNSHIP,1,S,Y,N,6.0,Y,0.1,,Y,,N,BENNINGTON TOWNSHIP,N,,0,,,,71,IR,,142.0,N,,,142,2,,,,,N,N,Y,0,0,N,1.0,0,2,1,,91055.0,N,142.244,22,Y,5,1,2,1,M,N,N,N,0,3,48,1,0,70,1,20,8,48,0,0,0,1,6,NT,1,70,40.0,1.0,1.0,2.0,1.0,M,,2.0,70.0,1.0,20.0,8.0,48.0,,,,99.0,6.0,NT,5.0,63.0,,,,,,,,,,,,,0,6,52334.0,"unit1 unit2 interstate . unit1 hydroplaned wet roadway , spun struck unit2 . unit1 unit2 went side roadway tree line .",O,"[0.9870448708534241, 0.011747432872653008, 0.0012076860293745995]",O,"[0.5219830274581909, 0.474669486284256, 0.003347530262544751]",C,"[0.252685546875, 0.71630859375, 0.031585693359375]"
917,917,205023407,unit 1 was traveling northbound on sr-823. unit 1 hydroplaned off the right side of the roadway striking a guardrail. unit 1 then hit the concrete wall in the median.,20205023407,2020,AB,2/1/2020 0:00,9,SSCISR00823**C,S,SCI,6.9,38.841157,-82.855795,64206,99999.0,2/12/2020 0:00,13,4,N,2.0,Y,N,3.0,14,0,79540.0,,,N,6.9,SSCISR00823**C,N,1,73-0120-73,1,2,N,0,1,1,PORTER TOWNSHIP,1,S,Y,N,4.0,Y,0.1,,N,,N,HARRISON TOWNSHIP,N,,0,,,,823,SR,,7.0,N,,,7,2,,,,,N,N,Y,0,0,N,1.0,0,2,1,,200732.0,N,6.9,32,Y,5,2,1,1,M,N,N,N,0,2,35,1,0,70,1,8,30,9,35,0,0,1,6,NT,1,65,,,,,,,,,,,,,,,,,,,,,,,,,,,,,,,,,,0,4,54756.0,unit1 traveling sr. unit1 hydroplaned side roadway striking guardrail . unit1 hit concrete wall median .,O,"[0.8733053803443909, 0.1163787916302681, 0.010315872728824615]",O,"[0.4942059814929962, 0.4488071799278259, 0.05698692426085472]",O,"[1.0, 1.239776611328125e-05, 8.940696716308594e-07]"
918,918,205024497,"unit #1 was westbound on state route 28 to interstate route 275 southbound. unit #1 hydroplaned, struck a concrete wall. spun around and ran off the right side of the roadway.",20205024497,2020,O,2/1/2020 0:00,8,SCLERA13067**C,S,CLE,0.001,39.18628,-84.265151,49322,99999.0,2/12/2020 0:00,13,4,N,4.0,Y,Y,1.0,18,0,10300.0,81fa4ba3-a632-40bb-932e-369c30a28a2c,5d6d8c24-7c5e-4680-8ecb-15da35405c27,Y,0.001,SCLERA13067**C,N,3,13-0273-13,1,2,,1,0,1,MIAMI TOWNSHIP,7,E,N,N,,Y,0.4,,Y,,N,MIAMI TOWNSHIP,N,,0,,,,28,SR,,1.0,N,,,1,2,,,,,N,N,Y,0,0,N,1.0,0,2,4,,,N,0.001,17,Y,5,7,6,1,F,N,N,N,0,1,51,1,0,35,13,9,51,8,0,0,0,1,6,NT,1,20,,,,,,,,,,,,,,,,,,,,,,,,,,,,,,,,,,0,4,54978.0,"unit1 state interstate . unit1 hydroplaned , struck concrete wall . spun around ran side roadway .",O,"[0.9996170997619629, 0.0003570325206965208, 2.591754855529871e-05]",O,"[0.7797918319702148, 0.2186811864376068, 0.0015270289732143283]",O,"[0.96435546875, 0.031494140625, 0.00409698486328125]"
919,919,205024500,"unit #1 was traveling northbound on interstate route 275. unit #1 changed from the middle to the right lane, hydroplaned, and traveled off the right side of the roadway. unit #1 struck a culvert and an embankment.",20205024500,2020,O,2/1/2020 0:00,8,SCLEIR00275**N,S,CLE,8.616,39.125676,-84.272371,78288,16885.0,2/12/2020 0:00,13,4,N,2.0,Y,Y,1.0,19,0,,,,Y,8.62,SCLEIR00275**C,N,4,13-0276-13,1,2,N,1,0,1,UNION TOWNSHIP,1,N,Y,N,6.0,Y,0.4,,Y,,N,UNION TOWNSHIP,N,,0,,,,275,IR,,62.0,N,,,62,2,,,,,N,N,N,0,0,N,1.0,0,2,2,,91412.0,N,61.283,24,Y,11,2,1,1,F,N,N,N,0,3,45,1,0,65,3,8,42,45,0,0,0,1,6,NT,1,60,,,,,,,,,,,,,,,,,,,,,,,,,,,,,,,,,,0,4,54979.0,"unit1 traveling interstate . unit1 changed middle , hydroplaned , traveled side roadway . unit1 struck culvert embankment .",O,"[0.9993438124656677, 0.0006203939556144178, 3.572320201783441e-05]",O,"[0.5192330479621887, 0.46104681491851807, 0.01972016878426075]",O,"[1.0, 1.138448715209961e-05, 8.344650268554688e-07]"
920,920,205039639,unit #1 was westbound on the ohio turnpike (ir 80) and hydroplaned on the wet roadway. unit #1 went off the right side of the roadway and struck a guardrail.,20205039639,2020,O,3/1/2020 0:00,4,SSUMIR00080*KN,S,SUM,0.83,41.272954,-81.626673,66530,17668.0,3/3/2020 0:00,13,3,N,2.0,Y,Y,1.0,12,0,,,,Y,0.849,SSUMIR00080*KC,N,1,91-0089-77,31,3,N,2,0,1,RICHFIELD,1,W,Y,N,6.0,N,0.1,,N,,N,RICHFIELD,N,,0,,,,80,IR,K,173.0,N,,,173,2,,,,,N,Y,Y,0,0,N,1.0,0,2,2,,34748.0,N,172.865,70,Y,5,3,4,1,M,N,N,N,0,3,30,1,0,70,9,8,30,0,0,0,0,1,6,NT,1,65,,,,,,,,,,,,,,,,,,,,,,,,,,,,,,,,,,0,4,58277.0,unit1 ohio turnpike hydroplaned wet roadway . unit1 went side roadway struck guardrail .,O,"[0.9999978542327881, 2.0341826711955946e-06, 1.609097921573266e-07]",O,"[0.9976492524147034, 0.00229079183191061, 5.998681444907561e-05]",O,"[1.0, 8.225440979003906e-06, 5.960464477539062e-07]"
921,921,205044554,"unit 1 was traveling east on sr 87. unit 1 driver stated she hydroplaned on the wet roadway and lost control. unit 1 traveled left of center and off the left side of the roadway, striking the ditch and a utility pole.",20205044554,2020,O,3/1/2020 0:00,4,STRUSR00087**C,S,TRU,6.308,41.461764,-80.882883,7160,99999.0,3/10/2020 0:00,13,3,N,2.0,Y,N,5.0,11,0,,,,N,6.308,STRUSR00087**C,N,1,78-0205-78,1,3,,1,0,1,BLOOMFIELD TOWNSHIP,1,W,N,N,2.0,Y,0.7,,N,,N,BLOOMFIELD TOWNSHIP,N,,0,,,,87,SR,,7.0,N,,,7,2,,,,,N,N,N,0,0,N,3.0,0,2,1,,328048.0,N,44.29,44,Y,11,4,3,1,F,N,N,N,0,2,40,1,0,55,1,11,9,44,40,0,0,1,6,NT,3,50,,,,,,,,,,,,,,,,,,,,,,,,,,,,,,,,,,0,4,59325.0,"unit1 traveling . unit1 driver stated hydroplaned wet roadway lost control . unit1 traveled left center left side roadway , striking ditch utility pole .",O,"[0.8551709651947021, 0.13468743860721588, 0.010141624137759209]",O,"[0.7929376363754272, 0.2053339183330536, 0.0017283981433138251]",O,"[0.994140625, 0.005218505859375, 0.0003521442413330078]"
922,922,205045569,unit 1 was westbound on ir 70. unit 1 hydroplaned and traveled off the right side of the roadway and struck the guardrail.,20205045569,2020,O,3/1/2020 0:00,11,SBELIR00070**N,S,BEL,20.573,40.070489,-80.857953,66628,94726.0,3/14/2020 0:00,13,7,N,2.0,Y,Y,1.0,20,0,,,,Y,20.52,SBELIR00070**C,N,4,07-0197-07,1,3,N,1,0,1,RICHLAND TOWNSHIP,1,E,Y,N,6.0,Y,0.2,,Y,,N,RICHLAND TOWNSHIP,N,,0,,,,70,IR,,219.0,N,,,219,2,,,,,N,N,Y,0,0,N,1.0,0,2,2,,81074.0,N,219.192,18,Y,5,3,4,1,F,N,N,N,0,4,30,1,0,65,1,8,30,0,0,0,0,1,6,NT,1,55,,,,,,,,,,,,,,,,,,,,,,,,,,,,,,,,,,0,6,59636.0,unit1 . unit1 hydroplaned traveled side roadway struck guardrail .,O,"[0.9668545722961426, 0.03146752342581749, 0.0016779139405116439]",O,"[0.8662413954734802, 0.13289201259613037, 0.0008666019421070814]",O,"[0.9912109375, 0.00833892822265625, 0.0005311965942382812]"
923,923,205048808,"unit #1 was traveling east on us 224 when the driver lost control, advising that he hydroplaned. unit #1 drove off the left side of the roadway, crossing a ditch full of water and striking a tree.",20205048808,2020,O,3/1/2020 0:00,4,SPORUS00224**C,S,POR,7.088,41.02985,-81.260094,65452,99999.0,3/19/2020 0:00,13,5,N,2.0,Y,N,4.0,21,0,,,,N,7.088,SPORUS00224**C,N,4,67-0399-67,1,3,,1,0,1,RANDOLPH TOWNSHIP,1,E,N,N,2.0,Y,0.1,,N,,N,RANDOLPH TOWNSHIP,N,,0,,,,224,US,,7.0,N,,,7,2,,,,,N,N,Y,0,0,N,2.0,0,2,1,,276449.0,N,199.013,44,Y,5,4,3,1,M,N,N,N,0,2,48,1,2,55,1,9,44,48,0,0,0,1,6,NT,4,50,,,,,,,,,,,,,,,,,,,,,,,,,,,,,,,,,,0,4,60187.0,"unit1 traveling us driver lost control , advising hydroplaned . unit1 drove left side roadway , crossing ditch full water striking tree .",C,"[0.03741389885544777, 0.9383113980293274, 0.024274779483675957]",C,"[0.05059540271759033, 0.863294780254364, 0.08610980957746506]",O,"[0.79052734375, 0.194091796875, 0.0149383544921875]"
924,924,205051298,"unit #1 was westbound on ir 480. unit #1 hydroplaned, traveled off the left side of the roadway and struck the concrete median wall.",20205051298,2020,O,3/1/2020 0:00,12,SCUYIR00480**N,S,CUY,23.683,41.424903,-81.540621,80990,17668.0,3/18/2020 0:00,13,4,N,2.0,Y,Y,1.0,22,0,20600.0,,,Y,23.716,SCUYIR00480**C,N,3,18-0160-18,1,3,N,1,0,1,WARRENSVILLE HEIGHTS,1,E,Y,N,7.0,Y,0.01,,N,,N,WARRENSVILLE HEIGHTS,N,,0,,,,480,IR,,26.0,N,,,26,2,,,,,N,N,Y,0,0,N,1.0,0,2,1,,54083.0,N,25.987,29,Y,5,3,4,1,M,N,N,N,0,4,35,1,0,60,1,9,35,0,0,0,0,1,6,NT,1,0,,,,,,,,,,,,,,,,,,,,,,,,,,,,,,,,,,0,4,60738.0,"unit1 . unit1 hydroplaned , traveled left side roadway struck concrete median wall .",O,"[0.7389744520187378, 0.2228545844554901, 0.03817100077867508]",O,"[0.7511496543884277, 0.2284826785326004, 0.020367715507745743]",O,"[1.0, 8.094310760498047e-05, 7.927417755126953e-06]"