,id,OBJECTID,Narrative,DOCUMENT_NBR,CRASH_YR,CRASH_SEVERITY_CD,CRASH_MONTH_YEAR,DISTRICT_NBR,NLFID,NLF_JUR_CD,NLF_COUNTY_CD,COUNTY_LOG_NBR,ODOT_LATITUDE_NBR,ODOT_LONGITUDE_NBR,ODOT_FIPS_CD,AREA_CODE,CRASH_DATE,CRASH_TYPE_CD,DAY_IN_WEEK_CD,DISTRACTED_DRIVER_IND,FACILITY_TYPE_CD,FHWA_RDWY_DEPARTURE_IND,FREEWAY_IND,FUNCTIONAL_CLASS_CD,HOUR_OF_CRASH,INCAPAC_INJURIES_NBR,INTERCHANGE_ID,INTERSECTION_ID_CURRENT,INTERSECTION_LEG_ID,INTERSTATE_IND,INV_LOG_NBR,INV_NLFID,IS_COMMERCIAL_RELATED,LIGHT_COND_PRIMARY_CD,LOCAL_REPORT_NUMBER_ID,MAINTENANCE_AUTHORITY_CD,MONTH_OF_CRASH,NHS_CD,NO_INJURY_REPORTED_NBR,NON_INCAPAC_INJURIES_NBR,NUMBER_OF_UNITS_NBR,ODOT_CITY_VILLAGE_TWP_NME,ODOT_CRASH_LOCATION_CD,ODOT_DIR_FROM_REF_CD,ODOT_DIV_UNDIV_IND,ODOT_INTERSECTION_REL_IND,ODOT_LANES_NBR,ODOT_MAINTAINED_HWY_IND,ODOT_MILES_FROM_REF_NBR,ODOT_REF_ROUTE_PREFIX_CD,ODOT_YOUNG_DRIVER_IND,ODPS_ADDRESS_REFERENCE,ODPS_ALCOHOL_IND,ODPS_CITY_VILLAGE_TWP_NME,ODPS_DRUG_IND,ODPS_LOC_DIR_SUFFIX_CD,ODPS_LOC_IN_WORK_ZONE_CD,ODPS_LOC_ROAD_DIRECTION_CD,ODPS_LOC_ROAD_NME,ODPS_LOC_ROAD_SUFFIX_CD,ODPS_LOC_ROUTE_ID,ODPS_LOC_ROUTE_PREFIX_CD,ODPS_LOC_ROUTE_SUFFIX_CD,ODPS_MILEPOST_REFERENCE,ODPS_MOTORCYCLE_IND,ODPS_REF_DIR_SUFFIX_CD,ODPS_REF_DIRECTION_CD,ODPS_REF_GIVEN,ODPS_REF_POINT_USED_CD,ODPS_REF_ROUTE_ID,ODPS_REF_ROUTE_PREFIX_CD,ODPS_REF_ROUTE_SUFFIX_CD,ODPS_REF_SUFFIX_CD,ODPS_SCHOOL_ZONE_IND,ODPS_SENIOR_DRIVER_IND,ODPS_SPEED_IND,ODPS_TOTAL_FATALITIES_NBR,ODPS_TYPE_OF_WORK_ZONE_CD,ODPS_WORK_ZONE_IND,OPER_ACCESS_CONTROL_CD,POSSIBLE_INJURIES_NBR,ROAD_COND_PRIMARY_CD,ROAD_CONTOUR_CD,SA_RAMP_ID,SA_SEGMENT_ID,SECONDARY_CRASH,STATE_TRUE_LOG_NBR,U1_AGE_NBR,U1_AT_FAULT_IND,U1_CONT_CIR_PRIMARY_CD,U1_DIRECTION_FROM_CD,U1_DIRECTION_TO_CD,U1_DISTRACTED_BY_1_CD,U1_GENDER_CD,U1_IS_ALCOHOL_SUSPECTED,U1_IS_MARIJUANA_SUSPECTED,U1_IS_OTHER_DRUG_SUSPECTED,U1_NON_MOTORIST_LOC_CD,U1_NUMBER_OF_THRU_LANES,U1_OBJECT_STRUCK,U1_ODPS_UNIT_NBR,U1_OPERATINGIN_AUTONOMOUS_MODE,U1_POSTED_SPEED_NBR,U1_PRECRASH_ACTION_CD,U1_SEQ_OF_EVENTS_1_CD,U1_SEQ_OF_EVENTS_2_CD,U1_SEQ_OF_EVENTS_3_CD,U1_SEQ_OF_EVENTS_4_CD,U1_SEQ_OF_EVENTS_5_CD,U1_SEQ_OF_EVENTS_6_CD,U1_SPECIAL_FUNCTION_CD,U1_TRAFFIC_CONTROL_CD,U1_TURN_CD,U1_TYPE_OF_UNIT_CD,U1_UNIT_SPEED_NBR,U2_AGE_NBR,U2_CONT_CIR_PRIMARY_CD,U2_DIRECTION_FROM_CD,U2_DIRECTION_TO_CD,U2_DISTRACTED_BY_1_CD,U2_GENDER_CD,U2_NON_MOTORIST_LOC_CD,U2_ODPS_UNIT_NBR,U2_POSTED_SPEED_NBR,U2_PRECRASH_ACTION_CD,U2_SEQ_OF_EVENTS_1_CD,U2_SEQ_OF_EVENTS_2_CD,U2_SEQ_OF_EVENTS_3_CD,U2_SEQ_OF_EVENTS_4_CD,U2_SEQ_OF_EVENTS_5_CD,U2_SEQ_OF_EVENTS_6_CD,U2_SPECIAL_FUNCTION_CD,U2_TRAFFIC_CONTROL_CD,U2_TURN_CD,U2_TYPE_OF_UNIT_CD,U2_UNIT_SPEED_NBR,U3_CONT_CIR_PRIMARY_CD,U3_ODPS_UNIT_NBR,U3_PRECRASH_ACTION_CD,U3_SEQ_OF_EVENTS_1_CD,U3_SEQ_OF_EVENTS_2_CD,U3_SEQ_OF_EVENTS_3_CD,U3_SEQ_OF_EVENTS_4_CD,U3_SEQ_OF_EVENTS_5_CD,U3_SEQ_OF_EVENTS_6_CD,U3_SPECIAL_FUNCTION_CD,U3_TRAFFIC_CONTROL_CD,U3_TYPE_OF_UNIT_CD,UNRESTRAIN_OCCUPANTS,WEATHER_COND_CD,V1,clean_Narrative,BERT_predictions,BERT_prediction_probabilities,RoBERTa_predictions,RoBERTa_predictions_probabilities,distilBERT_predictions,distilBERT_predictions_probabilities
925,925,205052104,unit #1 was traveling south on interstate 280 near mile marker 6 when it hydroplaned and crossed into the left lane before striking the concrete median.,20205052104,2020,O,3/1/2020 0:00,2,SWOOIR00280**N,S,WOO,5.581,41.603234,-83.477003,57190,87868.0,3/20/2020 0:00,13,6,N,2.0,Y,Y,1.0,6,0,,,,Y,5.589,SWOOIR00280**C,N,4,87-0120-87,1,3,N,1,0,1,NORTHWOOD,1,S,Y,N,4.0,Y,0.4,,N,,N,LAKE TOWNSHIP,N,,0,,,,280,IR,,6.0,N,,,6,2,,,,,N,N,Y,0,0,N,1.0,0,2,1,,81524.0,N,5.581,38,Y,5,1,2,1,M,N,N,N,0,2,35,1,0,65,1,35,0,0,0,0,0,1,6,NT,4,40,,,,,,,,,,,,,,,,,,,,,,,,,,,,,,,,,,0,4,60848.0,unit1 traveling interstate near mile marker hydroplaned crossed left striking concrete median .,C,"[0.13350360095500946, 0.7081843018531799, 0.1583121120929718]",C,"[0.43045976758003235, 0.5629990100860596, 0.006541205570101738]",O,"[0.99609375, 0.0035381317138671875, 0.00026869773864746094]"
926,926,205052721,"unit #1 was traveling southeast on state route 7. unit #1 hydroplaned and lost control, driving to the left road edge, striking the median barrier.",20205052721,2020,AB,3/1/2020 0:00,11,SJEFSR00007**N,S,JEF,27.599,40.494657,-80.615305,40866,93592.0,3/25/2020 0:00,13,4,N,2.0,Y,Y,2.0,4,0,,,,N,27.6,SJEFSR00007**C,N,4,41-0184-41,1,3,N,0,1,1,KNOX TOWNSHIP,1,S,Y,N,4.0,Y,0.4,,Y,,N,KNOX TOWNSHIP,N,,0,,,,7,SR,,28.0,N,,,28,2,,,,,N,N,Y,0,0,N,1.0,0,2,1,,148813.0,N,223.701,18,Y,5,6,7,1,F,N,N,N,0,4,35,1,2,55,1,9,35,0,0,0,0,1,6,NT,1,50,,,,,,,,,,,,,,,,,,,,,,,,,,,,,,,,,,0,4,60981.0,"unit1 traveling state . unit1 hydroplaned lost control , driving left edge , striking median barrier .",O,"[0.9872649908065796, 0.011783166788518429, 0.0009518790175206959]",O,"[0.7054617404937744, 0.29122069478034973, 0.0033176010474562645]",O,"[0.990234375, 0.00940704345703125, 0.00048732757568359375]"
927,927,205052758,unit 1 was traveling eastbound on interstate 80 (ohio turnpike). unit 1 hydroplaned and struck the concrete barrier three times before coming to final rest facing southwest.,20205052758,2020,O,3/1/2020 0:00,12,SCUYIR00080*KC,S,CUY,11.079,41.319111,-81.776112,57008,17668.0,3/20/2020 0:00,13,6,N,2.0,Y,Y,1.0,8,0,,,,Y,11.079,SCUYIR00080*KC,N,1,91-0102-18,31,3,N,1,0,1,NORTH ROYALTON,1,E,Y,N,6.0,N,0.4,,N,,N,NORTH ROYALTON,N,,0,,,,80,IR,K,164.0,N,,,164,2,,,,,N,N,Y,0,0,N,1.0,0,6,1,,47123.0,Y,164.37,26,Y,5,4,3,1,F,N,N,N,0,3,35,1,0,70,1,9,35,0,0,0,0,1,6,NT,1,70,,,,,,,,,,,,,,,,,,,,,,,,,,,,,,,,,,0,4,61001.0,unit1 traveling interstate . unit1 hydroplaned struck concrete barrier three times coming final rest facing .,C,"[0.012479704804718494, 0.582524836063385, 0.40499550104141235]",C,"[0.020044466480612755, 0.9654744863510132, 0.014481039717793465]",C,"[0.11871337890625, 0.80517578125, 0.07623291015625]"
928,928,205054496,unit 1 and unit 2 were westbound on ir 70. unit 1 hydroplaned causing it to run off the road right and strike a guardrail. unit 2 then struck unit 1 who was partially in the roadway.,20205054496,2020,O,3/1/2020 0:00,7,SCLAIR00070**N,S,CLA,5.056,39.87871,-83.961587,46788,99999.0,3/27/2020 0:00,5,6,N,2.0,Y,Y,1.0,10,0,,,,Y,5.063,SCLAIR00070**C,Y,1,12-0103-12,1,3,N,2,0,2,MAD RIVER TOWNSHIP,1,E,Y,N,6.0,Y,0.25,,N,,N,MAD RIVER TOWNSHIP,N,,0,,,,70,IR,,46.0,N,,,46,2,,,,,N,N,Y,0,0,N,1.0,0,2,1,,33455.0,N,46.26,41,Y,5,3,4,1,M,N,N,N,0,3,30,1,0,70,1,8,30,20,0,0,0,1,6,NT,1,65,54.0,1.0,3.0,4.0,1.0,M,,2.0,70.0,1.0,20.0,,,,,,1.0,6.0,NT,15.0,65.0,,,,,,,,,,,,,0,4,61325.0,unit1 unit2 . unit1 hydroplaned causing run strike guardrail . unit2 struck unit1 partially roadway .,O,"[0.5413439869880676, 0.41465550661087036, 0.044000472873449326]",C,"[0.02424439787864685, 0.9752320647239685, 0.0005234517739154398]",O,"[0.87451171875, 0.11248779296875, 0.012969970703125]"
929,929,205054524,unit 1 was traveling in the right westbound lane on ir-76 and traveled off the right side. unit 1 struck brush and a ditch before coming to rest. the driver of unit 1 stated he hydroplaned on the wet roadway before he lost control.,20205054524,2020,O,3/1/2020 0:00,4,SPORIR00076**N,S,POR,5.557,41.108701,-81.299303,68392,766.0,3/28/2020 0:00,13,7,N,2.0,Y,Y,1.0,13,0,,,,Y,5.56,SPORIR00076**C,N,1,67-0421-67,1,3,N,1,0,1,ROOTSTOWN TOWNSHIP,1,E,Y,N,4.0,Y,0.3,,Y,,N,ROOTSTOWN TOWNSHIP,N,,0,,,,76,IR,,35.0,N,,,35,2,,,,,N,N,Y,0,0,N,1.0,0,2,2,,34345.0,N,35.685,21,Y,5,3,4,1,M,N,N,N,0,2,48,1,0,70,1,8,48,44,0,0,0,1,6,NT,1,55,,,,,,,,,,,,,,,,,,,,,,,,,,,,,,,,,,0,4,61329.0,unit1 traveling ir traveled side . unit1 struck brush ditch coming rest . driver unit1 stated hydroplaned wet roadway lost control .,C,"[0.046043653041124344, 0.939868688583374, 0.014087755233049393]",O,"[0.971701979637146, 0.02820834517478943, 8.969922055257484e-05]",O,"[1.0, 1.6689300537109375e-05, 1.0728836059570312e-06]"
930,930,205073512,"unit 1 was traveling eastbound on sr-140. unit 2 was traveling westbound on sr-140. unit 1 hydroplaned, crossed the double yellow center line striking unit 2. supplemented on may 16, 2020. # 1 and unit 2 labeled wrong on both diagrams and corrected. august 29, 2020, crash supplemented with stated speed, obtained a statement and issued a citation to the driver of unit 1.",20205073512,2020,AB,5/1/2020 0:00,9,SSCISR00140**C,S,SCI,0.694,38.754987,-82.86851,64206,99761.0,5/8/2020 0:00,6,6,N,2.0,Y,N,4.0,13,3,,,,N,0.694,SSCISR00140**C,N,1,73-0347-73,1,5,,0,0,2,PORTER TOWNSHIP,1,E,N,N,2.0,Y,0.019,TR,N,,N,PORTER TOWNSHIP,N,,0,,,,140,SR,,,N,,,,1,36,CR,,,N,N,Y,0,0,N,3.0,0,2,4,,328528.0,N,0.694,39,Y,5,8,5,1,F,N,N,N,0,2,0,1,0,45,13,8,11,20,0,0,0,1,6,NT,2,35,45.0,1.0,5.0,8.0,1.0,M,,2.0,45.0,13.0,8.0,20.0,,,,,1.0,6.0,NT,4.0,40.0,,,,,,,,,,,,,2,4,47257.0,"unit1 traveling sr. unit2 traveling sr. unit1 hydroplaned , crossed double yellow center line striking unit2 . supplemented may , . unit2 labeled wrong diagrams corrected . august , , crash supplemented stated speed , obtained statement issued citation driver unit1 .",AB,"[3.678063853485014e-09, 2.569957580078608e-08, 1.0]",AB,"[3.5731694936202985e-08, 1.4227285873857909e-06, 0.9999985694885254]",AB,"[3.039836883544922e-06, 2.568960189819336e-05, 1.0]"
931,931,205075536,"unit 1 was traveling westbound on i-480 in the left lane. unit 1 hydroplaned, ran left off the roadway, and stuck the median wall.",20205075536,2020,O,5/1/2020 0:00,12,SCUYIR00480**N,S,CUY,13.778,41.421698,-81.720416,16000,17668.0,5/14/2020 0:00,13,5,N,2.0,Y,Y,1.0,19,0,,,,Y,13.787,SCUYIR00480**C,N,1,18-0217-18,1,5,N,1,0,1,CLEVELAND,1,W,Y,N,8.0,Y,0.2,,N,,N,CLEVELAND,N,,0,,,,480,IR,,16.0,N,,,16,2,,,,,N,N,Y,0,0,N,1.0,0,2,1,,35026.0,N,16.082,61,Y,5,3,4,1,M,N,N,N,0,4,35,1,2,60,1,9,35,0,0,0,0,1,6,NT,1,50,,,,,,,,,,,,,,,,,,,,,,,,,,,,,,,,,,0,4,47648.0,"unit1 traveling left . unit1 hydroplaned , ran left roadway , stuck median wall .",O,"[0.6524624824523926, 0.31136247515678406, 0.03617504611611366]",C,"[0.23017390072345734, 0.7514272928237915, 0.018398774787783623]",O,"[0.77001953125, 0.2130126953125, 0.0170745849609375]"
932,932,205075734,"unit #1 was traveling east on interstate 80. while changing lanes, unit #1 hydroplaned and traveled off the right side of the roadway and struck a sign post.",20205075734,2020,O,5/1/2020 0:00,3,SLORIR00080*KC,S,LOR,17.917,41.379931,-82.022003,56966,17668.0,5/15/2020 0:00,13,6,N,2.0,Y,Y,1.0,17,0,,,,Y,17.917,SLORIR00080*KC,N,1,90-0218-47,31,5,N,1,0,1,NORTH RIDGEVILLE,1,E,Y,N,6.0,N,0.4,,N,,N,NORTH RIDGEVILLE,N,,0,,,,80,IR,K,150.0,N,,,150,2,,,,,N,N,Y,0,0,N,1.0,0,2,1,,81412.0,N,150.405,54,Y,5,4,3,1,M,N,N,N,0,3,37,1,0,70,3,8,37,0,0,0,0,1,6,NT,4,65,,,,,,,,,,,,,,,,,,,,,,,,,,,,,,,,,,1,4,47733.0,"unit1 traveling interstate . changing lanes , unit1 hydroplaned traveled side roadway struck sign post .",O,"[0.999998927116394, 9.353523751087778e-07, 1.0624874846598686e-07]",O,"[0.906597912311554, 0.09168332815170288, 0.0017188007477670908]",O,"[1.0, 0.0, 0.0]"
933,933,205075997,"unit 1 exited from ir-675 north to ir-70 westbound, the unit failed to control the vehicle hydroplaning and struck the concrete wall.",20205075997,2020,C,5/1/2020 0:00,7,SCLAIR00070**N,S,CLA,3.181,39.865804,-83.992591,46788,99999.0,5/10/2020 0:00,13,1,N,2.0,Y,Y,1.0,16,0,,,,Y,3.187,SCLAIR00070**C,N,1,12-0404-12,1,5,N,1,0,1,MAD RIVER TOWNSHIP,1,W,Y,N,6.0,Y,0.02,,Y,,N,MAD RIVER TOWNSHIP,N,,0,,,,70,IR,,45.0,N,,,45,2,,,,,N,N,Y,0,0,N,1.0,1,2,4,,33454.0,N,44.385,23,Y,5,5,8,1,F,N,N,N,0,2,35,1,0,70,13,35,0,0,0,0,0,1,6,NT,3,20,,,,,,,,,,,,,,,,,,,,,,,,,,,,,,,,,,0,4,47910.0,"unit1 exited ir ir , unit failed control vehicle hydroplaning struck concrete wall .",O,"[0.9999973773956299, 2.380043952143751e-06, 1.9979962928573514e-07]",O,"[0.9581587314605713, 0.03901698440313339, 0.002824244322255254]",O,"[1.0, 1.9669532775878906e-06, 5.960464477539063e-08]"
934,934,205076032,"unit 1 was westbound on ir 70 when it hydroplaned, ran off the road right, and struck a guardrail.",20205076032,2020,C,4/1/2020 0:00,7,SCLAIR00070**N,S,CLA,4.865,39.877375,-83.964728,46788,99999.0,4/26/2020 0:00,13,1,N,2.0,Y,Y,1.0,6,0,,,,Y,4.872,SCLAIR00070**C,N,4,12-0362-12,1,4,N,0,0,1,MAD RIVER TOWNSHIP,1,E,Y,N,6.0,Y,0.2,,N,,N,MAD RIVER TOWNSHIP,N,,0,,,,70,IR,,46.0,N,,,46,2,,,,,N,N,Y,0,0,N,1.0,1,2,1,,33455.0,N,46.069,36,Y,5,3,4,1,F,N,N,N,0,3,30,1,0,70,1,8,30,0,0,0,0,1,6,NT,1,70,,,,,,,,,,,,,,,,,,,,,,,,,,,,,,,,,,0,4,64198.0,"unit1 hydroplaned , ran , struck guardrail .",O,"[0.992190420627594, 0.007399579975754023, 0.00040994572918862104]",C,"[0.3753872513771057, 0.6232030987739563, 0.0014096349477767944]",O,"[0.59619140625, 0.39599609375, 0.0078277587890625]"
935,935,205076043,"unit 1 was traveling westbound on the ohio turnpike in the left lane. unit 1 lost control of the vehicle due to standing water in the roadway, causing the vehicle to hydroplane. unit 1 went off the right side of the road, striking the ditch.",20205076043,2020,O,5/1/2020 0:00,3,SLORIR00080*KN,S,LOR,20.441,41.372408,-81.976333,56966,17668.0,5/15/2020 0:00,13,6,N,2.0,Y,Y,1.0,15,0,,,,Y,20.43,SLORIR00080*KC,N,1,90-0212-47,31,5,N,2,0,1,NORTH RIDGEVILLE,1,W,Y,N,6.0,N,0.1,,N,,N,NORTH RIDGEVILLE,N,,0,,,,80,IR,K,153.0,N,,,153,2,,,,,N,N,Y,0,0,N,1.0,0,2,2,,47155.0,N,152.929,33,Y,5,3,4,1,M,N,N,N,0,3,44,1,0,70,1,8,44,0,0,0,0,1,6,NT,4,60,,,,,,,,,,,,,,,,,,,,,,,,,,,,,,,,,,0,4,47937.0,"unit1 traveling ohio turnpike left . unit1 lost control vehicle due standing water roadway , causing vehicle hydroplane . unit1 went side , striking ditch .",O,"[0.9983781576156616, 0.0015440909191966057, 7.774731056997553e-05]",O,"[0.9999997615814209, 2.2469059501872835e-07, 2.296056234030175e-09]",O,"[0.998046875, 0.0015668869018554688, 9.822845458984375e-05]"
936,936,205076110,"unit 1 was traveling westbound on the ohio turnpike in the middle lane. unit 1 stated an unknown vehicle came into his lane, at that time he changed into the left lane. when he moved into the left lane, his vehicle hydroplaned, causing him to lose control. unit 1 struck the concrete median wall.",20205076110,2020,AB,5/1/2020 0:00,3,SLORIR00080*KC,S,LOR,19.342,41.379145,-81.994894,56966,17668.0,5/15/2020 0:00,13,6,N,2.0,Y,Y,1.0,16,0,57380.0,2e7f5059-5454-48c9-a545-8467e3e9c64c,8f83749c-1105-4b0b-bb9a-c06496ccff6d,Y,19.342,SLORIR00080*KC,N,1,90-0213-47,31,5,N,0,1,1,NORTH RIDGEVILLE,1,W,Y,N,6.0,N,0.2,,N,,N,NORTH RIDGEVILLE,N,,0,,,,80,IR,K,152.0,N,,,152,2,,,,,N,N,Y,0,0,N,1.0,0,2,1,,45477.0,N,151.83,50,Y,5,3,4,1,M,N,N,N,0,3,33,1,0,70,3,9,33,0,0,0,0,1,6,NT,3,65,,,,,,,,,,,,,,,,,,,,,,,,,,,,,,,,,,0,4,47981.0,"unit1 traveling ohio turnpike middle . unit1 stated unknown vehicle came , time changed left . moved left , vehicle hydroplaned , causing lose control . unit1 struck concrete median wall .",C,"[0.45368924736976624, 0.5061653852462769, 0.0401453971862793]",C,"[0.10603731125593185, 0.8932654857635498, 0.0006971279508434236]",O,"[1.0, 9.173154830932617e-05, 1.3828277587890625e-05]"
937,937,205076111,"unit 1 was traveling in the middle lane on the ohio turnpike. unit 1 hydroplaned due to standing water in the roadway. unit 1 lost control, striking the concrete median wall.",20205076111,2020,O,5/1/2020 0:00,12,SCUYIR00080*KC,S,CUY,0.329,41.367755,-81.964731,58408,17668.0,5/15/2020 0:00,13,6,N,2.0,Y,Y,1.0,16,0,,,,Y,0.329,SCUYIR00080*KC,N,1,90-0215-18,31,5,N,1,0,1,OLMSTED TOWNSHIP,1,W,Y,N,6.0,N,0.4,,Y,,N,OLMSTED TOWNSHIP,N,,0,,,,80,IR,K,154.0,N,,,154,2,,,,,N,N,Y,0,0,N,1.0,0,2,1,,39639.0,N,153.62,21,Y,5,4,3,1,M,N,N,N,0,3,33,1,0,70,1,9,33,0,0,0,0,1,6,NT,3,65,,,,,,,,,,,,,,,,,,,,,,,,,,,,,,,,,,0,4,47982.0,"unit1 traveling middle ohio turnpike . unit1 hydroplaned due standing water roadway . unit1 lost control , striking concrete median wall .",O,"[0.9910552501678467, 0.008690391667187214, 0.00025439311866648495]",O,"[0.7211098074913025, 0.27668148279190063, 0.002208621008321643]",O,"[0.8134765625, 0.1815185546875, 0.00521087646484375]"
938,938,205076736,unit #1 was traveling westbound on interstate 480. unit #1 hydroplaned and stuck the median wall.,20205076736,2020,O,5/1/2020 0:00,12,SCUYIR00480**C,S,CUY,12.601,41.422861,-81.743005,9246,17668.0,5/14/2020 0:00,13,5,N,2.0,Y,Y,1.0,19,0,,,,Y,12.601,SCUYIR00480**C,N,1,18-0218-18,1,5,N,1,0,1,BROOKLYN,1,E,Y,N,8.0,Y,0.05,,N,,N,CLEVELAND,N,,0,,,,480,IR,,15.0,N,,,15,2,,,,,N,N,Y,0,0,N,1.0,0,2,1,,128121.0,N,14.905,37,Y,5,3,4,1,M,N,N,N,0,4,35,1,0,60,1,35,0,0,0,0,0,1,6,NT,3,65,,,,,,,,,,,,,,,,,,,,,,,,,,,,,,,,,,0,4,48107.0,unit1 traveling interstate . unit1 hydroplaned stuck median wall .,C,"[0.14656397700309753, 0.8187805414199829, 0.03465547785162926]",C,"[0.10195469111204147, 0.8904761075973511, 0.007569258566945791]",O,"[0.9951171875, 0.00439453125, 0.00029468536376953125]"
939,939,205077431,"unit #1 was northbound on interstate route 71 in the middle lane. unit #1 hydroplaned, slid off the right side, and struck a guard rail.",20205077431,2020,O,5/1/2020 0:00,3,SWAYRA85004**C,S,WAY,0.386,40.934271,-82.10987,18322,99999.0,5/18/2020 0:00,13,2,N,4.0,Y,Y,2.0,14,0,96400.0,7d6bfa3a-ae74-44a8-b801-a2baa9f1f7dc,4b8e8f51-2fe9-409f-9859-ae3ac70df959,N,0.386,SWAYRA85004**C,N,1,03-0217-85,1,5,,1,0,1,CONGRESS TOWNSHIP,1,N,N,N,,Y,0.5,,N,,N,CONGRESS,N,,0,,,,71,IR,,195.0,N,,,195,2,,,,,N,Y,Y,0,0,N,1.0,0,2,2,,,N,0.386,65,Y,5,8,5,1,F,N,N,N,0,3,30,1,2,70,1,8,30,0,0,0,0,1,6,NT,1,70,,,,,,,,,,,,,,,,,,,,,,,,,,,,,,,,,,0,4,48307.0,"unit1 interstate middle . unit1 hydroplaned , slid side , struck guard rail .",O,"[0.9918453097343445, 0.007646196521818638, 0.000508563534822315]",O,"[0.9962537288665771, 0.0036917361430823803, 5.452983532450162e-05]",O,"[1.0, 3.319978713989258e-05, 8.940696716308594e-07]"
940,940,205077488,both units were taveling westbound on i 70. unit 1 was changing lanes to go north onto i75. unit 2 was right behind unit 1. unit 1 started to hydroplane and struck the wall on the right. unit 1 then struck the trailer on unit 2.,20205077488,2020,O,5/1/2020 0:00,7,SMOTIR00070**N,S,MOT,16.716,39.866,-84.179321,79492,22528.0,5/19/2020 0:00,5,3,N,2.0,Y,Y,1.0,6,0,69100.0,,,Y,16.731,SMOTIR00070**C,Y,1,57-0376-57,1,5,N,2,0,2,VANDALIA,1,E,Y,N,4.0,Y,0.4,,N,,N,BUTLER TOWNSHIP,N,,0,,,,70,IR,,34.0,N,,,34,2,,,,,N,N,Y,0,0,N,1.0,0,2,2,,45261.0,N,34.376,40,Y,5,3,4,1,M,N,N,N,0,3,51,1,1,65,1,8,51,20,0,0,0,1,6,NT,4,65,60.0,1.0,3.0,4.0,1.0,M,,2.0,65.0,1.0,20.0,,,,,,1.0,6.0,NT,15.0,67.0,,,,,,,,,,,,,0,4,48355.0,units taveling . unit1 changing lanes go onto . unit2 behind unit1 . unit1 started hydroplane struck wall . unit1 struck trailer unit2 .,C,"[0.004609598778188229, 0.9698614478111267, 0.025528982281684875]",O,"[0.9843847751617432, 0.015308953821659088, 0.0003063182230107486]",C,"[0.059356689453125, 0.76806640625, 0.1724853515625]"
941,941,205078057,"unit #1 was traveling north on ir77. unit #1 hydroplaned to the right, overcorrected, spun around, ran off the roadway to the left and struck the concrete median wall.",20205078057,2020,O,5/1/2020 0:00,4,SSUMIR00077**C,S,SUM,23.763,41.142312,-81.64545,4248,766.0,5/18/2020 0:00,13,2,N,2.0,Y,Y,1.0,18,0,,,,Y,23.763,SSUMIR00077**C,N,1,77-0187-77,1,5,N,1,0,1,BATH TOWNSHIP,1,S,Y,N,6.0,Y,0.126,,N,,N,BATH TOWNSHIP,N,,0,,,,77,IR,,137.4,N,,,137 4,2,,,,,N,N,Y,0,0,N,1.0,0,2,1,,34535.0,N,137.285,31,Y,5,8,5,1,M,N,N,N,0,3,35,1,0,65,1,9,35,0,0,0,0,1,6,NT,1,55,,,,,,,,,,,,,,,,,,,,,,,,,,,,,,,,,,0,4,48447.0,"unit1 traveling . unit1 hydroplaned , overcorrected , spun around , ran roadway left struck concrete median wall .",O,"[0.5758678913116455, 0.37817755341529846, 0.045954566448926926]",O,"[0.9532834887504578, 0.04430503398180008, 0.002411404624581337]",O,"[0.9970703125, 0.0026111602783203125, 0.0002390146255493164]"
942,942,205078111,unit #1 was traveling in the right lane on ir-75 near milepost 109. unit #1 hydroplaned and went off the right side of the roadway and into the ditch.,20205078111,2020,O,5/1/2020 0:00,7,SAUGIR00075**N,S,AUG,3.045,40.526517,-84.169628,65018,99999.0,5/17/2020 0:00,13,1,N,2.0,Y,Y,1.0,22,0,,,,Y,3.045,SAUGIR00075**C,N,4,06-0239-06,1,5,N,1,0,1,PUSHETA TOWNSHIP,1,S,Y,N,4.0,Y,0.1,,N,,N,PUSHETA TOWNSHIP,N,,0,,,,75,IR,,109.0,N,,,109,2,,,,,N,N,Y,0,0,N,1.0,0,2,2,,81193.0,Y,108.884,29,Y,5,1,2,1,M,N,N,N,0,2,44,1,0,70,1,8,44,0,0,0,0,1,6,NT,4,72,,,,,,,,,,,,,,,,,,,,,,,,,,,,,,,,,,0,4,48466.0,unit1 traveling ir near milepost . unit1 hydroplaned went side roadway ditch .,O,"[0.9747002720832825, 0.021969567984342575, 0.0033300970681011677]",O,"[0.7293016314506531, 0.26699188351631165, 0.003706502728164196]",O,"[0.998046875, 0.001781463623046875, 0.0002129077911376953]"
943,943,205078269,units #1 and #2 were traveling southbound on ir 275. unit #2 began to hydroplane and struck unit #1.,20205078269,2020,O,5/1/2020 0:00,8,SCLEIR00275**C,S,CLE,7.53,39.139923,-84.265126,78288,16885.0,5/18/2020 0:00,5,2,N,2.0,N,Y,1.0,17,0,,,,Y,7.53,SCLEIR00275**C,N,1,13-0732-13,1,5,N,2,0,2,UNION TOWNSHIP,1,N,Y,N,6.0,Y,0.5,,Y,,N,UNION TOWNSHIP,N,,0,,,,275,IR,,61.0,N,,,61,2,,,,,N,N,Y,0,0,N,1.0,0,2,3,,91412.0,N,60.197,45,Y,5,1,2,1,M,N,N,N,0,3,0,2,0,65,1,20,0,0,0,0,0,1,6,NT,1,55,20.0,1.0,1.0,2.0,1.0,M,,1.0,65.0,1.0,20.0,,,,,,1.0,6.0,NT,3.0,70.0,,,,,,,,,,,,,0,4,48524.0,units traveling . unit2 began hydroplane struck unit1 .,O,"[0.9998950958251953, 9.7672498668544e-05, 7.247650955832796e-06]",O,"[0.9999991655349731, 8.666963822179241e-07, 5.479354303616901e-09]",O,"[0.990234375, 0.00830078125, 0.0013141632080078125]"
944,944,205078487,"unit #1 was traveling northbound on sr 4. unit #1 struck high water across sr 4, hydroplaned, and struck a ditch before becoming submerged in high water.",20205078487,2020,O,5/1/2020 0:00,6,SMARSR00004**C,S,MAR,5.048,40.504402,-83.177226,63352,99999.0,5/19/2020 0:00,13,3,N,2.0,Y,N,4.0,1,0,,,,N,5.048,SMARSR00004**C,N,4,51-0351-51,1,5,,1,0,1,PLEASANT TOWNSHIP,1,N,N,N,2.0,Y,0.057,,Y,,N,PLEASANT TOWNSHIP,N,,0,,,,4,SR,,5.0,N,,,5,2,,,,,N,N,N,0,0,N,3.0,0,2,1,,326743.0,N,135.775,22,Y,1,2,1,1,M,N,N,N,0,2,44,1,0,55,1,9,44,3,0,0,0,1,6,NT,1,50,,,,,,,,,,,,,,,,,,,,,,,,,,,,,,,,,,0,4,48549.0,"unit1 traveling . unit1 struck high water across , hydroplaned , struck ditch becoming submerged high water .",O,"[0.9967039227485657, 0.0030906321480870247, 0.0002054431679425761]",O,"[0.9978323578834534, 0.002067926339805126, 9.967327787308022e-05]",O,"[0.92333984375, 0.07171630859375, 0.00530242919921875]"
945,945,205078739,unit #1 was traveling southbound on ir-275 and hydroplaned. unit #1 traveled off the left side of the road and struck the cable barrier.,20205078739,2020,O,5/1/2020 0:00,8,SCLEIR00275**N,S,CLE,10.811,39.096342,-84.287322,78288,16885.0,5/16/2020 0:00,13,7,N,2.0,Y,Y,1.0,8,0,10500.0,,,Y,10.8,SCLEIR00275**C,N,1,13-0718-13,1,5,N,1,0,1,UNION TOWNSHIP,1,N,Y,N,6.0,Y,0.02,,N,,N,UNION TOWNSHIP,N,,0,,,,275,IR,,64.0,N,,,64,2,,,,,N,N,Y,0,0,N,1.0,0,2,1,,56940.0,N,63.478,41,Y,5,1,2,1,M,N,N,N,0,3,33,1,0,65,1,9,33,0,0,0,0,1,6,NT,4,0,,,,,,,,,,,,,,,,,,,,,,,,,,,,,,,,,,0,4,48641.0,unit1 traveling ir hydroplaned . unit1 traveled left side struck cable barrier .,O,"[0.9904336929321289, 0.008651805110275745, 0.0009144931100308895]",O,"[0.9993797540664673, 0.0006077395519241691, 1.2464523933886085e-05]",O,"[0.9990234375, 0.00115203857421875, 5.555152893066406e-05]"