,id,OBJECTID,Narrative,DOCUMENT_NBR,CRASH_YR,CRASH_SEVERITY_CD,CRASH_MONTH_YEAR,DISTRICT_NBR,NLFID,NLF_JUR_CD,NLF_COUNTY_CD,COUNTY_LOG_NBR,ODOT_LATITUDE_NBR,ODOT_LONGITUDE_NBR,ODOT_FIPS_CD,AREA_CODE,CRASH_DATE,CRASH_TYPE_CD,DAY_IN_WEEK_CD,DISTRACTED_DRIVER_IND,FACILITY_TYPE_CD,FHWA_RDWY_DEPARTURE_IND,FREEWAY_IND,FUNCTIONAL_CLASS_CD,HOUR_OF_CRASH,INCAPAC_INJURIES_NBR,INTERCHANGE_ID,INTERSECTION_ID_CURRENT,INTERSECTION_LEG_ID,INTERSTATE_IND,INV_LOG_NBR,INV_NLFID,IS_COMMERCIAL_RELATED,LIGHT_COND_PRIMARY_CD,LOCAL_REPORT_NUMBER_ID,MAINTENANCE_AUTHORITY_CD,MONTH_OF_CRASH,NHS_CD,NO_INJURY_REPORTED_NBR,NON_INCAPAC_INJURIES_NBR,NUMBER_OF_UNITS_NBR,ODOT_CITY_VILLAGE_TWP_NME,ODOT_CRASH_LOCATION_CD,ODOT_DIR_FROM_REF_CD,ODOT_DIV_UNDIV_IND,ODOT_INTERSECTION_REL_IND,ODOT_LANES_NBR,ODOT_MAINTAINED_HWY_IND,ODOT_MILES_FROM_REF_NBR,ODOT_REF_ROUTE_PREFIX_CD,ODOT_YOUNG_DRIVER_IND,ODPS_ADDRESS_REFERENCE,ODPS_ALCOHOL_IND,ODPS_CITY_VILLAGE_TWP_NME,ODPS_DRUG_IND,ODPS_LOC_DIR_SUFFIX_CD,ODPS_LOC_IN_WORK_ZONE_CD,ODPS_LOC_ROAD_DIRECTION_CD,ODPS_LOC_ROAD_NME,ODPS_LOC_ROAD_SUFFIX_CD,ODPS_LOC_ROUTE_ID,ODPS_LOC_ROUTE_PREFIX_CD,ODPS_LOC_ROUTE_SUFFIX_CD,ODPS_MILEPOST_REFERENCE,ODPS_MOTORCYCLE_IND,ODPS_REF_DIR_SUFFIX_CD,ODPS_REF_DIRECTION_CD,ODPS_REF_GIVEN,ODPS_REF_POINT_USED_CD,ODPS_REF_ROUTE_ID,ODPS_REF_ROUTE_PREFIX_CD,ODPS_REF_ROUTE_SUFFIX_CD,ODPS_REF_SUFFIX_CD,ODPS_SCHOOL_ZONE_IND,ODPS_SENIOR_DRIVER_IND,ODPS_SPEED_IND,ODPS_TOTAL_FATALITIES_NBR,ODPS_TYPE_OF_WORK_ZONE_CD,ODPS_WORK_ZONE_IND,OPER_ACCESS_CONTROL_CD,POSSIBLE_INJURIES_NBR,ROAD_COND_PRIMARY_CD,ROAD_CONTOUR_CD,SA_RAMP_ID,SA_SEGMENT_ID,SECONDARY_CRASH,STATE_TRUE_LOG_NBR,U1_AGE_NBR,U1_AT_FAULT_IND,U1_CONT_CIR_PRIMARY_CD,U1_DIRECTION_FROM_CD,U1_DIRECTION_TO_CD,U1_DISTRACTED_BY_1_CD,U1_GENDER_CD,U1_IS_ALCOHOL_SUSPECTED,U1_IS_MARIJUANA_SUSPECTED,U1_IS_OTHER_DRUG_SUSPECTED,U1_NON_MOTORIST_LOC_CD,U1_NUMBER_OF_THRU_LANES,U1_OBJECT_STRUCK,U1_ODPS_UNIT_NBR,U1_OPERATINGIN_AUTONOMOUS_MODE,U1_POSTED_SPEED_NBR,U1_PRECRASH_ACTION_CD,U1_SEQ_OF_EVENTS_1_CD,U1_SEQ_OF_EVENTS_2_CD,U1_SEQ_OF_EVENTS_3_CD,U1_SEQ_OF_EVENTS_4_CD,U1_SEQ_OF_EVENTS_5_CD,U1_SEQ_OF_EVENTS_6_CD,U1_SPECIAL_FUNCTION_CD,U1_TRAFFIC_CONTROL_CD,U1_TURN_CD,U1_TYPE_OF_UNIT_CD,U1_UNIT_SPEED_NBR,U2_AGE_NBR,U2_CONT_CIR_PRIMARY_CD,U2_DIRECTION_FROM_CD,U2_DIRECTION_TO_CD,U2_DISTRACTED_BY_1_CD,U2_GENDER_CD,U2_NON_MOTORIST_LOC_CD,U2_ODPS_UNIT_NBR,U2_POSTED_SPEED_NBR,U2_PRECRASH_ACTION_CD,U2_SEQ_OF_EVENTS_1_CD,U2_SEQ_OF_EVENTS_2_CD,U2_SEQ_OF_EVENTS_3_CD,U2_SEQ_OF_EVENTS_4_CD,U2_SEQ_OF_EVENTS_5_CD,U2_SEQ_OF_EVENTS_6_CD,U2_SPECIAL_FUNCTION_CD,U2_TRAFFIC_CONTROL_CD,U2_TURN_CD,U2_TYPE_OF_UNIT_CD,U2_UNIT_SPEED_NBR,U3_CONT_CIR_PRIMARY_CD,U3_ODPS_UNIT_NBR,U3_PRECRASH_ACTION_CD,U3_SEQ_OF_EVENTS_1_CD,U3_SEQ_OF_EVENTS_2_CD,U3_SEQ_OF_EVENTS_3_CD,U3_SEQ_OF_EVENTS_4_CD,U3_SEQ_OF_EVENTS_5_CD,U3_SEQ_OF_EVENTS_6_CD,U3_SPECIAL_FUNCTION_CD,U3_TRAFFIC_CONTROL_CD,U3_TYPE_OF_UNIT_CD,UNRESTRAIN_OCCUPANTS,WEATHER_COND_CD,V1,clean_Narrative,BERT_predictions,BERT_prediction_probabilities,RoBERTa_predictions,RoBERTa_predictions_probabilities,distilBERT_predictions,distilBERT_predictions_probabilities
946,946,205079293,unit 1 was northbound on ir 75 hydroplaned driving off the right side of the roadway striking a ditch.,20205079293,2020,O,5/1/2020 0:00,8,SWARIR00075**C,S,WAR,7.113,39.532465,-84.30804,28476,56926.0,5/19/2020 0:00,13,3,N,2.0,Y,Y,1.0,6,0,,,,Y,7.113,SWARIR00075**C,N,4,83-0304-83,1,5,N,1,0,1,FRANKLIN,1,S,Y,N,8.0,Y,0.2,,Y,,N,FRANKLIN TOWNSHIP,N,,0,,,,75,IR,,36.0,N,,,36,2,,,,,N,N,Y,0,0,N,1.0,0,2,2,,81235.0,N,35.843,25,Y,5,8,5,1,M,N,N,N,0,4,44,1,0,65,1,8,44,0,0,0,0,1,6,NT,1,55,,,,,,,,,,,,,,,,,,,,,,,,,,,,,,,,,,0,4,48741.0,unit1 hydroplaned driving side roadway striking ditch .,O,"[0.9968189001083374, 0.0029703357722610235, 0.00021083462343085557]",O,"[0.9553890228271484, 0.0438317209482193, 0.000779244233854115]",O,"[0.73876953125, 0.25732421875, 0.00411224365234375]"
947,947,205079830,"unit 1 was westbound on interstate route 70 when it hydroplaned, ran off the road left striking the median cable barrier. unit 1 crossed the westbound lanes of interstate route 70 and ran off the road right.",20205079830,2020,O,5/1/2020 0:00,5,SLICIR00070**N,S,LIC,10.405,39.944181,-82.578152,78400,99999.0,5/20/2020 0:00,13,4,N,2.0,Y,Y,1.0,17,0,,,,Y,10.4,SLICIR00070**C,N,1,45-0194-45,1,5,N,1,0,1,UNION TOWNSHIP,1,W,Y,N,4.0,Y,0.2,,Y,,N,UNION TOWNSHIP,N,,0,,,,70,IR,,124.0,N,,,124,2,,,,,N,N,Y,0,0,N,1.0,0,2,1,,33708.0,N,123.77,21,Y,5,3,4,1,F,N,N,N,0,2,33,1,0,70,1,9,33,8,0,0,0,1,6,NT,1,70,,,,,,,,,,,,,,,,,,,,,,,,,,,,,,,,,,0,4,48939.0,"unit1 interstate hydroplaned , ran left striking median cable barrier . unit1 crossed lanes interstate ran .",C,"[0.15385772287845612, 0.8262811899185181, 0.019861111417412758]",O,"[0.5769199132919312, 0.4205242395401001, 0.00255583762191236]",C,"[0.2159423828125, 0.775390625, 0.00913238525390625]"
948,948,205080954,"unit 1 was traveling westbound on sr 141 when it hydroplaned, traveled off the right side of the roadway and struck a ditch.",20205080954,2020,O,5/1/2020 0:00,9,SLAWSR00141**C,S,LAW,3.698,38.547808,-82.624246,78974,99999.0,5/20/2020 0:00,13,4,N,2.0,Y,N,5.0,5,0,,,,N,3.698,SLAWSR00141**C,N,4,44-0247-44,1,5,,1,0,1,UPPER TOWNSHIP,1,E,N,N,2.0,Y,0.6,,Y,,N,UPPER TOWNSHIP,N,,0,,,,141,SR,,3.0,N,,,3,2,,,,,N,N,Y,0,0,N,3.0,0,2,3,,176787.0,N,3.698,21,Y,5,3,4,1,M,N,N,N,0,2,37,1,0,40,13,8,37,44,37,0,0,1,6,NT,1,30,,,,,,,,,,,,,,,,,,,,,,,,,,,,,,,,,,0,4,49345.0,"unit1 traveling hydroplaned , traveled side roadway struck ditch .",O,"[0.9172387719154358, 0.07503529638051987, 0.007725987117737532]",O,"[0.9982879757881165, 0.001632580067962408, 7.941522926557809e-05]",O,"[0.93359375, 0.06256103515625, 0.00434112548828125]"
949,949,205081636,unit #1 was traveling northbound on ir-71 in the left lane.the driver of unit #1 hydroplaned and ran off the left side of the roadway. unit #1 struck a milepost sign then a cable median barrier coming to final rest in the median.,20205081636,2020,O,5/1/2020 0:00,12,SCUYIR00071**C,S,CUY,1.972,41.304557,-81.808479,75098,17668.0,5/18/2020 0:00,13,2,N,2.0,Y,Y,1.0,15,0,,,,Y,1.972,SCUYIR00071**C,N,1,18-0228-18,1,5,N,2,0,1,STRONGSVILLE,1,N,Y,N,6.0,Y,0.6,,Y,,N,STRONGSVILLE,N,,0,,,,71,IR,,230.0,N,,,230,2,,,,,N,N,Y,0,0,N,1.0,0,2,1,,33781.0,N,230.663,19,Y,5,2,1,1,F,N,N,N,0,3,33,1,2,70,1,9,37,33,0,0,0,1,6,NT,1,68,,,,,,,,,,,,,,,,,,,,,,,,,,,,,,,,,,0,4,49633.0,unit1 traveling ir left .the driver unit1 hydroplaned ran left side roadway . unit1 struck milepost sign cable median barrier coming final rest median .,O,"[0.999600350856781, 0.0003795143566094339, 2.0158566258032806e-05]",O,"[0.9999927282333374, 7.1184063017426524e-06, 1.417194397390631e-07]",O,"[0.9990234375, 0.0009546279907226562, 4.392862319946289e-05]"
950,950,205081951,unit 1 was south on interstate 77 in the middle lane and started to hydroplane striking the guardrail.,20205081951,2020,O,5/1/2020 0:00,4,SSUMIR00077**N,S,SUM,21.809,41.119269,-81.644468,18658,766.0,5/22/2020 0:00,13,6,N,2.0,Y,Y,1.0,10,0,,,,Y,21.821,SSUMIR00077**C,N,1,77-0190-77,1,5,N,1,0,1,COPLEY TOWNSHIP,1,N,Y,N,6.0,Y,100.0,,Y,,N,COPLEY TOWNSHIP,N,,0,,,,77,IR,,135.0,N,,,,2,,,,,N,N,Y,0,0,N,1.0,0,2,1,,45449.0,N,135.331,24,Y,5,1,2,1,M,N,N,N,0,3,30,1,0,65,1,9,30,0,0,0,0,1,6,NT,1,50,,,,,,,,,,,,,,,,,,,,,,,,,,,,,,,,,,0,4,49746.0,unit1 interstate middle started hydroplane striking guardrail .,O,"[0.9999943971633911, 5.199915904086083e-06, 3.796313592374645e-07]",O,"[0.9999997615814209, 1.8702068871334632e-07, 8.263066897384874e-10]",O,"[1.0, 1.7642974853515625e-05, 1.7285346984863281e-06]"
951,951,205082655,both units were traveling westbound on the ohio turnpike. unit 1 was in the middle lane. unit 2 was in the left lane. unit 2 lost control of her vehicle due to hydroplaning. unit 2 then struck unit 1.,20205082655,2020,O,5/1/2020 0:00,3,SERIIR00080*KN,S,ERI,23.898,41.33501,-82.389504,27482,99999.0,5/25/2020 0:00,6,2,N,2.0,N,Y,1.0,15,0,,,,Y,23.893,SERIIR00080*KC,N,1,90-0241-22,31,5,N,4,0,2,FLORENCE TOWNSHIP,1,,Y,N,6.0,N,0.0,,N,,N,FLORENCE TOWNSHIP,N,,0,,,,80,IR,K,130.0,N,,,130,2,,,,,N,N,Y,0,0,N,1.0,0,2,1,,91327.0,N,130.014,51,Y,5,3,4,1,F,N,N,N,0,3,0,2,0,70,1,20,0,0,0,0,0,1,6,NT,3,70,62.0,1.0,4.0,3.0,1.0,F,,1.0,70.0,1.0,20.0,,,,,,1.0,6.0,NT,3.0,70.0,,,,,,,,,,,,,0,4,49947.0,units traveling ohio turnpike . unit1 middle . unit2 left . unit2 lost control vehicle due hydroplaning . unit2 struck unit1 .,O,"[0.996782660484314, 0.0030103973113000393, 0.00020686695643234998]",O,"[0.9976213574409485, 0.002288788789883256, 8.984583109850064e-05]",O,"[1.0, 0.0003571510314941406, 2.6285648345947266e-05]"
952,952,205082799,"unit #1 was southwest on cr 18 when the driver hydroplaned on the water covered roadway, drove off the right side of the roadway, struck a ditch and two trees.",20205082799,2020,O,5/1/2020 0:00,9,CLAWCR00018**C,C,LAW,3.322,38.436025,-82.542459,26782,99999.0,5/20/2020 0:00,13,4,N,,Y,N,5.0,23,0,,,,N,3.322,CLAWCR00018**C,N,4,44-0250-44,2,5,,1,0,1,FAYETTE TOWNSHIP,1,S,N,N,2.0,N,0.4,CR,N,,N,FAYETTE TOWNSHIP,N,,0,,,,18,CR,,,N,,,,1,144,CR,,,N,N,Y,0,0,N,,0,2,1,,9085.0,N,3.322,33,Y,5,5,8,1,M,N,N,N,0,2,48,1,0,40,1,8,44,48,48,0,0,13,6,NT,1,50,,,,,,,,,,,,,,,,,,,,,,,,,,,,,,,,,,0,4,49975.0,"unit1 cr driver hydroplaned water covered roadway , drove side roadway , struck ditch two trees .",O,"[0.9999992847442627, 5.66070127661078e-07, 6.433114663195738e-08]",O,"[0.7624635100364685, 0.23628154397010803, 0.0012549401726573706]",O,"[0.97705078125, 0.0227508544921875, 0.0005402565002441406]"
953,953,205083138,both units were eastbound on i.r. 80 / ohio turnpike. unit #1 was in the right lane. unit #2 was in the center lane and hydroplaned striking the left door of unit #1.,20205083138,2020,O,5/1/2020 0:00,4,SPORIR00080*KC,S,POR,9.179,41.244017,-81.217458,71731,99999.0,5/29/2020 0:00,5,6,N,2.0,N,Y,1.0,11,0,,,,Y,9.179,SPORIR00080*KC,N,1,91-0195-67,31,5,N,5,0,2,SHALERSVILLE TOWNSHIP,1,W,Y,N,6.0,N,0.1,,N,,N,SHALERSVILLE TOWNSHIP,N,,0,,,,80,IR,K,195.0,N,,,195,2,,,,,N,Y,N,0,0,N,1.0,0,2,1,,47159.0,N,194.827,76,Y,9,4,3,1,M,N,N,N,0,3,0,2,0,70,1,20,0,0,0,0,0,1,6,NT,3,70,55.0,1.0,4.0,3.0,1.0,F,,1.0,70.0,1.0,20.0,,,,,,1.0,6.0,NT,3.0,65.0,,,,,,,,,,,,,0,4,50166.0,units i.r . ohio turnpike . unit1 . unit2 center hydroplaned striking left door unit1 .,O,"[0.9984001517295837, 0.001481456682085991, 0.00011841941886814311]",O,"[0.999821126461029, 0.0001759719307301566, 2.959739731522859e-06]",O,"[0.90380859375, 0.09124755859375, 0.005008697509765625]"
954,954,205083191,unit # 1 and unit # 2 were traveling north bound on ir 75. unit # 1 lost control of his vehicle hydroplaned and was struck by unit # 2 in the rear. unit # 1 ran off the right side of roadway.,20205083191,2020,C,5/1/2020 0:00,8,SBUTIR00075**C,S,BUT,10.53,39.425124,-84.34477,43050,16885.0,5/25/2020 0:00,5,2,N,2.0,N,Y,1.0,14,0,,,,Y,10.53,SBUTIR00075**C,N,1,09-0211-09,1,5,N,2,0,2,LIBERTY TOWNSHIP,1,S,Y,N,8.0,Y,0.0,,N,,N,LIBERTY TOWNSHIP,N,,0,,,,75,IR,,28.0,N,,,28,2,,,,,N,Y,Y,0,0,N,1.0,2,2,1,,56734.0,N,28.01,55,Y,5,2,1,1,M,N,N,N,0,4,0,1,0,65,1,20,9,0,0,0,0,1,6,NT,1,65,66.0,1.0,2.0,1.0,1.0,M,,2.0,65.0,1.0,20.0,,,,,,1.0,6.0,NT,1.0,60.0,,,,,,,,,,,,,0,4,50212.0,unit1 unit2 traveling . unit1 lost control vehicle hydroplaned struck unit2 rear . unit1 ran side roadway .,O,"[0.4792644679546356, 0.416695237159729, 0.1040402203798294]",C,"[0.3159385323524475, 0.6726292967796326, 0.011432155966758728]",C,"[0.26953125, 0.578125, 0.1522216796875]"
955,955,205084505,"unit 1 was traveling eastbound on ir 70. unit 1 hydroplaned and lost control of his vehicle. unit 1 ran off of the road right, struck a ditch, struck a fence, and struck a tree before coming to final rest.",20205084505,2020,AB,5/1/2020 0:00,8,SPREIR00070**C,S,PRE,12.717,39.836013,-84.576605,33992,99999.0,5/23/2020 0:00,13,7,N,2.0,Y,Y,1.0,17,0,,,,Y,12.717,SPREIR00070**C,N,1,57-0390-68,1,5,N,0,1,1,HARRISON TOWNSHIP,1,E,Y,N,4.0,Y,0.71,,N,,N,HARRISON TOWNSHIP,N,,0,,,,70,IR,,12.0,N,,,12,2,,,,,N,N,Y,0,0,N,1.0,0,2,1,,45273.0,N,12.717,44,Y,5,4,3,1,M,N,N,N,0,2,48,1,1,70,1,8,44,46,48,0,0,1,6,NT,4,60,,,,,,,,,,,,,,,,,,,,,,,,,,,,,,,,,,0,4,50596.0,"unit1 traveling . unit1 hydroplaned lost control vehicle . unit1 ran , struck ditch , struck fence , struck tree coming final rest .",O,"[0.8842605948448181, 0.0974385067820549, 0.018300902098417282]",C,"[0.24840277433395386, 0.7293002605438232, 0.022296886891126633]",O,"[0.82373046875, 0.152099609375, 0.024444580078125]"
956,956,205089649,"all unit's were traveling norht in interstate 75. unit #1 hydroplaned, spun around and struck unit #2.",20205089649,2020,AB,6/1/2020 0:00,8,SBUTIR00075**C,S,BUT,10.83,39.429056,-84.342393,51310,16885.0,6/3/2020 0:00,5,4,N,2.0,N,Y,1.0,20,0,,,,Y,10.83,SBUTIR00075**C,N,1,83-0352-83,1,6,N,1,1,2,MONROE,1,N,Y,N,8.0,Y,0.3,,Y,,N,TURTLECREEK TOWNSHIP,N,,0,,,,75,IR,,28.0,N,,,28,2,,,,,N,N,Y,0,0,N,1.0,0,2,1,,56735.0,N,28.31,25,Y,5,2,1,1,M,N,N,N,0,4,0,1,0,65,1,20,0,0,0,0,0,1,6,NT,1,70,48.0,1.0,2.0,1.0,1.0,F,,2.0,65.0,1.0,20.0,,,,,,1.0,6.0,NT,1.0,50.0,,,,,,,,,,,,,0,4,52094.0,"unit 's traveling norht interstate . unit1 hydroplaned , spun around struck unit2 .",O,"[0.9994521737098694, 0.0005185957415960729, 2.9231483495095745e-05]",O,"[0.9181564450263977, 0.07994277030229568, 0.0019007676746696234]",O,"[0.998046875, 0.001979827880859375, 0.0002448558807373047]"
957,957,205089650,"unit #1 was traveling northeast of interstate 71. unit #2 hydroplaned, lost control, ran off road right and struck a guardrail.",20205089650,2020,O,6/1/2020 0:00,8,SWARIR00071**C,S,WAR,4.238,39.344339,-84.276523,48188,16885.0,6/4/2020 0:00,13,5,N,2.0,Y,Y,1.0,14,0,,,,Y,4.238,SWARIR00071**C,N,1,83-0356-83,1,6,N,1,0,1,MASON,1,N,Y,N,6.0,Y,0.1,,N,,N,DEERFIELD TOWNSHIP,N,,0,,,,71,IR,,24.0,N,,,24,2,,,,,N,Y,Y,0,0,N,1.0,0,2,3,,34004.0,N,24.138,69,Y,5,8,5,1,M,N,N,N,0,4,30,1,0,65,1,8,30,0,0,0,0,1,6,NT,1,65,,,,,,,,,,,,,,,,,,,,,,,,,,,,,,,,,,0,4,52095.0,"unit1 traveling interstate . unit2 hydroplaned , lost control , ran struck guardrail .",O,"[0.9895067811012268, 0.009661498479545116, 0.0008317108149640262]",C,"[0.1879063993692398, 0.7808467745780945, 0.031246742233633995]",O,"[0.82666015625, 0.1671142578125, 0.006565093994140625]"
958,958,205091047,while traveling eastbound on the ohio turnpike unit #1 hydroplaned went off the right side of the shoulder and struck the guardrail multiple times.,20205091047,2020,O,6/1/2020 0:00,2,SLUCIR00080*KC,S,LUC,12.526,41.590546,-83.643378,48342,87868.0,6/10/2020 0:00,13,4,N,2.0,Y,Y,1.0,17,0,,,,Y,12.526,SLUCIR00080*KC,N,1,89-0180-48,31,6,N,1,0,1,MAUMEE,1,,Y,N,6.0,N,0.0,,N,,N,MAUMEE,N,,0,,,,80,IR,K,61.0,N,,,61,2,,,,,N,N,Y,0,0,N,1.0,0,2,4,,81439.0,N,60.98,30,Y,5,4,3,1,M,N,N,N,0,3,30,1,0,70,1,8,30,30,30,0,0,1,6,NT,1,60,,,,,,,,,,,,,,,,,,,,,,,,,,,,,,,,,,0,4,52475.0,traveling ohio turnpike unit1 hydroplaned went side shoulder struck guardrail multiple times .,O,"[0.8098360896110535, 0.17888052761554718, 0.01128335576504469]",C,"[0.4983918070793152, 0.500783383846283, 0.0008248451049439609]",O,"[0.9970703125, 0.0023212432861328125, 0.0001137852668762207]"
959,959,205092524,"unit #1 was traveling northeast on sr 32 in the right lane, when it hydroplaned, traveled into the median and struck two sign posts.",20205092524,2020,O,6/1/2020 0:00,9,MJACMR00098**C,M,JAC,0.416,39.040196,-82.629338,37842,99739.0,6/10/2020 0:00,13,4,N,,Y,N,7.0,20,0,,,,N,0.416,MJACMR00098**C,N,2,40-0350-40,4,6,,1,0,1,JACKSON,6,,N,Y,2.0,N,0.0,TR,N,,N,JACKSON,N,,0,,STATE ROUTE 32 E,,32,SR,,,N,,,TR 261 E,1,261,TR,,,N,N,Y,0,0,N,,0,2,2,,82860.0,N,0.416,36,Y,5,8,5,1,M,N,N,N,0,2,37,1,0,60,1,10,37,0,0,0,0,1,2,NT,4,60,,,,,,,,,,,,,,,,,,,,,,,,,,,,,,,,,,0,4,53297.0,"unit1 traveling , hydroplaned , traveled median struck two sign posts .",O,"[0.9997966885566711, 0.00019356199481990188, 9.733831575431395e-06]",O,"[0.9862951636314392, 0.012840413488447666, 0.0008644590270705521]",O,"[0.9990234375, 0.0005230903625488281, 3.236532211303711e-05]"
960,960,205098723,"unit 1 was westbound on ir70, hydroplaned on the wet roadway, and went into the center median. unit 1 then jacknifed, and went off the left side and struck the median. unit 1 then came to rest off the right side of the road.",20205098723,2020,C,6/1/2020 0:00,5,SMUSIR00070**N,S,MUS,10.663,39.94943,-82.02635,26502,99786.0,6/22/2020 0:00,13,2,N,2.0,N,Y,1.0,6,0,,,,Y,10.74,SMUSIR00070**C,Y,1,60-0478-60,1,6,N,0,0,1,FALLS TOWNSHIP,1,E,Y,N,4.0,Y,0.5,,N,,N,FALLS TOWNSHIP,N,,0,,,,70,IR,,153.0,N,,,153,2,,,,,N,N,Y,0,0,N,1.0,1,2,3,,45266.0,N,153.448,59,Y,5,3,4,1,M,N,N,N,0,2,35,1,0,70,1,4,9,35,8,0,0,1,6,NT,15,62,,,,,,,,,,,,,,,,,,,,,,,,,,,,,,,,,,0,4,55610.0,"unit1 , hydroplaned wet roadway , went center median . unit1 jacknifed , went left side struck median . unit1 came rest side .",O,"[0.9999995231628418, 4.4971011448069476e-07, 5.124184809801591e-08]",O,"[0.9992283582687378, 0.0007646578596904874, 7.0407108978542965e-06]",O,"[1.0, 5.960464477539063e-08, 0.0]"
961,961,205099294,unit #1 was northbound on interstate route 71 in the middle lane. unit #1 hydroplaned and went off the left side of the road. unit #1 struck the median cable barrier and came to rest in the median.,20205099294,2020,O,6/1/2020 0:00,3,SWAYIR00071**C,S,WAY,5.565,40.97273,-82.048325,18322,99999.0,6/21/2020 0:00,13,1,N,2.0,Y,Y,1.0,16,0,,,,Y,5.565,SWAYIR00071**C,N,1,03-0283-85,1,6,N,1,0,1,CONGRESS TOWNSHIP,1,N,Y,N,6.0,Y,0.4,,Y,,N,CONGRESS,N,,0,,,,71,IR,,200.0,N,,,200,2,,,,,N,N,Y,0,0,N,1.0,0,2,2,,34008.0,N,200.446,21,Y,5,8,5,1,F,N,N,N,0,3,33,1,2,70,1,9,33,0,0,0,0,1,6,NT,1,50,,,,,,,,,,,,,,,,,,,,,,,,,,,,,,,,,,0,4,55726.0,unit1 interstate middle . unit1 hydroplaned went left side . unit1 struck median cable barrier came rest median .,O,"[0.8709406852722168, 0.11934404820203781, 0.00971521157771349]",O,"[0.8675049543380737, 0.1319357305765152, 0.0005592519300989807]",O,"[0.99609375, 0.0038242340087890625, 0.00026226043701171875]"
962,962,205100658,"unit 1 was traveling northeast on sr 32 and exited on the ramp to us 35. unit 1 hydroplaned, traveled off the left side of the ramp, and struck a ditch",20205100658,2020,O,6/1/2020 0:00,9,SJACSR00032**C,S,JAC,11.2,39.040875,-82.621868,43442,99739.0,6/25/2020 0:00,13,5,N,2.0,Y,N,3.0,15,0,,,,N,11.2,SJACSR00032**C,N,1,40-0383-40,1,6,N,1,0,1,LICK TOWNSHIP,1,E,Y,N,4.0,Y,0.2,,N,,N,LICK TOWNSHIP,N,,0,,,,32,SR,,11.0,N,,,11,2,,,,,N,N,Y,0,0,N,2.0,0,2,3,,150975.0,N,108.653,30,Y,5,8,5,1,M,N,N,N,0,1,44,1,0,60,13,9,44,0,0,0,0,1,6,NT,1,55,,,,,,,,,,,,,,,,,,,,,,,,,,,,,,,,,,0,4,56081.0,"unit1 traveling exited ramp us . unit1 hydroplaned , traveled left side ramp , struck ditch",O,"[0.9576413631439209, 0.040047407150268555, 0.002311285585165024]",O,"[0.9506300687789917, 0.04023033380508423, 0.009139557369053364]",O,"[0.88720703125, 0.10577392578125, 0.007076263427734375]"
963,963,205101351,unit #1 was southbound on ir-71. unit #1 hydroplaned and went off the left side and struck a median barrier cable.,20205101351,2020,AB,6/1/2020 0:00,3,SASDIR00071**N,S,ASD,12.103,40.887695,-82.190252,61756,99999.0,6/23/2020 0:00,13,3,N,2.0,Y,Y,1.0,11,0,,,,Y,12.099,SASDIR00071**C,N,1,03-0287-03,1,6,N,0,1,1,PERRY TOWNSHIP,1,S,Y,N,6.0,Y,0.2,,N,,N,PERRY TOWNSHIP,N,,0,,,,71,IR,,191.0,N,,,191,2,,,,,N,N,Y,0,0,N,1.0,0,2,1,,81125.0,N,190.83,29,Y,5,5,8,1,F,N,N,N,0,3,33,1,2,70,1,9,33,0,0,0,0,1,6,NT,1,70,,,,,,,,,,,,,,,,,,,,,,,,,,,,,,,,,,0,4,56262.0,unit1 ir . unit1 hydroplaned went left side struck median barrier cable .,O,"[0.8846309781074524, 0.10330815613269806, 0.012060797773301601]",O,"[0.9931337833404541, 0.00666126050055027, 0.000204951866180636]",O,"[0.97802734375, 0.021270751953125, 0.0005183219909667969]"
964,964,205101461,"unit 1 was traveling eastbound on ir 70. unit 1 hydroplaned causing him to go off of the road right, strike a ditch, and rollover before coming to final rest on the embankment.",20205101461,2020,AB,6/1/2020 0:00,7,SMOTIR00070**C,S,MOT,11.498,39.859443,-84.276731,25396,22528.0,6/21/2020 0:00,13,1,N,2.0,Y,Y,1.0,20,0,,,,Y,11.498,SMOTIR00070**C,N,2,57-0479-57,1,6,N,1,1,1,ENGLEWOOD,1,E,Y,N,6.0,Y,0.2,,Y,,N,ENGLEWOOD,N,,0,,,,70,IR,,29.0,N,,,29,2,,,,,N,N,Y,0,0,N,1.0,0,2,1,,107473.0,N,29.158,18,Y,5,4,3,1,M,N,N,N,0,4,45,1,1,65,1,8,44,1,45,0,0,1,6,NT,1,73,,,,,,,,,,,,,,,,,,,,,,,,,,,,,,,,,,0,4,56315.0,"unit1 traveling . unit1 hydroplaned causing go , strike ditch , rollover coming final rest embankment .",C,"[0.004396980162709951, 0.9482359290122986, 0.04736710712313652]",C,"[0.009471248835325241, 0.9877248406410217, 0.0028038376476615667]",AB,"[0.019989013671875, 0.378173828125, 0.6015625]"
965,965,205101725,"unit #1 was traveling northbound on interstate route 275. unit #1 hydroplaned, traveled off the left side of the roadway, and struck the cable median barrier.",20205101725,2020,O,6/1/2020 0:00,8,SCLEIR00275**N,S,CLE,10.007,39.106776,-84.280701,78288,16885.0,6/26/2020 0:00,13,6,N,2.0,Y,Y,1.0,15,0,,,,Y,10.02,SCLEIR00275**C,N,1,13-0948-13,1,6,N,1,0,1,UNION TOWNSHIP,1,,Y,N,6.0,Y,0.0,,N,,N,UNION TOWNSHIP,N,,0,,,,275,IR,,63.0,N,,,63,2,,,,,N,N,Y,0,0,N,1.0,0,2,1,,56940.0,N,62.674,37,Y,5,2,1,1,M,N,N,N,0,3,33,1,0,65,1,9,33,0,0,0,0,1,6,NT,4,60,,,,,,,,,,,,,,,,,,,,,,,,,,,,,,,,,,0,4,56487.0,"unit1 traveling interstate . unit1 hydroplaned , traveled left side roadway , struck cable median barrier .",O,"[0.9957129955291748, 0.0039797076024115086, 0.0003073652624152601]",O,"[0.998984158039093, 0.000980451237410307, 3.541511614457704e-05]",O,"[1.0, 7.748603820800781e-07, 5.960464477539063e-08]"
966,966,205101800,"unit #1 was traveling southbound on the exit ramp from interstate route 275 to state route 32 eastbound. unit #1 hydroplaned, traveled off the right side of the road, struck the end of a guardrail, and overturned.",20205101800,2020,O,6/1/2020 0:00,8,SCLEIR00275**C,S,CLE,10.208,39.104257,-84.282406,78288,16885.0,6/26/2020 0:00,13,6,N,2.0,Y,Y,1.0,16,0,10500.0,,,Y,10.208,SCLEIR00275**C,N,1,13-0949-13,1,6,N,1,0,1,UNION TOWNSHIP,1,S,Y,N,6.0,Y,0.2,,Y,,N,UNION TOWNSHIP,N,,0,,,,275,IR,,63.0,N,,,63,2,,,,,N,N,N,0,0,N,1.0,0,2,3,,56940.0,N,62.875,18,Y,11,1,2,1,M,N,N,N,0,2,31,1,0,65,13,8,31,1,0,0,0,1,6,NT,3,55,,,,,,,,,,,,,,,,,,,,,,,,,,,,,,,,,,0,4,56551.0,"unit1 traveling exit ramp interstate state . unit1 hydroplaned , traveled side , struck end guardrail , overturned .",C,"[0.06890469789505005, 0.9131206274032593, 0.017974667251110077]",C,"[0.025772469118237495, 0.842827558517456, 0.13139991462230682]",O,"[0.60986328125, 0.372802734375, 0.017303466796875]"