,id,OBJECTID,Narrative,DOCUMENT_NBR,CRASH_YR,CRASH_SEVERITY_CD,CRASH_MONTH_YEAR,DISTRICT_NBR,NLFID,NLF_JUR_CD,NLF_COUNTY_CD,COUNTY_LOG_NBR,ODOT_LATITUDE_NBR,ODOT_LONGITUDE_NBR,ODOT_FIPS_CD,AREA_CODE,CRASH_DATE,CRASH_TYPE_CD,DAY_IN_WEEK_CD,DISTRACTED_DRIVER_IND,FACILITY_TYPE_CD,FHWA_RDWY_DEPARTURE_IND,FREEWAY_IND,FUNCTIONAL_CLASS_CD,HOUR_OF_CRASH,INCAPAC_INJURIES_NBR,INTERCHANGE_ID,INTERSECTION_ID_CURRENT,INTERSECTION_LEG_ID,INTERSTATE_IND,INV_LOG_NBR,INV_NLFID,IS_COMMERCIAL_RELATED,LIGHT_COND_PRIMARY_CD,LOCAL_REPORT_NUMBER_ID,MAINTENANCE_AUTHORITY_CD,MONTH_OF_CRASH,NHS_CD,NO_INJURY_REPORTED_NBR,NON_INCAPAC_INJURIES_NBR,NUMBER_OF_UNITS_NBR,ODOT_CITY_VILLAGE_TWP_NME,ODOT_CRASH_LOCATION_CD,ODOT_DIR_FROM_REF_CD,ODOT_DIV_UNDIV_IND,ODOT_INTERSECTION_REL_IND,ODOT_LANES_NBR,ODOT_MAINTAINED_HWY_IND,ODOT_MILES_FROM_REF_NBR,ODOT_REF_ROUTE_PREFIX_CD,ODOT_YOUNG_DRIVER_IND,ODPS_ADDRESS_REFERENCE,ODPS_ALCOHOL_IND,ODPS_CITY_VILLAGE_TWP_NME,ODPS_DRUG_IND,ODPS_LOC_DIR_SUFFIX_CD,ODPS_LOC_IN_WORK_ZONE_CD,ODPS_LOC_ROAD_DIRECTION_CD,ODPS_LOC_ROAD_NME,ODPS_LOC_ROAD_SUFFIX_CD,ODPS_LOC_ROUTE_ID,ODPS_LOC_ROUTE_PREFIX_CD,ODPS_LOC_ROUTE_SUFFIX_CD,ODPS_MILEPOST_REFERENCE,ODPS_MOTORCYCLE_IND,ODPS_REF_DIR_SUFFIX_CD,ODPS_REF_DIRECTION_CD,ODPS_REF_GIVEN,ODPS_REF_POINT_USED_CD,ODPS_REF_ROUTE_ID,ODPS_REF_ROUTE_PREFIX_CD,ODPS_REF_ROUTE_SUFFIX_CD,ODPS_REF_SUFFIX_CD,ODPS_SCHOOL_ZONE_IND,ODPS_SENIOR_DRIVER_IND,ODPS_SPEED_IND,ODPS_TOTAL_FATALITIES_NBR,ODPS_TYPE_OF_WORK_ZONE_CD,ODPS_WORK_ZONE_IND,OPER_ACCESS_CONTROL_CD,POSSIBLE_INJURIES_NBR,ROAD_COND_PRIMARY_CD,ROAD_CONTOUR_CD,SA_RAMP_ID,SA_SEGMENT_ID,SECONDARY_CRASH,STATE_TRUE_LOG_NBR,U1_AGE_NBR,U1_AT_FAULT_IND,U1_CONT_CIR_PRIMARY_CD,U1_DIRECTION_FROM_CD,U1_DIRECTION_TO_CD,U1_DISTRACTED_BY_1_CD,U1_GENDER_CD,U1_IS_ALCOHOL_SUSPECTED,U1_IS_MARIJUANA_SUSPECTED,U1_IS_OTHER_DRUG_SUSPECTED,U1_NON_MOTORIST_LOC_CD,U1_NUMBER_OF_THRU_LANES,U1_OBJECT_STRUCK,U1_ODPS_UNIT_NBR,U1_OPERATINGIN_AUTONOMOUS_MODE,U1_POSTED_SPEED_NBR,U1_PRECRASH_ACTION_CD,U1_SEQ_OF_EVENTS_1_CD,U1_SEQ_OF_EVENTS_2_CD,U1_SEQ_OF_EVENTS_3_CD,U1_SEQ_OF_EVENTS_4_CD,U1_SEQ_OF_EVENTS_5_CD,U1_SEQ_OF_EVENTS_6_CD,U1_SPECIAL_FUNCTION_CD,U1_TRAFFIC_CONTROL_CD,U1_TURN_CD,U1_TYPE_OF_UNIT_CD,U1_UNIT_SPEED_NBR,U2_AGE_NBR,U2_CONT_CIR_PRIMARY_CD,U2_DIRECTION_FROM_CD,U2_DIRECTION_TO_CD,U2_DISTRACTED_BY_1_CD,U2_GENDER_CD,U2_NON_MOTORIST_LOC_CD,U2_ODPS_UNIT_NBR,U2_POSTED_SPEED_NBR,U2_PRECRASH_ACTION_CD,U2_SEQ_OF_EVENTS_1_CD,U2_SEQ_OF_EVENTS_2_CD,U2_SEQ_OF_EVENTS_3_CD,U2_SEQ_OF_EVENTS_4_CD,U2_SEQ_OF_EVENTS_5_CD,U2_SEQ_OF_EVENTS_6_CD,U2_SPECIAL_FUNCTION_CD,U2_TRAFFIC_CONTROL_CD,U2_TURN_CD,U2_TYPE_OF_UNIT_CD,U2_UNIT_SPEED_NBR,U3_CONT_CIR_PRIMARY_CD,U3_ODPS_UNIT_NBR,U3_PRECRASH_ACTION_CD,U3_SEQ_OF_EVENTS_1_CD,U3_SEQ_OF_EVENTS_2_CD,U3_SEQ_OF_EVENTS_3_CD,U3_SEQ_OF_EVENTS_4_CD,U3_SEQ_OF_EVENTS_5_CD,U3_SEQ_OF_EVENTS_6_CD,U3_SPECIAL_FUNCTION_CD,U3_TRAFFIC_CONTROL_CD,U3_TYPE_OF_UNIT_CD,UNRESTRAIN_OCCUPANTS,WEATHER_COND_CD,V1,clean_Narrative,BERT_predictions,BERT_prediction_probabilities,RoBERTa_predictions,RoBERTa_predictions_probabilities,distilBERT_predictions,distilBERT_predictions_probabilities
967,967,205101880,"unit #1 and unit #2 were traveling southbound on interstate 77. unit #1 was traveling in the center lane when the vehicle hydroplaned and failed to maintain control, traveling into the left lane of traffic. unit #2 was traveling in the left lane and struck unit #1 as it entered the lane. unit #1 then struck the median concrete wall.",20205101880,2020,AB,6/1/2020 0:00,4,SSUMIR00077**N,S,SUM,19.44,41.108825,-81.604125,1000,766.0,6/27/2020 0:00,2,7,N,2.0,N,Y,1.0,13,0,,,,Y,19.445,SSUMIR00077**C,N,1,77-0234-77,1,6,N,0,2,2,AKRON,1,N,Y,N,6.0,Y,0.047,,N,,N,COPLEY TOWNSHIP,N,,0,,,,77,IR,,133.0,N,,,133,2,,,,,N,N,N,0,0,N,1.0,1,2,1,,34532.0,N,132.962,40,Y,9,1,2,1,F,N,N,N,0,3,35,1,0,65,9,20,9,35,0,0,0,1,6,NT,1,60,56.0,1.0,1.0,2.0,1.0,M,,2.0,65.0,1.0,20.0,,,,,,1.0,6.0,NT,4.0,55.0,,,,,,,,,,,,,0,4,56594.0,"unit1 unit2 traveling interstate . unit1 traveling center vehicle hydroplaned failed maintain control , traveling left traffic . unit2 traveling left struck unit1 entered . unit1 struck median concrete wall .",C,"[0.09377642720937729, 0.5907246470451355, 0.31549888849258423]",C,"[0.023415280506014824, 0.9279801249504089, 0.048604562878608704]",C,"[0.2037353515625, 0.728515625, 0.06829833984375]"
968,968,205102127,unit #1 and #2 were traveling eastbound on ir70. unit #1 attempted to pass unit #2 and hydroplaned. unit #1 traveled off the right side of the roadway striking a guard rail. unit #1 re entered the roadway side swiping unit #2 then traveled off the left side of the roadway into the median.,20205102127,2020,O,6/1/2020 0:00,5,SGUEIR00070**C,S,GUE,18.541,40.037966,-81.411481,85708,99999.0,6/28/2020 0:00,5,1,N,2.0,Y,Y,1.0,19,0,,,,Y,18.541,SGUEIR00070**C,N,1,30-0368-30,1,6,N,3,0,2,WILLS TOWNSHIP,1,W,Y,N,4.0,Y,0.3,,N,,N,WILLS TOWNSHIP,N,,0,,,,70,IR,,189.0,N,,,189,2,,,,,N,N,Y,0,0,N,1.0,0,2,1,,56439.0,N,188.678,43,Y,5,4,3,1,M,N,N,N,0,2,30,1,0,70,4,8,30,20,9,0,0,1,6,NT,1,74,38.0,1.0,4.0,3.0,1.0,M,,2.0,70.0,1.0,20.0,,,,,,1.0,6.0,NT,4.0,70.0,,,,,,,,,,,,,0,4,56712.0,unit1 traveling . unit1 attempted pass unit2 hydroplaned . unit1 traveled side roadway striking guard rail . unit1 entered roadway side swiping unit2 traveled left side roadway median .,O,"[0.9401900768280029, 0.05356699228286743, 0.006242972798645496]",C,"[0.2734895944595337, 0.723067581653595, 0.003442874178290367]",O,"[0.77978515625, 0.2091064453125, 0.01139068603515625]"
969,969,205102256,"unit #1 was traveling south on crosspointe drive. unit #1 hydroplaned, traveled off the right side of the roadway, and struck a tree.",20205102256,2020,O,6/1/2020 0:00,8,TCLETR02875**C,T,CLE,0.097,39.080921,-84.157792,4157,16885.0,6/28/2020 0:00,13,1,N,,Y,N,7.0,14,0,,9eccea3e-977f-45cc-8bb6-8400ada9e7b4,bbb4e610-51b6-415f-88f8-89da326781fe,N,0.097,TCLETR02875**C,N,1,13-0958-13,3,6,,1,0,1,BATAVIA TOWNSHIP,1,N,N,N,2.0,N,0.019,TR,N,,N,BATAVIA TOWNSHIP,N,,0,,Crosspointe,DR,,,,,N,,,Villagepointe,1,,,,DR,N,N,N,0,0,N,,0,2,3,,312780.0,N,0.097,47,Y,11,1,2,1,F,N,N,N,0,2,48,1,0,25,13,8,48,0,0,0,0,1,6,NT,4,22,,,,,,,,,,,,,,,,,,,,,,,,,,,,,,,,,,0,4,56738.0,"unit1 traveling crosspointe . unit1 hydroplaned , traveled side roadway , struck tree .",O,"[0.548846423625946, 0.418369859457016, 0.032783713191747665]",C,"[0.1307060718536377, 0.7781994342803955, 0.09109450876712799]",O,"[0.56005859375, 0.424560546875, 0.0154571533203125]"
970,970,205103520,unit #1 was westbound on ir-70. unit #1 hydroplaned on the roadway causing it to spin off the left side of the roadway striking a ditch.,20205103520,2020,O,6/1/2020 0:00,5,SMUSIR00070**N,S,MUS,21.058,39.97665,-81.83964,61994,99999.0,6/27/2020 0:00,13,7,N,2.0,Y,Y,1.0,13,0,,,,Y,21.12,SMUSIR00070**C,N,1,60-0497-60,1,6,N,1,0,1,PERRY TOWNSHIP,1,W,Y,N,4.0,Y,0.1,,Y,,N,PERRY TOWNSHIP,N,,0,,,,70,IR,,164.0,N,,,164,2,,,,,N,N,Y,0,0,N,1.0,0,2,3,,39451.0,N,163.843,22,Y,5,3,4,1,F,N,N,N,0,2,44,1,0,70,13,9,44,0,0,0,0,1,6,NT,1,70,,,,,,,,,,,,,,,,,,,,,,,,,,,,,,,,,,0,4,57024.0,unit1 ir . unit1 hydroplaned roadway causing spin left side roadway striking ditch .,O,"[0.9742825627326965, 0.02301798015832901, 0.0026993844658136368]",O,"[0.9591081142425537, 0.03793487325310707, 0.002957089338451624]",O,"[0.98095703125, 0.016998291015625, 0.0025272369384765625]"
971,971,205108157,unit 1 was westbound on us 33. unit 1 hydroplaned subsequently driving off the right side of the road and into a ditch.,20205108157,2020,AB,7/1/2020 0:00,7,SLOGUS00033**N,S,LOG,27.185,40.311554,-83.571026,61938,99999.0,7/4/2020 0:00,13,7,N,2.0,Y,Y,2.0,19,0,,,,N,27.181,SLOGUS00033**C,N,1,80-0200-46,1,7,N,4,1,1,PERRY TOWNSHIP,1,E,Y,N,4.0,Y,0.2,,N,,N,PERRY TOWNSHIP,N,,0,,,,33,US,,27.0,N,,,27,2,,,,,N,N,Y,0,0,N,1.0,0,2,1,,241348.0,N,78.671,38,Y,5,7,6,1,F,N,N,N,0,4,44,1,0,70,1,8,44,0,0,0,0,1,6,NT,4,45,,,,,,,,,,,,,,,,,,,,,,,,,,,,,,,,,,0,4,58063.0,unit1 us . unit1 hydroplaned subsequently driving side ditch .,O,"[0.9099554419517517, 0.08159273862838745, 0.008451893925666809]",O,"[0.7237209677696228, 0.27102088928222656, 0.005258179269731045]",O,"[0.89453125, 0.09588623046875, 0.0101318359375]"
972,972,205108226,"unit #1 was southbound on ir-71. unit #1 hydroplanned, lost control, went off the left side and struck a guardrail.",20205108226,2020,O,7/1/2020 0:00,3,SASDIR00071**N,S,ASD,9.192,40.868185,-82.238623,61756,99999.0,7/7/2020 0:00,13,3,N,2.0,Y,Y,1.0,11,0,,,,Y,9.181,SASDIR00071**C,N,1,03-0318-03,1,7,N,1,0,1,PERRY TOWNSHIP,1,S,Y,N,6.0,Y,0.1,,N,,N,MONTGOMERY TOWNSHIP,N,,0,,,,71,IR,,188.0,N,,,188,2,,,,,N,Y,Y,0,0,N,1.0,0,2,1,,81125.0,N,187.919,71,Y,5,5,8,1,F,N,N,N,0,6,30,1,0,70,1,9,30,0,0,0,0,1,6,NT,1,60,,,,,,,,,,,,,,,,,,,,,,,,,,,,,,,,,,0,1,58091.0,"unit1 ir . unit1 hydroplanned , lost control , went left side struck guardrail .",O,"[0.9967091083526611, 0.003120236797258258, 0.00017064850544556975]",O,"[0.9045153856277466, 0.0921483188867569, 0.003336251713335514]",O,"[0.9990234375, 0.0006823539733886719, 2.390146255493164e-05]"
973,973,205110961,"unit #1 was traveling southeast on interstate 76 when it began to hydroplane. unit #1 began to go off the left side of the roadway, spun around, and drove off the right side of the roadway striking a ditch.",20205110961,2020,O,7/1/2020 0:00,4,SPORIR00076**C,S,POR,19.06,41.105718,-81.042181,59668,99999.0,7/7/2020 0:00,13,3,N,2.0,Y,Y,1.0,15,0,,,,Y,19.06,SPORIR00076**C,N,1,67-0620-67,1,7,N,3,0,1,PALMYRA TOWNSHIP,1,W,Y,N,4.0,Y,0.2,,Y,,N,PALMYRA TOWNSHIP,N,,0,,,,76,IR,,49.0,N,,,49,2,,,,,N,N,Y,0,0,N,1.0,0,2,3,,118349.0,N,49.188,18,Y,5,4,7,1,F,N,N,N,0,2,44,1,2,70,1,8,44,0,0,0,0,1,6,RT,1,70,,,,,,,,,,,,,,,,,,,,,,,,,,,,,,,,,,0,4,58758.0,"unit1 traveling interstate began hydroplane . unit1 began go left side roadway , spun around , drove side roadway striking ditch .",O,"[0.9999982118606567, 1.6445439996459754e-06, 1.587048927831347e-07]",O,"[0.9999693632125854, 2.77847775578266e-05, 2.8686765745078446e-06]",O,"[1.0, 6.604194641113281e-05, 1.0311603546142578e-05]"
974,974,205112082,unit # 1 was traveling north bound on interstate 75 ramp near cincinnati dayton road and hydroplaned and struck unit # 2 in the rear end.,20205112082,2020,O,7/1/2020 0:00,8,SBUTIR00075**C,S,BUT,3.669,39.340686,-84.398229,43050,16885.0,7/11/2020 0:00,2,7,N,2.0,N,Y,1.0,19,0,7700.0,,,Y,3.669,SBUTIR00075**C,N,1,09-0273-09,1,7,N,3,0,2,LIBERTY TOWNSHIP,1,,Y,Y,8.0,Y,0.0,,Y,,N,WEST CHESTER TOWNSHIP,N,,0,,I 75 N,,75,IR,,,N,,E,CINCINNATI DAYTON,1,,,,RD,N,N,Y,0,0,N,1.0,0,2,3,,39526.0,N,21.149,16,Y,5,2,1,1,F,N,N,N,0,3,0,1,0,65,1,20,0,0,0,0,0,1,2,NT,1,50,39.0,1.0,2.0,1.0,1.0,M,,2.0,65.0,11.0,20.0,,,,,,1.0,2.0,NT,1.0,0.0,,,,,,,,,,,,,0,4,59027.0,unit1 traveling interstate ramp near cincinnati dayton hydroplaned struck unit2 rear end .,O,"[0.8782822489738464, 0.1186022236943245, 0.00311552407220006]",O,"[0.6972249150276184, 0.29439622163772583, 0.008378836326301098]",O,"[0.9951171875, 0.004573822021484375, 0.0005173683166503906]"
975,975,205115417,unit 1 was eastbound on the ohio turnpike in the right lane. unit 1 hydroplaned and went off the left side of the roadway and struck the median wall.,20205115417,2020,O,7/1/2020 0:00,2,SLUCIR00080*KC,S,LUC,12.526,41.590546,-83.643378,48342,87868.0,7/19/2020 0:00,13,1,N,2.0,Y,Y,1.0,15,0,,,,Y,12.526,SLUCIR00080*KC,N,1,89-0243-48,31,7,N,4,0,1,MAUMEE,1,,Y,N,6.0,N,0.0,,N,,N,MAUMEE,N,,0,,,,80,IR,K,61.0,N,,,61,2,,,,,N,N,Y,0,0,N,1.0,0,2,4,,81439.0,N,60.98,54,Y,5,4,3,1,M,N,N,N,0,3,35,1,0,70,1,9,35,0,0,0,0,1,6,NT,4,65,,,,,,,,,,,,,,,,,,,,,,,,,,,,,,,,,,0,4,59883.0,unit1 ohio turnpike . unit1 hydroplaned went left side roadway struck median wall .,C,"[0.3857642710208893, 0.570060133934021, 0.04417562112212181]",C,"[0.16057506203651428, 0.8314609527587891, 0.007963897660374641]",O,"[0.62451171875, 0.36669921875, 0.008941650390625]"
976,976,205124265,"unit 1 was traveling southbound on i-275. unit 1 hydroplaned, drove off the right side of the road and struck a concrete wall.",20205124265,2020,O,7/1/2020 0:00,8,SCLEIR00275**N,S,CLE,10.965,39.094246,-84.288274,78288,16885.0,7/30/2020 0:00,13,5,N,2.0,Y,Y,1.0,16,0,10500.0,,,Y,10.962,SCLEIR00275**C,N,1,13-1114-13,1,7,N,1,0,1,UNION TOWNSHIP,1,N,Y,N,6.0,Y,0.1,,N,,N,UNION TOWNSHIP,N,,0,,,,275,IR,,64.0,N,,,64,2,,,,,N,N,Y,0,0,N,1.0,0,2,3,,45547.0,N,63.632,29,Y,5,1,2,1,F,N,N,N,0,3,35,1,0,65,13,8,35,0,0,0,0,1,6,NT,1,65,,,,,,,,,,,,,,,,,,,,,,,,,,,,,,,,,,0,4,61897.0,"unit1 traveling . unit1 hydroplaned , drove side struck concrete wall .",O,"[0.9288468360900879, 0.05993232503533363, 0.01122082956135273]",O,"[0.5096500515937805, 0.46601971983909607, 0.0243302583694458]",O,"[0.97802734375, 0.020263671875, 0.001873016357421875]"
977,977,205124579,"unit #1 was traveling eb on us 33 near sr 739 when it hydroplaned, spun 180 degrees, ran off right, fell into a ditch, and came to final stop on the driver's side of the vehicle.",20205124579,2020,O,8/1/2020 0:00,6,SUNIUS00033**C,S,UNI,0.633,40.275745,-83.536033,1336,99999.0,8/1/2020 0:00,13,7,N,2.0,Y,Y,2.0,15,0,,,,N,0.633,SUNIUS00033**C,N,1,80-0238-80,1,8,N,1,0,1,ALLEN TOWNSHIP,1,W,Y,Y,4.0,Y,0.01,SR,N,,N,ALLEN TOWNSHIP,N,,0,,US ROUTE 33 E,,33,US,,,N,,,STATE ROUTE 739 E,1,739,SR,,,N,N,N,0,0,N,1.0,0,2,1,,264546.0,N,81.754,26,Y,11,6,7,1,F,N,N,N,0,2,44,1,0,70,1,8,44,1,0,0,0,1,6,NT,1,55,,,,,,,,,,,,,,,,,,,,,,,,,,,,,,,,,,0,4,62043.0,"unit1 traveling us near hydroplaned , spun degrees , ran , fell ditch , came final stop driver 's side vehicle .",O,"[0.9442155957221985, 0.05118633806705475, 0.0045980410650372505]",O,"[0.998659610748291, 0.001237541320733726, 0.00010287167970091105]",O,"[0.98193359375, 0.0167694091796875, 0.001678466796875]"
978,978,205124584,"unit#1 was traveling in the middle lane southbound on ir77 and unit#2 was traveling southbound on ir77 in the far right lane. unit#2, then made an abrupt lane change and braked, causing unit#1 to hydroplane and drive off the right side of the roadway striking a concrete barrier. unit#2 continued southbound.",20205124584,2020,O,8/1/2020 0:00,4,SSTAIR00077**N,S,STA,17.489,40.891784,-81.431888,38094,13375.0,8/1/2020 0:00,5,7,N,2.0,Y,Y,1.0,9,0,,,,Y,17.49,SSTAIR00077**C,N,1,76-1035-76,1,8,N,2,0,2,JACKSON TOWNSHIP,1,N,Y,N,6.0,Y,0.4,,N,,N,JACKSON TOWNSHIP,N,,0,,,,77,IR,,112.0,N,,,112,2,,,,,N,N,N,0,0,N,1.0,0,2,1,,91290.0,N,112.471,0,Y,9,1,2,9,U,N,N,N,0,3,0,2,9,65,3,13,0,0,0,0,0,99,6,NT,1,0,43.0,1.0,1.0,2.0,1.0,M,,1.0,65.0,1.0,8.0,35.0,,,,,1.0,6.0,NT,4.0,53.0,,,,,,,,,,,,,0,4,62046.0,"unit1 traveling middle unit2 traveling far . unit2 , made abrupt change braked , causing unit1 hydroplane side roadway striking concrete barrier . unit2 continued .",O,"[0.9999853372573853, 1.3879639482183848e-05, 7.857353239160147e-07]",O,"[0.9999593496322632, 3.937740621040575e-05, 1.3357446277950658e-06]",O,"[0.98388671875, 0.016143798828125, 0.00023043155670166016]"
979,979,205125574,unit 1 was traveling westbound on ir 70 in the right lane. the driver of unit 1 stated she hydroplaned. unit 1 spun off the north side of the roadway and struck a ditch.,20205125574,2020,C,8/1/2020 0:00,5,SGUEIR00070**N,S,GUE,22.838,40.050802,-81.331898,85708,99999.0,8/2/2020 0:00,13,1,N,2.0,Y,Y,1.0,0,0,,,,Y,22.873,SGUEIR00070**C,N,4,30-0445-30,1,8,N,1,0,1,WILLS TOWNSHIP,1,E,Y,N,4.0,Y,0.0,,N,,N,OXFORD TOWNSHIP,N,,0,,,,70,IR,,193.0,N,,,193,2,,,,,N,Y,Y,0,0,N,1.0,2,2,1,,56439.0,N,192.975,70,Y,5,3,4,1,F,N,N,N,0,2,44,1,0,70,1,8,44,0,0,0,0,1,6,NT,3,70,,,,,,,,,,,,,,,,,,,,,,,,,,,,,,,,,,0,4,62238.0,unit1 traveling . driver unit1 stated hydroplaned . unit1 spun side roadway struck ditch .,O,"[0.9933566451072693, 0.005949775222688913, 0.0006935652927495539]",O,"[0.8425709009170532, 0.1566450148820877, 0.0007840225007385015]",O,"[0.9990234375, 0.0006985664367675781, 7.361173629760742e-05]"
980,980,205126515,unit 1 was traveling west on us 30 and hydroplaned on the roadway causing it to overturn.,20205126515,2020,O,8/1/2020 0:00,3,SWAYUS00030**N,S,WAY,20.688,40.796579,-81.755287,75231,99999.0,8/4/2020 0:00,16,3,N,2.0,N,N,3.0,11,0,,897e6457-51fc-482b-ae07-eb5a68037323,7c4c8478-ea7a-45b8-9c6a-87ee36266d72,N,20.681,SWAYUS00030**C,Y,1,85-0627-85,1,8,N,2,0,1,SUGAR CREEK TOWNSHIP,1,W,Y,N,4.0,Y,0.3,,Y,,N,SUGAR CREEK TOWNSHIP,N,,0,,,,30,US,,21.0,N,,,0021,2,,,,,N,N,Y,0,0,N,3.0,0,2,1,,241136.0,N,171.867,18,Y,5,3,4,1,M,N,N,N,0,2,0,1,0,55,1,1,0,0,0,0,0,1,6,NT,14,45,,,,,,,,,,,,,,,,,,,,,,,,,,,,,,,,,,0,4,62403.0,unit1 traveling us hydroplaned roadway causing overturn .,C,"[0.09717550128698349, 0.8674190044403076, 0.03540550172328949]",C,"[0.010574323125183582, 0.9587482213973999, 0.030677542090415955]",O,"[0.62451171875, 0.328125, 0.0478515625]"
981,981,205126622,"unit #1 was traveling southbound on interstate 75 in the middle lane. unit #2 was traveling southbound on interstate 75 in the left lane. unit #2 hydroplaned, lost control, drove into the middle lane and was struck by unit #1. unit #1 then traveled off the right side of the roadway.",20205126622,2020,C,8/1/2020 0:00,2,SWOOIR00075**N,S,WOO,4.946,41.238998,-83.65368,34986,99999.0,8/1/2020 0:00,5,7,N,2.0,N,Y,1.0,12,0,97900.0,,,Y,4.943,SWOOIR00075**C,N,1,87-0252-87,1,8,N,2,0,2,HENRY TOWNSHIP,1,S,Y,N,6.0,Y,0.5,,Y,,N,HENRY TOWNSHIP,N,,0,,,,75,IR,,172.0,N,,,172,2,,,,,N,N,Y,0,0,N,1.0,1,2,3,,42928.0,N,171.651,64,Y,1,1,2,1,F,N,N,N,0,3,0,1,0,70,1,20,8,0,0,0,0,1,6,NT,1,75,21.0,5.0,1.0,2.0,1.0,F,,2.0,70.0,1.0,20.0,,,,,,1.0,6.0,NT,1.0,72.0,,,,,,,,,,,,,0,4,62418.0,"unit1 traveling interstate middle . unit2 traveling interstate left . unit2 hydroplaned , lost control , drove middle struck unit1 . unit1 traveled side roadway .",O,"[0.6412124037742615, 0.3386426866054535, 0.020144928246736526]",C,"[0.039156410843133926, 0.9379358887672424, 0.02290767803788185]",C,"[0.032928466796875, 0.96240234375, 0.004993438720703125]"
982,982,205126640,"unit #1 was eastbound on ir 70 while passing unit #2. unit #2 was eastbound on ir 70 while in the right lane. unit #1 hydroplaned, struck the trailer of unit #2, ran through the median and overturned onto the berm of westbound ir 70.",20205126640,2020,O,8/1/2020 0:00,5,SMUSIR00070**C,S,MUS,26.43,39.980623,-81.742958,54446,99999.0,8/3/2020 0:00,5,2,N,2.0,N,Y,1.0,22,0,,,,Y,26.43,SMUSIR00070**C,N,4,60-0599-60,1,8,N,3,0,2,NEW CONCORD,1,E,Y,N,4.0,Y,0.2,,N,,N,UNION TOWNSHIP,N,,0,,,,70,IR,,169.0,N,,,169,2,,,,,N,N,Y,0,0,N,1.0,0,2,1,,81117.0,Y,169.215,39,Y,5,4,3,1,F,N,N,N,0,4,0,1,0,70,1,20,9,10,1,0,0,1,6,NT,1,75,,1.0,4.0,3.0,,U,,2.0,70.0,1.0,20.0,,,,,,1.0,6.0,NT,15.0,,,,,,,,,,,,,,0,3,62421.0,"unit1 passing unit2 . unit2 . unit1 hydroplaned , struck trailer unit2 , ran median overturned onto berm .",C,"[0.09339505434036255, 0.832102358341217, 0.07450255006551743]",AB,"[0.019005082547664642, 0.17039667069911957, 0.8105982542037964]",C,"[0.008697509765625, 0.8330078125, 0.1583251953125]"
983,983,205133090,"unit 1 was eastbound on us 35. unit 1 hydroplaned, traveled off the right side of the roadway, and struck a ditch.",20205133090,2020,AB,8/1/2020 0:00,9,SJACUS00035**C,S,JAC,11.194,39.075169,-82.63026,43442,99739.0,8/14/2020 0:00,13,6,N,2.0,Y,Y,2.0,19,0,,6cc22719-58a6-4291-adb8-8bef95473857,3386856a-a9b7-44a1-aecd-3b042c3ebecd,N,11.194,SJACUS00035**C,N,1,40-0506-40,1,8,N,0,1,1,LICK TOWNSHIP,1,E,Y,N,4.0,Y,0.2,,Y,,N,LICK TOWNSHIP,N,,0,,,,35,US,,11.0,N,,,11,2,,,,,N,N,Y,0,0,N,1.0,0,2,1,,241547.0,N,140.485,22,Y,5,4,3,1,F,N,N,N,0,2,44,1,0,60,1,8,44,0,0,0,0,1,6,NT,1,63,,,,,,,,,,,,,,,,,,,,,,,,,,,,,,,,,,0,4,63896.0,"unit1 us . unit1 hydroplaned , traveled side roadway , struck ditch .",O,"[0.869765043258667, 0.12093400210142136, 0.009300973266363144]",O,"[0.7970961332321167, 0.19857041537761688, 0.004333447199314833]",O,"[0.88330078125, 0.11181640625, 0.00460052490234375]"
984,984,205133649,"while traveling westbound on the ohio turnpike unit #1 hydroplaned, lost control and struck the median wall.",20205133649,2020,O,8/1/2020 0:00,2,SFULIR00080*KN,S,FUL,12.306,41.593595,-84.149423,22442,99999.0,8/14/2020 0:00,13,6,N,2.0,Y,Y,1.0,18,0,,,,Y,12.309,SFULIR00080*KC,N,1,89-0287-26,31,8,N,2,0,1,DOVER TOWNSHIP,1,E,Y,N,4.0,N,0.5,,Y,,N,DOVER TOWNSHIP,N,,0,,,,80,IR,K,34.0,N,,,34,2,,,,,N,N,Y,0,0,N,1.0,0,2,2,,91328.0,N,34.498,19,Y,5,3,4,1,M,N,N,N,0,2,35,1,0,50,1,9,35,0,0,0,0,1,6,NT,2,65,,,,,,,,,,,,,,,,,,,,,,,,,,,,,,,,,,0,4,64097.0,"traveling ohio turnpike unit1 hydroplaned , lost control struck median wall .",O,"[0.7086017727851868, 0.2699492275714874, 0.021448956802487373]",C,"[0.09290476143360138, 0.8914711475372314, 0.015624073334038258]",O,"[0.57470703125, 0.421630859375, 0.00341796875]"
985,985,205136162,"unit #1 was traveling east on old state route 32. unit #1 hydroplaned, traveled off the left side of the road, striking a utility pole and a tree.",20205136162,2020,AB,8/1/2020 0:00,8,MCLEMR00402**C,M,CLE,0.153,39.075976,-84.16883,4150,16885.0,8/14/2020 0:00,13,6,N,,Y,N,5.0,13,0,,407dd662-f75c-4d8e-8718-8e62253d432a,0a21722f-259f-4980-820d-d4133becdd99,N,0.153,MCLEMR00402**C,N,1,13-1179-13,4,8,,0,1,1,BATAVIA,1,N,N,N,2.0,N,0.038,MR,N,,N,BATAVIA,N,,0,,OLD STATE ROUTE 32,RD,,,,,N,,,CEMETARY,1,,,,LN,N,N,Y,0,0,N,,0,2,4,,106536.0,N,0.153,58,Y,5,4,3,1,F,N,N,N,0,2,48,1,0,45,13,9,40,54,48,0,0,1,6,NT,3,25,,,,,,,,,,,,,,,,,,,,,,,,,,,,,,,,,,0,4,64550.0,"unit1 traveling old state . unit1 hydroplaned , traveled left side , striking utility pole tree .",C,"[0.3288102149963379, 0.5840036273002625, 0.08718614280223846]",C,"[0.23582817614078522, 0.7403681874275208, 0.02380364015698433]",O,"[0.9912109375, 0.007625579833984375, 0.0006985664367675781]"
986,986,205136833,"unit #1 was traveling east in the middle lane of interstate 80 when unit #1 hydroplaned, ran off road left and struck the concrete median twice.",20205136833,2020,O,8/1/2020 0:00,2,SSANIR00080*KC,S,SAN,16.747,41.386212,-83.041701,67188,99999.0,8/17/2020 0:00,13,2,N,2.0,Y,Y,1.0,17,0,,,,Y,16.747,SSANIR00080*KC,N,1,90-0471-72,31,8,N,1,0,1,RILEY TOWNSHIP,1,E,Y,N,6.0,N,0.5,,N,,N,RILEY TOWNSHIP,N,,0,,,,80,IR,K,95.0,N,,,95,2,,,,,N,N,Y,0,0,N,1.0,0,2,1,,56871.0,N,95.498,28,Y,5,4,3,1,M,N,N,N,0,3,35,1,0,70,1,9,35,35,0,0,0,1,6,NT,1,75,,,,,,,,,,,,,,,,,,,,,,,,,,,,,,,,,,0,4,64659.0,"unit1 traveling middle interstate unit1 hydroplaned , ran left struck concrete median twice .",C,"[0.0048272376880049706, 0.9858578443527222, 0.009314963594079018]",C,"[0.18818208575248718, 0.7728847861289978, 0.0389331690967083]",O,"[0.7177734375, 0.26708984375, 0.0152435302734375]"
987,987,205138189,unit #1 was eastbound on ir-70. unit #1 began to hydroplane and drove off the left side of the roadway. unit #1 struck an embankment causing the vehicle to overturn.,20205138189,2020,C,8/1/2020 0:00,5,SGUEIR00070**C,S,GUE,12.884,40.002828,-81.50222,12938,99999.0,8/21/2020 0:00,13,6,N,2.0,Y,Y,1.0,18,0,,,,Y,12.884,SGUEIR00070**C,N,1,30-0487-30,1,8,N,0,0,1,CENTER TOWNSHIP,1,E,Y,N,4.0,Y,0.1,,Y,,N,CENTER TOWNSHIP,N,,0,,,,70,IR,,183.0,N,,,183,2,,,,,N,N,N,0,0,N,1.0,1,2,1,,33554.0,N,183.021,21,Y,18,4,3,1,F,N,N,N,0,2,45,1,0,70,1,9,45,1,0,0,0,1,6,NT,3,70,,,,,,,,,,,,,,,,,,,,,,,,,,,,,,,,,,0,4,65113.0,unit1 ir . unit1 began hydroplane drove left side roadway . unit1 struck embankment causing vehicle overturn .,O,"[0.7560644149780273, 0.2197316735982895, 0.02420392632484436]",O,"[0.8745214939117432, 0.11674751341342926, 0.00873103179037571]",C,"[0.33154296875, 0.603515625, 0.06524658203125]"