,id,OBJECTID,Narrative,DOCUMENT_NBR,CRASH_YR,CRASH_SEVERITY_CD,CRASH_MONTH_YEAR,DISTRICT_NBR,NLFID,NLF_JUR_CD,NLF_COUNTY_CD,COUNTY_LOG_NBR,ODOT_LATITUDE_NBR,ODOT_LONGITUDE_NBR,ODOT_FIPS_CD,AREA_CODE,CRASH_DATE,CRASH_TYPE_CD,DAY_IN_WEEK_CD,DISTRACTED_DRIVER_IND,FACILITY_TYPE_CD,FHWA_RDWY_DEPARTURE_IND,FREEWAY_IND,FUNCTIONAL_CLASS_CD,HOUR_OF_CRASH,INCAPAC_INJURIES_NBR,INTERCHANGE_ID,INTERSECTION_ID_CURRENT,INTERSECTION_LEG_ID,INTERSTATE_IND,INV_LOG_NBR,INV_NLFID,IS_COMMERCIAL_RELATED,LIGHT_COND_PRIMARY_CD,LOCAL_REPORT_NUMBER_ID,MAINTENANCE_AUTHORITY_CD,MONTH_OF_CRASH,NHS_CD,NO_INJURY_REPORTED_NBR,NON_INCAPAC_INJURIES_NBR,NUMBER_OF_UNITS_NBR,ODOT_CITY_VILLAGE_TWP_NME,ODOT_CRASH_LOCATION_CD,ODOT_DIR_FROM_REF_CD,ODOT_DIV_UNDIV_IND,ODOT_INTERSECTION_REL_IND,ODOT_LANES_NBR,ODOT_MAINTAINED_HWY_IND,ODOT_MILES_FROM_REF_NBR,ODOT_REF_ROUTE_PREFIX_CD,ODOT_YOUNG_DRIVER_IND,ODPS_ADDRESS_REFERENCE,ODPS_ALCOHOL_IND,ODPS_CITY_VILLAGE_TWP_NME,ODPS_DRUG_IND,ODPS_LOC_DIR_SUFFIX_CD,ODPS_LOC_IN_WORK_ZONE_CD,ODPS_LOC_ROAD_DIRECTION_CD,ODPS_LOC_ROAD_NME,ODPS_LOC_ROAD_SUFFIX_CD,ODPS_LOC_ROUTE_ID,ODPS_LOC_ROUTE_PREFIX_CD,ODPS_LOC_ROUTE_SUFFIX_CD,ODPS_MILEPOST_REFERENCE,ODPS_MOTORCYCLE_IND,ODPS_REF_DIR_SUFFIX_CD,ODPS_REF_DIRECTION_CD,ODPS_REF_GIVEN,ODPS_REF_POINT_USED_CD,ODPS_REF_ROUTE_ID,ODPS_REF_ROUTE_PREFIX_CD,ODPS_REF_ROUTE_SUFFIX_CD,ODPS_REF_SUFFIX_CD,ODPS_SCHOOL_ZONE_IND,ODPS_SENIOR_DRIVER_IND,ODPS_SPEED_IND,ODPS_TOTAL_FATALITIES_NBR,ODPS_TYPE_OF_WORK_ZONE_CD,ODPS_WORK_ZONE_IND,OPER_ACCESS_CONTROL_CD,POSSIBLE_INJURIES_NBR,ROAD_COND_PRIMARY_CD,ROAD_CONTOUR_CD,SA_RAMP_ID,SA_SEGMENT_ID,SECONDARY_CRASH,STATE_TRUE_LOG_NBR,U1_AGE_NBR,U1_AT_FAULT_IND,U1_CONT_CIR_PRIMARY_CD,U1_DIRECTION_FROM_CD,U1_DIRECTION_TO_CD,U1_DISTRACTED_BY_1_CD,U1_GENDER_CD,U1_IS_ALCOHOL_SUSPECTED,U1_IS_MARIJUANA_SUSPECTED,U1_IS_OTHER_DRUG_SUSPECTED,U1_NON_MOTORIST_LOC_CD,U1_NUMBER_OF_THRU_LANES,U1_OBJECT_STRUCK,U1_ODPS_UNIT_NBR,U1_OPERATINGIN_AUTONOMOUS_MODE,U1_POSTED_SPEED_NBR,U1_PRECRASH_ACTION_CD,U1_SEQ_OF_EVENTS_1_CD,U1_SEQ_OF_EVENTS_2_CD,U1_SEQ_OF_EVENTS_3_CD,U1_SEQ_OF_EVENTS_4_CD,U1_SEQ_OF_EVENTS_5_CD,U1_SEQ_OF_EVENTS_6_CD,U1_SPECIAL_FUNCTION_CD,U1_TRAFFIC_CONTROL_CD,U1_TURN_CD,U1_TYPE_OF_UNIT_CD,U1_UNIT_SPEED_NBR,U2_AGE_NBR,U2_CONT_CIR_PRIMARY_CD,U2_DIRECTION_FROM_CD,U2_DIRECTION_TO_CD,U2_DISTRACTED_BY_1_CD,U2_GENDER_CD,U2_NON_MOTORIST_LOC_CD,U2_ODPS_UNIT_NBR,U2_POSTED_SPEED_NBR,U2_PRECRASH_ACTION_CD,U2_SEQ_OF_EVENTS_1_CD,U2_SEQ_OF_EVENTS_2_CD,U2_SEQ_OF_EVENTS_3_CD,U2_SEQ_OF_EVENTS_4_CD,U2_SEQ_OF_EVENTS_5_CD,U2_SEQ_OF_EVENTS_6_CD,U2_SPECIAL_FUNCTION_CD,U2_TRAFFIC_CONTROL_CD,U2_TURN_CD,U2_TYPE_OF_UNIT_CD,U2_UNIT_SPEED_NBR,U3_CONT_CIR_PRIMARY_CD,U3_ODPS_UNIT_NBR,U3_PRECRASH_ACTION_CD,U3_SEQ_OF_EVENTS_1_CD,U3_SEQ_OF_EVENTS_2_CD,U3_SEQ_OF_EVENTS_3_CD,U3_SEQ_OF_EVENTS_4_CD,U3_SEQ_OF_EVENTS_5_CD,U3_SEQ_OF_EVENTS_6_CD,U3_SPECIAL_FUNCTION_CD,U3_TRAFFIC_CONTROL_CD,U3_TYPE_OF_UNIT_CD,UNRESTRAIN_OCCUPANTS,WEATHER_COND_CD,V1,clean_Narrative,BERT_predictions,BERT_prediction_probabilities,RoBERTa_predictions,RoBERTa_predictions_probabilities,distilBERT_predictions,distilBERT_predictions_probabilities
988,988,205139823,unit 1 was traveing southbound on interstate 71. unit 1 hydroplaned off the right side of the roadway striking an embankment and tree.,20205139823,2020,AB,8/1/2020 0:00,3,SASDIR00071**N,S,ASD,0.868,40.807718,-82.374406,51688,99999.0,8/25/2020 0:00,13,3,N,2.0,Y,Y,1.0,14,0,,,,Y,0.861,SASDIR00071**C,N,1,03-0415-03,1,8,N,0,1,1,MONTGOMERY TOWNSHIP,1,N,Y,N,6.0,Y,0.1,,Y,,Y,MONTGOMERY TOWNSHIP,N,,0,,,,71,IR,,180.0,N,,,180,2,,,,,N,N,Y,0,0,N,1.0,0,2,2,,42800.0,N,179.595,23,Y,5,1,2,1,M,Y,N,N,0,3,48,1,2,70,1,8,45,48,0,0,0,1,6,NT,1,65,,,,,,,,,,,,,,,,,,,,,,,,,,,,,,,,,,1,4,65396.0,unit1 traveing interstate . unit1 hydroplaned side roadway striking embankment tree .,C,"[0.023351633921265602, 0.600334882736206, 0.37631353735923767]",C,"[0.3753259778022766, 0.5916319489479065, 0.03304200619459152]",C,"[0.326416015625, 0.60546875, 0.06805419921875]"
989,989,205141893,unit 1 was westbound on interstate route 70 when it hydroplaned stiking the center median wall.,20205141893,2020,O,8/1/2020 0:00,5,SLICIR00070**N,S,LIC,18.343,39.945263,-82.428631,43456,99999.0,8/28/2020 0:00,13,6,N,2.0,Y,Y,1.0,14,0,,,,Y,18.38,SLICIR00070**C,N,1,45-0368-45,1,8,N,1,0,1,LICKING TOWNSHIP,1,W,Y,N,6.0,Y,0.2,,Y,,N,LICKING TOWNSHIP,N,,0,,,,70,IR,,132.0,N,,,132,2,,,,,N,N,Y,0,0,N,1.0,0,2,1,,42784.0,N,131.708,22,Y,5,3,4,1,F,N,N,N,0,3,35,1,0,70,1,9,35,0,0,0,0,1,6,NT,1,50,,,,,,,,,,,,,,,,,,,,,,,,,,,,,,,,,,0,4,65795.0,unit1 interstate hydroplaned stiking center median wall .,C,"[0.00020975929510314018, 0.999718964099884, 7.126689160941169e-05]",C,"[0.1788458228111267, 0.8198508620262146, 0.0013034025905653834]",O,"[1.0, 4.172325134277344e-07, 0.0]"
990,990,205142356,all units were traveling southbound on interstate 75. unit #2 hydroplaned on the roadway and was struck by unit #1.,20205142356,2020,O,8/1/2020 0:00,8,SWARIR00075**N,S,WAR,1.241,39.451564,-84.329343,51310,16885.0,8/25/2020 0:00,5,3,N,2.0,N,Y,1.0,16,0,,,,Y,1.287,SWARIR00075**C,Y,1,83-0568-83,1,8,N,2,0,2,MONROE,1,S,Y,N,8.0,Y,0.03,,Y,,N,TURTLECREEK TOWNSHIP,N,,0,,,,75,IR,,30.0,N,,,30,2,,,,,N,N,Y,0,0,N,1.0,0,2,2,,42921.0,N,29.971,23,Y,5,1,2,1,M,N,N,N,0,4,0,2,0,65,1,20,0,0,0,0,0,1,6,NT,3,55,33.0,1.0,1.0,2.0,1.0,M,,1.0,65.0,1.0,20.0,,,,,,1.0,6.0,NT,5.0,55.0,,,,,,,,,,,,,0,4,65946.0,units traveling interstate . unit2 hydroplaned roadway struck unit1 .,O,"[0.9932170510292053, 0.0061181834898889065, 0.0006646832334809005]",O,"[0.8864771127700806, 0.11293208599090576, 0.0005908801686018705]",O,"[0.998046875, 0.0018672943115234375, 0.00025463104248046875]"
991,991,205142458,"unit #1 and unit #2 were traveling southeast on us 35. unit #2 hydroplaned striking unit #1, then traveled off the right side of the road.",20205142458,2020,O,8/1/2020 0:00,9,SROSUS00035**C,S,ROS,5.38,39.443892,-83.205113,18238,99999.0,8/28/2020 0:00,5,6,N,2.0,N,Y,2.0,19,0,,,,N,5.38,SROSUS00035**C,N,1,71-0965-71,1,8,N,2,0,2,CONCORD TOWNSHIP,1,E,Y,N,4.0,Y,0.38,,Y,,N,CONCORD TOWNSHIP,N,,0,,,,35,US,,5.0,N,,,5,2,,,,,N,N,Y,0,0,N,1.0,0,2,1,,241645.0,N,97.691,20,Y,5,6,7,1,M,N,N,N,0,2,0,2,0,70,1,20,0,0,0,0,0,1,6,NT,1,0,18.0,1.0,6.0,7.0,1.0,F,,1.0,70.0,1.0,20.0,8.0,,,,,1.0,6.0,NT,1.0,70.0,,,,,,,,,,,,,0,2,65994.0,"unit1 unit2 traveling us . unit2 hydroplaned striking unit1 , traveled side .",O,"[0.716185450553894, 0.2723841965198517, 0.011430311016738415]",C,"[0.19204109907150269, 0.7917368412017822, 0.016222037374973297]",O,"[0.9326171875, 0.0625, 0.004459381103515625]"
992,992,205142461,"unit #1 was eastbound on ir80, hydroplaned, struck the median wall and then slid off the right side of the roadway striking a delineator post and a ditch.",20205142461,2020,O,8/1/2020 0:00,2,SWOOIR00080*KC,S,WOO,6.421,41.538265,-83.498518,41328,99999.0,8/28/2020 0:00,13,6,N,2.0,Y,Y,1.0,18,0,,,,Y,6.421,SWOOIR00080*KC,N,1,89-0312-87,31,8,N,2,0,1,LAKE TOWNSHIP,1,E,Y,N,6.0,N,0.4,,N,,N,LAKE TOWNSHIP,N,,0,,,,80,IR,K,69.0,N,,,69,2,,,,,N,N,Y,0,0,N,1.0,0,2,3,,91346.0,N,69.413,32,Y,5,4,3,1,M,N,N,N,0,3,35,1,2,70,13,9,8,35,37,44,0,1,6,NT,3,70,,,,,,,,,,,,,,,,,,,,,,,,,,,,,,,,,,0,4,65997.0,"unit1 , hydroplaned , struck median wall slid side roadway striking delineator post ditch .",O,"[0.5347951054573059, 0.4592243731021881, 0.005980494432151318]",O,"[0.7381953597068787, 0.2613619863986969, 0.000442619901150465]",O,"[0.91845703125, 0.0810546875, 0.0006251335144042969]"
993,993,205142472,unit 1 was traveling eastbound on the ohio turnpike in the left lane. unit 1 lost control of the vehicle due to hydroplanning. unit 1 struck the concrete median wall then crossed all three lanes and struck the guardrail.,20205142472,2020,AB,8/1/2020 0:00,3,SLORIR00080*KN,S,LOR,3.824,41.363683,-82.276945,9568,51364.0,8/28/2020 0:00,13,6,N,2.0,Y,Y,1.0,15,0,,,,Y,3.836,SLORIR00080*KC,N,1,90-0489-47,31,8,N,0,3,1,BROWNHELM TOWNSHIP,1,E,Y,N,6.0,N,0.3,,Y,,N,BROWNHELM TOWNSHIP,N,,0,,,,80,IR,K,136.0,N,,,136,2,,,,,N,N,Y,0,0,N,1.0,1,2,1,,91331.0,N,136.312,22,Y,5,4,3,1,M,N,N,N,0,3,30,1,0,70,1,35,30,0,0,0,0,1,6,NT,2,52,,,,,,,,,,,,,,,,,,,,,,,,,,,,,,,,,,0,4,66003.0,unit1 traveling ohio turnpike left . unit1 lost control vehicle due hydroplanning . unit1 struck concrete median wall crossed three lanes struck guardrail .,C,"[0.0020217637065798044, 0.9948974251747131, 0.003080746391788125]",C,"[0.023989899083971977, 0.9608922004699707, 0.015117963775992393]",C,"[0.0322265625, 0.9560546875, 0.01180267333984375]"
994,994,205143253,"unit #1 and unit #2 were traveling west on interstate 76. unit #2 could not maintain its lane while hydroplaning, causing unit #2 to side-swipe unit #1.",20205143253,2020,O,8/1/2020 0:00,3,SMEDIR00076**N,S,MED,5.971,41.031958,-81.802758,32676,99999.0,8/28/2020 0:00,5,6,N,2.0,N,Y,1.0,18,0,,,,Y,5.654,SMEDIR00076**C,Y,1,52-0686-52,1,8,N,2,0,2,GUILFORD TOWNSHIP,1,E,Y,N,4.0,Y,0.5,,N,,N,GUILFORD TOWNSHIP,N,,0,,,,76,IR,,5.0,N,,,5,2,,,,,N,N,N,0,0,N,1.0,0,2,2,,91219.0,N,5.971,27,Y,9,3,4,1,M,N,N,N,0,2,0,2,0,65,1,20,0,0,0,0,0,1,6,NT,1,60,49.0,1.0,3.0,4.0,1.0,F,,1.0,65.0,1.0,20.0,,,,,,1.0,6.0,NT,15.0,61.0,,,,,,,,,,,,,0,4,66165.0,"unit1 unit2 traveling interstate . unit2 could maintain hydroplaning , causing unit2 sideswipe unit1 .",O,"[0.9999984502792358, 1.342810378446302e-06, 1.971001637457448e-07]",O,"[0.9990791082382202, 0.0008996394462883472, 2.1233696315903217e-05]",O,"[1.0, 0.0, 0.0]"
995,995,205143513,"unit 1 was traveling eastbound on the ohio turnpike in the middle lane. when unit 1 attempted to change from the middle to the right lane, she lost control of the vehicle due to hydroplanning. unit 1 ran off the road to the right before stricking the ditch.",20205143513,2020,C,8/1/2020 0:00,3,SLORIR00080*KC,S,LOR,18.752,41.379195,-82.006536,56966,17668.0,8/28/2020 0:00,13,6,N,2.0,Y,Y,1.0,18,0,57380.0,,,Y,18.752,SLORIR00080*KC,N,1,90-0492-47,31,8,N,0,0,1,NORTH RIDGEVILLE,1,E,Y,N,6.0,N,0.2,,N,,N,NORTH RIDGEVILLE,N,,0,,,,80,IR,K,151.0,N,,,151,2,,,,,N,N,Y,0,0,N,1.0,3,2,1,,45477.0,N,151.24,44,Y,5,4,3,1,F,N,N,N,0,3,44,1,0,70,3,44,8,0,0,0,0,1,6,NT,3,63,,,,,,,,,,,,,,,,,,,,,,,,,,,,,,,,,,0,4,66226.0,"unit1 traveling ohio turnpike middle . unit1 attempted change middle , lost control vehicle due hydroplanning . unit1 ran stricking ditch .",O,"[0.9999998807907104, 6.603914215475015e-08, 1.3971868106921193e-08]",O,"[0.999992847442627, 7.03246905686683e-06, 1.4315664031983033e-07]",O,"[1.0, 5.960464477539063e-08, 0.0]"
996,996,205144817,unit #1 was traveling westbound on us 20. unit #1 hydroplaned due to the weather conditions and traveled off the right side of the roadway. unit #1 struck a guardrail then traveled off the left side of the roadway into the median.,20205144817,2020,O,8/1/2020 0:00,2,SSANUS00020**N,S,SAN,10.299,41.400655,-83.240828,81592,99999.0,8/28/2020 0:00,13,6,N,2.0,Y,N,3.0,19,0,,,,N,10.293,SSANUS00020**C,N,1,72-0397-72,1,8,N,2,0,1,WASHINGTON TOWNSHIP,1,W,Y,N,4.0,Y,0.5,,N,,N,WASHINGTON TOWNSHIP,N,,0,,,,20,US,,11.0,N,,,11,2,,,,,N,N,Y,0,0,N,3.0,0,2,1,,284679.0,N,93.828,33,Y,5,7,6,1,M,N,N,N,0,4,30,1,0,60,1,9,8,30,0,0,0,1,6,NT,3,60,,,,,,,,,,,,,,,,,,,,,,,,,,,,,,,,,,0,2,66436.0,unit1 traveling us . unit1 hydroplaned due weather conditions traveled side roadway . unit1 struck guardrail traveled left side roadway median .,O,"[0.9997052550315857, 0.00028204338741488755, 1.260905173694482e-05]",O,"[0.9788686633110046, 0.020375892519950867, 0.0007554453914053738]",O,"[0.98828125, 0.01068878173828125, 0.0006051063537597656]"
997,997,205145518,unit #1 was southbound on interstate 77. the driver of unit #1 stated he hydroplaned. unit #1 traveled off the right side of the roadway and struck a guardrail.,20205145518,2020,O,8/1/2020 0:00,5,SGUEIR00077**N,S,GUE,17.71,40.138498,-81.552328,43134,99999.0,8/28/2020 0:00,13,6,N,2.0,Y,Y,1.0,18,0,,,,Y,17.589,SGUEIR00077**C,N,1,30-0502-30,1,8,N,2,0,1,LIBERTY TOWNSHIP,1,N,Y,N,4.0,Y,0.2,,N,,N,LIBERTY TOWNSHIP,N,,0,,,,77,IR,,54.0,N,,,54,2,,,,,N,Y,Y,0,0,N,1.0,0,2,2,,47029.0,N,54.27,65,Y,5,1,2,1,M,N,N,N,0,2,30,1,0,70,1,30,8,0,0,0,0,1,6,NT,1,70,,,,,,,,,,,,,,,,,,,,,,,,,,,,,,,,,,0,4,66586.0,unit1 interstate . driver unit1 stated hydroplaned . unit1 traveled side roadway struck guardrail .,O,"[0.8346566557884216, 0.15889470279216766, 0.006448667962104082]",O,"[0.9176187515258789, 0.08133777230978012, 0.0010434732539579272]",O,"[0.994140625, 0.005405426025390625, 0.00022041797637939453]"
998,998,205146268,"unit#1 was eastbound on interstate 75 in the left lane in the construction zone. unit#2 was eastbound on interstate 75 in the right lane in the construction zone. unit#1 drove over a large puddle of water, causing unit#1 to hydroplane. unit#1 then overturned running off the roadway right, into the right lane. unit#2 then struck unit#1.",20205146268,2020,AB,8/1/2020 0:00,1,SALLIR00075**C,S,ALL,16.544,40.827682,-83.970587,66614,99999.0,8/28/2020 0:00,5,6,N,2.0,Y,Y,1.0,16,0,,,,Y,16.544,SALLIR00075**C,N,1,02-0708-02,1,8,N,1,1,2,RICHLAND TOWNSHIP,1,S,Y,N,4.0,Y,0.019,,Y,,N,RICHLAND TOWNSHIP,N,,3,,,,75,IR,,135.0,N,,,135,2,,,,,N,N,N,0,2,Y,1.0,0,2,1,,91152.0,N,134.9,20,Y,11,4,3,1,M,N,N,N,0,1,0,1,0,60,1,8,20,1,0,0,0,1,6,NT,1,60,61.0,1.0,4.0,3.0,1.0,M,,2.0,60.0,1.0,20.0,,,,,,1.0,6.0,NT,1.0,60.0,,,,,,,,,,,,,0,4,66636.0,"unit1 interstate left construction zone . unit2 interstate construction zone . unit1 drove large puddle water , causing unit1 hydroplane . unit1 overturned running roadway , . unit2 struck unit1 .",C,"[0.0517859011888504, 0.8781399130821228, 0.07007426023483276]",O,"[0.532359778881073, 0.4585971236228943, 0.009043080732226372]",AB,"[0.00244140625, 0.0280609130859375, 0.9697265625]"
999,999,205148498,unit #1 was negotiating a curve in the left lane northbound on ir 77. unit #1 hydroplaned and went off the left side of the roadway into the median and struck a drain.,20205148498,2020,O,9/1/2020 0:00,11,STUSIR00077**C,S,TUS,3.33,40.265675,-81.544356,59304,99999.0,9/7/2020 0:00,13,2,N,2.0,Y,Y,1.0,19,0,,,,Y,3.33,STUSIR00077**C,N,2,79-0784-79,1,9,N,1,0,1,OXFORD TOWNSHIP,1,N,Y,N,4.0,Y,0.2,,N,,N,OXFORD TOWNSHIP,N,,0,,,,77,IR,,63.0,N,,,63,2,,,,,N,N,Y,0,0,N,1.0,0,2,3,,39622.0,N,63.331,56,Y,5,8,1,1,F,N,N,N,0,2,54,1,0,70,13,54,9,0,0,0,0,1,6,LT,1,65,,,,,,,,,,,,,,,,,,,,,,,,,,,,,,,,,,0,4,58331.0,unit1 negotiating curve left . unit1 hydroplaned went left side roadway median struck drain .,O,"[0.6234157681465149, 0.3242605924606323, 0.052323583513498306]",O,"[0.6694896221160889, 0.31831759214401245, 0.012192770838737488]",O,"[0.9951171875, 0.00466156005859375, 0.0004856586456298828]"
1000,1000,205148508,"unit 1 was traveling southbound on the entrance ramp to interstate route 75 from state route 309. unit 2 was traveling southbound on interstate route 75 in the right lane. unit 1 stated he hydroplaned and lost control and struck unit 2, causing unit 2 to spin out and get struck a second time by unit 1. unit 2 then struck the guardrail.",20205148508,2020,O,9/1/2020 0:00,1,SALLIR00075**N,S,ALL,5.683,40.711457,-84.075358,61742,49852.0,9/7/2020 0:00,5,2,N,2.0,N,Y,1.0,20,0,,,,Y,5.686,SALLIR00075**C,N,4,02-0748-02,1,9,N,2,0,2,PERRY TOWNSHIP,1,N,Y,N,4.0,Y,0.1,,Y,,N,PERRY TOWNSHIP,N,,0,,,,75,IR,,124.0,N,,,124,2,,,,,N,N,Y,0,0,N,1.0,0,2,1,,81183.0,N,124.039,33,Y,9,1,2,1,M,N,N,N,0,2,0,1,0,70,1,20,0,0,0,0,0,1,6,NT,1,60,21.0,1.0,1.0,2.0,1.0,F,,2.0,70.0,1.0,20.0,30.0,,,,,1.0,6.0,NT,3.0,75.0,,,,,,,,,,,,,0,4,58339.0,"unit1 traveling entrance ramp interstate state . unit2 traveling interstate . unit1 stated hydroplaned lost control struck unit2 , causing unit2 spin get struck second time unit1 . unit2 struck guardrail .",O,"[0.8189747929573059, 0.1653478890657425, 0.01567736826837063]",C,"[0.4208395779132843, 0.5766127109527588, 0.0025476778391748667]",O,"[0.994140625, 0.00568389892578125, 0.0004668235778808594]"
1001,1001,205149286,"unit #1 and unit #2 were traveling westbound on interstate 76 when unit #1 hydroplaned and left its lane of travel, striking unit #2.",20205149286,2020,O,9/1/2020 0:00,4,SSUMIR00076**N,S,SUM,13.311,41.062172,-81.471849,1000,766.0,9/7/2020 0:00,5,2,N,2.0,N,Y,1.0,13,0,,,,Y,13.31,SSUMIR00076**C,N,1,77-0321-77,1,9,N,2,0,2,AKRON,1,E,Y,N,6.0,Y,0.2,,Y,,N,AKRON,N,,0,,,,76,IR,,25.0,N,,,25,2,,,,,N,N,N,0,0,N,1.0,0,2,2,,34427.0,N,25.459,24,Y,9,3,4,1,F,N,N,N,0,3,0,1,0,60,1,20,0,0,0,0,0,1,6,NT,1,55,35.0,1.0,3.0,4.0,1.0,M,,2.0,60.0,1.0,20.0,,,,,,1.0,6.0,NT,4.0,60.0,,,,,,,,,,,,,0,4,58449.0,"unit1 unit2 traveling interstate unit1 hydroplaned left travel , striking unit2 .",O,"[0.9923585057258606, 0.007040825672447681, 0.0006006466574035585]",O,"[0.5496325492858887, 0.4371946156024933, 0.013172842562198639]",O,"[0.96240234375, 0.034454345703125, 0.00313568115234375]"
1002,1002,205149373,"unit #1 was on ir-80 ohio turnpike eastbound. unit #1 hydroplaned, lost control and overturned the vehicle.",20205149373,2020,AB,9/1/2020 0:00,4,SPORIR00080*KC,S,POR,14.985,41.243431,-81.106124,28742,99999.0,9/7/2020 0:00,13,2,N,2.0,N,Y,1.0,14,0,,,,Y,14.985,SPORIR00080*KC,N,1,91-0437-67,31,9,N,1,1,1,FREEDOM TOWNSHIP,1,W,Y,N,6.0,N,0.3,,N,,N,WINDHAM,N,,0,,,,80,IR,K,201.0,N,,,201,2,,,,,N,N,Y,0,0,N,1.0,0,2,1,,118504.0,N,200.633,28,Y,5,4,3,1,M,N,N,N,0,3,44,1,0,70,1,1,8,44,0,0,0,1,6,NT,1,65,,,,,,,,,,,,,,,,,,,,,,,,,,,,,,,,,,0,4,58484.0,"unit1 ir ohio turnpike . unit1 hydroplaned , lost control overturned vehicle .",C,"[0.008617803454399109, 0.8870409727096558, 0.10434122383594513]",C,"[0.017277786508202553, 0.9776241779327393, 0.0050980094820261]",C,"[0.007598876953125, 0.9873046875, 0.005184173583984375]"
1003,1003,205150011,"unit #1 was traveling northwest on interstate 80 (ohio turnpike), hydroplaned on wet roadway, slid off the left side of the roadway, and struck the concrete meidan wall.",20205150011,2020,AB,9/1/2020 0:00,12,SCUYIR00080*KN,S,CUY,12.835,41.307007,-81.747016,57008,17668.0,9/7/2020 0:00,13,2,N,2.0,Y,Y,1.0,11,0,,,,Y,12.824,SCUYIR00080*KC,N,1,91-0430-18,31,9,N,2,1,1,NORTH ROYALTON,1,E,Y,N,6.0,N,0.1,,N,,N,NORTH ROYALTON,N,,0,,,,80,IR,K,166.0,N,,,166,2,,,,,N,N,Y,0,0,N,1.0,0,2,2,,39640.0,N,166.126,29,Y,5,7,6,1,M,N,N,N,0,3,35,1,0,70,1,35,9,0,0,0,0,1,6,NT,1,65,,,,,,,,,,,,,,,,,,,,,,,,,,,,,,,,,,0,4,58645.0,"unit1 traveling interstate , hydroplaned wet roadway , slid left side roadway , struck concrete meidan wall .",O,"[0.9972864389419556, 0.002605432877317071, 0.00010814585402840748]",O,"[0.996416449546814, 0.0035533809568732977, 3.0133147447486408e-05]",O,"[1.0, 0.0, 0.0]"
1004,1004,205150653,unit 1 was traveling eastbound on i-80 (ohio turnpike). unit 1 hydroplaned causing unit 1 to strike the guard rail,20205150653,2020,C,9/1/2020 0:00,4,SSUMIR00080*KC,S,SUM,12.502,41.252718,-81.413577,36651,17668.0,9/7/2020 0:00,13,2,N,2.0,Y,Y,1.0,12,0,,,,Y,12.502,SSUMIR00080*KC,N,1,91-0429-77,31,9,N,1,0,1,HUDSON,1,E,Y,N,6.0,N,0.6,,N,,N,HUDSON,N,,0,,,,80,IR,K,184.0,N,,,184,2,,,,,N,N,Y,0,0,N,1.0,1,2,1,,34749.0,N,184.537,36,Y,5,4,3,1,M,N,N,N,0,3,30,1,0,70,1,9,8,30,0,0,0,1,6,NT,1,65,,,,,,,,,,,,,,,,,,,,,,,,,,,,,,,,,,0,4,58805.0,unit1 traveling . unit1 hydroplaned causing unit1 strike guard rail,O,"[0.9976935982704163, 0.002182705095037818, 0.00012374766811262816]",O,"[0.6198800802230835, 0.3664458990097046, 0.013674039393663406]",O,"[0.998046875, 0.001987457275390625, 0.0003414154052734375]"
1005,1005,205150741,unit #1 was traveling westbound on us 52 and hydroplaned on the wet pavement. unit #1 continued off the left side of the road over an embankment striking a tree.,20205150741,2020,O,9/1/2020 0:00,8,SCLEUS00052**C,S,CLE,21.03,38.792918,-84.129723,28224,99999.0,9/3/2020 0:00,13,5,N,2.0,Y,N,3.0,6,0,,,,N,21.03,SCLEUS00052**C,N,4,13-1282-13,1,9,N,1,0,1,FRANKLIN TOWNSHIP,1,E,N,N,2.0,Y,0.03,,Y,,N,FRANKLIN TOWNSHIP,N,,0,,,,52,US,,21.0,N,,,21,2,,,,,N,N,Y,0,0,N,3.0,0,2,1,,263917.0,N,61.096,20,Y,5,3,4,1,M,N,N,N,0,2,45,1,0,55,1,48,9,45,0,0,0,1,6,NT,4,50,,,,,,,,,,,,,,,,,,,,,,,,,,,,,,,,,,0,4,58824.0,unit1 traveling us hydroplaned wet pavement . unit1 continued left side embankment striking tree .,C,"[0.01859305612742901, 0.931276261806488, 0.05013066157698631]",O,"[0.9188709259033203, 0.07967054843902588, 0.0014585345052182674]",O,"[0.994140625, 0.0056610107421875, 0.0003883838653564453]"
1006,1006,205152347,unit #1 was traveling eastbound on sr 32. unit #1 hydroplaned on the wet roadway and traveled off the left side of the road striking the concrete divider wall.,20205152347,2020,O,9/1/2020 0:00,8,SCLESR00032**C,S,CLE,6.99,39.084419,-84.186142,4150,16885.0,9/13/2020 0:00,13,1,N,2.0,Y,Y,2.0,11,0,,,,N,6.99,SCLESR00032**C,N,1,13-1344-13,4,9,N,1,0,1,BATAVIA,1,W,Y,N,4.0,N,0.01,,Y,,N,BATAVIA TOWNSHIP,N,,0,,,,32,SR,,7.0,N,,,7,2,,,,,N,N,N,0,0,N,1.0,0,2,4,,150966.0,N,14.513,20,Y,18,4,3,1,M,N,N,N,0,2,35,1,0,55,1,9,35,0,0,0,0,1,6,NT,1,55,,,,,,,,,,,,,,,,,,,,,,,,,,,,,,,,,,0,4,59239.0,unit1 traveling . unit1 hydroplaned wet roadway traveled left side striking concrete divider wall .,O,"[0.9976072311401367, 0.002264053327962756, 0.0001286523329326883]",O,"[0.9878964424133301, 0.011997855268418789, 0.00010574269253993407]",O,"[1.0, 4.947185516357422e-06, 2.980232238769531e-07]"
1007,1007,205164636,unit #1 was eastbound on ir 70 in the center lane. unit #1 began to hydroplane and lost control striking the center concrete barrier twice.,20205164636,2020,C,9/1/2020 0:00,5,SLICIR00070**C,S,LIC,18.38,39.945084,-82.428356,43456,99999.0,9/29/2020 0:00,13,3,N,2.0,Y,Y,1.0,18,0,,,,Y,18.38,SLICIR00070**C,N,1,45-0417-45,1,9,N,0,0,1,LICKING TOWNSHIP,1,W,Y,N,6.0,Y,0.2,,N,,N,LICKING TOWNSHIP,N,,0,,,,70,IR,,132.0,N,,,132,2,,,,,N,N,Y,0,0,N,1.0,1,2,1,,42784.0,N,131.745,35,Y,5,4,3,1,M,N,N,N,0,3,35,1,0,70,1,9,35,35,0,0,0,1,6,NT,1,70,,,,,,,,,,,,,,,,,,,,,,,,,,,,,,,,,,0,4,61678.0,unit1 center . unit1 began hydroplane lost control striking center concrete barrier twice .,C,"[0.02264598198235035, 0.9642595648765564, 0.013094445690512657]",C,"[0.3317822813987732, 0.6610494256019592, 0.0071683526039123535]",O,"[0.9990234375, 0.0013570785522460938, 2.6285648345947266e-05]"
1008,1008,205165769,"unit #1 was traveling southbound on jenny lind road. unit #2 was traveling northbound on jenny lind road. unit #2 hydroplaned, traveled left of center, and struck unit #1. unit #1 traveled off the right side of the roadway after being struck.",20205165769,2020,AB,9/1/2020 0:00,8,TCLETR00202**C,T,CLE,0.755,39.003995,-84.230542,62540,16885.0,9/28/2020 0:00,6,2,N,,Y,N,7.0,17,0,,,,N,0.755,TCLETR00202**C,N,1,13-1419-13,3,9,,1,1,2,PIERCE TOWNSHIP,1,W,N,N,2.0,N,0.1,,N,,N,PIERCE TOWNSHIP,N,,0,,JENNY LIND,RD,,,,,N,,,WEST CONCORD,1,,,,RD,N,N,N,0,0,N,,0,2,3,,177460.0,N,0.755,39,Y,7,2,1,1,M,N,N,N,0,2,0,2,0,45,13,11,20,0,0,0,0,1,6,NT,1,20,47.0,1.0,1.0,2.0,1.0,F,,1.0,45.0,13.0,20.0,8.0,,,,,1.0,6.0,NT,3.0,20.0,,,,,,,,,,,,,1,4,61929.0,"unit1 traveling jenny lind . unit2 traveling jenny lind . unit2 hydroplaned , traveled left center , struck unit1 . unit1 traveled side roadway struck .",C,"[0.2984098196029663, 0.663058876991272, 0.038531288504600525]",C,"[0.025704849511384964, 0.7761141657829285, 0.19818106293678284]",C,"[0.003925323486328125, 0.9951171875, 0.0012502670288085938]"