,id,OBJECTID,Narrative,DOCUMENT_NBR,CRASH_YR,CRASH_SEVERITY_CD,CRASH_MONTH_YEAR,DISTRICT_NBR,NLFID,NLF_JUR_CD,NLF_COUNTY_CD,COUNTY_LOG_NBR,ODOT_LATITUDE_NBR,ODOT_LONGITUDE_NBR,ODOT_FIPS_CD,AREA_CODE,CRASH_DATE,CRASH_TYPE_CD,DAY_IN_WEEK_CD,DISTRACTED_DRIVER_IND,FACILITY_TYPE_CD,FHWA_RDWY_DEPARTURE_IND,FREEWAY_IND,FUNCTIONAL_CLASS_CD,HOUR_OF_CRASH,INCAPAC_INJURIES_NBR,INTERCHANGE_ID,INTERSECTION_ID_CURRENT,INTERSECTION_LEG_ID,INTERSTATE_IND,INV_LOG_NBR,INV_NLFID,IS_COMMERCIAL_RELATED,LIGHT_COND_PRIMARY_CD,LOCAL_REPORT_NUMBER_ID,MAINTENANCE_AUTHORITY_CD,MONTH_OF_CRASH,NHS_CD,NO_INJURY_REPORTED_NBR,NON_INCAPAC_INJURIES_NBR,NUMBER_OF_UNITS_NBR,ODOT_CITY_VILLAGE_TWP_NME,ODOT_CRASH_LOCATION_CD,ODOT_DIR_FROM_REF_CD,ODOT_DIV_UNDIV_IND,ODOT_INTERSECTION_REL_IND,ODOT_LANES_NBR,ODOT_MAINTAINED_HWY_IND,ODOT_MILES_FROM_REF_NBR,ODOT_REF_ROUTE_PREFIX_CD,ODOT_YOUNG_DRIVER_IND,ODPS_ADDRESS_REFERENCE,ODPS_ALCOHOL_IND,ODPS_CITY_VILLAGE_TWP_NME,ODPS_DRUG_IND,ODPS_LOC_DIR_SUFFIX_CD,ODPS_LOC_IN_WORK_ZONE_CD,ODPS_LOC_ROAD_DIRECTION_CD,ODPS_LOC_ROAD_NME,ODPS_LOC_ROAD_SUFFIX_CD,ODPS_LOC_ROUTE_ID,ODPS_LOC_ROUTE_PREFIX_CD,ODPS_LOC_ROUTE_SUFFIX_CD,ODPS_MILEPOST_REFERENCE,ODPS_MOTORCYCLE_IND,ODPS_REF_DIR_SUFFIX_CD,ODPS_REF_DIRECTION_CD,ODPS_REF_GIVEN,ODPS_REF_POINT_USED_CD,ODPS_REF_ROUTE_ID,ODPS_REF_ROUTE_PREFIX_CD,ODPS_REF_ROUTE_SUFFIX_CD,ODPS_REF_SUFFIX_CD,ODPS_SCHOOL_ZONE_IND,ODPS_SENIOR_DRIVER_IND,ODPS_SPEED_IND,ODPS_TOTAL_FATALITIES_NBR,ODPS_TYPE_OF_WORK_ZONE_CD,ODPS_WORK_ZONE_IND,OPER_ACCESS_CONTROL_CD,POSSIBLE_INJURIES_NBR,ROAD_COND_PRIMARY_CD,ROAD_CONTOUR_CD,SA_RAMP_ID,SA_SEGMENT_ID,SECONDARY_CRASH,STATE_TRUE_LOG_NBR,U1_AGE_NBR,U1_AT_FAULT_IND,U1_CONT_CIR_PRIMARY_CD,U1_DIRECTION_FROM_CD,U1_DIRECTION_TO_CD,U1_DISTRACTED_BY_1_CD,U1_GENDER_CD,U1_IS_ALCOHOL_SUSPECTED,U1_IS_MARIJUANA_SUSPECTED,U1_IS_OTHER_DRUG_SUSPECTED,U1_NON_MOTORIST_LOC_CD,U1_NUMBER_OF_THRU_LANES,U1_OBJECT_STRUCK,U1_ODPS_UNIT_NBR,U1_OPERATINGIN_AUTONOMOUS_MODE,U1_POSTED_SPEED_NBR,U1_PRECRASH_ACTION_CD,U1_SEQ_OF_EVENTS_1_CD,U1_SEQ_OF_EVENTS_2_CD,U1_SEQ_OF_EVENTS_3_CD,U1_SEQ_OF_EVENTS_4_CD,U1_SEQ_OF_EVENTS_5_CD,U1_SEQ_OF_EVENTS_6_CD,U1_SPECIAL_FUNCTION_CD,U1_TRAFFIC_CONTROL_CD,U1_TURN_CD,U1_TYPE_OF_UNIT_CD,U1_UNIT_SPEED_NBR,U2_AGE_NBR,U2_CONT_CIR_PRIMARY_CD,U2_DIRECTION_FROM_CD,U2_DIRECTION_TO_CD,U2_DISTRACTED_BY_1_CD,U2_GENDER_CD,U2_NON_MOTORIST_LOC_CD,U2_ODPS_UNIT_NBR,U2_POSTED_SPEED_NBR,U2_PRECRASH_ACTION_CD,U2_SEQ_OF_EVENTS_1_CD,U2_SEQ_OF_EVENTS_2_CD,U2_SEQ_OF_EVENTS_3_CD,U2_SEQ_OF_EVENTS_4_CD,U2_SEQ_OF_EVENTS_5_CD,U2_SEQ_OF_EVENTS_6_CD,U2_SPECIAL_FUNCTION_CD,U2_TRAFFIC_CONTROL_CD,U2_TURN_CD,U2_TYPE_OF_UNIT_CD,U2_UNIT_SPEED_NBR,U3_CONT_CIR_PRIMARY_CD,U3_ODPS_UNIT_NBR,U3_PRECRASH_ACTION_CD,U3_SEQ_OF_EVENTS_1_CD,U3_SEQ_OF_EVENTS_2_CD,U3_SEQ_OF_EVENTS_3_CD,U3_SEQ_OF_EVENTS_4_CD,U3_SEQ_OF_EVENTS_5_CD,U3_SEQ_OF_EVENTS_6_CD,U3_SPECIAL_FUNCTION_CD,U3_TRAFFIC_CONTROL_CD,U3_TYPE_OF_UNIT_CD,UNRESTRAIN_OCCUPANTS,WEATHER_COND_CD,V1,clean_Narrative,BERT_predictions,BERT_prediction_probabilities,RoBERTa_predictions,RoBERTa_predictions_probabilities,distilBERT_predictions,distilBERT_predictions_probabilities
1009,1009,205166289,unit 1 was traveling southbound on interstate 71. unit 2 was disabled in the median after losing control. unit 1 hydroplaned and traveled off the left side of the road striking unit 2.,20205166289,2020,O,9/1/2020 0:00,3,SWAYRA85004**C,S,WAY,0.212,40.933424,-82.112999,18322,99999.0,9/28/2020 0:00,5,2,N,4.0,Y,Y,2.0,18,0,96400.0,,,N,0.212,SWAYRA85004**C,N,1,03-0491-85,1,9,,2,0,2,CONGRESS TOWNSHIP,1,N,N,N,,Y,0.4,,Y,,N,CONGRESS TOWNSHIP,N,,0,,,,71,IR,,195.0,N,,,195,2,,,,,N,N,Y,0,0,N,1.0,0,2,3,,,Y,0.212,38,Y,5,1,2,1,M,N,N,N,0,3,44,1,2,70,1,9,44,20,0,0,0,1,6,NT,1,50,23.0,1.0,1.0,2.0,1.0,M,,2.0,70.0,99.0,20.0,,,,,,1.0,6.0,NT,1.0,0.0,,,,,,,,,,,,,0,4,62130.0,unit1 traveling interstate . unit2 disabled median losing control . unit1 hydroplaned traveled left side striking unit2 .,O,"[0.8035196661949158, 0.1699475347995758, 0.026532819494605064]",C,"[0.06140021234750748, 0.932558000087738, 0.0060418457724153996]",C,"[0.148193359375, 0.77685546875, 0.0748291015625]"
1010,1010,205166485,unit #1 was traveling on the entrance ramp to travel eastbound on interstate 76 from interstated 277. unit #1 hydroplaned and struck the concrete wall on the right side of the road. ir-76 is and east and west roadway. in thiis area ir-76 runs north and south.,20205166485,2020,O,9/1/2020 0:00,4,SSUMIR00076**C,S,SUM,6.758,41.037237,-81.565355,1000,766.0,9/28/2020 0:00,13,2,N,2.0,Y,Y,1.0,19,0,84500.0,,,Y,6.758,SSUMIR00076**C,N,3,77-0351-77,1,9,N,1,0,1,AKRON,1,E,Y,N,6.0,Y,0.5,,Y,,N,AKRON,N,,0,,,,76,IR,,18.0,N,,,18,2,,,,,N,N,N,0,0,N,1.0,0,2,4,,91227.0,N,18.906,19,Y,11,4,1,1,M,N,N,N,0,2,28,1,0,55,13,8,28,0,0,0,0,1,6,LT,4,40,,,,,,,,,,,,,,,,,,,,,,,,,,,,,,,,,,0,4,62209.0,unit1 traveling entrance ramp travel interstate interstated . unit1 hydroplaned struck concrete wall side . ir roadway . thiis area ir runs .,O,"[0.9441930651664734, 0.053888462483882904, 0.0019183872500434518]",C,"[0.0391048789024353, 0.9583935737609863, 0.0025015841238200665]",O,"[1.0, 0.0, 0.0]"
1011,1011,205172361,"unit #1 was traveling northbound on state route 132. unit #1 hydroplaned, traveled off the right side of the roadway, struck an embankment, and overturned.",20205172361,2020,AB,10/1/2020 0:00,8,SCLESR00132**C,S,CLE,10.7,39.066001,-84.191195,4157,16885.0,10/10/2020 0:00,13,7,N,2.0,Y,N,4.0,14,0,,,,N,10.7,SCLESR00132**C,N,1,13-1488-13,1,10,,0,2,1,BATAVIA TOWNSHIP,1,S,N,N,2.0,Y,0.3,,Y,,N,BATAVIA TOWNSHIP,N,,0,,,,132,SR,,11.0,N,,,11,2,,,,,N,N,N,0,0,N,3.0,0,2,4,,328464.0,N,10.7,18,Y,11,2,1,1,M,N,N,N,0,2,45,1,0,45,13,8,45,1,0,0,0,1,6,NT,1,40,,,,,,,,,,,,,,,,,,,,,,,,,,,,,,,,,,0,4,63578.0,"unit1 traveling state . unit1 hydroplaned , traveled side roadway , struck embankment , overturned .",C,"[0.058096058666706085, 0.9190970659255981, 0.022806888446211815]",C,"[0.05041087046265602, 0.9087557196617126, 0.04083336144685745]",O,"[0.86767578125, 0.126953125, 0.0050811767578125]"
1012,1012,205178653,unit 1 was northbound on state route 60. unit 1 hydroplaned and traveled off the left side of the roadway striking a guard rail.,20205178653,2020,O,10/1/2020 0:00,10,SWASSR00060**C,S,WAS,18.909,39.555228,-81.614523,81774,99999.0,10/13/2020 0:00,13,3,N,2.0,Y,N,4.0,0,0,,,,N,18.909,SWASSR00060**C,N,4,84-0594-84,1,10,,1,0,1,WATERFORD TOWNSHIP,1,S,N,N,2.0,Y,0.1,,N,,N,WATERFORD TOWNSHIP,N,,0,,,,60,SR,,19.0,N,,,19,2,,,,,N,N,N,0,0,N,3.0,0,2,1,,188130.0,N,18.909,35,Y,11,2,1,1,M,N,N,N,0,2,30,1,0,55,1,11,9,30,0,0,0,13,6,NT,3,55,,,,,,,,,,,,,,,,,,,,,,,,,,,,,,,,,,0,4,64942.0,unit1 state . unit1 hydroplaned traveled left side roadway striking guard rail .,O,"[0.9610109925270081, 0.03659851476550102, 0.002390520414337516]",O,"[0.626728892326355, 0.36975234746932983, 0.003518731566146016]",O,"[0.94287109375, 0.052581787109375, 0.0044708251953125]"
1013,1013,205178686,"unit 1 was traveling westbound on sr-18. unit 1 hydroplanned coming around the curve for the train tracks, drove off the right side of the roadway, struck the gravel ditch, and came to rest in the ditch.",20205178686,2020,O,10/1/2020 0:00,1,SHANSR00018**C,S,HAN,4.948,41.16193,-83.480866,81284,99999.0,10/19/2020 0:00,13,2,N,2.0,Y,N,5.0,5,0,,,,N,4.948,SHANSR00018**C,N,4,32-0361-32,1,10,,1,0,1,WASHINGTON TOWNSHIP,1,W,N,N,2.0,Y,0.1,,N,,N,WASHINGTON TOWNSHIP,N,,0,,,,18,SR,,5.0,N,,,5,2,,,,,N,Y,Y,0,0,N,3.0,0,2,4,,179956.0,N,78.382,65,Y,5,3,4,1,F,N,N,N,0,2,44,1,0,55,13,8,44,0,0,0,0,1,6,NT,3,35,,,,,,,,,,,,,,,,,,,,,,,,,,,,,,,,,,0,4,64951.0,"unit1 traveling sr. unit1 hydroplanned coming around curve train tracks , drove side roadway , struck gravel ditch , came rest ditch .",O,"[0.9999794960021973, 1.9423216144787148e-05, 1.0908770491369069e-06]",O,"[0.9998643398284912, 0.00012311706086620688, 1.2457385309971869e-05]",O,"[1.0, 0.0, 0.0]"
1014,1014,205179124,unit 1 was westbound on ir 70 when it hydroplaned on the roadway. unit 1 ran off the road left striking the median concrete barrier twice.,20205179124,2020,O,10/1/2020 0:00,7,SCLAIR00070**N,S,CLA,4.993,39.878273,-83.962616,46788,99999.0,10/19/2020 0:00,13,2,N,2.0,Y,Y,1.0,6,0,,,,Y,5.0,SCLAIR00070**C,N,4,12-0958-12,1,10,N,1,0,1,MAD RIVER TOWNSHIP,1,E,Y,N,6.0,Y,0.2,,Y,,N,MAD RIVER TOWNSHIP,N,,0,,,,70,IR,,46.0,N,,,46,2,,,,,N,N,Y,0,0,N,1.0,0,2,1,,33455.0,N,46.197,23,Y,5,3,4,1,M,N,N,N,0,3,35,1,0,70,1,9,35,35,0,0,0,1,6,NT,1,50,,,,,,,,,,,,,,,,,,,,,,,,,,,,,,,,,,0,4,65025.0,unit1 hydroplaned roadway . unit1 ran left striking median concrete barrier twice .,C,"[0.017424242570996284, 0.9678800702095032, 0.01469569094479084]",C,"[0.1935272514820099, 0.8049131631851196, 0.0015595279401168227]",O,"[0.95703125, 0.040924072265625, 0.0019207000732421875]"
1015,1015,205179133,unit 1 was northbound on ir 675 when it hydroplaned on the wet roadway. unit 1 ran off the road right striking a fence and several small trees.,20205179133,2020,O,10/1/2020 0:00,7,SCLAIR00675**C,S,CLA,0.162,39.849209,-83.993921,46788,22528.0,10/19/2020 0:00,13,2,N,2.0,Y,Y,1.0,7,0,,145487ed-1743-404a-a041-cf61bdef79f6,4d2f6fd1-c063-4b9b-8350-638212173418,Y,0.162,SCLAIR00675**C,N,4,12-0960-12,1,10,N,1,0,1,MAD RIVER TOWNSHIP,1,N,Y,N,4.0,Y,0.4,,N,,N,MAD RIVER TOWNSHIP,N,,0,,,,675,IR,,25.0,N,,,25,2,,,,,N,Y,N,0,0,N,1.0,0,2,3,,128897.0,N,25.457,77,Y,11,2,1,1,M,N,N,N,0,2,46,1,0,65,1,8,46,48,0,0,0,1,6,NT,1,65,,,,,,,,,,,,,,,,,,,,,,,,,,,,,,,,,,0,4,65031.0,unit1 hydroplaned wet roadway . unit1 ran striking fence several small trees .,O,"[0.9999996423721313, 4.0204525930676027e-07, 4.6670653119917915e-08]",O,"[0.9987013339996338, 0.0012916767736896873, 7.07456501913839e-06]",O,"[1.0, 1.1324882507324219e-06, 5.960464477539063e-08]"
1016,1016,205180163,unit #1 was traveling southbound on ir 275 and hydroplaned on the wet roadway. unit #1 traveled off the left side of the roadway and struck the median cable barrier.,20205180163,2020,O,10/1/2020 0:00,8,SCLEIR00275**C,S,CLE,6.76,39.151035,-84.26655,78288,16885.0,10/19/2020 0:00,13,2,N,2.0,Y,Y,1.0,5,0,,,,Y,6.76,SCLEIR00275**C,N,4,13-1547-13,1,10,N,1,0,1,UNION TOWNSHIP,1,N,Y,N,6.0,Y,0.038,,Y,,N,UNION TOWNSHIP,N,,0,,,,275,IR,,59.0,N,,,59,2,,,,,N,N,Y,0,0,N,1.0,0,2,2,,91412.0,N,59.427,25,Y,5,1,2,1,M,N,N,N,0,3,33,1,0,65,1,9,33,0,0,0,0,1,6,NT,1,60,,,,,,,,,,,,,,,,,,,,,,,,,,,,,,,,,,0,4,65206.0,unit1 traveling hydroplaned wet roadway . unit1 traveled left side roadway struck median cable barrier .,O,"[0.9993392825126648, 0.0006235690088942647, 3.715806087711826e-05]",O,"[0.9999990463256836, 8.95771961495484e-07, 4.733942127188584e-09]",O,"[1.0, 0.0, 0.0]"
1017,1017,205180165,unit#1 was eastbound on us 35 when it hydroplaned off the right side of the roadway striking an embankment and overturning.,20205180165,2020,O,10/1/2020 0:00,10,SGALUS00035**C,S,GAL,11.198,38.863529,-82.259973,74120,99999.0,10/20/2020 0:00,13,3,N,2.0,Y,Y,2.0,8,0,,,,N,11.198,SGALUS00035**C,N,1,27-0638-27,1,10,N,1,0,1,SPRINGFIELD TOWNSHIP,1,E,Y,N,4.0,Y,0.2,,Y,,N,SPRINGFIELD TOWNSHIP,N,,0,,,,35,US,,11.0,N,,,11,2,,,,,N,N,Y,0,0,N,1.0,0,2,1,,275552.0,N,167.719,23,Y,5,6,7,1,F,N,N,N,0,2,45,1,0,70,1,8,45,1,0,0,0,1,6,NT,1,75,,,,,,,,,,,,,,,,,,,,,,,,,,,,,,,,,,0,4,65208.0,unit1 us hydroplaned side roadway striking embankment overturning .,C,"[0.029233170673251152, 0.9549872279167175, 0.01577962003648281]",C,"[0.0344621017575264, 0.9457221031188965, 0.019815718755126]",C,"[0.0254058837890625, 0.96044921875, 0.0135955810546875]"
1018,1018,205180786,"unit #1 was traveling southbound on interstate 75 in the right lane approaching the overpass and curve. unit #1 hydroplaned causing the rear trailer to overturn, go off the right side of the roadway and strike the guard rail.",20205180786,2020,O,10/1/2020 0:00,7,SMIAIR00075**N,S,MIA,17.68,40.164552,-84.224008,62848,99759.0,10/20/2020 0:00,16,3,N,2.0,N,Y,1.0,0,0,68500.0,,,Y,17.681,SMIAIR00075**C,Y,3,55-0426-55,1,10,N,1,0,1,PIQUA,1,S,Y,N,4.0,Y,0.0,,N,,N,SPRINGCREEK TOWNSHIP,N,,0,,,,75,IR,,83.0,N,,,83,2,,,,,N,N,Y,0,0,N,1.0,0,2,2,,81218.0,N,83.014,61,Y,5,1,2,1,M,N,N,N,0,2,30,1,0,70,13,1,8,30,0,0,0,1,6,NT,15,65,,,,,,,,,,,,,,,,,,,,,,,,,,,,,,,,,,0,4,65383.0,"unit1 traveling interstate approaching overpass curve . unit1 hydroplaned causing rear trailer overturn , go side roadway strike guard rail .",O,"[0.9982764720916748, 0.0015788791934028268, 0.00014473743794951588]",O,"[0.9999960660934448, 3.78824233848718e-06, 1.560452744797658e-07]",O,"[0.998046875, 0.0016937255859375, 0.00016188621520996094]"
1019,1019,205182019,"unit #1 was traveling southbound on sr 41. unit #1 hydroplaned out of a curve and traveled off the left side of the roadway, struck a fence, two trees, and overturned.",20205182019,2020,O,10/1/2020 0:00,9,SADASR00041**C,S,ADA,4.365,38.709448,-83.642852,74069,99999.0,10/19/2020 0:00,13,2,N,2.0,Y,N,5.0,16,0,,,,N,4.365,SADASR00041**C,N,1,08-0808-01,1,10,,1,0,1,SPRIGG TOWNSHIP,1,N,N,N,2.0,Y,0.3,CR,Y,,N,SPRIGG TOWNSHIP,N,,0,,,,41,SR,,,N,,,ROUSH HILL,1,,,,RD,N,N,Y,0,0,N,3.0,0,2,2,,151078.0,N,8.846,24,Y,5,1,2,1,M,N,N,N,0,2,48,1,0,55,13,9,46,48,1,0,0,1,6,NT,4,45,,,,,,,,,,,,,,,,,,,,,,,,,,,,,,,,,,0,4,65803.0,"unit1 traveling . unit1 hydroplaned curve traveled left side roadway , struck fence , two trees , overturned .",C,"[0.03446877375245094, 0.9281343221664429, 0.037396855652332306]",C,"[0.021078824996948242, 0.9049516916275024, 0.07396949082612991]",C,"[0.08038330078125, 0.8974609375, 0.0222930908203125]"
1020,1020,205183048,"units one and two were traveling on i-80 in the eastbound lanes near mile marker 117. unit one was driving in the left lane and unit two was driving in the middle lane. unit two hydroplaned and spun out of control to the left. unit two ran off the left side of the roadway and struck the median barrier, then spun into the left lane where unit one rear-ended unit two.",20205183048,2020,AB,10/1/2020 0:00,3,SERIIR00080*KC,S,ERI,10.915,41.326824,-82.637222,59276,99999.0,10/23/2020 0:00,2,6,N,2.0,Y,Y,1.0,15,0,,,,Y,10.915,SERIIR00080*KC,N,1,90-0618-22,31,10,N,1,3,2,OXFORD TOWNSHIP,1,E,Y,N,6.0,N,0.0,,N,,N,MILAN TOWNSHIP,N,,0,,,,80,IR,K,117.0,N,,,117,2,,,,,N,N,Y,0,0,N,1.0,0,2,1,,34686.0,N,117.031,43,Y,5,4,3,1,F,N,N,N,0,3,35,2,0,70,1,9,35,20,0,0,0,1,6,NT,3,75,28.0,1.0,4.0,3.0,1.0,M,,1.0,70.0,1.0,20.0,,,,,,1.0,6.0,NT,4.0,35.0,,,,,,,,,,,,,0,4,66092.0,"units one two traveling lanes near mile marker . unit1 driving left unit2 driving middle . unit2 hydroplaned spun control left . unit2 ran left side roadway struck median barrier , spun left unit1 rearended unit2 .",O,"[0.5786073207855225, 0.37082257866859436, 0.05057006701827049]",C,"[0.18463975191116333, 0.8110924959182739, 0.004267833661288023]",O,"[0.89599609375, 0.09686279296875, 0.007511138916015625]"
1021,1021,205185949,"unit #1 was traveling eastbound on interstate 90 near milepost 170. unit #1 drove through standing water, hydroplaned and struck the concrete barrier.",20205185949,2020,O,10/1/2020 0:00,12,SCUYIR00090**C,S,CUY,14.349,41.473949,-81.69943,16000,17668.0,10/23/2020 0:00,13,6,N,2.0,N,Y,1.0,22,0,,5eef6051-4739-439b-b41f-0175cae6a2e3,3db36611-c245-470a-9778-d4a1b1216846,Y,14.349,SCUYIR00090**C,N,3,18-0556-18,1,10,N,1,0,1,CLEVELAND,1,E,Y,N,8.0,Y,0.2,,N,,N,CLEVELAND,N,,0,,,,90,IR,,170.0,N,,,170,2,,,,,N,N,Y,0,0,N,1.0,0,2,3,,91357.0,N,170.168,41,Y,5,4,3,1,M,N,N,N,0,2,35,1,0,60,1,99,35,0,0,0,0,1,6,NT,3,0,,,,,,,,,,,,,,,,,,,,,,,,,,,,,,,,,,0,4,66848.0,"unit1 traveling interstate near milepost . unit1 drove standing water , hydroplaned struck concrete barrier .",O,"[0.9997872710227966, 0.00020114390645176172, 1.1551828720257618e-05]",O,"[0.8987375497817993, 0.10064980387687683, 0.0006125780055299401]",O,"[0.9990234375, 0.000766754150390625, 3.784894943237305e-05]"
1022,1022,205186366,unit 1 was traveling southbound on interstate route 71. the driver of unit 1 stated that he hydroplaned. unit 1 traveled off the right side of the roadway and struck multiple trees.,20205186366,2020,AB,10/1/2020 0:00,6,SDELIR00071**N,S,DEL,4.087,40.188096,-82.943576,58618,19234.0,10/27/2020 0:00,13,3,N,2.0,Y,Y,1.0,20,0,,,,Y,4.076,SDELIR00071**C,N,4,21-1331-21,1,10,N,0,1,1,ORANGE TOWNSHIP,1,,Y,N,6.0,Y,0.0,,N,,N,ORANGE TOWNSHIP,N,,0,,,,71,IR,,125.0,N,,,125,2,,,,,N,N,N,0,0,N,1.0,0,2,1,,81134.0,N,125.031,45,Y,11,1,2,1,M,N,N,N,0,3,48,1,0,70,1,8,48,48,0,0,0,1,6,NT,1,0,,,,,,,,,,,,,,,,,,,,,,,,,,,,,,,,,,1,4,66930.0,unit1 traveling interstate . driver unit1 stated hydroplaned . unit1 traveled side roadway struck multiple trees .,C,"[0.45115336775779724, 0.5370791554450989, 0.011767535470426083]",C,"[0.0584712028503418, 0.927611231803894, 0.013917531818151474]",O,"[0.87060546875, 0.12255859375, 0.00664520263671875]"
1023,1023,205187146,"unit #1 was southbound on sr 534 when it hydroplaned in water and ran off the roadway to the right. unit #1 then struck a concrete wall on the bridge, causing it to spin and face northbound on sr 534.",20205187146,2020,O,10/1/2020 0:00,4,SATBSR00534**C,S,ATB,18.75,41.761703,-80.941464,77686,99807.0,10/23/2020 0:00,13,6,N,2.0,Y,N,5.0,20,0,,,,N,18.75,SATBSR00534**C,N,4,04-0881-04,1,10,,1,0,1,TRUMBULL TOWNSHIP,1,S,N,N,2.0,Y,0.25,,N,,N,HARPERSFIELD TOWNSHIP,N,,0,,,,534,SR,,19.0,N,,,0019,2,,,,,N,N,Y,0,0,N,3.0,0,2,1,,150423.0,N,61.859,32,Y,5,1,2,1,M,N,N,N,0,2,27,1,0,55,1,8,27,0,0,0,0,1,6,NT,1,55,,,,,,,,,,,,,,,,,,,,,,,,,,,,,,,,,,0,4,67088.0,"unit1 hydroplaned water ran roadway . unit1 struck concrete wall bridge , causing spin face .",O,"[0.9997254014015198, 0.0002631605602800846, 1.1464043382147793e-05]",O,"[0.9694288969039917, 0.0302992332726717, 0.0002717617026064545]",O,"[1.0, 1.1920928955078125e-07, 0.0]"
1024,1024,205187251,"unit#1 was headed westbound on ir 80 (ohio turnpike) in the center lane when it hydroplaned and struck unit #2, spun out 90* degrees and got struck by unit #3 trailer. unit #3 had no damage and continued on and is unknown.",20205187251,2020,O,10/1/2020 0:00,4,SPORIR00080*KN,S,POR,13.187,41.242619,-81.140561,28742,99999.0,10/23/2020 0:00,5,6,N,2.0,N,Y,1.0,21,0,,,,Y,13.187,SPORIR00080*KC,Y,3,91-0524-67,31,10,N,3,0,3,FREEDOM TOWNSHIP,1,W,Y,N,6.0,N,0.1,,N,,N,FREEDOM TOWNSHIP,N,,0,,,,80,IR,K,199.0,N,,,199,2,,,,,N,N,Y,0,0,N,1.0,0,2,1,,118504.0,N,198.835,40,Y,5,3,4,1,M,N,N,N,0,3,0,1,0,70,1,20,0,0,0,0,0,1,6,NT,1,60,26.0,1.0,3.0,4.0,1.0,M,,2.0,70.0,1.0,20.0,,,,,,1.0,6.0,NT,14.0,65.0,1.0,3.0,1.0,20.0,,,,,,99.0,6.0,15.0,0,4,67139.0,"unit1 headed center hydroplaned struck unit2 , spun degrees got struck unit3 trailer . unit3 damage continued unknown .",O,"[0.9992541670799255, 0.0006503675249405205, 9.543299529468641e-05]",C,"[0.03433733433485031, 0.9651358723640442, 0.0005266761872917414]",O,"[1.0, 1.4066696166992188e-05, 1.6093254089355469e-06]"
1025,1025,205188382,"unit#1 was westbound on us35, hydroplaned and drove off the left side of the roadway striking a guardrail.",20205188382,2020,O,10/1/2020 0:00,10,SGALUS00035**N,S,GAL,8.964,38.876975,-82.297472,74120,99999.0,10/29/2020 0:00,13,5,N,2.0,Y,Y,2.0,4,0,35000.0,,,N,8.964,SGALUS00035**C,N,4,27-0671-27,1,10,N,1,0,1,SPRINGFIELD TOWNSHIP,1,W,Y,N,4.0,Y,0.019,,Y,,N,SPRINGFIELD TOWNSHIP,N,,0,,,,35,US,,9.0,N,,,9,2,,,,,N,N,Y,0,0,N,1.0,0,2,1,,316389.0,N,165.485,19,Y,5,3,4,1,M,N,N,N,0,2,30,1,0,70,1,9,30,0,0,0,0,1,6,NT,1,60,,,,,,,,,,,,,,,,,,,,,,,,,,,,,,,,,,0,4,67558.0,"unit1 , hydroplaned drove left side roadway striking guardrail .",O,"[0.9894025325775146, 0.009965079836547375, 0.0006323243724182248]",O,"[0.9720726609230042, 0.02753097377717495, 0.00039625377394258976]",O,"[0.88525390625, 0.112060546875, 0.0027618408203125]"
1026,1026,205188441,"unit 1 was southbound on sr 193 in the right lane. unit 1 hydroplaned, drove off the right side of the roadway, struck a ditch, overturned, then struck a tree.",20205188441,2020,O,10/1/2020 0:00,4,STRUSR00193**C,S,TRU,3.976,41.191297,-80.664223,43344,97831.0,10/29/2020 0:00,13,5,N,2.0,Y,N,4.0,6,0,,,,N,3.976,STRUSR00193**C,N,4,78-0884-78,1,10,,1,0,1,LIBERTY TOWNSHIP,1,N,N,N,4.0,Y,0.009,,Y,,N,LIBERTY TOWNSHIP,N,,0,,,,193,SR,,4.0,N,,,4,2,,,,,N,N,N,0,0,N,3.0,0,2,1,,177785.0,N,6.624,22,Y,11,1,2,1,M,N,N,N,0,4,48,1,0,55,1,8,44,1,48,0,0,1,6,NT,1,44,,,,,,,,,,,,,,,,,,,,,,,,,,,,,,,,,,0,4,67566.0,"unit1 . unit1 hydroplaned , drove side roadway , struck ditch , overturned , struck tree .",C,"[0.021317075937986374, 0.9441642761230469, 0.03451858088374138]",C,"[0.028240159153938293, 0.8723359107971191, 0.0994238555431366]",C,"[0.08270263671875, 0.892578125, 0.02435302734375]"
1027,1027,205205608,unit #1 was traveling in the right lane of interstate 71 southbound. unit #1 hydroplaned and struck the right wall.,20205205608,2020,O,11/1/2020 0:00,12,SCUYIR00071**N,S,CUY,13.696,41.445468,-81.769149,16000,17668.0,11/22/2020 0:00,13,1,N,2.0,Y,Y,1.0,13,0,14100.0,,,Y,13.715,SCUYIR00071**C,N,1,18-0619-18,1,11,N,1,0,1,CLEVELAND,1,S,Y,N,8.0,Y,0.8,,Y,,N,CLEVELAND,N,,0,,,,71,IR,,242.0,N,,,242,2,,,,,N,N,Y,0,0,N,1.0,0,2,1,,56633.0,N,242.387,22,Y,5,1,2,1,M,N,N,N,0,4,51,1,2,60,1,51,0,0,0,0,0,1,6,NT,3,60,,,,,,,,,,,,,,,,,,,,,,,,,,,,,,,,,,0,4,72010.0,unit1 traveling interstate . unit1 hydroplaned struck wall .,C,"[0.175864115357399, 0.7651929259300232, 0.05894298478960991]",C,"[0.17376723885536194, 0.8150109052658081, 0.011221895925700665]",O,"[0.78564453125, 0.2037353515625, 0.010528564453125]"
1028,1028,205205837,"unit #1 was traveling on the on ramp from state route 132 north to state route 32 west. unit #1 hydroplaned, traveled off the right side of the roadway, and struck a guardrail.",20205205837,2020,O,11/1/2020 0:00,8,SCLESR00032**N,S,CLE,7.279,39.085344,-84.180458,4150,16885.0,11/22/2020 0:00,13,1,N,2.0,Y,Y,2.0,14,0,,,,N,7.3,SCLESR00032**C,N,1,13-1787-13,4,11,N,2,0,1,BATAVIA,1,E,Y,N,4.0,N,0.3,,Y,,N,BATAVIA TOWNSHIP,N,,0,,,,32,SR,,7.0,N,,,7,2,,,,,N,N,N,0,0,N,1.0,0,2,4,,150967.0,N,14.802,17,Y,11,3,4,1,M,N,N,N,0,2,30,1,0,55,13,8,30,0,0,0,0,1,6,NT,4,35,,,,,,,,,,,,,,,,,,,,,,,,,,,,,,,,,,0,4,72104.0,"unit1 traveling ramp state state . unit1 hydroplaned , traveled side roadway , struck guardrail .",O,"[0.9923045039176941, 0.007167248521000147, 0.0005281754420138896]",O,"[0.8001843690872192, 0.19282643496990204, 0.006989175919443369]",O,"[0.998046875, 0.0018672943115234375, 0.00012123584747314453]"
1029,1029,205207551,unit 1 was negotiating a curve westbound on ir 470. unit 1 hydroplaned and spun out traveling off the right side of the road. unit 1 struck the concrete barrier twice.,20205207551,2020,O,11/1/2020 0:00,11,SBELIR00470**N,S,BEL,0.751,40.069467,-80.844013,66628,94726.0,11/22/2020 0:00,13,1,N,2.0,Y,Y,1.0,17,0,,63e806dc-5372-475c-90de-95c9c09c01c7,52a8398b-58c6-4a84-9add-1b042b97a2c0,Y,0.415,SBELIR00470**C,N,3,07-0791-07,1,11,N,1,0,1,RICHLAND TOWNSHIP,1,E,Y,N,4.0,Y,0.2,,N,,N,RICHLAND TOWNSHIP,N,,0,,,,470,IR,,0.0,N,,,0,2,,,,,N,N,Y,0,0,N,1.0,0,2,4,,34964.0,N,0.751,27,Y,5,3,4,1,M,N,N,N,0,2,51,1,0,65,13,8,51,0,0,0,0,1,6,NT,1,0,,,,,,,,,,,,,,,,,,,,,,,,,,,,,,,,,,0,4,72378.0,unit1 negotiating curve . unit1 hydroplaned spun traveling side . unit1 struck concrete barrier twice .,O,"[0.9952147006988525, 0.0042692129500210285, 0.0005160973523743451]",O,"[0.5789213180541992, 0.41458210349082947, 0.00649656867608428]",O,"[0.99609375, 0.0036773681640625, 0.00018310546875]"