,id,OBJECTID,Narrative,DOCUMENT_NBR,CRASH_YR,CRASH_SEVERITY_CD,CRASH_MONTH_YEAR,DISTRICT_NBR,NLFID,NLF_JUR_CD,NLF_COUNTY_CD,COUNTY_LOG_NBR,ODOT_LATITUDE_NBR,ODOT_LONGITUDE_NBR,ODOT_FIPS_CD,AREA_CODE,CRASH_DATE,CRASH_TYPE_CD,DAY_IN_WEEK_CD,DISTRACTED_DRIVER_IND,FACILITY_TYPE_CD,FHWA_RDWY_DEPARTURE_IND,FREEWAY_IND,FUNCTIONAL_CLASS_CD,HOUR_OF_CRASH,INCAPAC_INJURIES_NBR,INTERCHANGE_ID,INTERSECTION_ID_CURRENT,INTERSECTION_LEG_ID,INTERSTATE_IND,INV_LOG_NBR,INV_NLFID,IS_COMMERCIAL_RELATED,LIGHT_COND_PRIMARY_CD,LOCAL_REPORT_NUMBER_ID,MAINTENANCE_AUTHORITY_CD,MONTH_OF_CRASH,NHS_CD,NO_INJURY_REPORTED_NBR,NON_INCAPAC_INJURIES_NBR,NUMBER_OF_UNITS_NBR,ODOT_CITY_VILLAGE_TWP_NME,ODOT_CRASH_LOCATION_CD,ODOT_DIR_FROM_REF_CD,ODOT_DIV_UNDIV_IND,ODOT_INTERSECTION_REL_IND,ODOT_LANES_NBR,ODOT_MAINTAINED_HWY_IND,ODOT_MILES_FROM_REF_NBR,ODOT_REF_ROUTE_PREFIX_CD,ODOT_YOUNG_DRIVER_IND,ODPS_ADDRESS_REFERENCE,ODPS_ALCOHOL_IND,ODPS_CITY_VILLAGE_TWP_NME,ODPS_DRUG_IND,ODPS_LOC_DIR_SUFFIX_CD,ODPS_LOC_IN_WORK_ZONE_CD,ODPS_LOC_ROAD_DIRECTION_CD,ODPS_LOC_ROAD_NME,ODPS_LOC_ROAD_SUFFIX_CD,ODPS_LOC_ROUTE_ID,ODPS_LOC_ROUTE_PREFIX_CD,ODPS_LOC_ROUTE_SUFFIX_CD,ODPS_MILEPOST_REFERENCE,ODPS_MOTORCYCLE_IND,ODPS_REF_DIR_SUFFIX_CD,ODPS_REF_DIRECTION_CD,ODPS_REF_GIVEN,ODPS_REF_POINT_USED_CD,ODPS_REF_ROUTE_ID,ODPS_REF_ROUTE_PREFIX_CD,ODPS_REF_ROUTE_SUFFIX_CD,ODPS_REF_SUFFIX_CD,ODPS_SCHOOL_ZONE_IND,ODPS_SENIOR_DRIVER_IND,ODPS_SPEED_IND,ODPS_TOTAL_FATALITIES_NBR,ODPS_TYPE_OF_WORK_ZONE_CD,ODPS_WORK_ZONE_IND,OPER_ACCESS_CONTROL_CD,POSSIBLE_INJURIES_NBR,ROAD_COND_PRIMARY_CD,ROAD_CONTOUR_CD,SA_RAMP_ID,SA_SEGMENT_ID,SECONDARY_CRASH,STATE_TRUE_LOG_NBR,U1_AGE_NBR,U1_AT_FAULT_IND,U1_CONT_CIR_PRIMARY_CD,U1_DIRECTION_FROM_CD,U1_DIRECTION_TO_CD,U1_DISTRACTED_BY_1_CD,U1_GENDER_CD,U1_IS_ALCOHOL_SUSPECTED,U1_IS_MARIJUANA_SUSPECTED,U1_IS_OTHER_DRUG_SUSPECTED,U1_NON_MOTORIST_LOC_CD,U1_NUMBER_OF_THRU_LANES,U1_OBJECT_STRUCK,U1_ODPS_UNIT_NBR,U1_OPERATINGIN_AUTONOMOUS_MODE,U1_POSTED_SPEED_NBR,U1_PRECRASH_ACTION_CD,U1_SEQ_OF_EVENTS_1_CD,U1_SEQ_OF_EVENTS_2_CD,U1_SEQ_OF_EVENTS_3_CD,U1_SEQ_OF_EVENTS_4_CD,U1_SEQ_OF_EVENTS_5_CD,U1_SEQ_OF_EVENTS_6_CD,U1_SPECIAL_FUNCTION_CD,U1_TRAFFIC_CONTROL_CD,U1_TURN_CD,U1_TYPE_OF_UNIT_CD,U1_UNIT_SPEED_NBR,U2_AGE_NBR,U2_CONT_CIR_PRIMARY_CD,U2_DIRECTION_FROM_CD,U2_DIRECTION_TO_CD,U2_DISTRACTED_BY_1_CD,U2_GENDER_CD,U2_NON_MOTORIST_LOC_CD,U2_ODPS_UNIT_NBR,U2_POSTED_SPEED_NBR,U2_PRECRASH_ACTION_CD,U2_SEQ_OF_EVENTS_1_CD,U2_SEQ_OF_EVENTS_2_CD,U2_SEQ_OF_EVENTS_3_CD,U2_SEQ_OF_EVENTS_4_CD,U2_SEQ_OF_EVENTS_5_CD,U2_SEQ_OF_EVENTS_6_CD,U2_SPECIAL_FUNCTION_CD,U2_TRAFFIC_CONTROL_CD,U2_TURN_CD,U2_TYPE_OF_UNIT_CD,U2_UNIT_SPEED_NBR,U3_CONT_CIR_PRIMARY_CD,U3_ODPS_UNIT_NBR,U3_PRECRASH_ACTION_CD,U3_SEQ_OF_EVENTS_1_CD,U3_SEQ_OF_EVENTS_2_CD,U3_SEQ_OF_EVENTS_3_CD,U3_SEQ_OF_EVENTS_4_CD,U3_SEQ_OF_EVENTS_5_CD,U3_SEQ_OF_EVENTS_6_CD,U3_SPECIAL_FUNCTION_CD,U3_TRAFFIC_CONTROL_CD,U3_TYPE_OF_UNIT_CD,UNRESTRAIN_OCCUPANTS,WEATHER_COND_CD,V1,clean_Narrative,BERT_predictions,BERT_prediction_probabilities,RoBERTa_predictions,RoBERTa_predictions_probabilities,distilBERT_predictions,distilBERT_predictions_probabilities
1030,1030,205209443,"unit #1, #2 and #3 were eastbound on ir 70. unit #1 hydroplaned, traveled into the right lane and was struck by unit # 3. unit #1 came back into the center lane and struck unit #2 which spun and struck unit #3. unit #1 continued off the right side of the roadway.",20205209443,2020,AB,11/1/2020 0:00,5,SLICIR00070**C,S,LIC,16.79,39.946761,-82.458478,43456,61705.0,11/25/2020 0:00,5,4,N,2.0,N,Y,1.0,12,0,,,,Y,16.79,SLICIR00070**C,Y,3,45-0559-45,1,11,N,0,2,3,LICKING TOWNSHIP,1,E,Y,N,6.0,Y,0.2,,N,,N,BOWLING GREEN TOWNSHIP,N,,0,,,,70,IR,,130.0,N,,,130,2,,,,,N,Y,Y,0,0,N,1.0,3,2,1,,107458.0,N,130.155,75,Y,5,4,3,1,M,N,N,N,0,3,0,1,0,70,1,20,20,8,0,0,0,1,6,NT,1,0,60.0,1.0,4.0,3.0,1.0,M,,2.0,70.0,1.0,20.0,20.0,,,,,1.0,6.0,NT,4.0,70.0,1.0,3.0,1.0,20.0,20.0,,,,,1.0,6.0,15.0,0,4,72739.0,"unit1 , . unit1 hydroplaned , traveled struck unit3 . unit1 came back center struck unit2 spun struck unit3 . unit1 continued side roadway .",C,"[0.09561803936958313, 0.8738577365875244, 0.030524244531989098]",C,"[0.018052224069833755, 0.9358920454978943, 0.046055808663368225]",C,"[0.050567626953125, 0.94140625, 0.00795745849609375]"
1031,1031,205209449,"unit #1 was traveling northbound on state route 222. unit #2 was traveling southbound on state route 222. unit #2 hydroplaned, crossed the centerline, and struck unit #1.",20205209449,2020,O,11/1/2020 0:00,8,SCLESR00222**C,S,CLE,11.2,38.918167,-84.139314,81130,99999.0,11/26/2020 0:00,18,5,N,2.0,Y,N,5.0,14,0,,,,N,11.2,SCLESR00222**C,N,1,13-1820-13,1,11,,2,0,2,WASHINGTON TOWNSHIP,1,N,N,N,2.0,Y,0.2,,Y,,N,WASHINGTON TOWNSHIP,N,,0,,,,222,SR,,11.0,N,,,11,2,,,,,N,N,N,0,0,N,3.0,0,2,4,,178468.0,N,11.2,18,Y,7,1,2,1,F,N,N,N,0,2,0,2,0,55,13,11,20,0,0,0,0,1,6,NT,1,55,39.0,1.0,2.0,1.0,1.0,M,,1.0,55.0,13.0,20.0,,,,,,1.0,6.0,NT,4.0,35.0,,,,,,,,,,,,,0,2,72741.0,"unit1 traveling state . unit2 traveling state . unit2 hydroplaned , crossed centerline , struck unit1 .",C,"[0.01767863892018795, 0.9523261785507202, 0.02999519184231758]",AB,"[0.03781844303011894, 0.3533540964126587, 0.6088274717330933]",O,"[0.84228515625, 0.1480712890625, 0.00949859619140625]"
1032,1032,205209769,"unit # 1 was trveling north on state route 776 when it hydroplaned and lost control. unit # 1 crossed the centerline, traveled off the left side of the road and struck the guardrail.",20205209769,2020,O,11/1/2020 0:00,9,SJACSR00776**C,S,JAC,1.989,38.973514,-82.788797,70856,99999.0,11/25/2020 0:00,13,4,N,2.0,Y,N,5.0,12,0,,,,N,1.989,SJACSR00776**C,N,1,40-0789-40,1,11,,1,0,1,SCIOTO TOWNSHIP,1,N,N,N,2.0,Y,0.019,,Y,,N,SCIOTO TOWNSHIP,N,,0,,,,776,SR,,2.0,N,,,2,2,,,,,N,N,N,0,0,N,3.0,0,2,1,,330020.0,N,5.669,25,Y,11,2,1,1,M,N,N,N,0,2,30,1,0,55,1,11,9,30,0,0,0,1,6,NT,1,40,,,,,,,,,,,,,,,,,,,,,,,,,,,,,,,,,,0,4,72841.0,"unit1 trveling state hydroplaned lost control . unit1 crossed centerline , traveled left side struck guardrail .",O,"[0.9980568289756775, 0.0017799626803025603, 0.00016327461344189942]",O,"[0.6530884504318237, 0.3445262312889099, 0.002385277533903718]",O,"[0.93115234375, 0.060577392578125, 0.0083770751953125]"
1033,1033,205215782,"unit 1 was northbound on interstate 71. unit 1 hydroplaned on the wet roadway, went off the left side of the roadway, and struck the median cable barrier.",20205215782,2020,O,11/1/2020 0:00,6,SMRWIR00071**C,S,MRW,19.268,40.563007,-82.634437,28378,99999.0,11/30/2020 0:00,13,2,N,2.0,Y,Y,1.0,9,0,,,,Y,19.268,SMRWIR00071**C,N,1,59-1270-59,1,11,N,1,0,1,FRANKLIN TOWNSHIP,1,N,Y,N,6.0,Y,0.4,,N,,N,PERRY TOWNSHIP,N,,0,,,,71,IR,,157.0,N,,,157,2,,,,,N,N,Y,0,0,N,1.0,0,2,2,,33999.0,N,157.441,33,Y,5,2,1,1,M,N,N,N,0,3,33,1,0,70,1,9,33,0,0,0,0,1,6,NT,1,72,,,,,,,,,,,,,,,,,,,,,,,,,,,,,,,,,,0,6,74542.0,"unit1 interstate . unit1 hydroplaned wet roadway , went left side roadway , struck median cable barrier .",O,"[0.9809191823005676, 0.01772424764931202, 0.0013566026464104652]",O,"[0.9999843835830688, 1.550262277305592e-05, 1.6623684473415778e-07]",O,"[1.0, 1.1920928955078125e-06, 1.1920928955078125e-07]"
1034,1034,205221139,"unit 1 was traveling northbound on ir75 in the left lane. unit 1 began to hydroplane and spin to the right towards a commercial, the driver attempted to correct and spun the vehicle to the left striking the median barrier cable.",20205221139,2020,O,12/1/2020 0:00,7,SSHEIR00075**C,S,SHE,9.82,40.327768,-84.159549,28434,99769.0,12/12/2020 0:00,13,7,N,2.0,Y,Y,1.0,12,0,,,,Y,9.82,SSHEIR00075**C,N,1,55-0525-75,1,12,N,1,0,1,FRANKLIN TOWNSHIP,1,S,Y,N,4.0,Y,0.011,,Y,,N,FRANKLIN TOWNSHIP,N,,0,,,,75,IR,,95.0,N,,,95,2,,,,,N,N,Y,0,0,N,1.0,0,2,3,,42918.0,N,95.108,22,Y,5,2,1,1,M,N,N,N,0,2,33,1,0,70,1,9,33,0,0,0,0,1,6,NT,1,70,,,,,,,,,,,,,,,,,,,,,,,,,,,,,,,,,,0,4,75809.0,"unit1 traveling left . unit1 began hydroplane spin towards commercial , driver attempted correct spun vehicle left striking median barrier cable .",O,"[0.999998927116394, 9.413283805770334e-07, 1.1071473693391454e-07]",O,"[1.0, 1.553169859391801e-08, 3.730626571551987e-11]",O,"[1.0, 2.980232238769531e-07, 0.0]"
1035,1035,205221229,"unit #1 was traveling westbound on ir 80 (ohio turnpike) when unit #1 hit a patch of ice and lost control. this caused unit #1 to hydroplane, strike the median concrete barrier, and spin out facing eastbound.",20205221229,2020,AB,12/1/2020 0:00,12,SCUYIR00080*KN,S,CUY,13.229,41.30426,-81.740434,57008,17668.0,12/5/2020 0:00,13,7,N,2.0,Y,Y,1.0,15,0,,,,Y,13.223,SCUYIR00080*KC,N,1,91-0630-18,31,12,N,0,1,1,NORTH ROYALTON,1,W,Y,N,6.0,N,0.0,,Y,,N,NORTH ROYALTON,N,,0,,,,80,IR,K,166.5,N,,,166 5,2,,,,,N,N,Y,0,0,N,1.0,0,2,1,,39640.0,N,166.52,19,Y,5,3,4,1,M,N,N,N,0,3,35,1,0,70,1,9,35,0,0,0,0,1,6,NT,1,65,,,,,,,,,,,,,,,,,,,,,,,,,,,,,,,,,,0,6,75858.0,"unit1 traveling unit1 hit patch ice lost control . caused unit1 hydroplane , strike median concrete barrier , spin facing .",O,"[0.9399049282073975, 0.055762745440006256, 0.004332306329160929]",O,"[0.8204169869422913, 0.16180919110774994, 0.017773829400539398]",O,"[0.998046875, 0.001560211181640625, 0.00011938810348510742]"
1036,1036,205226109,"unit #1 was driving southbound on s.r. 32. unit #1 hydroplaned, drove off the left side of the roadway, and struck two trees.",20205226109,2020,AB,12/1/2020 0:00,9,SADASR00032**C,S,ADA,24.208,39.017456,-83.287485,28196,99999.0,12/12/2020 0:00,13,7,N,2.0,Y,N,3.0,17,0,,,,N,24.208,SADASR00032**C,N,2,08-1058-01,1,12,N,0,1,1,FRANKLIN TOWNSHIP,1,N,Y,N,4.0,Y,0.2,,N,,N,FRANKLIN TOWNSHIP,N,,0,,,,32,SR,,24.0,N,,,24,2,,,,,N,N,Y,0,0,N,2.0,0,2,2,,295998.0,N,68.393,44,Y,5,1,2,1,M,N,N,N,0,4,48,1,0,60,1,48,48,9,0,0,0,1,6,NT,4,63,,,,,,,,,,,,,,,,,,,,,,,,,,,,,,,,,,0,4,76968.0,"unit1 driving s.r . . unit1 hydroplaned , drove left side roadway , struck two trees .",O,"[0.991134524345398, 0.008198210969567299, 0.0006672205054201186]",C,"[0.29127925634384155, 0.6338059306144714, 0.07491476833820343]",O,"[0.9716796875, 0.02691650390625, 0.0016422271728515625]"
1037,1037,205235600,"unit 1 and 2 were traveling southbound on interstate 75 near mile post 160. unit 1 then lost control of their vehicle after hydroplanning on the slushy pavement in a curve. unit 1 then went underneath unit 2's enclosed box, striking the outer metal frame.",20205235600,2020,O,12/1/2020 0:00,1,SHANIR00075**C,S,HAN,18.406,41.070669,-83.662479,43148,99727.0,12/30/2020 0:00,5,4,N,2.0,N,Y,1.0,20,0,,,,Y,18.406,SHANIR00075**C,N,4,32-0510-32,1,12,N,2,0,2,LIBERTY TOWNSHIP,1,,Y,N,6.0,Y,0.0,,N,,N,FINDLAY,N,,0,,,,75,IR,,160.0,N,,,160,2,,,,,N,N,Y,0,0,N,1.0,0,7,3,,42893.0,N,159.883,50,Y,5,2,8,1,F,N,N,N,0,3,0,1,0,70,13,20,0,0,0,0,0,1,6,LT,3,65,28.0,1.0,2.0,8.0,1.0,M,,2.0,70.0,13.0,20.0,,,,,,1.0,6.0,LT,14.0,60.0,,,,,,,,,,,,,0,6,79564.0,"unit1 traveling interstate near mile post . unit1 lost control vehicle hydroplanning slushy pavement curve . unit1 went underneath unit2 's enclosed box , striking outer metal frame .",O,"[0.999575674533844, 0.0004077149787917733, 1.6621092072455212e-05]",O,"[0.5793151259422302, 0.41777610778808594, 0.0029087236616760492]",O,"[1.0, 0.0, 0.0]"
1038,1038,205237082,unit 1 was eastbound on interstate route 70 when it hydroplaned and struck the center concrete median wall.,20205237082,2020,O,12/1/2020 0:00,5,SLICIR00070**C,S,LIC,15.992,39.945696,-82.473471,43456,61705.0,12/30/2020 0:00,13,4,N,2.0,Y,Y,1.0,21,0,,,,Y,15.992,SLICIR00070**C,N,4,45-0666-45,1,12,N,1,0,1,LICKING TOWNSHIP,1,E,Y,N,6.0,Y,0.2,,Y,,N,UNION TOWNSHIP,N,,0,,,,70,IR,,129.0,N,,,129,2,,,,,N,N,Y,0,0,N,1.0,0,2,1,,45250.0,N,129.357,18,Y,5,4,3,1,F,N,N,N,0,2,35,1,0,70,1,9,35,0,0,0,0,1,6,NT,1,60,,,,,,,,,,,,,,,,,,,,,,,,,,,,,,,,,,0,4,79737.0,unit1 interstate hydroplaned struck center concrete median wall .,C,"[0.09557349979877472, 0.885850727558136, 0.01857573352754116]",C,"[0.0380612276494503, 0.9609322547912598, 0.0010065542301163077]",O,"[1.0, 1.430511474609375e-06, 5.960464477539063e-08]"
1039,1039,205238204,"unit 1 was traveling westbound on ir70 in the left lane. unit 1 hydroplanned, and went off the road to the right. unit 1 then struck a guardrail and came to final rest.",20205238204,2020,AB,12/1/2020 0:00,7,SCLAIR00070**N,S,CLA,4.292,39.873361,-83.974156,46788,99999.0,12/30/2020 0:00,13,4,N,2.0,Y,Y,1.0,22,0,,,,Y,4.3,SCLAIR00070**C,N,4,12-1290-12,1,12,N,0,1,1,MAD RIVER TOWNSHIP,1,W,Y,N,6.0,Y,0.5,,Y,,N,MADISON TOWNSHIP,N,,0,,,,70,IR,,46.0,N,,,46,2,,,,,N,N,N,0,0,N,1.0,0,2,1,,33455.0,N,45.496,23,Y,11,3,4,1,F,N,N,N,0,3,30,1,0,70,1,30,8,0,0,0,0,1,6,NT,1,65,,,,,,,,,,,,,,,,,,,,,,,,,,,,,,,,,,0,5,79831.0,"unit1 traveling left . unit1 hydroplanned , went . unit1 struck guardrail came final rest .",O,"[0.9913130402565002, 0.007876836694777012, 0.0008100240956991911]",O,"[0.9947521686553955, 0.005001956596970558, 0.00024580652825534344]",O,"[0.96044921875, 0.033782958984375, 0.005161285400390625]"
1040,1040,206000686,"unit #1 was traveling south on i-75 in the middle lane and at neff, unit #1 lost control of the vehicle and hydroplaned into the left lane striking unit #2 who then struck the concrete barier.",20206000686,2020,AB,1/1/2020 0:00,7,SMOTIR00075**N,S,MOT,16.139,39.803449,-84.18928,33922,22528.0,1/3/2020 0:00,5,6,N,2.0,N,Y,1.0,22,0,70350.0,,,Y,16.116,SMOTIR00075**C,N,3,MC200000058,1,1,N,0,5,2,HARRISON TOWNSHIP,1,N,Y,N,6.0,Y,0.004,,N,,N,HARRISON TOWNSHIP,N,,0,,I 75 S,,75,IR,,,N,,,NEFF,1,,,,RD,N,N,N,0,0,N,1.0,0,2,1,,56770.0,N,57.109,31,Y,15,1,2,1,M,N,N,N,0,3,0,1,0,55,1,20,0,0,0,0,0,1,6,NT,1,50,48.0,1.0,1.0,2.0,1.0,F,,2.0,55.0,1.0,20.0,35.0,,,,,1.0,6.0,NT,4.0,50.0,,,,,,,,,,,,,0,4,64348.0,"unit1 traveling middle neff , unit1 lost control vehicle hydroplaned left striking unit2 struck concrete barier .",C,"[0.39120161533355713, 0.5758582949638367, 0.03294011205434799]",C,"[0.13915452361106873, 0.84906005859375, 0.011785423383116722]",O,"[1.0, 4.297494888305664e-05, 5.602836608886719e-06]"
1041,1041,206006536,"unit 01 was e/b on sr 16 in the inside lane approaching dayton rd. unit 01, according to its driver, began to hydroplane then spin. unit 01 spun out of control towards the northeast crossing the grass median and w/b lanes before striking the utility pole at the northwest corner of sr 16 and dayton rd. unit 01 then left the scene of the accident. unit 01 had significant damage to the rear passenger side of the vehicle. its front bumper was left at the scene of the accident. according to the driver, he advised he believed he hit a sign as well which removed the bumper however this sign was not located.",20206006536,2020,O,1/1/2020 0:00,5,SLICSR00016**C,S,LIC,23.734,40.063487,-82.355754,54040,61705.0,1/11/2020 0:00,13,7,N,2.0,Y,Y,2.0,0,0,,c09de49a-0c34-4c0d-81fc-740baca4d705,90063641-598e-4d42-9d72-02f9e5ba3c54,N,23.734,SLICSR00016**C,N,3,20-1035,4,1,N,1,0,1,NEWARK,1,,Y,N,4.0,N,0.0,CR,N,,N,NEWARK,N,,0,,STATE ROUTE 16 E,,16,SR,,,N,,,DAYTON,1,,,,RD,N,N,N,0,0,N,3.0,0,2,1,,182586.0,N,36.144,0,Y,99,4,3,1,M,N,N,N,0,4,40,1,0,55,1,9,10,11,40,0,0,1,6,NT,3,55,,,,,,,,,,,,,,,,,,,,,,,,,,,,,,,,,,0,4,65229.0,"unit1 inside approaching dayton unit1 , according driver , began hydroplane spin . unit1 spun control towards crossing grass median lanes striking utility pole corner dayton unit1 left scene accident . unit1 significant damage rear passenger side vehicle . front bumper left scene accident . according driver , advised believed hit sign well removed bumper however sign located .",O,"[0.9999998807907104, 8.393553230234829e-08, 1.8349147978824476e-08]",O,"[1.0, 3.997693148738435e-11, 1.1802009564944316e-13]",O,"[1.0, 0.0, 0.0]"
1042,1042,206007934,heavy rain was reported in the area. unit one driver reports driving in the left lane of ir 75 (s) at 13.3 mile post when her vehicle began to hydroplane on the wet pavement. unit one then spun into the concrete median divider and stopped in the lanes of travel.,20206007934,2020,AB,1/1/2020 0:00,8,SHAMIR00075**N,S,HAM,13.14,39.242174,-84.450312,25802,16885.0,1/18/2020 0:00,13,7,N,2.0,Y,Y,1.0,10,0,41900.0,,,Y,13.366,SHAMIR00075**C,N,1,AA20-020,1,1,N,0,1,1,EVENDALE,1,,Y,N,6.0,Y,0.0,,N,,N,EVENDALE,N,,4,,,,75,IR,,13.3,N,,,13 3,2,,,,,N,N,Y,0,2,Y,1.0,0,2,2,,81204.0,N,13.14,41,Y,11,1,2,1,F,N,N,N,0,3,35,1,0,45,1,9,35,0,0,0,0,1,6,NT,1,55,,,,,,,,,,,,,,,,,,,,,,,,,,,,,,,,,,0,4,65458.0,heavy rain reported area . unit1 driver reports driving left . mile post vehicle began hydroplane wet pavement . unit1 spun concrete median divider stopped lanes travel .,O,"[0.9999998807907104, 1.555203823500051e-07, 1.617562617184376e-08]",O,"[1.0, 2.3726447473393364e-09, 5.220221824253635e-12]",O,"[1.0, 2.562999725341797e-06, 1.1920928955078125e-07]"
1043,1043,206012483,"unit 1, unit 2, and unit 3 were all traveling n/b on ir 75 near the 13.5 mp, in the left lane. unit 1 failed to maintain reasonable control, hydroplaning, and began to swerve. unit 2 attempted to move into the center lane to avoid unit 1. however unit 2 failed to assure a clear distance ahead and struck the right rear of unit 1 with the front left of unit 2. this caused unit 1 into the concrete wall on the left side of the highway. unit 3 then failed to assure a clear distance ahead striking the right rear of unit 1 with the front left of unit 3. unit 3 then continued ahead and struck the left rear of unit 2 with the front right of unit 3.",20206012483,2020,AB,1/1/2020 0:00,8,SHAMIR00075**N,S,HAM,13.301,39.243423,-84.449342,25802,16885.0,1/24/2020 0:00,2,6,N,2.0,N,Y,1.0,14,0,41900.0,,,Y,13.466,SHAMIR00075**C,N,1,AA20-028,1,1,N,0,3,3,EVENDALE,1,,Y,N,6.0,Y,0.0,,Y,,N,EVENDALE,N,,4,,,,75,IR,,13.5,N,,,13 5,2,,,,,N,N,Y,0,3,Y,1.0,0,2,4,,81204.0,N,13.301,18,N,99,2,1,1,M,N,N,N,0,3,35,1,9,45,1,20,35,20,0,0,0,1,6,NT,1,67,23.0,8.0,2.0,1.0,1.0,M,,2.0,45.0,1.0,20.0,20.0,,,,,1.0,6.0,NT,4.0,40.0,8.0,3.0,1.0,20.0,20.0,,,,,1.0,6.0,1.0,0,4,66185.0,"unit1 , unit2 , unit3 traveling near . mp , left . unit1 failed maintain reasonable control , hydroplaning , began swerve . unit2 attempted move center avoid unit1 . however unit2 failed assure clear distance ahead struck rear unit1 front left unit2 . caused unit1 concrete wall left side . unit3 failed assure clear distance ahead striking rear unit1 front left unit3 . unit3 continued ahead struck left rear unit2 front unit3 .",O,"[0.9871423244476318, 0.011825424619019032, 0.001032253378070891]",C,"[0.019380828365683556, 0.9193066358566284, 0.061312489211559296]",O,"[0.97509765625, 0.0218963623046875, 0.003253936767578125]"
1044,1044,206025422,"unit #1 was s/b on ir-75 at the 13.4 mm in the right lane. unit #1 struck an area of standing water and hydroplaned. unit #1 lost control of the vehicle and traveled across the lanes to the left, striking the left concrete wall with the left front of her vehicle. as unit #1 started to come back across the lanes, she also struck the wall with the left rear of her vehicle. unit #1 then went across the lanes of travel again, striking the construction barrier wall on the right side of the roadway with the front of her vehicle. unit #1 came to rest across both lanes of travel. driver was transported to the hospital. jurgensen construction was contacted regarding the damage to the barriers, as well as the standing water.",20206025422,2020,AB,2/1/2020 0:00,8,SHAMIR00075**N,S,HAM,13.247,39.242753,-84.449904,25802,16885.0,2/12/2020 0:00,13,4,N,2.0,Y,Y,1.0,21,0,41900.0,,,Y,13.41,SHAMIR00075**C,N,4,AA20-053,1,2,N,0,1,1,EVENDALE,1,,Y,N,6.0,Y,0.0,,N,,N,EVENDALE,N,,0,,,,75,IR,,13.4,N,,,13 4,2,,,,,N,N,N,0,0,N,1.0,0,6,1,,81204.0,N,13.247,28,Y,99,1,2,1,F,N,N,N,0,2,35,1,2,45,1,9,35,35,8,35,0,1,6,NT,1,45,,,,,,,,,,,,,,,,,,,,,,,,,,,,,,,,,,0,4,68112.0,"unit1 ir . mm . unit1 struck area standing water hydroplaned . unit1 lost control vehicle traveled across lanes left , striking left concrete wall left front vehicle . unit1 started come back across lanes , also struck wall left rear vehicle . unit1 went across lanes travel , striking construction barrier wall side roadway front vehicle . unit1 came rest across lanes travel . driver transported hospital . jurgensen construction contacted regarding damage barriers , well standing water .",C,"[0.0006998615572229028, 0.9952698349952698, 0.0040302276611328125]",C,"[2.1628056856570765e-05, 0.9876031279563904, 0.012375273741781712]",C,"[5.561113357543945e-05, 1.0, 0.0001634359359741211]"
1045,1045,206032011,"unit 1 was travelling east on i475s near the i75 split. unit 2 was in front of unit 1 stopped in traffic. unit 1 was slowing in traffic, and began hydroplaning. the front of unit 1 then struck the rear of unit 2.",20206032011,2020,O,2/1/2020 0:00,2,SWOOIR00475**C,S,WOO,0.705,41.533056,-83.625713,62148,87868.0,2/25/2020 0:00,2,3,N,2.0,N,Y,1.0,7,0,98300.0,05c7864a-eb51-4b92-966d-bfca627a75e6,e92919fc-8b70-4ff9-85b8-095553233b10,Y,0.705,SWOOIR00475**C,N,1,2020-2013,1,2,N,3,0,2,PERRYSBURG,1,E,Y,N,4.0,Y,0.095,,Y,,N,PERRYSBURG,N,,0,,,,475,IR,,0.8,N,,,0 8,2,,,,,N,N,N,0,0,N,1.0,0,2,4,,35019.0,N,0.705,17,Y,8,4,3,1,M,N,N,N,0,3,0,1,0,65,11,20,0,0,0,0,0,1,6,NT,1,10,40.0,1.0,4.0,3.0,1.0,M,,2.0,65.0,11.0,20.0,,,,,,1.0,6.0,NT,1.0,0.0,,,,,,,,,,,,,0,4,68987.0,"unit1 travelling 75s near split . unit2 front unit1 stopped traffic . unit1 slowing traffic , began hydroplaning . front unit1 struck rear unit2 .",O,"[0.9995070695877075, 0.00046283818664960563, 3.019725227204617e-05]",O,"[0.9981411695480347, 0.0017368001863360405, 0.00012211277498863637]",O,"[1.0, 1.2516975402832031e-06, 1.1920928955078125e-07]"
1046,1046,206042637,"unit 1 was n/b i-75 @ the 13.5 mp in the left lane. unit 1 driver attempted to change lanes into the middle lane, when unit 1 hit standing water. unit 1 then hydroplaned and spun clockwise out of control. unit 1 then went off the right side of the roadway striking the concrete wall. unit 1 then came to rest on the shoulder facing s/b.",20206042637,2020,O,3/1/2020 0:00,8,SHAMIR00075**C,S,HAM,13.536,39.244142,-84.448554,25802,16885.0,3/10/2020 0:00,13,3,N,2.0,N,Y,1.0,6,0,41900.0,,,Y,13.536,SHAMIR00075**C,N,3,AA20-088,1,3,N,1,0,1,EVENDALE,1,,Y,N,6.0,Y,0.0,,Y,,N,EVENDALE,N,,4,,,,75,IR,,13.5,N,,,13 5,2,,,,,N,N,N,0,3,Y,1.0,0,2,1,,81204.0,N,13.536,23,Y,22,2,1,1,M,N,N,N,0,3,35,1,0,45,3,13,8,35,0,0,0,1,6,NT,1,45,,,,,,,,,,,,,,,,,,,,,,,,,,,,,,,,,,0,4,70459.0,"unit1 . mp left . unit1 driver attempted change lanes middle , unit1 hit standing water . unit1 hydroplaned spun clockwise control . unit1 went side roadway striking concrete wall . unit1 came rest shoulder facing b .",O,"[0.9445835947990417, 0.051173146814107895, 0.004243206232786179]",O,"[0.9999902248382568, 9.670995495980605e-06, 6.671417196457696e-08]",O,"[1.0, 0.00019109249114990234, 1.2040138244628906e-05]"