,id,OBJECTID,Narrative,DOCUMENT_NBR,CRASH_YR,CRASH_SEVERITY_CD,CRASH_MONTH_YEAR,DISTRICT_NBR,NLFID,NLF_JUR_CD,NLF_COUNTY_CD,COUNTY_LOG_NBR,ODOT_LATITUDE_NBR,ODOT_LONGITUDE_NBR,ODOT_FIPS_CD,AREA_CODE,CRASH_DATE,CRASH_TYPE_CD,DAY_IN_WEEK_CD,DISTRACTED_DRIVER_IND,FACILITY_TYPE_CD,FHWA_RDWY_DEPARTURE_IND,FREEWAY_IND,FUNCTIONAL_CLASS_CD,HOUR_OF_CRASH,INCAPAC_INJURIES_NBR,INTERCHANGE_ID,INTERSECTION_ID_CURRENT,INTERSECTION_LEG_ID,INTERSTATE_IND,INV_LOG_NBR,INV_NLFID,IS_COMMERCIAL_RELATED,LIGHT_COND_PRIMARY_CD,LOCAL_REPORT_NUMBER_ID,MAINTENANCE_AUTHORITY_CD,MONTH_OF_CRASH,NHS_CD,NO_INJURY_REPORTED_NBR,NON_INCAPAC_INJURIES_NBR,NUMBER_OF_UNITS_NBR,ODOT_CITY_VILLAGE_TWP_NME,ODOT_CRASH_LOCATION_CD,ODOT_DIR_FROM_REF_CD,ODOT_DIV_UNDIV_IND,ODOT_INTERSECTION_REL_IND,ODOT_LANES_NBR,ODOT_MAINTAINED_HWY_IND,ODOT_MILES_FROM_REF_NBR,ODOT_REF_ROUTE_PREFIX_CD,ODOT_YOUNG_DRIVER_IND,ODPS_ADDRESS_REFERENCE,ODPS_ALCOHOL_IND,ODPS_CITY_VILLAGE_TWP_NME,ODPS_DRUG_IND,ODPS_LOC_DIR_SUFFIX_CD,ODPS_LOC_IN_WORK_ZONE_CD,ODPS_LOC_ROAD_DIRECTION_CD,ODPS_LOC_ROAD_NME,ODPS_LOC_ROAD_SUFFIX_CD,ODPS_LOC_ROUTE_ID,ODPS_LOC_ROUTE_PREFIX_CD,ODPS_LOC_ROUTE_SUFFIX_CD,ODPS_MILEPOST_REFERENCE,ODPS_MOTORCYCLE_IND,ODPS_REF_DIR_SUFFIX_CD,ODPS_REF_DIRECTION_CD,ODPS_REF_GIVEN,ODPS_REF_POINT_USED_CD,ODPS_REF_ROUTE_ID,ODPS_REF_ROUTE_PREFIX_CD,ODPS_REF_ROUTE_SUFFIX_CD,ODPS_REF_SUFFIX_CD,ODPS_SCHOOL_ZONE_IND,ODPS_SENIOR_DRIVER_IND,ODPS_SPEED_IND,ODPS_TOTAL_FATALITIES_NBR,ODPS_TYPE_OF_WORK_ZONE_CD,ODPS_WORK_ZONE_IND,OPER_ACCESS_CONTROL_CD,POSSIBLE_INJURIES_NBR,ROAD_COND_PRIMARY_CD,ROAD_CONTOUR_CD,SA_RAMP_ID,SA_SEGMENT_ID,SECONDARY_CRASH,STATE_TRUE_LOG_NBR,U1_AGE_NBR,U1_AT_FAULT_IND,U1_CONT_CIR_PRIMARY_CD,U1_DIRECTION_FROM_CD,U1_DIRECTION_TO_CD,U1_DISTRACTED_BY_1_CD,U1_GENDER_CD,U1_IS_ALCOHOL_SUSPECTED,U1_IS_MARIJUANA_SUSPECTED,U1_IS_OTHER_DRUG_SUSPECTED,U1_NON_MOTORIST_LOC_CD,U1_NUMBER_OF_THRU_LANES,U1_OBJECT_STRUCK,U1_ODPS_UNIT_NBR,U1_OPERATINGIN_AUTONOMOUS_MODE,U1_POSTED_SPEED_NBR,U1_PRECRASH_ACTION_CD,U1_SEQ_OF_EVENTS_1_CD,U1_SEQ_OF_EVENTS_2_CD,U1_SEQ_OF_EVENTS_3_CD,U1_SEQ_OF_EVENTS_4_CD,U1_SEQ_OF_EVENTS_5_CD,U1_SEQ_OF_EVENTS_6_CD,U1_SPECIAL_FUNCTION_CD,U1_TRAFFIC_CONTROL_CD,U1_TURN_CD,U1_TYPE_OF_UNIT_CD,U1_UNIT_SPEED_NBR,U2_AGE_NBR,U2_CONT_CIR_PRIMARY_CD,U2_DIRECTION_FROM_CD,U2_DIRECTION_TO_CD,U2_DISTRACTED_BY_1_CD,U2_GENDER_CD,U2_NON_MOTORIST_LOC_CD,U2_ODPS_UNIT_NBR,U2_POSTED_SPEED_NBR,U2_PRECRASH_ACTION_CD,U2_SEQ_OF_EVENTS_1_CD,U2_SEQ_OF_EVENTS_2_CD,U2_SEQ_OF_EVENTS_3_CD,U2_SEQ_OF_EVENTS_4_CD,U2_SEQ_OF_EVENTS_5_CD,U2_SEQ_OF_EVENTS_6_CD,U2_SPECIAL_FUNCTION_CD,U2_TRAFFIC_CONTROL_CD,U2_TURN_CD,U2_TYPE_OF_UNIT_CD,U2_UNIT_SPEED_NBR,U3_CONT_CIR_PRIMARY_CD,U3_ODPS_UNIT_NBR,U3_PRECRASH_ACTION_CD,U3_SEQ_OF_EVENTS_1_CD,U3_SEQ_OF_EVENTS_2_CD,U3_SEQ_OF_EVENTS_3_CD,U3_SEQ_OF_EVENTS_4_CD,U3_SEQ_OF_EVENTS_5_CD,U3_SEQ_OF_EVENTS_6_CD,U3_SPECIAL_FUNCTION_CD,U3_TRAFFIC_CONTROL_CD,U3_TYPE_OF_UNIT_CD,UNRESTRAIN_OCCUPANTS,WEATHER_COND_CD,V1,clean_Narrative,BERT_predictions,BERT_prediction_probabilities,RoBERTa_predictions,RoBERTa_predictions_probabilities,distilBERT_predictions,distilBERT_predictions_probabilities
1047,1047,206047524,"on the stated date and time unit #1 was traveling northbound on sr 79, merging right to exit at union street. unit #1 stated he was traveling at 35-40 mph and hydroplaned on the exit to union street. the vehicle began spinning, as the vehicle lost control it hit a marked exit sign, and a light pole. the light pole was moved out of the roadway by officers. unit #1 is at fault for the accident and was cited for failure to contol.",20206047524,2020,O,3/1/2020 0:00,5,SLICSR00079**C,S,LIC,12.548,40.043361,-82.426289,54040,61705.0,3/18/2020 0:00,17,4,N,2.0,Y,Y,2.0,14,0,56650.0,,,N,12.548,SLICSR00079**C,N,1,20-7820,4,3,N,1,0,1,NEWARK,1,,Y,N,4.0,N,0.0,,Y,,N,NEWARK,N,,0,,,,79,SR,,,N,,,UNION,1,,,,ST,N,N,Y,0,0,N,1.0,0,2,1,,187081.0,N,12.548,19,Y,99,2,1,1,M,N,N,N,0,2,0,1,0,35,9,8,0,0,0,0,0,1,6,NT,1,40,,,,,,,,,,,,,,,,,,,,,,,,,,,,,,,,,,0,4,71046.0,"stated date time unit1 traveling , merging exit union . unit1 stated traveling mph hydroplaned exit union . vehicle began spinning , vehicle lost control hit marked exit sign , light pole . light pole moved roadway officers . unit1 fault accident cited failure contol .",O,"[0.9999997615814209, 2.2737276594853029e-07, 2.5971578665462403e-08]",O,"[0.9999417066574097, 5.799240170745179e-05, 2.8701745691250835e-07]",O,"[1.0, 0.0, 0.0]"
1048,1048,206057134,"unit#1 was travling eastbound o sr32 in a heavy rain downpour when she hit water running across the roadway, and hit standing water causing the vehicle to hydroplane off the right-side of the road. unit #1 then went into an embankment, and then struck the batavia main st. exit sign.",20206057134,2020,AB,3/1/2020 0:00,8,SCLESR00032**C,S,CLE,6.02,39.086972,-84.203214,4157,16885.0,3/19/2020 0:00,13,5,N,2.0,Y,Y,2.0,16,0,,,,N,6.02,SCLESR00032**C,N,1,20-18,1,3,N,0,1,1,BATAVIA TOWNSHIP,1,,Y,N,4.0,Y,0.0,,N,,N,BATAVIA,N,,0,,,,32,SR,,6.0,N,,,6,2,,,,,N,N,N,0,0,N,1.0,0,6,1,,183914.0,N,13.543,36,N,1,4,3,8,F,N,N,N,0,2,54,1,0,55,1,8,45,54,0,0,0,1,6,NT,2,50,,,,,,,,,,,,,,,,,,,,,,,,,,,,,,,,,,0,4,71974.0,"unit1 travling heavy rain downpour hit water running across roadway , hit standing water causing vehicle hydroplane side . unit1 went embankment , struck batavia main exit sign .",C,"[0.03518788516521454, 0.9563489556312561, 0.00846315547823906]",O,"[0.9977929592132568, 0.002165307989344001, 4.172354965703562e-05]",O,"[0.89501953125, 0.10443115234375, 0.0003349781036376953]"
1049,1049,206072744,"unit #1 was traveling southbound on interstate 75 in the left lane. at mile marker 57, unit #1 went off the road left, striking the concrete barrier head on. as a note, the weather conditions was heavy downpour of rain causing the vehicle to hydroplane.",20206072744,2020,AB,5/1/2020 0:00,7,SMOTIR00075**N,S,MOT,16.196,39.804248,-84.189089,33922,22528.0,5/3/2020 0:00,13,1,N,2.0,Y,Y,1.0,6,0,70350.0,,,Y,16.173,SMOTIR00075**C,N,3,MC200002866,1,5,N,0,1,1,HARRISON TOWNSHIP,1,,Y,N,6.0,Y,0.0,,Y,,N,HARRISON TOWNSHIP,N,,0,,,,75,IR,,57.0,N,,,57,2,,,,,N,N,Y,0,0,N,1.0,0,2,3,,56770.0,N,57.166,21,Y,5,1,2,1,F,N,N,N,0,3,35,1,0,55,1,9,35,0,0,0,0,1,6,NT,3,55,,,,,,,,,,,,,,,,,,,,,,,,,,,,,,,,,,0,4,67350.0,"unit1 traveling interstate left . mile marker , unit1 went left , striking concrete barrier head . note , weather conditions heavy downpour rain causing vehicle hydroplane .",C,"[0.007477120496332645, 0.9815400242805481, 0.010982939042150974]",C,"[0.07260958105325699, 0.9199178814888, 0.00747253093868494]",C,"[0.0172271728515625, 0.98193359375, 0.0007510185241699219]"
1050,1050,206073105,unit one was in the center lane and unit two was in the right lane. unit one driver reports losing control in a hydroplane motion leaving the center lane and striking unit two in the right lane. unit one then went back into the center lane and spun back into unit two a second time. this action caused unit two to be pushed up against the concrete median divider wall.,20206073105,2020,AB,5/1/2020 0:00,8,SHAMIR00075**N,S,HAM,13.042,39.24087,-84.451028,25802,16885.0,5/8/2020 0:00,5,6,N,2.0,Y,Y,1.0,11,0,41900.0,,,Y,13.27,SHAMIR00075**C,N,1,AA20-130,1,5,N,2,1,2,EVENDALE,1,,Y,N,6.0,Y,0.0,,N,,N,EVENDALE,N,,4,,,,75,IR,,13.2,N,,,13 2,2,,,,,N,N,Y,0,2,Y,1.0,0,2,2,,81204.0,N,13.042,57,Y,5,1,2,1,M,N,N,N,0,3,0,1,0,45,1,20,20,0,0,0,0,1,6,NT,1,60,48.0,1.0,1.0,2.0,1.0,M,,2.0,45.0,1.0,35.0,20.0,20.0,,,,1.0,6.0,NT,3.0,45.0,,,,,,,,,,,,,0,4,67398.0,unit1 center unit2 . unit1 driver reports losing control hydroplane motion leaving center striking unit2 . unit1 went back center spun back unit2 second time . action caused unit2 pushed concrete median divider wall .,C,"[0.012773288413882256, 0.7721055746078491, 0.21512117981910706]",AB,"[0.012740607373416424, 0.28610509634017944, 0.7011542916297913]",C,"[0.2578125, 0.70751953125, 0.034698486328125]"
1051,1051,206076720,"unit #1 (2005 chevrolet trailblazer) was traveling westbound on state route 64 (waterville swanton road) and lost control and hydroplaned on the roadway as a result of heavy rain and water on the roadway. unit #1 slid, before then crossing the centerline into the lane of oncoming traffic, before then running off the left hand side of the road. unit #1 then drove on the left roadside shoulder and slowed down, substantially, before finally stiking a utiliy pole and coming to rest. the pole and final resting place of the vehicle were on the property located at 11625 waterville swanton road.",20206076720,2020,O,5/1/2020 0:00,2,SLUCSR00064**C,S,LUC,6.193,41.526653,-83.82097,81872,99999.0,5/18/2020 0:00,13,2,N,2.0,N,N,5.0,13,0,,,,N,6.193,SLUCSR00064**C,N,1,0014ACCPDA2020,1,5,,1,0,1,WATERVILLE TOWNSHIP,1,W,N,N,2.0,Y,0.001,,Y,11625,N,WATERVILLE TOWNSHIP,N,,0,,,,64,,,,N,,,,3,,,,,N,N,Y,0,0,N,3.0,0,2,1,,327794.0,N,18.423,20,Y,5,3,4,1,F,N,N,N,0,2,40,1,0,55,1,13,11,9,13,40,0,1,6,NT,3,50,,,,,,,,,,,,,,,,,,,,,,,,,,,,,,,,,,0,4,67783.0,"unit1 traveling state lost control hydroplaned roadway result heavy rain water roadway . unit1 slid , crossing centerline oncoming traffic , running left side . unit1 drove left roadside shoulder slowed , substantially , finally stiking utiliy pole coming rest . pole final resting vehicle property located waterville swanton .",O,"[0.9803926348686218, 0.01780913583934307, 0.0017982026329264045]",C,"[0.048715099692344666, 0.9484979510307312, 0.0027869846671819687]",C,"[0.445556640625, 0.5341796875, 0.0201416015625]"
1052,1052,206076822,unit #1 travleing south on ir-75 in the right lane . unit #1 struck a puddle of high water that had covered the lane . the high water caused unit #1 to hydroplane and spin out striking the mediian wall with the front end of unit #1.,20206076822,2020,C,5/1/2020 0:00,8,SHAMIR00075**N,S,HAM,13.24,39.243398,-84.449316,25802,16885.0,5/18/2020 0:00,13,2,N,2.0,N,Y,1.0,20,0,41900.0,,,Y,13.465,SHAMIR00075**C,N,3,AA20-138,1,5,N,0,0,1,EVENDALE,1,,Y,N,6.0,Y,0.0,,Y,,N,EVENDALE,N,,4,,,,75,IR,,13.4,N,,,13 4,2,,,,,N,N,N,0,3,Y,1.0,1,6,2,,81204.0,N,13.24,18,Y,99,1,2,1,F,N,N,N,0,2,35,1,2,45,1,13,8,35,0,0,0,1,6,NT,1,45,,,,,,,,,,,,,,,,,,,,,,,,,,,,,,,,,,0,4,67799.0,unit1 travleing ir . unit1 struck puddle high water covered . high water caused unit1 hydroplane spin striking mediian wall front end unit1 .,O,"[0.5209519863128662, 0.4660932421684265, 0.0129547119140625]",O,"[0.9998376369476318, 0.0001612722990103066, 1.0145265605387976e-06]",O,"[1.0, 1.4901161193847656e-06, 5.960464477539063e-08]"
1053,1053,206077673,"on 5-18-2020 at approx 1540hrs unit #1 was traveling south on rt 4 at approx 65 miles per hour and while approaching the on ramp to ir 75 southbound apparently lost control and began to hydroplane on the wet roadway and drove off the left side of the highway, striking and going thru the guardrail, down the 50 ft embankment, and striking another guardrail at the on ramp of rt 4 northbound from ir 75 southbound and blocked the highway with the semi truck and debris. unit # 1 was pulling a trailer w/indiana license plate number sp352fmn.",20206077673,2020,O,5/1/2020 0:00,7,SMOTSR00004**C,S,MOT,17.757,39.770918,-84.184415,21000,22528.0,5/18/2020 0:00,13,2,N,2.0,Y,Y,2.0,15,0,,c166f706-e5ee-482a-9dd6-07f10ee876df,9ce76b94-da28-4149-a152-2e58c9bb1810,N,17.757,SMOTSR00004**C,Y,1,2005180049,4,5,N,1,0,1,DAYTON,1,N,Y,N,4.0,N,0.019,RA,N,,N,DAYTON,N,,0,,STATE ROUTE 4 S,,4,SR,,,N,,,I 75 S,1,75,IR,,,N,N,Y,0,0,N,1.0,0,2,4,,167480.0,N,54.943,64,Y,5,1,2,1,M,N,N,N,0,2,30,1,0,60,1,9,30,45,30,0,0,99,6,NT,15,65,,,,,,,,,,,,,,,,,,,,,,,,,,,,,,,,,,0,4,67939.0,"approx 154hrs unit1 traveling approx miles per hour approaching ramp apparently lost control began hydroplane wet roadway drove left side , striking going thru guardrail , ft embankment , striking another guardrail ramp blocked semi truck debris . unit1 pulling trailer w indiana license plate number .",O,"[0.9999990463256836, 8.331758749591245e-07, 1.0103887859713723e-07]",O,"[1.0, 1.720222186918363e-08, 6.40725875133974e-11]",O,"[1.0, 3.2186508178710938e-06, 2.980232238769531e-07]"
1054,1054,206077676,unit number one was traveling northbound on riverside drive at 5010 riverside drive. uniit number one failed to notice the posted high water sign and hydroplaned causing the vehicle to go left of center srtiking the guardraill with the front end of the vehicle causing the vehicle to be disabled. unit number one was cited for failure to control and the vehicle was towed by capital towing at the owners request. no injuries were reported.,20206077676,2020,O,5/1/2020 0:00,6,SFRAUS00033**C,S,FRA,7.181,40.055027,-83.097264,61840,19234.0,5/20/2020 0:00,13,4,N,2.0,Y,N,3.0,2,0,,,,N,7.181,SFRAUS00033**C,N,4,20A46,1,5,N,3,0,1,PERRY TOWNSHIP,1,,N,N,2.0,Y,0.0,,Y,5010,N,PERRY TOWNSHIP,N,,0,,,,33,,,,N,,,,3,,,,,N,N,N,0,0,N,3.0,0,6,1,,241322.0,N,113.424,18,Y,99,2,1,1,M,N,N,N,0,2,30,1,2,45,1,9,30,0,0,0,0,1,6,NT,1,45,,,,,,,,,,,,,,,,,,,,,,,,,,,,,,,,,,0,4,67942.0,unit number one traveling riverside riverside . uniit number one failed notice posted high water sign hydroplaned causing vehicle go left center srtiking guardraill front end vehicle causing vehicle disabled . unit number one cited failure control vehicle towed capital towing owners request . injuries reported .,O,"[0.9999998807907104, 6.510538952397837e-08, 1.7295194609801e-08]",O,"[1.0, 1.667780047398537e-08, 1.6866515128999282e-11]",O,"[1.0, 0.0, 0.0]"
1055,1055,206077989,"on may 19, 2020 at approximately 1258 hours unit #1 was traveling eastbound on foster-maineville near swigert road. unit #1 was passing swigert when he hydroplaned and drove off the road to the right. unit #1 struck a mailbox then at 2155 e foster-maineville road, continued over the ditchline and struck a tree before coming to a rest on a fence in the ditch. the vehicle had damage to the front end due to it hitting the tree. the mailbox was damaged and the fence apeared to only be uprooted from the ground.",20206077989,2020,O,5/1/2020 0:00,8,CWARCR00023**C,C,WAR,1.815,39.315026,-84.220667,46872,16885.0,5/19/2020 0:00,13,3,N,,Y,N,7.0,12,0,,94312b8d-601d-4591-b2cf-6f7673ef119e,c793c4fe-d933-445c-8905-336fa751c770,N,1.815,CWARCR00023**C,N,1,EP200519003066,4,5,,1,0,1,MAINEVILLE,1,,N,N,2.0,N,0.0,MR,Y,,N,HAMILTON TOWNSHIP,N,,0,E,FOSTER MAINEVILLE,RD,,,,,N,,S,SWIGERT,1,,,,RD,N,N,N,0,0,N,,0,2,1,,5055.0,N,1.815,24,Y,11,4,3,1,M,N,N,N,0,2,48,1,0,55,1,8,47,44,48,46,0,1,6,NT,1,45,,,,,,,,,,,,,,,,,,,,,,,,,,,,,,,,,,0,4,67963.0,"may , approximately unit1 traveling fostermaineville near swigert . unit1 passing swigert hydroplaned drove . unit1 struck mailbox fostermaineville , continued ditchline struck tree coming rest fence ditch . vehicle damage front end due hitting tree . mailbox damaged fence apeared uprooted ground .",O,"[0.9962059259414673, 0.003613083390519023, 0.00018095644190907478]",O,"[0.8479309678077698, 0.15169961750507355, 0.00036949169589206576]",O,"[0.9912109375, 0.00902557373046875, 0.00013434886932373047]"
1056,1056,206080762,driver of unit 1 stated that he drove through some water going across the roadway and he hydroplaned off the roadway into a flooded area.,20206080762,2020,O,5/1/2020 0:00,4,TSUMTR00172**C,T,SUM,1.237,41.232804,-81.585333,7776,99999.0,5/25/2020 0:00,13,2,N,,Y,N,7.0,19,0,,,,N,1.237,TSUMTR00172**C,N,1,2005-033-BT,3,5,,1,0,1,BOSTON TOWNSHIP,1,W,N,N,2.0,N,0.006,,Y,2530,N,BOSTON TOWNSHIP,N,,0,,Major,RD,,,,,N,,,2530TH,3,,,,,N,N,N,0,0,N,,0,6,1,,200847.0,N,1.237,18,Y,11,3,4,1,M,N,N,N,0,2,44,1,0,35,1,8,44,0,0,0,0,1,6,NT,3,35,,,,,,,,,,,,,,,,,,,,,,,,,,,,,,,,,,0,2,68345.0,driver unit1 stated drove water going across roadway hydroplaned roadway flooded area .,O,"[0.9999997615814209, 2.572106154730136e-07, 4.017864085881229e-08]",O,"[0.9999929666519165, 7.051355169096496e-06, 4.605523784562138e-08]",O,"[1.0, 1.1920928955078125e-07, 0.0]"
1057,1057,206086989,unit # 1 was traveling east on us 62 in the left lane and where the left and right lanes of travel merge unit # 1 hydroplaned and struck a sign on the south side of the roadway.,20206086989,2020,O,6/1/2020 0:00,4,SSTAUS00062*TN,S,STA,4.212,40.937307,-81.11425,43022,99702.0,6/5/2020 0:00,13,6,N,2.0,Y,Y,2.0,19,0,,,,N,4.2,SSTAUS00062*TC,N,1,20-22811,1,6,,2,0,1,LEXINGTON TOWNSHIP,1,W,Y,N,4.0,Y,0.019,,Y,,N,LEXINGTON TOWNSHIP,N,,0,,US ROUTE 62 E,,62,US,,,N,,,STATE ROUTE 225 E,1,225,SR,,,N,N,N,0,0,N,1.0,0,2,2,,316838.0,N,4.212,19,Y,99,4,3,1,M,N,N,N,0,2,37,1,2,60,1,8,37,0,0,0,0,1,6,NT,1,45,,,,,,,,,,,,,,,,,,,,,,,,,,,,,,,,,,0,4,69223.0,unit1 traveling us left left lanes travel merge unit1 hydroplaned struck sign side roadway .,O,"[0.9978570342063904, 0.0020056460052728653, 0.00013723529991693795]",O,"[0.9961993098258972, 0.0037331117782741785, 6.754739297321066e-05]",O,"[1.0, 3.5762786865234375e-07, 5.960464477539063e-08]"
1058,1058,206099007,unit #1 was traveling nw on cr 58. driver advised he hydroplaned due to wet roadway. unit #1 driove off left side of roadway striking guardrail.,20206099007,2020,AB,6/1/2020 0:00,11,CHOLCR00058**C,C,HOL,5.588,40.528464,-81.902464,33460,99999.0,6/22/2020 0:00,13,2,N,,Y,N,7.0,8,0,,,,N,5.588,CHOLCR00058**C,N,1,20HC02572,2,6,,0,1,1,HARDY TOWNSHIP,1,E,N,N,2.0,N,0.1,CR,Y,,N,HARDY TOWNSHIP,N,,0,,,,58,CR,,,N,,,,1,68,CR,,,N,N,Y,0,0,N,,0,2,3,,11559.0,N,5.588,17,Y,5,7,6,1,M,N,N,N,0,2,31,1,2,55,1,9,31,0,0,0,0,1,6,NT,1,50,,,,,,,,,,,,,,,,,,,,,,,,,,,,,,,,,,0,4,70719.0,unit1 traveling cr . driver advised hydroplaned due wet roadway . unit1 driove left side roadway striking guardrail .,O,"[0.9999998807907104, 1.6626289323085075e-07, 2.033065626960706e-08]",O,"[0.9999946355819702, 5.310547749104444e-06, 4.907914075147346e-08]",O,"[1.0, 6.556510925292969e-07, 0.0]"
1059,1059,206106843,"1.) unit was driving southbound on morristown-flushing road at 25 mph in a 25 mpg speed zone 2.) unit was driving on a wet road and hydroplaned.3.) unit lost control, struck a telephone and drive over traffic control sign then came to rest in a ditch4.) unit not on scene upon police arrival.",20206106843,2020,O,6/1/2020 0:00,11,SBELSR00149**C,S,BEL,27.054,40.098742,-81.066234,78218,99999.0,6/27/2020 0:00,13,7,N,2.0,Y,N,5.0,16,0,,,,N,27.054,SBELSR00149**C,N,1,MVC 58-001-20,1,6,,1,0,1,UNION TOWNSHIP,3,,N,Y,2.0,Y,0.0,,Y,,N,FLUSHING,N,,0,S,MORRISTOWN FLUSHING,RD,,,,,N,,E,MILL,1,,,,ST,N,N,N,0,0,N,3.0,0,2,4,,297341.0,N,27.054,24,Y,1,1,2,1,F,N,N,N,0,2,37,1,9,25,1,9,40,37,0,0,0,1,6,NT,4,25,,,,,,,,,,,,,,,,,,,,,,,,,,,,,,,,,,0,2,71702.0,". ) unit driving morristownflushing mph mpg speed zone . ) unit driving wet hydroplaned .. ) unit lost control , struck telephone traffic control sign came rest ditch4 . ) unit scene upon police arrival .",O,"[1.0, 4.59588562762292e-08, 1.4322750097051085e-08]",O,"[1.0, 1.4012528637419308e-10, 5.733660616603908e-13]",O,"[1.0, 3.5762786865234375e-06, 2.384185791015625e-07]"
1060,1060,206117831,unit 1 was traveling in the left lane of ir 75 s near the 13.4 mp. unit 2 was in the same location in the right lane. unit 1 began to hydroplane due to the rain and spun in a clockwise direction. unit 1 then struck the left side of unit 2 with the left side of unit 1.,20206117831,2020,O,7/1/2020 0:00,8,SHAMIR00075**N,S,HAM,13.201,39.242165,-84.450346,25802,16885.0,7/22/2020 0:00,5,4,N,2.0,N,Y,1.0,13,0,41900.0,,,Y,13.364,SHAMIR00075**C,N,1,AA20-199,1,7,N,2,0,2,EVENDALE,1,,Y,N,6.0,Y,0.0,,Y,,N,EVENDALE,N,,4,,,,75,IR,,13.4,N,,,13 4,2,,,,,N,N,Y,0,3,Y,1.0,0,2,3,,81204.0,N,13.201,18,Y,5,1,2,1,F,N,N,N,0,3,0,1,0,45,1,20,0,0,0,0,0,1,6,NT,3,60,21.0,1.0,1.0,2.0,1.0,M,,2.0,45.0,1.0,20.0,,,,,,1.0,6.0,NT,4.0,45.0,,,,,,,,,,,,,0,4,73095.0,unit1 traveling left near . mp . unit2 location . unit1 began hydroplane due rain spun clockwise direction . unit1 struck left side unit2 left side unit1 .,O,"[0.999993085861206, 6.509737431770191e-06, 3.4278221505701367e-07]",O,"[1.0, 1.568917262773084e-08, 5.4027747553586636e-11]",O,"[1.0, 5.960464477539063e-08, 0.0]"
1061,1061,206119063,"unit 1 was traveling northbound on state route 93. the owner/operator of the vehicle failed to maintain control of her vehicle due to the roadway being wet. unit 1 hydroplaned almost striking the guard rail. the operator over corrected from the hydroplaning, causing unit 1 to leave the roadway and strike a fence post. unit 1 knocked down/broke multiple fence posts and also knocked down a large area of the fence. unit 1 sustained damage to the entire front side/grill area, the entire rear/trunk area, along with the passenger side door and window. the operator of the vehicle stated she had no injuries. the passenger of the vehicle stated that she had slight neck pain but declined any medical treatment.",20206119063,2020,AB,7/1/2020 0:00,11,STUSSR00093**C,S,TUS,3.186,40.519806,-81.647618,75210,99999.0,7/23/2020 0:00,13,5,N,2.0,Y,N,5.0,19,0,,,,N,3.186,STUSSR00093**C,N,1,20 ACR 034,4,7,,1,1,1,SUGARCREEK,1,,N,N,2.0,N,0.0,,N,3692,N,SUGARCREEK,N,,0,,,,93,,,,N,,,,3,,,,,N,N,N,0,0,N,3.0,0,2,1,,186195.0,N,189.589,43,Y,11,2,1,1,F,N,N,N,0,2,46,1,0,55,9,46,13,9,0,0,0,1,6,NT,1,35,,,,,,,,,,,,,,,,,,,,,,,,,,,,,,,,,,0,4,73288.0,"unit1 traveling state . owner operator vehicle failed maintain control vehicle due roadway wet . unit1 hydroplaned almost striking guard rail . operator corrected hydroplaning , causing unit1 leave roadway strike fence post . unit1 knocked broke multiple fence posts also knocked large area fence . unit1 sustained damage entire front side grill area , entire rear trunk area , along passenger side door window . operator vehicle stated injuries . passenger vehicle stated slight neck pain declined medical treatment .",C,"[0.00031504398793913424, 0.9996731281280518, 1.183411313832039e-05]",C,"[0.0004052977019455284, 0.9995943903923035, 3.3978585634031333e-07]",C,"[0.0003006458282470703, 1.0, 1.5497207641601562e-06]"
1062,1062,206120473,unit 1 was traveling w/b on ir 90 in the center lane. unit 1 hydroplaned and ran off the road on the right side approximately 100 yard east of sr 91. unit 1 came to final rest in the trees.,20206120473,2020,O,7/1/2020 0:00,12,SLAKIR00090**N,S,LAK,3.526,41.604148,-81.436549,85512,17668.0,7/22/2020 0:00,13,4,N,2.0,Y,Y,1.0,5,0,52200.0,,,Y,3.537,SLAKIR00090**C,N,2,20-006141,1,7,N,1,0,1,WILLOUGHBY HILLS,1,E,Y,N,10.0,Y,0.057,SR,N,,N,WILLOUGHBY HILLS,N,,0,,I 90 W,,90,IR,,,N,,,STATE ROUTE 91 W,1,91,SR,,,N,N,N,0,0,N,1.0,0,2,1,,121788.0,N,189.578,43,Y,11,3,4,1,M,N,N,N,0,3,48,1,0,65,1,8,48,0,0,0,0,1,6,NT,1,65,,,,,,,,,,,,,,,,,,,,,,,,,,,,,,,,,,0,4,73496.0,unit1 traveling center . unit1 hydroplaned ran side approximately yard . unit1 came final rest trees .,O,"[0.9202072024345398, 0.06921281665563583, 0.010579925961792469]",C,"[0.048408254981040955, 0.9339833855628967, 0.017608312889933586]",O,"[0.9990234375, 0.0005950927734375, 4.941225051879883e-05]"