,id,OBJECTID,Narrative,DOCUMENT_NBR,CRASH_YR,CRASH_SEVERITY_CD,CRASH_MONTH_YEAR,DISTRICT_NBR,NLFID,NLF_JUR_CD,NLF_COUNTY_CD,COUNTY_LOG_NBR,ODOT_LATITUDE_NBR,ODOT_LONGITUDE_NBR,ODOT_FIPS_CD,AREA_CODE,CRASH_DATE,CRASH_TYPE_CD,DAY_IN_WEEK_CD,DISTRACTED_DRIVER_IND,FACILITY_TYPE_CD,FHWA_RDWY_DEPARTURE_IND,FREEWAY_IND,FUNCTIONAL_CLASS_CD,HOUR_OF_CRASH,INCAPAC_INJURIES_NBR,INTERCHANGE_ID,INTERSECTION_ID_CURRENT,INTERSECTION_LEG_ID,INTERSTATE_IND,INV_LOG_NBR,INV_NLFID,IS_COMMERCIAL_RELATED,LIGHT_COND_PRIMARY_CD,LOCAL_REPORT_NUMBER_ID,MAINTENANCE_AUTHORITY_CD,MONTH_OF_CRASH,NHS_CD,NO_INJURY_REPORTED_NBR,NON_INCAPAC_INJURIES_NBR,NUMBER_OF_UNITS_NBR,ODOT_CITY_VILLAGE_TWP_NME,ODOT_CRASH_LOCATION_CD,ODOT_DIR_FROM_REF_CD,ODOT_DIV_UNDIV_IND,ODOT_INTERSECTION_REL_IND,ODOT_LANES_NBR,ODOT_MAINTAINED_HWY_IND,ODOT_MILES_FROM_REF_NBR,ODOT_REF_ROUTE_PREFIX_CD,ODOT_YOUNG_DRIVER_IND,ODPS_ADDRESS_REFERENCE,ODPS_ALCOHOL_IND,ODPS_CITY_VILLAGE_TWP_NME,ODPS_DRUG_IND,ODPS_LOC_DIR_SUFFIX_CD,ODPS_LOC_IN_WORK_ZONE_CD,ODPS_LOC_ROAD_DIRECTION_CD,ODPS_LOC_ROAD_NME,ODPS_LOC_ROAD_SUFFIX_CD,ODPS_LOC_ROUTE_ID,ODPS_LOC_ROUTE_PREFIX_CD,ODPS_LOC_ROUTE_SUFFIX_CD,ODPS_MILEPOST_REFERENCE,ODPS_MOTORCYCLE_IND,ODPS_REF_DIR_SUFFIX_CD,ODPS_REF_DIRECTION_CD,ODPS_REF_GIVEN,ODPS_REF_POINT_USED_CD,ODPS_REF_ROUTE_ID,ODPS_REF_ROUTE_PREFIX_CD,ODPS_REF_ROUTE_SUFFIX_CD,ODPS_REF_SUFFIX_CD,ODPS_SCHOOL_ZONE_IND,ODPS_SENIOR_DRIVER_IND,ODPS_SPEED_IND,ODPS_TOTAL_FATALITIES_NBR,ODPS_TYPE_OF_WORK_ZONE_CD,ODPS_WORK_ZONE_IND,OPER_ACCESS_CONTROL_CD,POSSIBLE_INJURIES_NBR,ROAD_COND_PRIMARY_CD,ROAD_CONTOUR_CD,SA_RAMP_ID,SA_SEGMENT_ID,SECONDARY_CRASH,STATE_TRUE_LOG_NBR,U1_AGE_NBR,U1_AT_FAULT_IND,U1_CONT_CIR_PRIMARY_CD,U1_DIRECTION_FROM_CD,U1_DIRECTION_TO_CD,U1_DISTRACTED_BY_1_CD,U1_GENDER_CD,U1_IS_ALCOHOL_SUSPECTED,U1_IS_MARIJUANA_SUSPECTED,U1_IS_OTHER_DRUG_SUSPECTED,U1_NON_MOTORIST_LOC_CD,U1_NUMBER_OF_THRU_LANES,U1_OBJECT_STRUCK,U1_ODPS_UNIT_NBR,U1_OPERATINGIN_AUTONOMOUS_MODE,U1_POSTED_SPEED_NBR,U1_PRECRASH_ACTION_CD,U1_SEQ_OF_EVENTS_1_CD,U1_SEQ_OF_EVENTS_2_CD,U1_SEQ_OF_EVENTS_3_CD,U1_SEQ_OF_EVENTS_4_CD,U1_SEQ_OF_EVENTS_5_CD,U1_SEQ_OF_EVENTS_6_CD,U1_SPECIAL_FUNCTION_CD,U1_TRAFFIC_CONTROL_CD,U1_TURN_CD,U1_TYPE_OF_UNIT_CD,U1_UNIT_SPEED_NBR,U2_AGE_NBR,U2_CONT_CIR_PRIMARY_CD,U2_DIRECTION_FROM_CD,U2_DIRECTION_TO_CD,U2_DISTRACTED_BY_1_CD,U2_GENDER_CD,U2_NON_MOTORIST_LOC_CD,U2_ODPS_UNIT_NBR,U2_POSTED_SPEED_NBR,U2_PRECRASH_ACTION_CD,U2_SEQ_OF_EVENTS_1_CD,U2_SEQ_OF_EVENTS_2_CD,U2_SEQ_OF_EVENTS_3_CD,U2_SEQ_OF_EVENTS_4_CD,U2_SEQ_OF_EVENTS_5_CD,U2_SEQ_OF_EVENTS_6_CD,U2_SPECIAL_FUNCTION_CD,U2_TRAFFIC_CONTROL_CD,U2_TURN_CD,U2_TYPE_OF_UNIT_CD,U2_UNIT_SPEED_NBR,U3_CONT_CIR_PRIMARY_CD,U3_ODPS_UNIT_NBR,U3_PRECRASH_ACTION_CD,U3_SEQ_OF_EVENTS_1_CD,U3_SEQ_OF_EVENTS_2_CD,U3_SEQ_OF_EVENTS_3_CD,U3_SEQ_OF_EVENTS_4_CD,U3_SEQ_OF_EVENTS_5_CD,U3_SEQ_OF_EVENTS_6_CD,U3_SPECIAL_FUNCTION_CD,U3_TRAFFIC_CONTROL_CD,U3_TYPE_OF_UNIT_CD,UNRESTRAIN_OCCUPANTS,WEATHER_COND_CD,V1,clean_Narrative,BERT_predictions,BERT_prediction_probabilities,RoBERTa_predictions,RoBERTa_predictions_probabilities,distilBERT_predictions,distilBERT_predictions_probabilities
1063,1063,206121526,"unit 1 was traveling eastbound on i-90 approaching mile post 152/4 in the left lane. unit 2 was traveling eastbound on i-90 approaching mile post 152/4 in the right lane. unit 1 failed to maintain reasonable control of the vehicle, hydroplaned, and spun an unknown number of times. unit 1 spun into the right lane, and while facing south, perpendicular to the direction of travel, unit 2 struck unit 1 in the passenger side rear. both units came to a stop along the right shoulder, with unit 1 facing west and unit 2 facing east. unit 1 sustained disabling damage along the passenger side of the vehicle, and damage to the driver side rear of the vehicle from striking the guard rail. unit 2 sustained disabling damage to the front, front quarter panels, and along the passenger side of the vehicle.",20206121526,2020,O,7/1/2020 0:00,3,SLORIR00090**C,S,LOR,19.874,41.46435,-82.034821,3352,17668.0,7/27/2020 0:00,5,2,N,2.0,N,Y,1.0,14,0,,,,Y,19.874,SLORIR00090**C,N,1,2020-00012152,1,7,N,2,0,2,AVON,1,W,Y,N,6.0,Y,0.047,,N,,N,AVON,N,,0,,,,90,IR,,152.4,N,,,152 4,2,,,,,N,Y,N,0,0,N,1.0,0,2,1,,34859.0,N,152.362,48,Y,99,4,3,1,M,N,N,N,0,3,30,1,0,65,3,20,8,30,0,0,0,1,6,NT,1,65,75.0,1.0,4.0,3.0,1.0,M,,2.0,65.0,1.0,20.0,,,,,,1.0,6.0,NT,3.0,60.0,,,,,,,,,,,,,0,4,73628.0,"unit1 traveling approaching mile post left . unit2 traveling approaching mile post . unit1 failed maintain reasonable control vehicle , hydroplaned , spun unknown number times . unit1 spun , facing , perpendicular direction travel , unit2 struck unit1 passenger side rear . units came stop along shoulder , unit1 facing unit2 facing . unit1 sustained disabling damage along passenger side vehicle , damage driver side rear vehicle striking guard rail . unit2 sustained disabling damage front , front quarter panels , along passenger side vehicle .",O,"[0.9999229907989502, 7.298971468117088e-05, 4.091277787665604e-06]",C,"[0.15585999190807343, 0.8283261656761169, 0.015813881531357765]",O,"[1.0, 0.00013136863708496094, 7.62939453125e-06]"
1064,1064,206124540,"on saturday, august 1st, 2020 at approximately 1724 hours, unit #1 was traveling on grandin road (west), near the little miami bike trail, negotiating several turns. in negotiating the turns, unit #1 failed to maintain reasonable control, crossing the double yellow line and striking unit #2 which was also traveling on grandin road (east) and negotiating a turn as well. unit #1 stated prior to the accident he hydroplaned, but did state he believed he was traveling too fast for the weather conditions. unit #1 stated he was unfamiliar with this area and did not realize the extreme angle of the turn. advisory signs prior to the turns suggest a speed of 5 mph through these turns. the roadway is curved and graded downwards on the turn where the accident occurred. it was raining at the time of this accident and the roadway was wet.",20206124540,2020,O,8/1/2020 0:00,8,CWARCR00150**N,C,WAR,0.055,39.351577,-84.242064,33068,16885.0,8/1/2020 0:00,6,7,N,,N,N,6.0,17,0,,24f0b177-0eea-4e85-8f04-dc851e18ec98,9e0147c2-5a8a-46b9-8206-70ed018e4507,N,0.014,CWARCR00150**C,N,1,EP200801005266,2,8,,4,0,2,HAMILTON TOWNSHIP,1,,Y,N,2.0,N,0.0,,Y,1500,N,HAMILTON TOWNSHIP,N,,0,,GRADIN,RD,,,,,N,,,,3,,,,,N,N,N,0,0,N,,0,2,4,,68540.0,N,0.055,18,Y,99,2,4,1,M,N,N,N,0,2,0,1,0,35,13,20,0,0,0,0,0,1,6,LT,3,20,42.0,1.0,4.0,1.0,1.0,F,,2.0,35.0,13.0,20.0,,,,,,1.0,6.0,LT,2.0,15.0,,,,,,,,,,,,,0,4,74178.0,"saturday , august , approximately , unit1 traveling grandin , near little miami bike trail , negotiating several turns . negotiating turns , unit1 failed maintain reasonable control , crossing double yellow line striking unit2 also traveling grandin negotiating turn well . unit1 stated prior accident hydroplaned , state believed traveling fast weather conditions . unit1 stated unfamiliar area realize extreme angle turn . advisory signs prior turns suggest speed mph turns . roadway curved graded downwards turn accident occurred . raining time accident roadway wet .",AB,"[0.0042004454880952835, 0.3328096866607666, 0.6629898548126221]",O,"[0.9705567359924316, 0.029057946056127548, 0.00038539839442819357]",O,"[0.998046875, 0.0016613006591796875, 8.20159912109375e-05]"
1065,1065,206125238,"unit #1 was southbound on river styx rd. in the 6000 block. unit #1 began to hydroplane on the curve and drove off the west side of the roadway. unit #1 took out the mailbox of 6040 river styx rd., scraped against a tree, and came to rest in the yard of 6060 river styx rd. unit #1 was towed from the scene due to disabling damage by heidi's towing and the driver was cited with failure to maintain reasonable control (y41178). the driver was checked by medina lst station #5, due to a laceration to the forehead but declined transport to the hospital.",20206125238,2020,AB,8/1/2020 0:00,3,CMEDCR00049**C,C,MED,6.084,41.109887,-81.810349,51856,99999.0,8/2/2020 0:00,13,1,N,,Y,N,5.0,16,0,,,,N,6.084,CMEDCR00049**C,N,1,20-48425,2,8,,0,1,1,MONTVILLE TOWNSHIP,1,,N,N,2.0,N,0.0,,N,6040,N,MONTVILLE TOWNSHIP,N,,0,,River Styx,RD,,,,,N,,,6040TH,3,,,,,N,N,N,0,0,N,,0,2,4,,9912.0,N,6.084,26,Y,11,1,2,1,F,N,N,N,0,2,47,1,0,45,13,8,47,48,0,0,0,1,6,NT,3,40,,,,,,,,,,,,,,,,,,,,,,,,,,,,,,,,,,0,2,74283.0,"unit1 river styx . unit1 began hydroplane curve drove side roadway . unit1 took mailbox river styx . , scraped tree , came rest yard river styx unit1 towed scene due disabling damage heidi 's towing driver cited failure maintain reasonable control . driver checked medina lst station , due laceration forehead declined transport hospital .",C,"[4.1714570215845015e-06, 0.999995231628418, 5.463756451717927e-07]",C,"[6.121154456195654e-06, 0.9999938011169434, 1.1346080697194338e-07]",C,"[0.00018668174743652344, 1.0, 2.2649765014648438e-06]"
1066,1066,206125472,"unit 1 was traveling west in the slow lane. unit 1 began hydroplaning. unit 1 spun out of control, struck the guardrail and slid along the guardrail to final resting point.",20206125472,2020,O,8/1/2020 0:00,6,SUNIUS00033**N,S,UNI,5.96,40.252541,-83.440657,59864,99999.0,8/3/2020 0:00,13,2,N,2.0,Y,Y,2.0,15,0,,,,N,5.965,SUNIUS00033**C,N,1,80-20-237,1,8,N,1,0,1,PARIS TOWNSHIP,1,,Y,N,4.0,Y,0.0,,N,,N,ALLEN TOWNSHIP,N,,0,,US ROUTE 33 W,,33,US,,,N,,,PAVER BARNES,1,,,,RD,N,N,N,0,0,N,1.0,0,2,2,,275533.0,N,87.081,39,Y,22,3,4,1,M,N,N,N,0,4,30,1,0,70,1,30,0,0,0,0,0,1,6,NT,1,65,,,,,,,,,,,,,,,,,,,,,,,,,,,,,,,,,,0,4,74339.0,"unit1 traveling slow . unit1 began hydroplaning . unit1 spun control , struck guardrail slid along guardrail final resting point .",O,"[0.9999997615814209, 2.330326367427915e-07, 3.869074660656224e-08]",O,"[0.9999972581863403, 2.6140360205317847e-06, 6.867386304065803e-08]",O,"[1.0, 1.1146068572998047e-05, 8.940696716308594e-07]"
1067,1067,206126634,unit 1 stated that she was driving in the far-left lane of the interstate 270 westbound ramp to state route 315. unit 1 states that she hydroplaned causing her to lose control of her vehicle and strike the concrete barrier wall on the left side of the roadway with the driver side of her car. after striking the barrier wall she overcorrected causing her to cross all lanes of traffic and strike the far-right barrier wall with the front center of her car. unit 1 was treated by medics at the scene and refused transportation to the hospital. capital towing & recovery towed unit 1ÃÂ¢ÃÂ¿ÃÂ¢ÃÂ¿ÃÂ¢ÃÂ¿s vehicle.,20206126634,2020,AB,8/1/2020 0:00,6,SFRARA25322**C,S,FRA,0.125,40.113347,-83.032671,71787,19234.0,8/3/2020 0:00,17,2,N,4.0,Y,Y,2.0,13,0,30000.0,,,N,0.125,SFRARA25322**C,N,1,08-20-053A,1,8,,0,1,1,SHARON TOWNSHIP,1,,N,N,,Y,0.0,SR,Y,,N,SHARON TOWNSHIP,N,,0,,I 270 W,,270,IR,,,N,,,STATE ROUTE 315 W,1,315,SR,,,N,N,Y,0,0,N,1.0,0,2,4,,,N,0.125,21,Y,5,3,4,1,F,N,N,N,0,3,0,1,0,45,13,9,8,0,0,0,0,1,6,NT,1,50,,,,,,,,,,,,,,,,,,,,,,,,,,,,,,,,,,0,4,74611.0,unit1 stated driving farleft interstate ramp state . unit1 states hydroplaned causing lose control vehicle strike concrete barrier wall left side roadway driver side car . striking barrier wall overcorrected causing cross lanes traffic strike far barrier wall front center car . unit1 treated medics scene refused transportation hospital . capital towing & recovery towed unit1ÃÂ¢ÃÂ¿ÃÂ¢ÃÂ¿ÃÂ¢ÃÂ¿s vehicle .,C,"[1.0711759387049824e-05, 0.9999881982803345, 1.1038403044949519e-06]",C,"[4.97370092489291e-06, 0.9999935626983643, 1.4576914963981835e-06]",C,"[0.027374267578125, 0.97265625, 5.2869319915771484e-05]"
1068,1068,206126636,unit 1 stated that she was driving in the far-left lane of the interstate 270 westbound ramp to state route 315. unit 1 states that she hydroplaned causing her to lose control of her vehicle and strike the concrete barrier wall on the left side of the roadway with the passenger rear corner of her car. unit 1 refused medics. capital towing & recovery towed unit 1ÃÂ¢ÃÂ¿ÃÂ¢ÃÂ¿ÃÂ¢ÃÂ¿s vehicle.,20206126636,2020,O,8/1/2020 0:00,6,SFRAIR00270**N,S,FRA,23.089,40.11223,-83.02982,71787,19234.0,8/3/2020 0:00,17,2,N,2.0,Y,Y,1.0,14,0,27900.0,,,Y,23.091,SFRAIR00270**C,N,1,08-20-054A,1,8,N,1,0,1,SHARON TOWNSHIP,1,,Y,N,8.0,Y,0.0,SR,Y,,N,SHARON TOWNSHIP,N,,0,,I 270 W,,270,IR,,,N,,,STATE ROUTE 315 W,1,315,SR,,,N,N,Y,0,0,N,1.0,0,2,1,,91382.0,N,23.089,20,Y,5,3,4,1,F,N,N,N,0,3,0,1,0,45,1,9,0,0,0,0,0,1,6,NT,1,60,,,,,,,,,,,,,,,,,,,,,,,,,,,,,,,,,,0,4,74612.0,unit1 stated driving farleft interstate ramp state . unit1 states hydroplaned causing lose control vehicle strike concrete barrier wall left side roadway passenger rear corner car . unit1 refused medics . capital towing & recovery towed unit1ÃÂ¢ÃÂ¿ÃÂ¢ÃÂ¿ÃÂ¢ÃÂ¿s vehicle .,O,"[0.9999998807907104, 6.725576895405538e-08, 1.808659888524744e-08]",O,"[0.9999387264251709, 6.0895312344655395e-05, 3.1374989362120687e-07]",O,"[1.0, 1.7881393432617188e-07, 0.0]"
1069,1069,206133113,"unit #1 was traveling west on us 24, west of baltimore rd., and advised that hydroplaned on standing water in the roadway. unit #1 was on the outside passing lane, beside a west bound semi traveling in the inside lane. unit #1 made contact with unit #2 by the rear trailer axle, and lost control of the vehicle and ended up in the grass median. damage to unit #1 was light, and unit #2 continued on and is uknown at this time.2006 shock",20206133113,2020,O,8/1/2020 0:00,1,SDEFUS00024**N,S,DEF,1.883,41.263021,-84.435705,21308,99720.0,8/14/2020 0:00,5,6,N,2.0,N,Y,2.0,18,0,,,,N,1.842,SDEFUS00024**C,Y,1,202004931,4,8,H,3,0,2,DEFIANCE,1,W,Y,N,4.0,N,0.5,,N,,N,DEFIANCE,N,,0,,US ROUTE 24 W,,24,US,,,N,,,BALTIMORE,1,,,,RD,N,N,N,0,0,N,1.0,0,2,1,,271296.0,N,21.122,30,Y,99,3,4,1,M,N,N,N,0,4,45,1,0,65,1,20,9,45,0,0,0,1,6,NT,1,63,,1.0,3.0,4.0,,,,2.0,65.0,1.0,20.0,,,,,,99.0,6.0,NT,15.0,,,,,,,,,,,,,,0,4,75478.0,"unit1 traveling us , baltimore . , advised hydroplaned standing water roadway . unit1 outside passing , beside semi traveling inside . unit1 made contact unit2 rear trailer axle , lost control vehicle ended grass median . damage unit1 light , unit2 continued uknown time . shock",O,"[0.9999351501464844, 6.271556776482612e-05, 2.157014705517213e-06]",C,"[0.03333953768014908, 0.9621104001998901, 0.004550104029476643]",C,"[0.002147674560546875, 0.9970703125, 0.0007686614990234375]"
1070,1070,206134757,"i arrived on scene just as parties were calling 911. unit no. 1 was traveling south on state route 743 and ran off the left side of the roadway due to water streaming across the roadway, causing the driver to loose control of his vehicle,and hydroplaning off the roadway. the listed speed is 55 mph on the roadway with a sign posted before the curve showing arecommended speed of 20 miles per hour to negotiate the curve. unit no. 1 is at fault in failing to negotiate this curve, no citation issued.",20206134757,2020,O,8/1/2020 0:00,8,SCLESR00743**C,S,CLE,0.07,38.857985,-84.223887,52416,99999.0,8/14/2020 0:00,17,6,N,2.0,Y,N,7.0,13,0,,c7c3ebb0-4d09-4b1c-b9c3-42d360b4c207,7b28a1d6-8c92-4f77-a27c-0a0c3cd2b6d6,N,0.07,SCLESR00743**C,N,1,000200030875,4,8,,1,0,1,MOSCOW,1,N,N,N,2.0,N,0.057,,Y,1201,N,MOSCOW,N,,0,,,,743,,,,N,,,,3,,,,,N,N,Y,0,0,N,3.0,0,2,4,,152849.0,N,0.07,18,Y,5,1,2,1,M,N,N,N,0,2,0,1,0,55,13,9,0,0,0,0,0,1,6,NT,3,35,,,,,,,,,,,,,,,,,,,,,,,,,,,,,,,,,,0,4,75942.0,"arrived scene parties calling . unit . traveling state ran left side roadway due water streaming across roadway , causing driver loose control vehicle , hydroplaning roadway . listed speed mph roadway sign posted curve showing arecommended speed miles per hour negotiate curve . unit . fault failing negotiate curve , citation issued .",O,"[0.9999997615814209, 2.3817625560695888e-07, 2.3573177188040972e-08]",O,"[1.0, 1.2008793265350093e-11, 1.4122643857041994e-14]",O,"[1.0, 6.556510925292969e-07, 0.0]"
1071,1071,206135264,at about 0830 on 08/18/2020 unit number one was traveling south on n gettysburg ave apparently at an excessive rate of speed and when at w hillcrest ave hydroplaned due to the rain and wet road and collided with unit 2 which was traveling east on w hillcrest ave. unit 1 admitted to trying to stop for the light but failed to do so.,20206135264,2020,AB,8/1/2020 0:00,7,CMOTCR00053A*C,C,MOT,8.581,39.790595,-84.253799,21000,22528.0,8/18/2020 0:00,6,3,N,,N,N,4.0,8,0,,94214eb4-3994-4994-8e8f-234add85c0c3,db03d422-360f-4370-9db9-2f2e5ebe7c92,N,8.581,CMOTCR00053A*C,N,1,2008180020,4,8,,0,1,2,DAYTON,1,,N,Y,4.0,N,0.0,CR,Y,,N,DAYTON,N,,0,N,Gettysburg,AVE,,,,,N,,W,Hillcrest,1,,,,AVE,N,N,Y,0,0,N,,2,2,1,,18434.0,N,8.581,22,Y,5,1,2,1,F,N,N,N,0,5,0,1,0,35,1,20,0,0,0,0,0,1,2,NT,1,45,39.0,1.0,4.0,3.0,1.0,F,,2.0,35.0,1.0,20.0,,,,,,1.0,2.0,NT,3.0,35.0,,,,,,,,,,,,,0,4,76039.0,unit number one traveling gettysburg apparently excessive rate speed hillcrest hydroplaned due rain wet collided unit2 traveling hillcrest . unit1 admitted trying stop light failed .,O,"[0.9830660820007324, 0.015471316874027252, 0.0014627029886469245]",C,"[0.08948837220668793, 0.9072358012199402, 0.0032758277375251055]",O,"[1.0, 2.9206275939941406e-06, 4.172325134277344e-07]"
1072,1072,206136370,unit #1 was traveling on south state route 48 near harrison road when driver stated that she hydroplaned and went off the roadway on the right side. k&t towing responded to the scene and pull vehicle out of the ditch.,20206136370,2020,O,8/1/2020 0:00,8,SWARSR00048**C,S,WAR,1.823,39.281403,-84.225298,33068,99999.0,8/18/2020 0:00,17,3,N,2.0,Y,N,4.0,15,0,,82ca6480-3e76-44e5-9026-a85deee402bd,1e62cf7b-df3b-4133-bbba-5be3b80da1b4,N,1.823,SWARSR00048**C,N,1,EP200818005750,1,8,,1,0,1,HAMILTON TOWNSHIP,1,,N,N,2.0,Y,0.0,TR,Y,,N,HAMILTON TOWNSHIP,N,,0,,,,48,SR,,,N,,,,1,148,TR,,,N,N,N,0,0,N,3.0,0,2,2,,296297.0,N,8.623,22,Y,11,4,3,1,F,N,N,N,0,2,0,1,0,55,1,8,0,0,0,0,0,1,6,NT,1,35,,,,,,,,,,,,,,,,,,,,,,,,,,,,,,,,,,0,2,76281.0,unit1 traveling state near harrison driver stated hydroplaned went roadway side . k & towing responded scene pull vehicle ditch .,O,"[0.9999674558639526, 3.0614803108619526e-05, 1.9510357560648117e-06]",O,"[0.9990203380584717, 0.0009610861307010055, 1.8535809431341477e-05]",O,"[1.0, 5.960464477539063e-08, 0.0]"
1073,1073,206136756,"unit #2 was at a stop at the red light of eastbound tylersville rd and tylers place blvd. unit #1 was attempting to brake for stopped traffic but hydroplaned, striking unit #2 in the rear. there was minor damage to both units and the roads were slick due to sudden heavy rain. unit #1 was not cited. the driver of unit #1 stated she had a headache as a result of the crash, however refused ems transport and had her passenger transport her to the hospital.",20206136756,2020,C,8/1/2020 0:00,8,TBUTTR02534**C,T,BUT,0.005,39.355889,-84.380226,83150,16885.0,8/18/2020 0:00,2,3,N,,N,N,7.0,14,0,,dee901e9-b9f7-4a87-96ba-6ac65138f6f8,251b23ad-b226-47b1-b55a-850389c402d0,N,0.005,TBUTTR02534**C,N,1,2020000715,3,8,,2,0,2,WEST CHESTER TOWNSHIP,2,W,N,Y,2.0,N,0.002,CR,N,,N,WESTCHESTER,N,,0,,Tylersville,RD,,,,,N,,,Tylers Place,1,,,,BLVD,N,Y,N,0,0,N,,1,2,1,,342306.0,N,0.005,74,Y,1,4,3,1,F,N,N,N,0,4,0,1,0,45,11,20,0,0,0,0,0,1,2,NT,1,15,76.0,1.0,4.0,3.0,1.0,F,,2.0,45.0,11.0,20.0,,,,,,1.0,2.0,NT,1.0,0.0,,,,,,,,,,,,,0,4,76306.0,"unit2 stop red light tylersville tylers . unit1 attempting brake stopped traffic hydroplaned , striking unit2 rear . minor damage units roads slick due sudden heavy rain . unit1 cited . driver unit1 stated headache result crash , however refused ems transport passenger transport hospital .",C,"[3.827847649517935e-06, 0.9999957084655762, 4.39300976040613e-07]",C,"[1.1322191539875348e-06, 0.999998927116394, 3.358546862841649e-08]",C,"[3.6776065826416016e-05, 1.0, 1.6093254089355469e-06]"
1074,1074,206141951,"unit 1 was traveling southbound on mt. vernon rd. unit 2 was also southbound on mt. vernon rd. as unit 2 slowed down approaching w. postal ave, unit 1 hydroplanned attempting to stop striking unit 2. all occupants of both vehicles had no injuries and minor damage.",20206141951,2020,O,8/1/2020 0:00,5,SLICSR00013**C,S,LIC,11.166,40.078227,-82.415771,54040,61705.0,8/28/2020 0:00,2,6,N,2.0,N,N,3.0,18,0,,cec5d994-7de2-459b-8626-c7e2a22b6740,e9b70eeb-de2b-44c3-8c4d-ef522c99ebe6,N,11.166,SLICSR00013**C,N,1,20-26369,4,8,N,3,0,2,NEWARK,1,N,N,N,2.0,N,0.019,MR,Y,,N,NEWARK,N,,0,,,,13,SR,,,N,,,STARE,1,,,,RD,N,N,N,0,0,N,3.0,0,2,1,,149488.0,N,67.355,20,Y,8,1,2,1,M,N,N,N,0,2,0,1,0,35,1,20,0,0,0,0,0,1,6,NT,1,35,39.0,1.0,1.0,2.0,1.0,M,,2.0,35.0,1.0,20.0,,,,,,1.0,6.0,NT,1.0,20.0,,,,,,,,,,,,,0,1,77090.0,"unit1 traveling mt . vernon unit2 also mt . vernon unit2 slowed approaching postal , unit1 hydroplanned attempting stop striking unit2 . occupants vehicles injuries minor damage .",O,"[0.9999998807907104, 1.1648049991208609e-07, 1.859677212223687e-08]",O,"[1.0, 1.5547804710358548e-10, 1.6843030605211834e-13]",O,"[1.0, 0.0, 0.0]"
1075,1075,206142435,"at about 1440 hours on august 27, 2020 unit number one was traveling southbound oni-75 at approximately an unknown rate of speed and when at state route 4 apparently lost control while changing lanes left and hydroplanned colliding into a concrete barrier. i spoke with the owner of the vehicle and he said he had no insurance",20206142435,2020,O,8/1/2020 0:00,7,SMOTIR00075**C,S,MOT,15.159,39.79043,-84.184449,21000,22528.0,8/27/2020 0:00,13,5,N,2.0,Y,Y,1.0,14,0,,,,Y,15.159,SMOTIR00075**C,N,1,2008270096,1,8,N,1,0,1,DAYTON,1,,Y,N,6.0,Y,0.0,SR,Y,,N,DAYTON,N,,0,,I 75 S,,75,IR,,,N,,,,1,4,SR,,,N,N,N,0,0,N,1.0,0,2,1,,39552.0,N,56.129,20,Y,1,2,1,1,M,N,N,N,0,3,35,1,0,55,3,35,9,0,0,0,0,1,6,NT,3,0,,,,,,,,,,,,,,,,,,,,,,,,,,,,,,,,,,0,4,77173.0,"august , unit number one traveling oni approximately unknown rate speed state apparently lost control changing lanes left hydroplanned colliding concrete barrier . spoke owner vehicle said insurance",O,"[0.9999998807907104, 6.638732941155467e-08, 1.3671034082562983e-08]",O,"[0.9815495610237122, 0.01821909286081791, 0.00023134323419071734]",O,"[0.9990234375, 0.0006823539733886719, 3.7550926208496094e-05]"