,id,OBJECTID,Narrative,DOCUMENT_NBR,CRASH_YR,CRASH_SEVERITY_CD,CRASH_MONTH_YEAR,DISTRICT_NBR,NLFID,NLF_JUR_CD,NLF_COUNTY_CD,COUNTY_LOG_NBR,ODOT_LATITUDE_NBR,ODOT_LONGITUDE_NBR,ODOT_FIPS_CD,AREA_CODE,CRASH_DATE,CRASH_TYPE_CD,DAY_IN_WEEK_CD,DISTRACTED_DRIVER_IND,FACILITY_TYPE_CD,FHWA_RDWY_DEPARTURE_IND,FREEWAY_IND,FUNCTIONAL_CLASS_CD,HOUR_OF_CRASH,INCAPAC_INJURIES_NBR,INTERCHANGE_ID,INTERSECTION_ID_CURRENT,INTERSECTION_LEG_ID,INTERSTATE_IND,INV_LOG_NBR,INV_NLFID,IS_COMMERCIAL_RELATED,LIGHT_COND_PRIMARY_CD,LOCAL_REPORT_NUMBER_ID,MAINTENANCE_AUTHORITY_CD,MONTH_OF_CRASH,NHS_CD,NO_INJURY_REPORTED_NBR,NON_INCAPAC_INJURIES_NBR,NUMBER_OF_UNITS_NBR,ODOT_CITY_VILLAGE_TWP_NME,ODOT_CRASH_LOCATION_CD,ODOT_DIR_FROM_REF_CD,ODOT_DIV_UNDIV_IND,ODOT_INTERSECTION_REL_IND,ODOT_LANES_NBR,ODOT_MAINTAINED_HWY_IND,ODOT_MILES_FROM_REF_NBR,ODOT_REF_ROUTE_PREFIX_CD,ODOT_YOUNG_DRIVER_IND,ODPS_ADDRESS_REFERENCE,ODPS_ALCOHOL_IND,ODPS_CITY_VILLAGE_TWP_NME,ODPS_DRUG_IND,ODPS_LOC_DIR_SUFFIX_CD,ODPS_LOC_IN_WORK_ZONE_CD,ODPS_LOC_ROAD_DIRECTION_CD,ODPS_LOC_ROAD_NME,ODPS_LOC_ROAD_SUFFIX_CD,ODPS_LOC_ROUTE_ID,ODPS_LOC_ROUTE_PREFIX_CD,ODPS_LOC_ROUTE_SUFFIX_CD,ODPS_MILEPOST_REFERENCE,ODPS_MOTORCYCLE_IND,ODPS_REF_DIR_SUFFIX_CD,ODPS_REF_DIRECTION_CD,ODPS_REF_GIVEN,ODPS_REF_POINT_USED_CD,ODPS_REF_ROUTE_ID,ODPS_REF_ROUTE_PREFIX_CD,ODPS_REF_ROUTE_SUFFIX_CD,ODPS_REF_SUFFIX_CD,ODPS_SCHOOL_ZONE_IND,ODPS_SENIOR_DRIVER_IND,ODPS_SPEED_IND,ODPS_TOTAL_FATALITIES_NBR,ODPS_TYPE_OF_WORK_ZONE_CD,ODPS_WORK_ZONE_IND,OPER_ACCESS_CONTROL_CD,POSSIBLE_INJURIES_NBR,ROAD_COND_PRIMARY_CD,ROAD_CONTOUR_CD,SA_RAMP_ID,SA_SEGMENT_ID,SECONDARY_CRASH,STATE_TRUE_LOG_NBR,U1_AGE_NBR,U1_AT_FAULT_IND,U1_CONT_CIR_PRIMARY_CD,U1_DIRECTION_FROM_CD,U1_DIRECTION_TO_CD,U1_DISTRACTED_BY_1_CD,U1_GENDER_CD,U1_IS_ALCOHOL_SUSPECTED,U1_IS_MARIJUANA_SUSPECTED,U1_IS_OTHER_DRUG_SUSPECTED,U1_NON_MOTORIST_LOC_CD,U1_NUMBER_OF_THRU_LANES,U1_OBJECT_STRUCK,U1_ODPS_UNIT_NBR,U1_OPERATINGIN_AUTONOMOUS_MODE,U1_POSTED_SPEED_NBR,U1_PRECRASH_ACTION_CD,U1_SEQ_OF_EVENTS_1_CD,U1_SEQ_OF_EVENTS_2_CD,U1_SEQ_OF_EVENTS_3_CD,U1_SEQ_OF_EVENTS_4_CD,U1_SEQ_OF_EVENTS_5_CD,U1_SEQ_OF_EVENTS_6_CD,U1_SPECIAL_FUNCTION_CD,U1_TRAFFIC_CONTROL_CD,U1_TURN_CD,U1_TYPE_OF_UNIT_CD,U1_UNIT_SPEED_NBR,U2_AGE_NBR,U2_CONT_CIR_PRIMARY_CD,U2_DIRECTION_FROM_CD,U2_DIRECTION_TO_CD,U2_DISTRACTED_BY_1_CD,U2_GENDER_CD,U2_NON_MOTORIST_LOC_CD,U2_ODPS_UNIT_NBR,U2_POSTED_SPEED_NBR,U2_PRECRASH_ACTION_CD,U2_SEQ_OF_EVENTS_1_CD,U2_SEQ_OF_EVENTS_2_CD,U2_SEQ_OF_EVENTS_3_CD,U2_SEQ_OF_EVENTS_4_CD,U2_SEQ_OF_EVENTS_5_CD,U2_SEQ_OF_EVENTS_6_CD,U2_SPECIAL_FUNCTION_CD,U2_TRAFFIC_CONTROL_CD,U2_TURN_CD,U2_TYPE_OF_UNIT_CD,U2_UNIT_SPEED_NBR,U3_CONT_CIR_PRIMARY_CD,U3_ODPS_UNIT_NBR,U3_PRECRASH_ACTION_CD,U3_SEQ_OF_EVENTS_1_CD,U3_SEQ_OF_EVENTS_2_CD,U3_SEQ_OF_EVENTS_3_CD,U3_SEQ_OF_EVENTS_4_CD,U3_SEQ_OF_EVENTS_5_CD,U3_SEQ_OF_EVENTS_6_CD,U3_SPECIAL_FUNCTION_CD,U3_TRAFFIC_CONTROL_CD,U3_TYPE_OF_UNIT_CD,UNRESTRAIN_OCCUPANTS,WEATHER_COND_CD,V1,clean_Narrative,BERT_predictions,BERT_prediction_probabilities,RoBERTa_predictions,RoBERTa_predictions_probabilities,distilBERT_predictions,distilBERT_predictions_probabilities
1076,1076,206148017,unit # 1 was traveling eastbound on sr 82 in the center travel lane. unit # 1 began to hydroplane while attempting to make a left-hand lane change at a high rate of speed. unit # 1 lost control and struck the concrete jersey barrier that runs along the northern edge of the roadway. unit # 1 came to rest in the far right eastbound lane of sr82.,20206148017,2020,O,9/1/2020 0:00,4,STRUSR00082**C,S,TRU,17.665,41.231373,-80.74684,36554,97831.0,9/7/2020 0:00,13,2,N,2.0,Y,Y,2.0,14,0,91300.0,34c75e16-5a20-4ba1-bdaa-dc7b30153754,1a50767f-fcb8-4b4f-a8ab-53be8282e355,N,17.665,STRUSR00082**C,N,1,20-06769,1,9,N,1,0,1,HOWLAND TOWNSHIP,1,W,Y,N,4.0,Y,0.28,,Y,,N,HOWLAND TOWNSHIP,N,,0,,,,82,SR,,18.0,N,,,18,2,,,,,N,N,Y,0,0,N,1.0,0,2,2,,173303.0,N,76.326,20,Y,5,4,3,1,F,N,N,N,0,3,35,1,0,55,3,35,0,0,0,0,0,1,6,NT,1,70,,,,,,,,,,,,,,,,,,,,,,,,,,,,,,,,,,0,4,80253.0,unit1 traveling center travel . unit1 began hydroplane attempting make left change high rate speed . unit1 lost control struck concrete jersey barrier runs along northern edge roadway . unit1 came rest far .,O,"[0.9463255405426025, 0.048232320696115494, 0.005442126654088497]",O,"[0.9999114274978638, 8.539003465557471e-05, 3.1859619866736466e-06]",C,"[0.090576171875, 0.90771484375, 0.0019931793212890625]"
1077,1077,206152053,"on september 13, 2020 at approximately 01:43 unit #1 was traveling eastbound on state route 245 near middleburg plain city rd. unit #1 drove into an area on standing water on the roadway which caused unit #1 to hydroplane. unit #1 left the roadway on the left.",20206152053,2020,AB,9/1/2020 0:00,6,SUNISR00245**C,S,UNI,0.219,40.228274,-83.526077,1336,99999.0,9/13/2020 0:00,17,1,N,2.0,Y,N,5.0,1,0,,d309d543-5850-4002-a7a0-78744d45761e,ab741b8b-1483-4c04-ae5f-0a3ef0d21551,N,0.219,SUNISR00245**C,N,4,80-20-294,1,9,,0,1,1,ALLEN TOWNSHIP,1,E,N,N,2.0,Y,0.004,CR,N,,N,ALLEN TOWNSHIP,N,,0,,,,245,SR,,,N,,,,1,57,CR,,,N,N,N,0,0,N,3.0,0,2,1,,329053.0,N,28.599,43,Y,1,4,3,1,M,N,N,N,0,2,0,1,0,55,1,9,0,0,0,0,0,1,6,NT,4,55,,,,,,,,,,,,,,,,,,,,,,,,,,,,,,,,,,0,4,80676.0,"september , approximately : unit1 traveling state near middleburg plain city unit1 drove area standing water roadway caused unit1 hydroplane . unit1 left roadway left .",O,"[0.9999997615814209, 2.697156276099122e-07, 2.9610898621967863e-08]",O,"[1.0, 2.5906943257325565e-10, 1.0346729712156638e-13]",O,"[1.0, 0.0, 0.0]"
1078,1078,206155229,"on august 28th at 13:53 elpd advised ltpd dispatch of a code 2 on sr 11 south. i ptl. boyd arrived to find two vehicles on the shoulder of the south bound lane with apparent damage. unit #1 a gold impala lic# gph5945 driven by kayla cramer had front end damage. mrs. cramer stated there was two additional vehicles that had possibly hydroplaned and slammed on their brakes forcing the following vehicles to slam on their brakes as well, mrs. cramer rear ended the vehicle in front of her a red 2000 dodge pickup ohio temp tag # k467333 driven by nichole earnest.",20206155229,2020,AB,8/1/2020 0:00,11,SCOLUS00030**C,S,COL,32.734,40.643229,-80.587429,44226,99724.0,8/28/2020 0:00,2,6,N,2.0,N,Y,2.0,13,0,,,,N,32.734,SCOLUS00030**C,N,1,8/9/2020,1,8,N,1,1,2,LIVERPOOL TOWNSHIP,1,N,Y,N,4.0,Y,1.43,SR,Y,,N,LIVERPOOL TOWNSHIP,N,,0,,STATE ROUTE 11 S,,11,SR,,,N,,,,1,7,SR,,,N,N,N,0,0,N,1.0,1,2,2,,284922.0,N,243.83,28,N,8,1,2,1,F,N,N,N,0,2,0,1,0,70,1,24,0,0,0,0,0,1,6,NT,1,0,21.0,1.0,1.0,2.0,1.0,F,,2.0,70.0,1.0,23.0,,,,,,1.0,6.0,NT,4.0,,,,,,,,,,,,,,0,4,77889.0,"august : elpd advised ltpd dispatch code . ptl . boyd arrived find two vehicles shoulder apparent damage . unit1 gold impala lic gph5945 driven kayla cramer front end damage . mrs. cramer stated two additional vehicles possibly hydroplaned slammed brakes forcing following vehicles slam brakes well , mrs. cramer rear ended vehicle front red dodge pickup ohio temp tag driven nichole earnest .",O,"[0.9999998807907104, 1.6861402230006206e-07, 3.982250262879461e-08]",O,"[0.9297845959663391, 0.07018047571182251, 3.487693174974993e-05]",O,"[0.9697265625, 0.0306854248046875, 8.100271224975586e-05]"
1079,1079,206163070,uniit 01 was westbound on sr16 east of sr79(n. cedar st.) in the rightmost lane. unit 02 was westbound on sr16 in the leftmost lane. unit 02 driver stated he hydroplaned upon driving through watershed from median drain and struck center concrete median. unit 02 then rebounded off median and crossed into rightmost lane and struck unit 01. neither driver reported any injury.,20206163070,2020,O,9/1/2020 0:00,5,TLICTR00284**C,T,LIC,0.013,40.032109,-82.241511,33299,99999.0,9/28/2020 0:00,5,2,N,,Y,N,7.0,17,0,,5e1626cd-0fe6-4ccb-a9ad-5c8dba65856b,80d2384c-ea73-40fb-b442-e34dd7e8f11e,N,0.013,TLICTR00284**C,N,1,20-29900,3,9,,2,0,2,HANOVER TOWNSHIP,1,W,N,N,2.0,N,0.095,CR,N,,N,HANOVER TOWNSHIP,N,,0,,STATE ROUTE 16 W,,16,SR,,,N,,,STATE ROUTE 79 W,1,79,SR,,,N,Y,N,0,0,N,,0,2,2,,233157.0,N,0.013,77,Y,99,3,4,1,M,N,N,N,0,2,35,2,0,55,1,35,20,0,0,0,0,1,6,NT,4,55,31.0,1.0,3.0,4.0,1.0,M,,1.0,55.0,1.0,20.0,,,,,,1.0,6.0,NT,1.0,55.0,,,,,,,,,,,,,0,4,81937.0,uniit rightmost . unit2 leftmost . unit2 driver stated hydroplaned upon driving watershed median drain struck center concrete median . unit2 rebounded median crossed rightmost struck unit1 . neither driver reported injury .,O,"[0.9999998807907104, 8.635186787842031e-08, 2.0317710180961512e-08]",O,"[0.9999997615814209, 2.6272849140696053e-07, 4.794802332952486e-09]",O,"[1.0, 0.0, 0.0]"
1080,1080,206168866,"unit 1, while traveling eastbound on ir-90 near mp 189, failed to maintain control, hydroplaned off roadway right and came to rest in a ditch. the driver of unit 1 was issued traffic citation 145050 for failure to control ord 331.34(a). unit 1 was towed by vitalones towing.",20206168866,2020,O,10/1/2020 0:00,12,SLAKIR00090**C,S,LAK,2.884,41.596633,-81.444365,85512,17668.0,10/4/2020 0:00,13,1,N,2.0,Y,Y,1.0,18,0,52200.0,,,Y,2.884,SLAKIR00090**C,N,2,20-008707,1,10,N,1,0,1,WILLOUGHBY HILLS,1,W,Y,N,10.0,Y,0.004,,Y,,N,WILLOUGHBY HILLS,N,,0,,,,90,IR,,189.0,N,,,189,2,,,,,N,N,N,0,0,N,1.0,0,2,1,,91365.0,N,188.936,19,Y,99,4,3,1,M,N,N,N,0,3,44,1,0,60,1,8,44,0,0,0,0,1,6,NT,1,60,,,,,,,,,,,,,,,,,,,,,,,,,,,,,,,,,,0,4,82699.0,"unit1 , traveling ir near mp , failed maintain control , hydroplaned roadway came rest ditch . driver unit1 issued traffic citation failure control ord .. unit1 towed vitalones towing .",O,"[0.9999997615814209, 2.336234246058666e-07, 4.299183231637471e-08]",O,"[0.8973374962806702, 0.09925401955842972, 0.0034085570368915796]",O,"[1.0, 4.649162292480469e-06, 2.980232238769531e-07]"
1081,1081,206168868,"unit #1 was traveling on ir 90 e/b near the end of the low bridge in the far right lane. unit #1 hydroplaned, striking the guardrail on the right shoulder as it then spun clockwise, striking the guardrail with it's rear driver side.",20206168868,2020,O,9/1/2020 0:00,12,SLAKIR00090**C,S,LAK,2.883,41.596615,-81.444379,85512,17668.0,9/30/2020 0:00,13,4,N,2.0,Y,Y,1.0,20,0,52200.0,,,Y,2.883,SLAKIR00090**C,N,3,20-008594,1,9,N,1,0,1,WILLOUGHBY HILLS,1,W,Y,N,10.0,Y,0.017,,N,,N,WILLOUGHBY HILLS,N,,0,,,,90,IR,,189.0,N,,,189,2,,,,,N,N,N,0,0,N,1.0,0,2,3,,91365.0,N,188.935,44,Y,1,4,3,1,M,N,N,N,0,2,30,1,9,60,1,30,0,0,0,0,0,1,6,NT,1,55,,,,,,,,,,,,,,,,,,,,,,,,,,,,,,,,,,0,4,82700.0,"unit1 traveling near end low bridge far . unit1 hydroplaned , striking guardrail shoulder spun clockwise , striking guardrail 's rear driver side .",O,"[0.9999998807907104, 1.241675136043341e-07, 2.122975750751266e-08]",O,"[0.9586042761802673, 0.04080178216099739, 0.0005938345566391945]",O,"[1.0, 2.086162567138672e-06, 1.7881393432617188e-07]"
1082,1082,206177583,"at about 1206 hours on october 18, 2020 unit number one was traveling northbound on i-75 at an unknown rate of and when at stanley ave apparently lost control and hydroplanned and ran off the left side of the roadway and collided with a concrete barrier before coming to a final rest.",20206177583,2020,O,10/1/2020 0:00,7,SMOTIR00075**C,S,MOT,15.036,39.788748,-84.183709,21000,22528.0,10/18/2020 0:00,13,1,N,2.0,Y,Y,1.0,12,0,70300.0,,,Y,15.036,SMOTIR00075**C,N,1,2010180029,1,10,N,3,0,1,DAYTON,1,,Y,N,6.0,Y,0.0,,N,,N,DAYTON,N,,0,,,,75,IR,,56.0,N,,,56,2,,,,,N,N,N,0,0,N,1.0,0,2,1,,39552.0,N,56.006,53,Y,99,2,1,9,F,N,N,N,0,3,35,1,0,55,1,9,35,0,0,0,0,1,6,NT,1,0,,,,,,,,,,,,,,,,,,,,,,,,,,,,,,,,,,0,4,83839.0,"october , unit number one traveling unknown rate stanley apparently lost control hydroplanned ran left side roadway collided concrete barrier coming final rest .",O,"[0.9999990463256836, 7.905174470579368e-07, 9.352217489322356e-08]",O,"[0.9999771118164062, 2.2103846276877448e-05, 7.936977226563613e-07]",O,"[1.0, 2.5093555450439453e-05, 1.430511474609375e-06]"
1083,1083,206178643,"unit 1 was travelling eastbound down sunset blvd. due to the roadway being slippery from rain, and the vehicle involved having bald front tires, the driver lost control of the vehicle and hydroplaned into a concrete staircase in front of 2427 sunset blvd. the driver was taken to trinity medical center west er for evaluation.",20206178643,2020,C,10/1/2020 0:00,11,SJEFSR00043**C,S,JEF,2.093,40.371494,-80.646847,74608,93592.0,10/20/2020 0:00,13,3,N,2.0,Y,N,3.0,1,0,,,,N,2.093,SJEFSR00043**C,N,3,20-010662,4,10,,0,0,1,STEUBENVILLE,1,S,N,N,4.0,N,0.017,,N,2427,N,STEUBENVILLE,N,,0,,SUNSET,BLVD,,,,,N,,,,3,,,,,N,N,N,0,0,N,3.0,1,2,4,,169380.0,N,2.093,32,Y,18,4,3,1,M,N,N,N,0,4,54,1,0,35,13,11,9,54,54,0,0,1,6,NT,4,30,,,,,,,,,,,,,,,,,,,,,,,,,,,,,,,,,,0,4,84028.0,"unit1 travelling sunset . due roadway slippery rain , vehicle involved bald front tires , driver lost control vehicle hydroplaned concrete staircase front sunset . driver taken trinity medical center evaluation .",C,"[0.00020957269589416683, 0.9990781545639038, 0.0007122522220015526]",C,"[0.00016436517762485892, 0.9998273253440857, 8.291953236039262e-06]",C,"[2.110004425048828e-05, 1.0, 9.059906005859375e-06]"
1084,1084,206179930,unit 1 was south bound on us 62 when slowed to make a left turn onto tr 660 unit 1 hydroplaned crossed the yellow center line and off the left side of the roadway striking a stop sign. unit 1 was moved from the roadway prior to arrival.,20206179930,2020,O,10/1/2020 0:00,11,SHOLUS00062**C,S,HOL,35.084,40.638719,-81.677281,59514,99999.0,10/15/2020 0:00,13,5,N,2.0,Y,N,4.0,19,0,,a2363d98-2c4b-4945-8526-ab5c6c9eff82,693f63be-e529-4282-be1e-fb8af414f17d,N,35.084,SHOLUS00062**C,N,4,20HC04444,1,10,,1,0,1,PAINT TOWNSHIP,3,N,N,Y,2.0,Y,0.003,TR,Y,,N,PAINT TOWNSHIP,N,,0,,,,62,US,,,N,,,,1,660,TR,,,N,N,Y,0,0,N,3.0,0,2,1,,272815.0,N,206.909,17,Y,5,5,3,1,M,N,N,N,0,2,37,1,0,55,6,11,9,37,0,0,0,1,6,LT,1,15,,,,,,,,,,,,,,,,,,,,,,,,,,,,,,,,,,0,4,84157.0,unit1 us slowed make left turn onto tr unit1 hydroplaned crossed yellow center line left side roadway striking stop sign . unit1 moved roadway prior arrival .,O,"[0.9999998807907104, 1.3283829503052402e-07, 2.563944789812922e-08]",O,"[1.0, 8.917929505969369e-09, 2.53418657586435e-11]",O,"[1.0, 0.0, 0.0]"
1085,1085,206183975,"unit 1 was northbound in the right turn lane of n. holland- sylvania rd. approaching the intersection with w. sylvania ave. (with the intention of turning right onto eastbound w. sylvania ave.) unit 1 driver stated that unit 1 hydroplaned on the wet roadway. unit 1 struck the concrete island at the intersection, causing disabling damage to unit 1 (and no damage to any other property). the hood and at least one body panel appeared to be bent due to flex as unit 1 went up over the island's curbs. unit 1 driver was unable to provide proof of insurance at the scene.",20206183975,2020,O,10/1/2020 0:00,2,CLUCCR01572**C,C,LUC,6.747,41.691144,-83.684881,76025,87868.0,10/27/2020 0:00,13,3,N,,Y,N,4.0,16,0,,a694dc6e-99d7-4e9e-87db-3a5a7a948abf,7e966527-debd-4016-9cf0-dd415a01a897,N,6.747,CLUCCR01572**C,N,1,202010473,2,10,,1,0,1,SYLVANIA TOWNSHIP,2,,N,Y,4.0,N,0.0,CR,N,,N,SYLVANIA TOWNSHIP,N,,0,N,HOLLAND SYLVANIA,RD,,,,,N,,W,SYLVANIA,1,,,,AVE,N,N,Y,0,0,N,,0,2,3,,68772.0,N,6.747,42,Y,5,2,1,1,F,N,N,N,0,4,43,1,0,40,1,43,43,0,0,0,0,1,2,NT,1,30,,,,,,,,,,,,,,,,,,,,,,,,,,,,,,,,,,0,4,84749.0,"unit1 turn holland sylvania approaching intersection sylvania . unit1 driver stated unit1 hydroplaned wet roadway . unit1 struck concrete island intersection , causing disabling damage unit1 . hood least one body panel appeared bent due flex unit1 went island 's curbs . unit1 driver unable provide proof insurance scene .",O,"[0.9999998807907104, 1.0903060143618859e-07, 1.8507247290244777e-08]",O,"[0.9995912909507751, 0.00040720743709243834, 1.5318317991841468e-06]",O,"[1.0, 0.0, 0.0]"
1086,1086,206185244,"unit #1 was traveling in the middle lane on ir 90 e/b when it hydroplaned. unit #1 proceeded to spin out, striking the grass embankment. unit #1 came to a rest in the grass median between the entrance ramp from sr 91 to ir 90 e/b (d ramp) and ir 90 e/b.",20206185244,2020,O,10/1/2020 0:00,12,SLAKIR00090**C,S,LAK,3.499,41.603315,-81.436641,85512,17668.0,10/21/2020 0:00,13,4,N,2.0,Y,Y,1.0,5,0,52200.0,e2b340ca-3ed9-4a9c-98bc-6393d896ada8,327d88ba-0635-45ca-9922-0e8beaaeb376,Y,3.499,SLAKIR00090**C,N,3,20-009208,1,10,N,1,0,1,WILLOUGHBY HILLS,1,W,Y,N,10.0,Y,0.043,,N,,N,WILLOUGHBY HILLS,N,,0,,,,90,IR,,189.0,N,,,189,2,,,,,N,N,Y,0,0,N,1.0,0,2,1,,121788.0,N,189.551,32,Y,1,4,3,1,M,N,N,N,0,3,44,1,9,60,1,8,44,0,0,0,0,1,6,NT,1,65,,,,,,,,,,,,,,,,,,,,,,,,,,,,,,,,,,0,4,84932.0,"unit1 traveling middle hydroplaned . unit1 proceeded spin , striking grass embankment . unit1 came rest grass median entrance ramp e b .",O,"[0.9890646934509277, 0.010006413795053959, 0.000928811146877706]",O,"[0.85107421875, 0.14740481972694397, 0.001520925434306264]",O,"[1.0, 4.506111145019531e-05, 1.6093254089355469e-06]"
1087,1087,206186185,"on october 29, 2020 at about 0814 hours, unit number one was travelling south on ir-75 southbound in an unknown lane of travel at an unknown rate of speed and when approaching the exit ramp to west third street, failed to maintain reasonable control and hydroplaned, causing unit number one to go off the left side of the roadway and strike the concrete median.",20206186185,2020,O,10/1/2020 0:00,7,SMOTIR00075**N,S,MOT,12.925,39.763886,-84.199925,21000,22528.0,10/29/2020 0:00,13,5,N,2.0,Y,Y,1.0,8,0,,b134f06a-192f-43bb-80b1-4b906520fff7,8734117e-fe94-4e66-93a5-d62565001226,Y,12.917,SMOTIR00075**C,N,1,2010290012,1,10,N,2,0,1,DAYTON,1,,Y,N,6.0,Y,0.0,RA,N,,N,DAYTON,N,,0,,,,75,IR,,,N,,W,3RD,1,,,,ST,N,N,N,0,0,N,1.0,0,2,1,,118056.0,N,53.895,51,Y,99,1,2,9,M,N,N,N,0,5,35,1,0,55,1,9,35,0,0,0,0,1,6,NT,3,0,,,,,,,,,,,,,,,,,,,,,,,,,,,,,,,,,,0,4,85019.0,"october , , unit number one travelling ir unknown travel unknown rate speed approaching exit ramp third , failed maintain reasonable control hydroplaned , causing unit number one go left side roadway strike concrete median .",AB,"[0.014633648097515106, 0.11825214326381683, 0.867114245891571]",C,"[0.10422686487436295, 0.7885499596595764, 0.10722314566373825]",O,"[0.7470703125, 0.22119140625, 0.032257080078125]"
1088,1088,206191490,unit 1 was traveling eastbound on u.s. 33 and got off onto the st. rte. 93 exit. unit 1 stated she hydroplaned and went off the roadway. no damage was reported to the officer and the driver of unit 1 drove the vehicle away.,20206191490,2020,O,10/1/2020 0:00,10,SHOCUS00033**C,S,HOC,10.014,39.534845,-82.404589,44632,99743.0,10/19/2020 0:00,17,2,N,2.0,Y,Y,2.0,12,0,48000.0,,,N,10.014,SHOCUS00033**C,N,1,20-5595-10,4,10,N,1,0,1,LOGAN,1,E,Y,N,4.0,N,0.038,SR,N,,N,LOGAN,N,,0,,US ROUTE 33 E,,33,US,,,N,,,STATE ROUTE 93 E,1,93,SR,,,N,N,N,0,0,N,1.0,0,2,4,,285003.0,N,172.329,28,Y,99,4,3,1,F,N,N,N,0,1,0,1,0,70,13,9,0,0,0,0,0,1,6,NT,1,40,,,,,,,,,,,,,,,,,,,,,,,,,,,,,,,,,,0,4,85635.0,unit1 traveling u.s. got onto rte . exit . unit1 stated hydroplaned went roadway . damage reported officer driver unit1 drove vehicle away .,O,"[0.9999998807907104, 6.267337226972813e-08, 1.2065173748965208e-08]",O,"[1.0, 1.9890924463084048e-09, 3.856837158672244e-12]",O,"[1.0, 5.960464477539063e-08, 0.0]"
1089,1089,206195898,both unit #1 and unit #2 were traveling east on clifton blvd. unit #2 had stopped in traffic due to a red light at clifton and lake. unit #1's driver saw unit #2 stopped and was unable to stop unit #1 in time. the driver of unit #1 david shute advised that his car hydroplaned on the wet roads.,20206195898,2020,O,11/1/2020 0:00,12,SCUYUS00006**C,S,CUY,7.654,41.487234,-81.830816,41664,17668.0,11/11/2020 0:00,2,4,N,2.0,N,N,3.0,7,0,,2d040085-f17d-4fc6-98db-a44e312e52ae,5382cb2b-fccb-4e63-ac94-595b59c073e1,N,7.654,SCUYUS00006**C,N,1,20-003581,4,11,N,2,0,2,LAKEWOOD,1,,Y,Y,4.0,N,0.0,MR,N,,N,LAKEWOOD,N,,4,,US ROUTE 6 E,,6,US,,,N,,,LAKE,1,,,,RD,N,N,N,0,1,Y,2.0,0,2,1,,284561.0,N,168.486,61,Y,8,4,3,1,M,N,N,N,0,2,0,1,2,35,1,20,0,0,0,0,0,1,2,NT,3,20,60.0,1.0,4.0,3.0,1.0,M,,2.0,35.0,11.0,20.0,,,,,,1.0,2.0,NT,3.0,0.0,,,,,,,,,,,,,0,2,86242.0,unit1 unit2 traveling clifton . unit2 stopped traffic due red light clifton lake . unit1 's driver saw unit2 stopped unable stop unit1 time . driver unit1 david shute advised car hydroplaned wet roads .,O,"[0.9977642297744751, 0.002187017584219575, 4.878041727351956e-05]",O,"[0.9888706803321838, 0.011060113087296486, 6.918673898326233e-05]",O,"[1.0, 1.621246337890625e-05, 3.5762786865234375e-07]"
1090,1090,206196299,"unit #1 was traveling south on far hills avenue in the left lane, and when approaching the red light at the southbound ir675 off ramp, hydroplaned through the intersection and was struck by unit #2 which was traveling west on the ir675 off ramp and turning south onto far hills avenue.",20206196299,2020,O,11/1/2020 0:00,7,SMOTSR00048**C,S,MOT,4.541,39.647087,-84.157324,81494,22528.0,11/10/2020 0:00,6,3,N,2.0,N,N,3.0,23,0,70800.0,da29a2ff-4861-4d24-82a7-5e795c5fe139,c77dc9e3-0458-4bc6-a0a3-502cc2c3413b,N,4.541,SMOTSR00048**C,N,3,MC200008028,1,11,N,2,0,2,WASHINGTON TOWNSHIP,3,,N,Y,6.0,Y,0.0,RA,Y,,N,WASHINGTON TOWNSHIP,N,,0,,FAR HILLS,AVE,,,,,N,,,I 675 N,1,675,IR,,,N,N,N,0,0,N,3.0,0,2,1,,296282.0,N,36.876,17,Y,3,1,2,1,F,N,N,N,0,2,0,1,2,40,1,20,0,0,0,0,0,1,2,NT,1,35,25.0,1.0,3.0,2.0,1.0,F,,2.0,40.0,6.0,20.0,,,,,,1.0,2.0,LT,1.0,20.0,,,,,,,,,,,,,0,4,86274.0,"unit1 traveling far hills left , approaching red light ramp , hydroplaned intersection struck unit2 traveling ramp turning onto far hills .",O,"[0.999239444732666, 0.0006971302791498601, 6.3511157350149e-05]",O,"[0.6891860961914062, 0.3070121109485626, 0.003801744431257248]",O,"[1.0, 0.0, 0.0]"
1091,1091,206201052,unit 1 hydroplaned causing unit 2 to strike unit 1.,20206201052,2020,O,11/1/2020 0:00,11,SBELIR00070**N,S,BEL,20.83,40.069641,-80.852911,66628,94726.0,11/11/2020 0:00,2,4,N,2.0,N,Y,1.0,7,0,,,,Y,20.797,SBELIR00070**C,N,1,7-118-20,1,11,N,3,0,2,RICHLAND TOWNSHIP,1,E,Y,N,6.0,Y,0.019,,Y,,N,RICHLAND TOWNSHIP,N,,0,,,,70,IR,,219.0,N,,,219,2,,,,,N,N,N,0,0,N,1.0,0,2,1,,81074.0,N,219.449,40,Y,18,4,3,1,F,N,N,N,0,3,0,1,0,65,1,20,0,0,0,0,0,1,6,NT,1,0,25.0,1.0,4.0,3.0,1.0,F,,2.0,65.0,1.0,20.0,,,,,,1.0,6.0,NT,1.0,,,,,,,,,,,,,,0,4,86805.0,unit1 hydroplaned causing unit2 strike unit1 .,O,"[0.5440523624420166, 0.44282618165016174, 0.01312148105353117]",C,"[0.05905943736433983, 0.9392225742340088, 0.0017179655842483044]",O,"[0.9931640625, 0.0052947998046875, 0.0010499954223632812]"
1092,1092,206205870,on 11-22-2020 at approx 1445hrs unit #1 was traveling south on state route 4 at an excessive rate of speed and when north of mp 53.8 attempted to switch lanes to travel onto ir 75 northbound and apparently lost control and began to hydroplane across multiple lanes of traffic and collided with the concrete barrier.,20206205870,2020,O,11/1/2020 0:00,7,SMOTSR00004**N,S,MOT,17.863,39.770859,-84.183005,21000,22528.0,11/22/2020 0:00,13,1,N,2.0,Y,Y,2.0,14,0,,b89168be-cd6c-4d26-98d3-1abae78a6c8b,b016daf8-6e60-4b12-a6af-3526c9f8f950,N,17.826,SMOTSR00004**C,N,1,2011220035,4,11,N,1,0,1,DAYTON,1,N,Y,N,4.0,N,0.038,,Y,,N,DAYTON,N,,0,,,,4,SR,,53.8,N,,,,2,,,,,N,N,N,0,0,N,1.0,0,2,4,,180318.0,N,55.049,24,Y,99,1,2,1,F,N,N,N,0,4,35,1,0,60,3,35,0,0,0,0,0,1,6,NT,1,60,,,,,,,,,,,,,,,,,,,,,,,,,,,,,,,,,,0,4,87372.0,approx 1445hrs unit1 traveling state excessive rate speed mp . attempted switch lanes travel onto apparently lost control began hydroplane across multiple lanes traffic collided concrete barrier .,O,"[0.7645366787910461, 0.22024519741535187, 0.015218138694763184]",O,"[0.9999988079071045, 1.1743084087356692e-06, 1.1361788843089471e-08]",C,"[0.2216796875, 0.744140625, 0.03399658203125]"