,id,OBJECTID,Narrative,DOCUMENT_NBR,CRASH_YR,CRASH_SEVERITY_CD,CRASH_MONTH_YEAR,DISTRICT_NBR,NLFID,NLF_JUR_CD,NLF_COUNTY_CD,COUNTY_LOG_NBR,ODOT_LATITUDE_NBR,ODOT_LONGITUDE_NBR,ODOT_FIPS_CD,AREA_CODE,CRASH_DATE,CRASH_TYPE_CD,DAY_IN_WEEK_CD,DISTRACTED_DRIVER_IND,FACILITY_TYPE_CD,FHWA_RDWY_DEPARTURE_IND,FREEWAY_IND,FUNCTIONAL_CLASS_CD,HOUR_OF_CRASH,INCAPAC_INJURIES_NBR,INTERCHANGE_ID,INTERSECTION_ID_CURRENT,INTERSECTION_LEG_ID,INTERSTATE_IND,INV_LOG_NBR,INV_NLFID,IS_COMMERCIAL_RELATED,LIGHT_COND_PRIMARY_CD,LOCAL_REPORT_NUMBER_ID,MAINTENANCE_AUTHORITY_CD,MONTH_OF_CRASH,NHS_CD,NO_INJURY_REPORTED_NBR,NON_INCAPAC_INJURIES_NBR,NUMBER_OF_UNITS_NBR,ODOT_CITY_VILLAGE_TWP_NME,ODOT_CRASH_LOCATION_CD,ODOT_DIR_FROM_REF_CD,ODOT_DIV_UNDIV_IND,ODOT_INTERSECTION_REL_IND,ODOT_LANES_NBR,ODOT_MAINTAINED_HWY_IND,ODOT_MILES_FROM_REF_NBR,ODOT_REF_ROUTE_PREFIX_CD,ODOT_YOUNG_DRIVER_IND,ODPS_ADDRESS_REFERENCE,ODPS_ALCOHOL_IND,ODPS_CITY_VILLAGE_TWP_NME,ODPS_DRUG_IND,ODPS_LOC_DIR_SUFFIX_CD,ODPS_LOC_IN_WORK_ZONE_CD,ODPS_LOC_ROAD_DIRECTION_CD,ODPS_LOC_ROAD_NME,ODPS_LOC_ROAD_SUFFIX_CD,ODPS_LOC_ROUTE_ID,ODPS_LOC_ROUTE_PREFIX_CD,ODPS_LOC_ROUTE_SUFFIX_CD,ODPS_MILEPOST_REFERENCE,ODPS_MOTORCYCLE_IND,ODPS_REF_DIR_SUFFIX_CD,ODPS_REF_DIRECTION_CD,ODPS_REF_GIVEN,ODPS_REF_POINT_USED_CD,ODPS_REF_ROUTE_ID,ODPS_REF_ROUTE_PREFIX_CD,ODPS_REF_ROUTE_SUFFIX_CD,ODPS_REF_SUFFIX_CD,ODPS_SCHOOL_ZONE_IND,ODPS_SENIOR_DRIVER_IND,ODPS_SPEED_IND,ODPS_TOTAL_FATALITIES_NBR,ODPS_TYPE_OF_WORK_ZONE_CD,ODPS_WORK_ZONE_IND,OPER_ACCESS_CONTROL_CD,POSSIBLE_INJURIES_NBR,ROAD_COND_PRIMARY_CD,ROAD_CONTOUR_CD,SA_RAMP_ID,SA_SEGMENT_ID,SECONDARY_CRASH,STATE_TRUE_LOG_NBR,U1_AGE_NBR,U1_AT_FAULT_IND,U1_CONT_CIR_PRIMARY_CD,U1_DIRECTION_FROM_CD,U1_DIRECTION_TO_CD,U1_DISTRACTED_BY_1_CD,U1_GENDER_CD,U1_IS_ALCOHOL_SUSPECTED,U1_IS_MARIJUANA_SUSPECTED,U1_IS_OTHER_DRUG_SUSPECTED,U1_NON_MOTORIST_LOC_CD,U1_NUMBER_OF_THRU_LANES,U1_OBJECT_STRUCK,U1_ODPS_UNIT_NBR,U1_OPERATINGIN_AUTONOMOUS_MODE,U1_POSTED_SPEED_NBR,U1_PRECRASH_ACTION_CD,U1_SEQ_OF_EVENTS_1_CD,U1_SEQ_OF_EVENTS_2_CD,U1_SEQ_OF_EVENTS_3_CD,U1_SEQ_OF_EVENTS_4_CD,U1_SEQ_OF_EVENTS_5_CD,U1_SEQ_OF_EVENTS_6_CD,U1_SPECIAL_FUNCTION_CD,U1_TRAFFIC_CONTROL_CD,U1_TURN_CD,U1_TYPE_OF_UNIT_CD,U1_UNIT_SPEED_NBR,U2_AGE_NBR,U2_CONT_CIR_PRIMARY_CD,U2_DIRECTION_FROM_CD,U2_DIRECTION_TO_CD,U2_DISTRACTED_BY_1_CD,U2_GENDER_CD,U2_NON_MOTORIST_LOC_CD,U2_ODPS_UNIT_NBR,U2_POSTED_SPEED_NBR,U2_PRECRASH_ACTION_CD,U2_SEQ_OF_EVENTS_1_CD,U2_SEQ_OF_EVENTS_2_CD,U2_SEQ_OF_EVENTS_3_CD,U2_SEQ_OF_EVENTS_4_CD,U2_SEQ_OF_EVENTS_5_CD,U2_SEQ_OF_EVENTS_6_CD,U2_SPECIAL_FUNCTION_CD,U2_TRAFFIC_CONTROL_CD,U2_TURN_CD,U2_TYPE_OF_UNIT_CD,U2_UNIT_SPEED_NBR,U3_CONT_CIR_PRIMARY_CD,U3_ODPS_UNIT_NBR,U3_PRECRASH_ACTION_CD,U3_SEQ_OF_EVENTS_1_CD,U3_SEQ_OF_EVENTS_2_CD,U3_SEQ_OF_EVENTS_3_CD,U3_SEQ_OF_EVENTS_4_CD,U3_SEQ_OF_EVENTS_5_CD,U3_SEQ_OF_EVENTS_6_CD,U3_SPECIAL_FUNCTION_CD,U3_TRAFFIC_CONTROL_CD,U3_TYPE_OF_UNIT_CD,UNRESTRAIN_OCCUPANTS,WEATHER_COND_CD,V1,clean_Narrative,BERT_predictions,BERT_prediction_probabilities,RoBERTa_predictions,RoBERTa_predictions_probabilities,distilBERT_predictions,distilBERT_predictions_probabilities
1093,1093,206208825,"unit 1 was traveling north on brady avenue and attempted to make a right turn onto ridge avenue. while turning right, it was determined that the driver of unit 1 lost control of the vehicle by sliding uncontrollably on the wet surface of the road (hydroplane). i observed a significant pool of water in the middle of the intersection consistent with the statement from the driver of unit 1. unit 1 left the roadway to the left, struck a stop sign, and proceeded through the front yard of 1659 ridge avenue. it appeared unit 1 continued through the front yard, struck the residence, and struck the residence at 1657 ridge avenue. i observed the vehicle to be at rest between 1659 ridge avenue and 1657 ridge avenue, and unit 1 was towed by marcino due to severe disabling damage. the driver of unit 1 reported no injuries. upon further investigation, 1659 ridge avenue sustained damage to the landscaping bushes in the front yard, there was severe damage to the front porch, and the front window was damaged from the displaced stop sign. in addition, the gas",20206208825,2020,AB,11/1/2020 0:00,11,CJEFCR00022C*C,C,JEF,0.02,40.369797,-80.632115,74608,93592.0,11/26/2020 0:00,13,5,N,,Y,N,4.0,0,0,,d560ad40-8e31-43bb-8665-d26280e79cec,9c60a24f-51d9-41b9-b7b3-b7818ddef8f4,N,0.02,CJEFCR00022C*C,N,3,20-011939,4,11,,1,1,1,STEUBENVILLE,1,S,N,Y,2.0,N,0.009,,Y,1659,N,STEUBENVILLE,N,,0,,BRADY,AVE,,,,,N,,,,3,,,,,N,N,Y,0,0,N,,0,2,2,,10624.0,N,0.02,18,Y,5,2,3,1,F,N,N,N,0,2,37,1,9,35,5,9,37,99,0,0,0,1,6,RT,1,0,,,,,,,,,,,,,,,,,,,,,,,,,,,,,,,,,,0,4,87716.0,"unit1 traveling brady attempted make turn onto ridge . turning , determined driver unit1 lost control vehicle sliding uncontrollably wet surface . observed significant pool water middle intersection consistent statement driver unit1 . unit1 left roadway left , struck stop sign , proceeded front yard ridge . appeared unit1 continued front yard , struck residence , struck residence ridge . observed vehicle rest ridge ridge , unit1 towed marcino due severe disabling damage . driver unit1 reported injuries . upon investigation , ridge sustained damage landscaping bushes front yard , severe damage front porch , front window damaged displaced stop sign . addition , gas",O,"[0.9999997615814209, 2.643344600983255e-07, 2.7463910257097268e-08]",O,"[1.0, 4.2958319568242587e-08, 8.172780507909039e-11]",O,"[1.0, 4.76837158203125e-07, 5.960464477539063e-08]"
1094,1094,206208984,"unit # 1 was traveling east on w. sylvania ave. and had stopped for a red light at n. mccord rd.. the traffic signal turned green, but unit #1 did not go because of an approaching ambulance. then, unit #1 was struck in the rear-end by unit #2. unit #2 had been traveling east on w. sylvania ave., approaching n. mccord rd., and slid into unit #1. the driver of unit #2 admitted fault and stated that his car """"hydroplaned"""" on the wet surface.",20206208984,2020,AB,11/1/2020 0:00,2,CLUCCR00005**C,C,LUC,9.087,41.690079,-83.70347,76022,87868.0,11/25/2020 0:00,2,4,N,,N,N,4.0,11,0,,94e9c9e1-bf19-4bba-8529-a523b0148736,6a72dcaa-360d-4eac-836e-fbbf6cc9bbcc,N,9.087,CLUCCR00005**C,N,1,202010539,4,11,,2,1,2,SYLVANIA,2,,N,Y,2.0,N,0.0,CR,Y,,N,SYLVANIA,N,,0,W,SYLVANIA,AVE,,,,,N,,N,MCCORD,1,,,,RD,N,N,N,0,0,N,,0,2,1,,2657.0,N,9.087,62,Y,8,4,3,1,M,N,N,N,0,2,0,2,0,40,1,20,0,0,0,0,0,1,2,NT,1,30,21.0,1.0,4.0,3.0,1.0,F,,1.0,40.0,11.0,20.0,,,,,,1.0,2.0,NT,3.0,0.0,,,,,,,,,,,,,0,4,87763.0,"unit1 traveling sylvania . stopped red light mccord .. traffic signal turned green , unit1 go approaching ambulance . , unit1 struck rearend unit2 . unit2 traveling sylvania . , approaching mccord . , slid unit1 . driver unit2 admitted fault stated car `` '' hydroplaned '' '' wet surface .",O,"[0.9999996423721313, 3.1508298548033054e-07, 2.6468265801327107e-08]",O,"[0.5724495053291321, 0.4245777428150177, 0.002972795395180583]",O,"[1.0, 0.00043082237243652344, 5.662441253662109e-06]"
1095,1095,206222303,"unit 1 was traveling south down franciscan way east. while negotiating a sharp bend in the roadway. the vehicle then hydroplaned and drove off of the roadway and slid over an enbankment (south), coming to rest upon striking several trees.",20206222303,2020,C,10/1/2020 0:00,11,MJEFMR00386F*C,M,JEF,0.633,40.374959,-80.619806,74608,93592.0,10/29/2020 0:00,13,5,N,,N,N,7.0,22,0,,,,N,0.633,MJEFMR00386F*C,N,4,20-011027,4,10,,0,0,1,STEUBENVILLE,1,N,N,N,2.0,N,0.037,,Y,,N,STEUBENVILLE,N,,0,E,FRANCISCAN,WAY,,,,,N,,,UNIVERSITY,1,,,,BLVD,N,N,N,0,0,N,,1,2,4,,106401.0,N,0.633,22,Y,99,2,4,1,F,N,N,N,0,2,48,1,0,0,13,13,9,45,48,0,0,1,6,LT,1,0,,,,,,,,,,,,,,,,,,,,,,,,,,,,,,,,,,0,4,89538.0,"unit1 traveling franciscan . negotiating sharp bend roadway . vehicle hydroplaned drove roadway slid enbankment , coming rest upon striking several trees .",O,"[0.9936560392379761, 0.005698690190911293, 0.0006453521782532334]",O,"[0.9911285638809204, 0.008823925629258156, 4.750092193717137e-05]",O,"[1.0, 2.2649765014648438e-05, 9.5367431640625e-07]"
1096,1096,206227064,"unit 2 was sitting stationary, at the red light, waiting to turn left onto state route 749. unit 1 entered the left turn lane and attempted to stop. unit 1 hydroplaned, attempted to steer to the right to avoid the collision, striking unit 2 in the rear end, causing damage to her driver's side doors.",20206227064,2020,C,12/1/2020 0:00,8,SCLEUS00052**C,S,CLE,1.41,39.009632,-84.303017,62540,99999.0,12/16/2020 0:00,2,4,N,2.0,N,N,3.0,16,0,,ad6c552b-2d23-4f2c-9911-7ae52b688638,41fec7db-0481-4d56-bdf0-821347254069,N,1.41,SCLEUS00052**C,N,2,AA-007475-20,1,12,N,2,0,2,PIERCE TOWNSHIP,3,W,Y,Y,4.0,Y,0.006,SR,Y,,N,PIERCE TOWNSHIP,N,,0,,US ROUTE 52 E,,52,US,,,N,,,STATE ROUTE 749 E,1,749,SR,,,N,N,N,0,0,N,2.0,1,2,1,,316693.0,N,41.476,26,Y,8,4,3,1,F,N,N,N,0,3,0,1,0,60,1,20,0,0,0,0,0,1,2,NT,3,15,22.0,1.0,4.0,3.0,1.0,M,,2.0,60.0,11.0,20.0,,,,,,1.0,2.0,NT,1.0,0.0,,,,,,,,,,,,,0,2,90216.0,"unit2 sitting stationary , red light , waiting turn left onto state . unit1 entered left turn attempted stop . unit1 hydroplaned , attempted steer avoid collision , striking unit2 rear end , causing damage driver 's side doors .",O,"[0.9999998807907104, 1.4793117486533447e-07, 2.295466217105968e-08]",O,"[1.0, 1.5810536879712345e-08, 1.7820436098991976e-11]",O,"[0.9912109375, 0.0083770751953125, 0.0001595020294189453]"
1097,1097,206247115,"on 09/03/2020 at approximately 08:36 am, seth moritz came to the hocking county sheriff's office to report a single vehicle crash. mr. motitz made a written statement about the incident for which he stated that he was traveling eastbound from state route 664 on the entry ramp for us route 33. mr. moritz began to accelerate. while accelerating, mr. moritz experienced his vehicle hydroplane, which ultimately caused the vehicle to spin and strike the guard rail. photos of the damage were taken at the hocking county sheriff's office. no injuries were reported in this incident. there was a severe rainstorm at the time of the crash which lead to a contributing circumstance in this incident.",20206247115,2020,O,9/1/2020 0:00,10,SHOCUS00033**C,S,HOC,8.024,39.537653,-82.4403,44632,99743.0,9/3/2020 0:00,14,5,N,2.0,N,Y,2.0,8,0,47900.0,,,N,8.024,SHOCUS00033**C,N,2,20-4995,4,9,N,1,0,1,LOGAN,1,E,Y,N,4.0,N,0.019,SR,N,,N,LOGAN,N,,0,,,,33,US,,,N,,,,1,664,SR,,,N,N,N,0,0,N,1.0,0,6,4,,241331.0,N,170.339,30,Y,1,6,7,1,M,N,N,N,0,1,0,1,0,65,1,13,24,0,0,0,0,1,6,NT,3,35,,,,,,,,,,,,,,,,,,,,,,,,,,,,,,,,,,0,4,91732.0,"approximately : , seth moritz came hocking county sheriff 's office report single vehicle crash . mr. motitz made written statement incident stated traveling state entry ramp us . mr. moritz began accelerate . accelerating , mr. moritz experienced vehicle hydroplane , ultimately caused vehicle spin strike guard rail . photos damage taken hocking county sheriff 's office . injuries reported incident . severe rainstorm time crash lead contributing circumstance incident .",O,"[0.9999997615814209, 2.437274986277771e-07, 4.788937602029364e-08]",O,"[1.0, 3.238638468516797e-09, 5.449375325983219e-12]",O,"[1.0, 0.0, 0.0]"
1098,1098,213000209,"unit 1 was traveling on eastbound i-275 in the area of the 37.6 mp. unit 1 drove through standing water, hydroplaned and left the roadway to the left. unit 1 struck the cable barrier causing damage.",20213000209,2021,O,1/1/2021 0:00,8,SHAMIR00275**C,S,HAM,19.859,39.293121,-84.548782,27706,16885.0,1/1/2021 0:00,13,6,N,2.0,Y,Y,1.0,9,0,,,,Y,19.859,SHAMIR00275**C,N,1,202100003,1,1,N,1,0,1,FOREST PARK,1,E,Y,N,6.0,Y,0.114,,N,,N,FOREST PARK,N,,0,,,,275,IR,,37.6,N,,,37 6,2,,,,,N,N,N,0,0,N,1.0,0,2,1,,47309.0,N,37.459,26,Y,11,4,3,1,M,N,N,N,0,3,33,1,2,65,1,9,33,0,0,0,0,1,6,NT,1,65,,,,,,,,,,,,,,,,,,,,,,,,,,,,,,,,,,0,4,,"unit1 traveling area . mp . unit1 drove standing water , hydroplaned left roadway left . unit1 struck cable barrier causing damage .",O,"[0.9999998807907104, 7.371289001412151e-08, 1.5000095388018053e-08]",O,"[1.0, 1.191499010566588e-09, 2.217314439695306e-12]",O,"[1.0, 0.0, 0.0]"
1099,1099,213000363,"unit #1 and unit #2 travel w/b on us 35 in the area of mp 42.0. unit #1 began to hydroplane at which time unit #1 crossed lanes and struck unit #2. after striking unit #2, both vehicles went off the roadway to the right and came to rest in a ditch.",20213000363,2021,O,1/1/2021 0:00,8,SGREUS00035**N,S,GRE,0.88,39.735212,-84.08736,4720,22528.0,1/1/2021 0:00,5,6,N,2.0,N,Y,2.0,10,0,35800.0,,,N,0.877,SGREUS00035**C,N,1,2021-00000022,4,1,N,2,0,2,BEAVERCREEK,1,,Y,N,4.0,N,0.0,,N,,N,BEAVERCREEK,N,,0,,,,35,US,,42.0,N,,,,2,,,,,N,N,Y,0,0,N,1.0,0,2,2,,262358.0,N,41.943,33,Y,99,3,4,1,F,N,N,N,0,2,44,1,0,55,1,20,44,8,0,0,0,1,6,NT,1,60,40.0,1.0,3.0,4.0,1.0,M,,2.0,55.0,1.0,20.0,54.0,8.0,,,,1.0,6.0,NT,4.0,55.0,,,,,,,,,,,,,0,4,,"unit1 unit2 travel us area mp .. unit1 began hydroplane time unit1 crossed lanes struck unit2 . striking unit2 , vehicles went roadway came rest ditch .",O,"[0.9989898800849915, 0.0009498628787696362, 6.0258942539803684e-05]",O,"[0.997724711894989, 0.0021270294673740864, 0.00014814423047937453]",O,"[0.7646484375, 0.2197265625, 0.015380859375]"
1100,1100,213000567,"operator of unit #1 was traveling on interstate 270 south and lost control of her vehicle. unit #1 made contact with a guardrail. operator of unit #1 stated that she thinks that she hydroplaned. during the time of the accident, it was raining. operator of unit #1 was issued a citation for fail to control.",20213000567,2021,O,1/1/2021 0:00,6,SFRAIR00270**C,S,FRA,33.945,40.033382,-82.903393,29106,19234.0,1/1/2021 0:00,13,6,N,2.0,Y,Y,1.0,11,0,27900.0,c13aaffe-b874-4910-8ac6-3caede7565d7,a9f5dbbf-90eb-4e43-9177-325a3cc6b787,Y,33.945,SFRAIR00270**C,N,1,21GAH-23-AC,1,1,N,1,0,1,GAHANNA,1,,Y,N,8.0,Y,0.0,,Y,,N,GAHANNA,N,,0,,IR 270 SB,HWY,270,IR,,33.6,N,,,33 6,2,,,,,N,N,Y,0,0,N,1.0,0,2,1,,47259.0,N,33.945,17,Y,99,1,2,1,F,N,N,N,0,6,30,1,0,65,1,9,30,0,0,0,0,1,6,NT,3,67,,,,,,,,,,,,,,,,,,,,,,,,,,,,,,,,,,0,4,,"operator unit1 traveling interstate lost control vehicle . unit1 made contact guardrail . operator unit1 stated thinks hydroplaned . time accident , raining . operator unit1 issued citation fail control .",O,"[0.9992179870605469, 0.0007585467537865043, 2.3413507733494043e-05]",O,"[0.9992077946662903, 0.0007880162447690964, 4.170474312559236e-06]",O,"[1.0, 2.6226043701171875e-06, 2.980232238769531e-07]"
1101,1101,213001294,unit 01 was traveling northbound in the left lane of i-71 when they hydroplaned causing them to lose control and swerve to the right. at this point the front right of unit 01 struck the back left of unit 02 casing it to spin out to the left and crash into the barrier wall. unit 01 left the scene without making contact with unit 02 driver. unit 02 driver was taken to riverside hospital by cfd 29 in stable condition. witness 01 gave the same info and sequence of events as the driver of unit 02. witness 01 gave a possible 30 day temporary license plate of l09042 on a single cab red chev truck. the possible suspect license number came back as not on file. unit 02 vehicle was towed from scene for safekeeping.,20213001294,2021,C,1/1/2021 0:00,6,SFRAIR00071**C,S,FRA,25.47,40.073044,-82.988457,18000,19234.0,1/1/2021 0:00,5,6,N,2.0,N,Y,1.0,12,0,,,,Y,25.47,SFRAIR00071**C,N,1,210001706,1,1,N,1,0,2,COLUMBUS,1,,Y,N,6.0,Y,0.0,,N,,N,COLUMBUS,N,,0,,,,71,IR,,116.4,N,,,116 4,2,,,,,N,N,N,0,0,N,1.0,1,2,1,,45302.0,N,116.514,0,Y,99,2,1,0,U,N,N,N,0,3,0,1,2,65,99,20,0,0,0,0,0,1,6,NT,4,50,36.0,1.0,2.0,1.0,1.0,F,,2.0,65.0,1.0,20.0,,,,,,1.0,6.0,NT,3.0,55.0,,,,,,,,,,,,,0,4,,unit1 traveling left hydroplaned causing lose control swerve . point front unit1 struck back left unit2 casing spin left crash barrier wall . unit1 left scene without making contact unit2 driver . unit2 driver taken riverside hospital cfd stable condition . witness gave info sequence events driver unit2 . witness gave possible day temporary license plate single cab red chev truck . possible suspect license number came back file . unit2 vehicle towed scene safekeeping .,AB,"[0.0003184122033417225, 0.07058481872081757, 0.9290968179702759]",AB,"[4.381276994536165e-07, 5.172000965103507e-05, 0.9999477863311768]",C,"[3.218650817871094e-05, 1.0, 0.00018095970153808594]"
1102,1102,213001468,unit #1 was north on sr 8 north in the left lane. unit #2 was north on sr 8 north in the middle lane. unit #1 drove into standing water in the left lane on the highway and hydroplaned. unit #1 struck unit #2 and went off the right side of the road.,20213001468,2021,O,1/1/2021 0:00,4,SSUMSR00008**C,S,SUM,3.062,41.102281,-81.499847,1000,766.0,1/1/2021 0:00,5,6,N,2.0,N,Y,2.0,16,0,87800.0,,,N,3.062,SSUMSR00008**C,N,1,T21000261,4,1,N,4,0,2,AKRON,1,,Y,N,8.0,N,0.0,SR,Y,,N,AKRON,N,,0,,STATE ROUTE 8 N,,8,SR,,,N,E,,STATE ROUTE 261 N,1,261,SR,,,N,N,N,0,0,N,1.0,0,2,2,,125612.0,N,3.062,25,Y,99,2,1,1,M,N,N,N,0,3,0,1,9,55,1,20,8,0,0,0,0,13,6,NT,3,55,33.0,1.0,2.0,1.0,1.0,F,,2.0,55.0,1.0,20.0,,,,,,1.0,6.0,NT,2.0,45.0,,,,,,,,,,,,,0,4,,unit1 left . unit2 middle . unit1 drove standing water left hydroplaned . unit1 struck unit2 went side .,O,"[0.7749495506286621, 0.21606746315956116, 0.008982934057712555]",C,"[0.11445736885070801, 0.8840056657791138, 0.0015369392931461334]",O,"[0.552734375, 0.402587890625, 0.044677734375]"
1103,1103,213001918,"u.nit # 1 was traveling east on ir 480 near mile post 21.6 in the middle inside lane. unit # 1 failed to maintain control. as a result, unit # 1 rotated counter clockwise, through in the inside lane and onto the shoulder. the right front of unit # 1 collided with a plastic construction barrel. unit # 1 continued in a eastern direction and came to final rest in the paved median. note: driver of unit # 1 stated, vehicle hydroplaned.",20213001918,2021,O,1/1/2021 0:00,12,SCUYIR00480**C,S,CUY,19.471,41.411056,-81.617618,29428,17668.0,1/1/2021 0:00,14,6,N,2.0,Y,Y,1.0,12,0,20200.0,,,Y,19.471,SCUYIR00480**C,N,1,20210007,1,1,N,1,0,1,GARFIELD HEIGHTS,1,,Y,N,8.0,Y,0.0,,N,,N,GARFIELD HEIGHTS,N,,3,,,HWY,480,IR,,21.6,N,,,21 6,2,,,,,N,N,N,0,2,Y,1.0,0,2,1,,39773.0,N,21.775,33,Y,99,4,3,1,M,N,N,N,0,4,0,1,2,55,1,9,24,0,0,0,0,1,6,NT,3,55,,,,,,,,,,,,,,,,,,,,,,,,,,,,,,,,,,0,9,,"u.nit traveling near mile post . middle inside . unit1 failed maintain control . result , unit1 rotated counter clockwise , inside onto shoulder . front unit1 collided plastic construction barrel . unit1 continued eastern direction came final rest paved median . note : driver unit1 stated , vehicle hydroplaned .",C,"[4.956669363309629e-05, 0.9998892545700073, 6.118183227954432e-05]",O,"[0.9995765089988708, 0.00040597785846330225, 1.7552441931911744e-05]",O,"[1.0, 5.7816505432128906e-05, 4.470348358154297e-06]"
1104,1104,213005939,unit # 1 was traveling w. b. on the craig st. bridge and was stopped for the red traffic signal at summit st. unit #2 was traveling s. b. on summit st. and was attempting to turn left onto the craig st. bridge. unit #2 stated that her vehicle began to hydroplane as she was making the left turn onto e.b. craig st. bridge and struck unit #1. no injuries were reported. unit #2 was cited for failure to control a motor vehicle.,20213005939,2021,O,1/1/2021 0:00,2,SLUCSR00065**C,S,LUC,5.257,41.663427,-83.51415,77000,87868.0,1/15/2021 0:00,6,6,N,2.0,N,N,3.0,14,0,,829d853b-5914-458b-ab42-8a37d08c9703,c565c6d3-eb39-4d3a-8857-8a0c44c7dd9f,N,5.257,SLUCSR00065**C,N,1,2.10115E+13,4,1,,2,0,2,TOLEDO,1,,N,Y,4.0,N,0.0,CR,Y,,N,TOLEDO,N,,0,N,SUMMIT,ST,,,,,N,,,CRAIG ST BRIDGE,1,,,,ST,N,N,N,0,0,N,3.0,0,2,4,,151865.0,N,114.48,19,Y,99,1,3,1,F,N,N,N,0,5,0,2,0,35,6,20,0,0,0,0,0,1,2,LT,4,15,51.0,1.0,3.0,4.0,1.0,F,,1.0,35.0,11.0,20.0,,,,,,1.0,2.0,NT,3.0,0.0,,,,,,,,,,,,,0,4,,unit1 traveling b. craig bridge stopped red traffic signal summit unit2 traveling b. summit attempting turn left onto craig bridge . unit2 stated vehicle began hydroplane making left turn onto e.b . craig bridge struck unit1 . injuries reported . unit2 cited failure control motor vehicle .,O,"[0.9999998807907104, 1.6740177954943647e-07, 3.3139116339953034e-08]",O,"[1.0, 2.1336183930742436e-09, 1.8309887026696225e-12]",O,"[1.0, 0.0, 0.0]"
1105,1105,213030540,unit #1 was traveling southbound on sr 21s towards the erie st s off ramp. while traveling unit #1 hydroplaned and over corrected his steering causing the vehicle to roll over. unit #1 was found at fault and cited for failure to control.,20213030540,2021,O,2/1/2021 0:00,4,SSTASR00021**N,S,STA,9.456,40.774688,-81.517974,48244,13375.0,2/28/2021 0:00,16,1,N,2.0,N,Y,2.0,7,0,,,,N,9.452,SSTASR00021**C,N,2,21-4065,4,2,N,1,0,1,MASSILLON,1,N,Y,N,4.0,N,0.038,,Y,,N,MASSILLON,N,,0,,STATE ROUTE 21 N,,21,SR,,,N,,,ERIE,1,,,,ST,N,N,Y,0,0,N,1.0,0,2,2,,183209.0,N,10.926,19,Y,99,1,2,1,M,N,N,N,0,2,0,1,0,50,1,1,0,0,0,0,0,1,6,NT,4,65,,,,,,,,,,,,,,,,,,,,,,,,,,,,,,,,,,0,4,,unit1 traveling 21s towards erie ramp . traveling unit1 hydroplaned corrected steering causing vehicle roll . unit1 found fault cited failure control .,C,"[0.0009804872097447515, 0.9937971830368042, 0.005222329869866371]",C,"[0.0066620958968997, 0.9924108982086182, 0.0009270345908589661]",C,"[0.0030517578125, 0.98193359375, 0.0149078369140625]"
1106,1106,213030577,"unit 1 was traveling northbound on interstate-route 71 in the far left lane. the motorist states that the vehicle hydroplaned due to the wet road conditions from the rain, causing the vehicle to spin, crossing all lanes of travel and striking the concrete barrier off the right-side of the roadway on the driver's side. no other vehicles were involved. the motorist was transported to bethesda north from the scene of the accident with suspected minor injuries by sycamore township medic 92. vehicle towed by sawyer.",20213030577,2021,AB,2/1/2021 0:00,8,SHAMIR00071**C,S,HAM,13.873,39.220889,-84.368221,75973,16885.0,2/28/2021 0:00,13,1,N,2.0,Y,Y,1.0,8,0,39500.0,,,Y,13.873,SHAMIR00071**C,N,1,CR-2021-000412,1,2,N,0,1,1,SYCAMORE TOWNSHIP,1,,Y,N,6.0,Y,0.0,,Y,,N,SYCAMORE TOWNSHIP,N,,0,,,,71,IR,,13.8,N,,,,2,,,,,N,N,N,0,0,N,2.0,0,2,1,,45312.0,N,13.873,22,Y,99,2,1,1,F,N,N,N,0,3,32,1,2,65,1,8,32,0,0,0,0,1,6,NT,1,0,,,,,,,,,,,,,,,,,,,,,,,,,,,,,,,,,,0,4,,"unit1 traveling interstate far left . motorist states vehicle hydroplaned due wet conditions rain , causing vehicle spin , crossing lanes travel striking concrete barrier side roadway driver 's side . vehicles involved . motorist transported bethesda scene accident suspected minor injuries sycamore township medic . vehicle towed sawyer .",C,"[1.7675921526461025e-07, 0.9999997615814209, 1.1048889803078055e-07]",C,"[9.400967826422857e-08, 0.9999872446060181, 1.265626178792445e-05]",C,"[4.172325134277344e-07, 1.0, 2.980232238769531e-07]"