,id,OBJECTID,Narrative,DOCUMENT_NBR,CRASH_YR,CRASH_SEVERITY_CD,CRASH_MONTH_YEAR,DISTRICT_NBR,NLFID,NLF_JUR_CD,NLF_COUNTY_CD,COUNTY_LOG_NBR,ODOT_LATITUDE_NBR,ODOT_LONGITUDE_NBR,ODOT_FIPS_CD,AREA_CODE,CRASH_DATE,CRASH_TYPE_CD,DAY_IN_WEEK_CD,DISTRACTED_DRIVER_IND,FACILITY_TYPE_CD,FHWA_RDWY_DEPARTURE_IND,FREEWAY_IND,FUNCTIONAL_CLASS_CD,HOUR_OF_CRASH,INCAPAC_INJURIES_NBR,INTERCHANGE_ID,INTERSECTION_ID_CURRENT,INTERSECTION_LEG_ID,INTERSTATE_IND,INV_LOG_NBR,INV_NLFID,IS_COMMERCIAL_RELATED,LIGHT_COND_PRIMARY_CD,LOCAL_REPORT_NUMBER_ID,MAINTENANCE_AUTHORITY_CD,MONTH_OF_CRASH,NHS_CD,NO_INJURY_REPORTED_NBR,NON_INCAPAC_INJURIES_NBR,NUMBER_OF_UNITS_NBR,ODOT_CITY_VILLAGE_TWP_NME,ODOT_CRASH_LOCATION_CD,ODOT_DIR_FROM_REF_CD,ODOT_DIV_UNDIV_IND,ODOT_INTERSECTION_REL_IND,ODOT_LANES_NBR,ODOT_MAINTAINED_HWY_IND,ODOT_MILES_FROM_REF_NBR,ODOT_REF_ROUTE_PREFIX_CD,ODOT_YOUNG_DRIVER_IND,ODPS_ADDRESS_REFERENCE,ODPS_ALCOHOL_IND,ODPS_CITY_VILLAGE_TWP_NME,ODPS_DRUG_IND,ODPS_LOC_DIR_SUFFIX_CD,ODPS_LOC_IN_WORK_ZONE_CD,ODPS_LOC_ROAD_DIRECTION_CD,ODPS_LOC_ROAD_NME,ODPS_LOC_ROAD_SUFFIX_CD,ODPS_LOC_ROUTE_ID,ODPS_LOC_ROUTE_PREFIX_CD,ODPS_LOC_ROUTE_SUFFIX_CD,ODPS_MILEPOST_REFERENCE,ODPS_MOTORCYCLE_IND,ODPS_REF_DIR_SUFFIX_CD,ODPS_REF_DIRECTION_CD,ODPS_REF_GIVEN,ODPS_REF_POINT_USED_CD,ODPS_REF_ROUTE_ID,ODPS_REF_ROUTE_PREFIX_CD,ODPS_REF_ROUTE_SUFFIX_CD,ODPS_REF_SUFFIX_CD,ODPS_SCHOOL_ZONE_IND,ODPS_SENIOR_DRIVER_IND,ODPS_SPEED_IND,ODPS_TOTAL_FATALITIES_NBR,ODPS_TYPE_OF_WORK_ZONE_CD,ODPS_WORK_ZONE_IND,OPER_ACCESS_CONTROL_CD,POSSIBLE_INJURIES_NBR,ROAD_COND_PRIMARY_CD,ROAD_CONTOUR_CD,SA_RAMP_ID,SA_SEGMENT_ID,SECONDARY_CRASH,STATE_TRUE_LOG_NBR,U1_AGE_NBR,U1_AT_FAULT_IND,U1_CONT_CIR_PRIMARY_CD,U1_DIRECTION_FROM_CD,U1_DIRECTION_TO_CD,U1_DISTRACTED_BY_1_CD,U1_GENDER_CD,U1_IS_ALCOHOL_SUSPECTED,U1_IS_MARIJUANA_SUSPECTED,U1_IS_OTHER_DRUG_SUSPECTED,U1_NON_MOTORIST_LOC_CD,U1_NUMBER_OF_THRU_LANES,U1_OBJECT_STRUCK,U1_ODPS_UNIT_NBR,U1_OPERATINGIN_AUTONOMOUS_MODE,U1_POSTED_SPEED_NBR,U1_PRECRASH_ACTION_CD,U1_SEQ_OF_EVENTS_1_CD,U1_SEQ_OF_EVENTS_2_CD,U1_SEQ_OF_EVENTS_3_CD,U1_SEQ_OF_EVENTS_4_CD,U1_SEQ_OF_EVENTS_5_CD,U1_SEQ_OF_EVENTS_6_CD,U1_SPECIAL_FUNCTION_CD,U1_TRAFFIC_CONTROL_CD,U1_TURN_CD,U1_TYPE_OF_UNIT_CD,U1_UNIT_SPEED_NBR,U2_AGE_NBR,U2_CONT_CIR_PRIMARY_CD,U2_DIRECTION_FROM_CD,U2_DIRECTION_TO_CD,U2_DISTRACTED_BY_1_CD,U2_GENDER_CD,U2_NON_MOTORIST_LOC_CD,U2_ODPS_UNIT_NBR,U2_POSTED_SPEED_NBR,U2_PRECRASH_ACTION_CD,U2_SEQ_OF_EVENTS_1_CD,U2_SEQ_OF_EVENTS_2_CD,U2_SEQ_OF_EVENTS_3_CD,U2_SEQ_OF_EVENTS_4_CD,U2_SEQ_OF_EVENTS_5_CD,U2_SEQ_OF_EVENTS_6_CD,U2_SPECIAL_FUNCTION_CD,U2_TRAFFIC_CONTROL_CD,U2_TURN_CD,U2_TYPE_OF_UNIT_CD,U2_UNIT_SPEED_NBR,U3_CONT_CIR_PRIMARY_CD,U3_ODPS_UNIT_NBR,U3_PRECRASH_ACTION_CD,U3_SEQ_OF_EVENTS_1_CD,U3_SEQ_OF_EVENTS_2_CD,U3_SEQ_OF_EVENTS_3_CD,U3_SEQ_OF_EVENTS_4_CD,U3_SEQ_OF_EVENTS_5_CD,U3_SEQ_OF_EVENTS_6_CD,U3_SPECIAL_FUNCTION_CD,U3_TRAFFIC_CONTROL_CD,U3_TYPE_OF_UNIT_CD,UNRESTRAIN_OCCUPANTS,WEATHER_COND_CD,V1,clean_Narrative,BERT_predictions,BERT_prediction_probabilities,RoBERTa_predictions,RoBERTa_predictions_probabilities,distilBERT_predictions,distilBERT_predictions_probabilities
1107,1107,213030652,"report of a blue colored dodge ram truck into a telephone pole. no other vehicles were involved. unit 1 said he was traveling sr. 79 northbound towards irvingwick dr. unit 1 stated his vehicle hydroplaned, causing his truck to move from the roadway directly into a telephone pole. the pole was broke into multiple pieces. no injuries were reported. jae's towing was able to remove the vehicle from the scene. ptl. grant roberts",20213030652,2021,O,2/1/2021 0:00,5,SLICSR00079**C,S,LIC,9.946,40.015103,-82.455271,34748,61705.0,2/28/2021 0:00,13,1,N,2.0,Y,N,3.0,9,0,,,,N,9.946,SLICSR00079**C,N,1,21-369,4,2,N,1,0,1,HEATH,1,,N,N,4.0,N,0.0,,Y,,Y,HEATH,N,,0,,HEBRON,RD,79,SR,,,N,,,IRVINGWICK,1,,,,RD,N,N,N,0,0,N,3.0,0,2,1,,139715.0,N,9.946,25,Y,11,2,1,9,M,Y,N,N,0,4,40,1,0,35,1,40,0,0,0,0,0,1,6,NT,1,35,,,,,,,,,,,,,,,,,,,,,,,,,,,,,,,,,,0,4,,"report blue colored dodge ram truck telephone pole . vehicles involved . unit1 said traveling sr. towards irvingwick . unit1 stated vehicle hydroplaned , causing truck move roadway directly telephone pole . pole broke multiple pieces . injuries reported . jae 's towing able remove vehicle scene . ptl . grant roberts",O,"[0.9999998807907104, 6.71432331955657e-08, 1.9534914130758807e-08]",O,"[1.0, 1.6775272143609854e-11, 1.1402516131547424e-14]",O,"[1.0, 0.0, 0.0]"
1108,1108,213030665,unit 2 was traveling east on i-480 and began to slow down to go around standing water on the highway. unit 1 was traveling behind unit 2 and stated that they bumped into unit 2 as they slowed down and then hydroplaned due to the water. unit 1 then struck the guard rail on the right side of the highway and finally came to rest on the left hand lane.unit 1's driver was cited for dus and the vehicle was towed by united towing. unit 2 apparently was unaware that unit 1 had bumped them and continued on their way.,20213030665,2021,O,2/1/2021 0:00,12,SCUYRA18292**C,S,CUY,0.13,41.424561,-81.543619,80990,17668.0,2/28/2021 0:00,13,1,N,4.0,Y,Y,1.0,10,0,20600.0,,,Y,0.13,SCUYRA18292**C,N,1,20210507,1,2,,1,0,1,WARRENSVILLE HEIGHTS,1,E,N,N,,Y,0.08,,Y,,N,WARRENSVILLE HEIGHTS,N,,0,,I 480 E,,480,IR,,,N,,,CAMDEN,1,,,,RD,N,N,Y,0,0,N,1.0,0,2,1,,,N,0.13,21,Y,5,4,3,1,M,N,N,N,0,2,30,1,2,60,1,30,0,0,0,0,0,1,6,NT,1,60,,,,,,,,,,,,,,,,,,,,,,,,,,,,,,,,,,0,4,,unit2 traveling began slow go around standing water . unit1 traveling behind unit2 stated bumped unit2 slowed hydroplaned due water . unit1 struck guard rail side finally came rest left .unit1 's driver cited dus vehicle towed united towing . unit2 apparently unaware unit1 bumped continued .,O,"[0.9999986886978149, 1.2187466609248077e-06, 9.578398874054983e-08]",O,"[0.9999014139175415, 9.80669938144274e-05, 4.2437238789716503e-07]",O,"[1.0, 6.556510925292969e-07, 5.960464477539063e-08]"
1109,1109,213030666,"unit 1 was traveling west on i-480 and was passing the warrensville center rd overpass. as they passed the over pass, unit 1 hydroplaned and struck the concrete median on the left side of the highway. unit 1 then drove off the roadway, onto the median between i-480 w and the on ramp to i-480 from warrensville center rd. unit 1 was outside the lane of traffic and waited for a private tow.",20213030666,2021,O,2/1/2021 0:00,12,SCUYIR00480**N,S,CUY,23.823,41.424935,-81.538192,80990,17668.0,2/28/2021 0:00,13,1,N,2.0,Y,Y,1.0,8,0,20600.0,,,Y,23.843,SCUYIR00480**C,N,1,20210505,1,2,N,1,0,1,WARRENSVILLE HEIGHTS,1,W,Y,N,7.0,Y,0.001,,Y,,N,WARRENSVILLE HEIGHTS,N,,0,,,,480,IR,,,N,,,WARRENSVILLE CENTER,1,,,,RD,N,N,Y,0,0,N,1.0,0,2,1,,54083.0,N,26.127,25,Y,5,3,4,1,M,N,N,N,0,4,35,1,2,60,1,35,0,0,0,0,0,1,6,NT,1,70,,,,,,,,,,,,,,,,,,,,,,,,,,,,,,,,,,0,4,,"unit1 traveling passing warrensville center overpass . passed pass , unit1 hydroplaned struck concrete median left side . unit1 drove roadway , onto median ramp warrensville center unit1 outside traffic waited private tow .",O,"[0.9997454285621643, 0.0002488708996679634, 5.75442072658916e-06]",O,"[0.999991774559021, 8.069465366133954e-06, 1.515092407089469e-07]",O,"[1.0, 0.0, 0.0]"
1110,1110,213031171,"the operator of unit 01 had been traveling southbound on old river road at approximately 30 mph when she had hydroplaned. the operator over-corrected and the vehicle slid off of the east side of the roadway. while sliding, the vehicle had struck a utility pole causing minor damage to the vehicle. the operator of unit 01 did not report any injuries, and the vehicle was pulled out by twin peaks and turned over to the registered owner. see photo log for pictures of the final resting position prior to the pull-out.",20213031171,2021,O,2/1/2021 0:00,5,CMUSCR00006**C,C,MUS,7.326,39.855161,-81.90663,33936,99999.0,2/28/2021 0:00,13,1,N,,Y,N,7.0,5,0,,,,N,7.326,CMUSCR00006**C,N,4,2021-00006295,2,2,,1,0,1,HARRISON TOWNSHIP,1,N,N,N,2.0,N,0.17,,N,6406,N,HARRISON TOWNSHIP,N,,0,,OLD RIVER,RD,,,,,N,,,6406TH,3,,,,,N,N,N,0,0,N,,0,2,1,,8197.0,N,7.326,26,Y,11,1,2,1,F,N,N,N,0,2,40,1,0,45,1,9,40,0,0,0,0,1,6,NT,4,30,,,,,,,,,,,,,,,,,,,,,,,,,,,,,,,,,,0,4,,"operator unit1 traveling old river approximately mph hydroplaned . operator overcorrected vehicle slid side roadway . sliding , vehicle struck utility pole causing minor damage vehicle . operator unit1 report injuries , vehicle pulled twin peaks turned registered owner . see photo log pictures final resting position prior pullout .",O,"[0.9999998807907104, 1.6644249001274147e-07, 3.223909672556147e-08]",O,"[1.0, 4.627511707155918e-10, 1.8764044408970532e-13]",O,"[1.0, 0.0, 0.0]"
1111,1111,213031771,unit #1 states due to inclement weather (heavy rain) while traveling nb near interstate 71 at the 3.5 mm he hydroplaned spinning out into the left median causing a/a.,20213031771,2021,AB,2/1/2021 0:00,8,SHAMIR00071**C,S,HAM,3.602,39.131404,-84.494737,15000,16885.0,2/28/2021 0:00,17,1,N,2.0,Y,Y,1.0,8,0,38600.0,109989fb-8bd4-4458-a706-797f5db1438e,0b5d262d-9bc4-4567-9ad4-63c36ceff65d,Y,3.602,SHAMIR00071**C,N,1,215002441,1,2,N,0,1,1,CINCINNATI,1,,Y,N,8.0,Y,0.0,,N,,N,CINCINNATI,N,,0,,,,71,IR,,3.5,N,,,3 5,2,,,,,N,N,N,0,0,N,2.0,0,2,1,,45308.0,N,3.602,29,Y,1,2,1,1,M,N,N,N,0,5,0,1,2,55,1,9,0,0,0,0,0,1,6,NT,1,55,,,,,,,,,,,,,,,,,,,,,,,,,,,,,,,,,,0,4,,unit1 states due inclement weather traveling near interstate . mm hydroplaned spinning left median causing .,O,"[0.9987234473228455, 0.0012141162296757102, 6.234444299479946e-05]",O,"[0.9999465942382812, 5.2490348025457934e-05, 9.31360375489021e-07]",O,"[1.0, 0.0, 0.0]"
1112,1112,213033792,unit #1 was moving eastbound on west mehring way between elm street and central ave in the right lane. unit #1 entered into high standing water at an unsafe speed for present condition hydroplaning losing control striking the right curb and continued on striking a city light pole coming to rest in a parking lot.,20213033792,2021,O,3/1/2021 0:00,8,,M,HAM,,39.093948,-84.517189,15000,,3/3/2021 0:00,13,4,N,2.0,Y,N,,23,0,,,,N,,,N,3,215002598,4,3,,1,0,1,CINCINNATI,1,,Y,N,4.0,N,0.0,,Y,297,N,CINCINNATI,N,,0,W,MEHRING,WAY,,,,,N,,,297TH,3,,,,,N,N,Y,0,0,N,,0,6,3,,,N,,19,Y,5,4,3,1,M,N,N,N,0,4,40,1,2,35,13,43,40,0,0,0,0,1,6,NT,1,0,,,,,,,,,,,,,,,,,,,,,,,,,,,,,,,,,,0,2,,unit1 moving mehring elm central . unit1 entered high standing water unsafe speed present condition hydroplaning losing control striking curb continued striking city light pole coming rest parking lot .,O,"[0.984411895275116, 0.014371421188116074, 0.0012167334789410233]",O,"[0.9999768733978271, 2.1676272808690555e-05, 1.4660431588708889e-06]",O,"[1.0, 0.0, 0.0]"
1113,1113,213034912,"both units were traveling south bound on interstate 75. unit 01 was changing lanes, hydroplaned and lost control. unit 01 struck a concrete wall, and then struck unit 02 causing disabling damages to both units. the driver and occupant were taken to university hospital with non life threatening injuries.",20213034912,2021,AB,2/1/2021 0:00,8,SWARIR00075**N,S,WAR,7.881,39.540517,-84.297103,28476,56926.0,2/28/2021 0:00,5,1,N,2.0,Y,Y,1.0,11,1,95200.0,,,Y,7.919,SWARIR00075**C,Y,1,215002450,1,2,N,1,1,2,FRANKLIN,1,,Y,N,8.0,Y,0.0,,N,,N,CINCINNATI,N,,0,,,,75,IR,,7.9,N,,,7 9,2,,,,,N,N,Y,0,0,N,1.0,0,2,2,,118062.0,N,36.611,49,Y,99,1,2,1,F,N,N,N,0,3,51,1,2,55,3,51,20,0,0,0,0,1,6,NT,1,55,48.0,1.0,1.0,2.0,1.0,M,,2.0,55.0,1.0,20.0,,,,,,1.0,6.0,NT,15.0,60.0,,,,,,,,,,,,,0,4,,"units traveling interstate . unit1 changing lanes , hydroplaned lost control . unit1 struck concrete wall , struck unit2 causing disabling damages units . driver occupant taken university hospital non life threatening injuries .",AB,"[2.659936399140861e-05, 0.002065660199150443, 0.9979077577590942]",C,"[1.7493845007265918e-05, 0.9998897314071655, 9.268144640373066e-05]",AB,"[5.960464477539063e-08, 4.172325134277344e-07, 1.0]"
1114,1114,213042793,"driver of unit #1 stated he was travelling westbound on ir 480 in the left lane when his vehicle began to hydroplane. he stated the vehicle began veering toward the median. he turned the wheel and it went skidding sideways off the right side of the roadway, down a hill, overturned and came to a rest in the ditch area.",20213042793,2021,O,3/1/2021 0:00,4,SSUMIR00480**N,S,SUM,5.995,41.294296,-81.425028,78064,17668.0,3/18/2021 0:00,16,5,N,2.0,Y,Y,1.0,7,0,,,,Y,5.98,SSUMIR00480**C,N,2,2106632,1,3,N,1,0,1,TWINSBURG TOWNSHIP,1,,Y,N,4.0,Y,0.0,,N,,N,TWINSBURG,N,,0,,,,480,IR,,38.2,N,,,38 2,2,,,,,N,N,Y,0,0,N,1.0,0,2,1,,57022.0,N,38.332,54,Y,99,7,6,1,M,N,N,N,0,2,0,1,0,65,1,8,1,0,0,0,0,1,6,NT,4,70,,,,,,,,,,,,,,,,,,,,,,,,,,,,,,,,,,0,4,,"driver unit1 stated travelling left vehicle began hydroplane . stated vehicle began veering toward median . turned wheel went skidding sideways side roadway , hill , overturned came rest ditch area .",C,"[0.0009232856682501733, 0.9890043139457703, 0.0100724371150136]",C,"[0.021171612665057182, 0.9757107496261597, 0.003117523854598403]",C,"[0.0011920928955078125, 0.55126953125, 0.44775390625]"
1115,1115,213045523,unit 1 was traveling east on glorine st nw when the vehicle hydroplaned due to wet conditions on the roadway. the vehicle then left the right side of the roadway striking a tree. no injury reported ja,20213045523,2021,O,3/1/2021 0:00,4,TSTATR01162**C,T,STA,0.166,40.881362,-81.482568,38094,13375.0,3/24/2021 0:00,13,4,N,,Y,N,7.0,21,0,,,,N,0.166,TSTATR01162**C,N,4,21-14522,3,3,,1,0,1,JACKSON TOWNSHIP,1,,N,N,2.0,N,0.0,,Y,,N,JACKSON TOWNSHIP,N,,0,,GLORINE,ST,,,,,N,,,LORRAINE,1,,,,AVE,N,N,Y,0,0,N,,0,2,2,,276910.0,N,0.166,16,Y,11,4,3,1,M,N,N,N,0,2,48,1,0,25,1,8,48,0,0,0,0,1,6,NT,1,30,,,,,,,,,,,,,,,,,,,,,,,,,,,,,,,,,,0,1,,unit1 traveling glorine vehicle hydroplaned due wet conditions roadway . vehicle left side roadway striking tree . injury reported ja,O,"[0.9999998807907104, 1.5393737839985988e-07, 3.072194942888018e-08]",O,"[0.9998812675476074, 0.00011266737419646233, 6.031797511241166e-06]",O,"[1.0, 0.0, 0.0]"
1116,1116,213048063,"this unit responded to a property damage accident at the listed date, time and location. upon arrival this unit spoke to a w1 on scene who stated that the listed driver was driving southbound on secor near the listed location at a high rate of speed. w1 then stated that the listed driver of unit 1 ran through a large puddle and hydroplaned and swerved to the left of the road and went through the listed locations property. unit 1 while swerving towards the listed location side swiped a tree in front of the listed location, also side swiped a bush and drove across the listed locations front yard. unit 1 finally came to a stop when unit 1 struck a bush at 5216 secor. this unit advised both property owners damon yee at 5226 secor and dave knapak at 5216 secor. this unit cited the listed drive of unit 1 and the listed vehicle was towed to police impound lot.",20213048063,2021,O,3/1/2021 0:00,2,MLUCMR01932**C,M,LUC,4.572,41.710759,-83.62383,77000,87868.0,3/28/2021 0:00,13,1,N,,Y,N,3.0,4,0,,5ce971cb-7c80-44bf-ad7b-58698964d173,678f01fd-b7d7-4a85-9586-7f754f5c824d,N,4.572,MLUCMR01932**C,N,3,2.10326E+13,4,3,,1,0,1,TOLEDO,1,,N,N,4.0,N,0.0,,N,5226,N,TOLEDO,N,,0,,SECOR,RD,,,,,N,,,5226TH,3,,,,,N,N,N,0,0,N,,0,2,1,,140884.0,N,4.572,28,Y,1,1,2,9,M,N,N,N,0,2,48,1,0,35,1,48,0,0,0,0,0,1,6,NT,1,0,,,,,,,,,,,,,,,,,,,,,,,,,,,,,,,,,,0,4,,"unit responded property damage accident listed date , time location . upon arrival unit spoke scene stated listed driver driving secor near listed location high rate speed . stated listed driver unit1 ran large puddle hydroplaned swerved left went listed locations property . unit1 swerving towards listed location side swiped tree front listed location , also side swiped bush drove across listed locations front yard . unit1 finally came stop unit1 struck bush secor . unit advised property owners damon yee secor dave knapak secor . unit cited listed unit1 listed vehicle towed police impound lot .",C,"[0.0019961658399552107, 0.9979117512702942, 9.207468247041106e-05]",O,"[1.0, 1.7156153830910625e-08, 1.2668630033907391e-11]",O,"[0.9990234375, 0.0012950897216796875, 1.6808509826660156e-05]"
1117,1117,213048273,"driver of unit #1 stated that she was traveling e/b on sr 104, w/o us 33, when her vehicle began to hydroplane (due to the inclement weather) causing unit #1 to spin several times and crash into the concrete median. driver of unit #1 was transported to grant hospital in stable condition by cfd medic #4.",20213048273,2021,C,3/1/2021 0:00,6,SFRASR00104**C,S,FRA,12.633,39.918958,-82.928309,18000,19234.0,3/28/2021 0:00,13,1,N,2.0,Y,Y,2.0,7,0,,,,N,12.633,SFRASR00104**C,N,2,210210084,4,3,N,0,0,1,COLUMBUS,1,W,Y,N,4.0,N,0.189,US,N,,N,COLUMBUS,N,,0,,STATE ROUTE 104 E,,104,SR,,,N,,,US ROUTE 33 E,1,33,US,,,N,N,N,0,0,N,1.0,1,2,1,,296990.0,N,94.633,58,Y,17,4,3,1,F,N,N,N,0,2,35,1,0,65,1,35,0,0,0,0,0,1,6,NT,1,60,,,,,,,,,,,,,,,,,,,,,,,,,,,,,,,,,,0,4,,"driver unit1 stated traveling , w us , vehicle began hydroplane causing unit1 spin several times crash concrete median . driver unit1 transported grant hospital stable condition cfd medic .",C,"[8.64800822455436e-05, 0.9996176958084106, 0.0002958215191029012]",C,"[7.066243597364519e-06, 0.9999773502349854, 1.5579835235257633e-05]",C,"[0.0008783340454101562, 0.998046875, 0.0008034706115722656]"
1118,1118,213048852,"unit 1 was traveling eastbound on i-480. unit 1 stated as he was approaching exit 36, the vehicle hydroplaned, went off the road to the right and struck the guardrail.",20213048852,2021,O,3/1/2021 0:00,4,SSUMIR00480**C,S,SUM,3.965,41.313277,-81.453171,78050,17668.0,3/26/2021 0:00,13,6,N,2.0,Y,Y,1.0,5,0,,24765b3c-4610-4e4a-86fc-d5e30bca707f,e5dbd46e-baea-4671-90af-48cc70f8a402,Y,3.965,SSUMIR00480**C,N,3,2107267,1,3,N,1,0,1,TWINSBURG,1,E,Y,N,4.0,Y,0.004,RA,N,,N,TWINSBURG,N,,0,,I 480 W,,480,IR,,,N,,,STATE ROUTE 82 W,1,82,SR,,,N,N,Y,0,0,N,1.0,0,2,1,,54087.0,N,36.302,57,Y,1,4,3,1,M,N,N,N,0,2,31,1,0,65,1,8,31,0,0,0,0,1,6,NT,1,70,,,,,,,,,,,,,,,,,,,,,,,,,,,,,,,,,,0,4,,"unit1 traveling . unit1 stated approaching exit , vehicle hydroplaned , went struck guardrail .",O,"[0.9999324083328247, 6.470589141827077e-05, 2.8945783014933113e-06]",O,"[0.9993960857391357, 0.0005857212818227708, 1.8227172404294834e-05]",O,"[1.0, 4.172325134277344e-07, 0.0]"
1119,1119,213049158,"morgan, driver of unit 1 stated he was 76 e and hydroplaned. morgan stated he lost control. marian, driver of unit 2 stated he was behind unit 1. marian stated he saw unit 1 lose control and traveled across the lanes of traffic to the right. marian stated unit 1 hit the guardrail and came back across lanes of traffic. marian stated unit 1 struck his rear passenger trailer tire. virginia and andrew both state that unit 1 lost control and veered right across all lanes of traffic, striking the guardrail. virginia and andrew stated unit 1 then went back across lanes of traffic and struck unit 2. morgan was cited for ftc.",20213049158,2021,O,3/1/2021 0:00,4,SSUMIR00076**C,S,SUM,9.266,41.06143,-81.548788,1000,766.0,3/28/2021 0:00,5,1,N,2.0,Y,Y,1.0,9,0,84500.0,f230c012-cc6a-43bf-80b5-9614b1db17df,e477595f-b757-492c-b09c-79471f3197db,Y,9.266,SSUMIR00076**C,Y,1,T21038204,1,3,N,2,0,2,AKRON,1,,Y,N,7.0,Y,0.0,RA,N,,N,AKRON,N,,0,,I 76 E,,76,IR,,,N,,,LAKESHORE,1,,,,BLVD,N,Y,N,0,0,N,1.0,0,2,2,,56796.0,N,21.414,74,Y,99,4,3,1,M,N,N,N,0,1,30,1,9,0,1,30,20,0,0,0,0,1,6,NT,1,0,68.0,1.0,4.0,3.0,1.0,M,,2.0,,1.0,20.0,,,,,,1.0,6.0,NT,15.0,,,,,,,,,,,,,,0,4,,"morgan , driver unit1 stated hydroplaned . morgan stated lost control . marian , driver unit2 stated behind unit1 . marian stated saw unit1 lose control traveled across lanes traffic . marian stated unit1 hit guardrail came back across lanes traffic . marian stated unit1 struck rear passenger trailer tire . virginia andrew state unit1 lost control veered across lanes traffic , striking guardrail . virginia andrew stated unit1 went back across lanes traffic struck unit2 . morgan cited ftc .",C,"[0.4278562366962433, 0.5522555112838745, 0.01988816261291504]",C,"[0.01011494267731905, 0.988804042339325, 0.0010809957748278975]",C,"[0.1513671875, 0.8291015625, 0.019378662109375]"
1120,1120,213057483,"unit 1 was exiting from interstate 77 north onto interstate 271 north. unit 1 was negotiating a curve on the ramp. the driver unit 1 states another vehicle cut him off, at which point the driver of unit 1 slammed on his breaks which caused unit 1 to hydroplane. unit 1 struck a traffic sign and guardrial, then crossed over interstate 271 north traffic lanes. unit 1 came to rest in the center on the median in a ditch. disabling damage was caused to unit 1. road conditions were wet due to heavy rain.",20213057483,2021,O,4/1/2021 0:00,4,SSUMIR00271**C,S,SUM,3.659,41.229105,-81.626039,7776,766.0,4/10/2021 0:00,13,7,N,2.0,Y,Y,1.0,22,0,86600.0,05cae928-e17a-41dd-a53b-ec44b785ec80,9226fb6e-75ce-4f96-ab4d-ee7f34abac54,Y,3.659,SSUMIR00271**C,N,3,2021054,1,4,N,1,0,1,BOSTON TOWNSHIP,1,S,Y,N,4.0,Y,0.028,RA,Y,,N,RICHFIELD TOWNSHIP,N,,0,,I 271 N,,271,IR,,,N,,,I 77 N,1,77,IR,,,N,N,Y,0,0,N,1.0,0,2,4,,34935.0,N,10.383,23,Y,5,1,1,1,M,N,N,N,0,2,37,1,0,70,13,9,37,44,0,0,0,1,6,UT,1,40,,,,,,,,,,,,,,,,,,,,,,,,,,,,,,,,,,0,4,,"unit1 exiting interstate onto interstate . unit1 negotiating curve ramp . driver unit1 states another vehicle cut , point driver unit1 slammed breaks caused unit1 hydroplane . unit1 struck traffic sign guardrial , crossed interstate traffic lanes . unit1 came rest center median ditch . disabling damage caused unit1 . conditions wet due heavy rain .",O,"[0.8288535475730896, 0.16287769377231598, 0.008268773555755615]",O,"[0.9999991655349731, 8.639442512503592e-07, 6.1256044681101685e-09]",O,"[0.998046875, 0.0019044876098632812, 3.999471664428711e-05]"
1121,1121,213057563,unit# 1 did hydroplan in the rain and lost control striking a concrete wall.,20213057563,2021,C,4/1/2021 0:00,8,SHAMIR00075**C,S,HAM,1.503,39.109978,-84.531418,15000,16885.0,4/10/2021 0:00,13,7,N,2.0,Y,Y,1.0,14,0,40900.0,76971dd4-4a11-47a1-9293-c116121accbd,8c198d07-03a3-4825-8e8e-b45c94c20511,Y,1.503,SHAMIR00075**C,N,1,215004310,1,4,N,0,0,1,CINCINNATI,1,,Y,N,8.0,Y,0.0,,N,,N,CINCINNATI,N,,0,,,,75,IR,,1.5,N,,,,2,,,,,N,Y,N,0,0,N,1.0,1,2,1,,56736.0,N,1.503,74,Y,1,2,1,1,F,N,N,N,0,4,51,1,2,0,1,51,0,0,0,0,0,1,6,NT,3,0,,,,,,,,,,,,,,,,,,,,,,,,,,,,,,,,,,0,4,,unit hydroplan rain lost control striking concrete wall .,O,"[0.9494212865829468, 0.04921146109700203, 0.0013672253116965294]",C,"[0.16323190927505493, 0.8360173106193542, 0.0007507662521675229]",O,"[0.998046875, 0.001781463623046875, 4.094839096069336e-05]"