,id,OBJECTID,Narrative,DOCUMENT_NBR,CRASH_YR,CRASH_SEVERITY_CD,CRASH_MONTH_YEAR,DISTRICT_NBR,NLFID,NLF_JUR_CD,NLF_COUNTY_CD,COUNTY_LOG_NBR,ODOT_LATITUDE_NBR,ODOT_LONGITUDE_NBR,ODOT_FIPS_CD,AREA_CODE,CRASH_DATE,CRASH_TYPE_CD,DAY_IN_WEEK_CD,DISTRACTED_DRIVER_IND,FACILITY_TYPE_CD,FHWA_RDWY_DEPARTURE_IND,FREEWAY_IND,FUNCTIONAL_CLASS_CD,HOUR_OF_CRASH,INCAPAC_INJURIES_NBR,INTERCHANGE_ID,INTERSECTION_ID_CURRENT,INTERSECTION_LEG_ID,INTERSTATE_IND,INV_LOG_NBR,INV_NLFID,IS_COMMERCIAL_RELATED,LIGHT_COND_PRIMARY_CD,LOCAL_REPORT_NUMBER_ID,MAINTENANCE_AUTHORITY_CD,MONTH_OF_CRASH,NHS_CD,NO_INJURY_REPORTED_NBR,NON_INCAPAC_INJURIES_NBR,NUMBER_OF_UNITS_NBR,ODOT_CITY_VILLAGE_TWP_NME,ODOT_CRASH_LOCATION_CD,ODOT_DIR_FROM_REF_CD,ODOT_DIV_UNDIV_IND,ODOT_INTERSECTION_REL_IND,ODOT_LANES_NBR,ODOT_MAINTAINED_HWY_IND,ODOT_MILES_FROM_REF_NBR,ODOT_REF_ROUTE_PREFIX_CD,ODOT_YOUNG_DRIVER_IND,ODPS_ADDRESS_REFERENCE,ODPS_ALCOHOL_IND,ODPS_CITY_VILLAGE_TWP_NME,ODPS_DRUG_IND,ODPS_LOC_DIR_SUFFIX_CD,ODPS_LOC_IN_WORK_ZONE_CD,ODPS_LOC_ROAD_DIRECTION_CD,ODPS_LOC_ROAD_NME,ODPS_LOC_ROAD_SUFFIX_CD,ODPS_LOC_ROUTE_ID,ODPS_LOC_ROUTE_PREFIX_CD,ODPS_LOC_ROUTE_SUFFIX_CD,ODPS_MILEPOST_REFERENCE,ODPS_MOTORCYCLE_IND,ODPS_REF_DIR_SUFFIX_CD,ODPS_REF_DIRECTION_CD,ODPS_REF_GIVEN,ODPS_REF_POINT_USED_CD,ODPS_REF_ROUTE_ID,ODPS_REF_ROUTE_PREFIX_CD,ODPS_REF_ROUTE_SUFFIX_CD,ODPS_REF_SUFFIX_CD,ODPS_SCHOOL_ZONE_IND,ODPS_SENIOR_DRIVER_IND,ODPS_SPEED_IND,ODPS_TOTAL_FATALITIES_NBR,ODPS_TYPE_OF_WORK_ZONE_CD,ODPS_WORK_ZONE_IND,OPER_ACCESS_CONTROL_CD,POSSIBLE_INJURIES_NBR,ROAD_COND_PRIMARY_CD,ROAD_CONTOUR_CD,SA_RAMP_ID,SA_SEGMENT_ID,SECONDARY_CRASH,STATE_TRUE_LOG_NBR,U1_AGE_NBR,U1_AT_FAULT_IND,U1_CONT_CIR_PRIMARY_CD,U1_DIRECTION_FROM_CD,U1_DIRECTION_TO_CD,U1_DISTRACTED_BY_1_CD,U1_GENDER_CD,U1_IS_ALCOHOL_SUSPECTED,U1_IS_MARIJUANA_SUSPECTED,U1_IS_OTHER_DRUG_SUSPECTED,U1_NON_MOTORIST_LOC_CD,U1_NUMBER_OF_THRU_LANES,U1_OBJECT_STRUCK,U1_ODPS_UNIT_NBR,U1_OPERATINGIN_AUTONOMOUS_MODE,U1_POSTED_SPEED_NBR,U1_PRECRASH_ACTION_CD,U1_SEQ_OF_EVENTS_1_CD,U1_SEQ_OF_EVENTS_2_CD,U1_SEQ_OF_EVENTS_3_CD,U1_SEQ_OF_EVENTS_4_CD,U1_SEQ_OF_EVENTS_5_CD,U1_SEQ_OF_EVENTS_6_CD,U1_SPECIAL_FUNCTION_CD,U1_TRAFFIC_CONTROL_CD,U1_TURN_CD,U1_TYPE_OF_UNIT_CD,U1_UNIT_SPEED_NBR,U2_AGE_NBR,U2_CONT_CIR_PRIMARY_CD,U2_DIRECTION_FROM_CD,U2_DIRECTION_TO_CD,U2_DISTRACTED_BY_1_CD,U2_GENDER_CD,U2_NON_MOTORIST_LOC_CD,U2_ODPS_UNIT_NBR,U2_POSTED_SPEED_NBR,U2_PRECRASH_ACTION_CD,U2_SEQ_OF_EVENTS_1_CD,U2_SEQ_OF_EVENTS_2_CD,U2_SEQ_OF_EVENTS_3_CD,U2_SEQ_OF_EVENTS_4_CD,U2_SEQ_OF_EVENTS_5_CD,U2_SEQ_OF_EVENTS_6_CD,U2_SPECIAL_FUNCTION_CD,U2_TRAFFIC_CONTROL_CD,U2_TURN_CD,U2_TYPE_OF_UNIT_CD,U2_UNIT_SPEED_NBR,U3_CONT_CIR_PRIMARY_CD,U3_ODPS_UNIT_NBR,U3_PRECRASH_ACTION_CD,U3_SEQ_OF_EVENTS_1_CD,U3_SEQ_OF_EVENTS_2_CD,U3_SEQ_OF_EVENTS_3_CD,U3_SEQ_OF_EVENTS_4_CD,U3_SEQ_OF_EVENTS_5_CD,U3_SEQ_OF_EVENTS_6_CD,U3_SPECIAL_FUNCTION_CD,U3_TRAFFIC_CONTROL_CD,U3_TYPE_OF_UNIT_CD,UNRESTRAIN_OCCUPANTS,WEATHER_COND_CD,V1,clean_Narrative,BERT_predictions,BERT_prediction_probabilities,RoBERTa_predictions,RoBERTa_predictions_probabilities,distilBERT_predictions,distilBERT_predictions_probabilities
1122,1122,213065838,driver of unit #1 stated they were in the center lane traveling southbound on i 271. the driver then said a truck merged in front of her and she had no option but to hit the guard rail on the side of the road. driver of unit #1 stated they did not want to hit their brakes because they thought they would hydroplane. driver of unit #1 originally stated the truck hit her car but then stated that it did not. driver of unit #1 failed to maintain control over her vehicle when they ran off the road and hit the guard rail.,20213065838,2021,O,4/1/2021 0:00,4,SSUMIR00271**N,S,SUM,12.729,41.315042,-81.513181,45976,17668.0,4/16/2021 0:00,13,6,N,2.0,Y,Y,1.0,3,0,,,,Y,12.736,SSUMIR00271**C,N,3,2100115,1,4,N,1,0,1,MACEDONIA,1,N,Y,N,4.0,Y,0.043,,N,,N,MACEDONIA,N,,0,,,,271,IR,,19.4,N,,,19 4,2,,,,,N,N,N,0,0,N,1.0,0,2,3,,39732.0,N,19.453,31,Y,11,1,2,1,F,N,N,N,0,3,30,1,0,65,9,9,30,0,0,0,0,1,6,NT,1,60,,,,,,,,,,,,,,,,,,,,,,,,,,,,,,,,,,0,4,,driver unit1 stated center traveling . driver said truck merged front option hit guard rail side . driver unit1 stated want hit brakes thought would hydroplane . driver unit1 originally stated truck hit car stated . driver unit1 failed maintain control vehicle ran hit guard rail .,O,"[0.9947553873062134, 0.004904797300696373, 0.0003399074194021523]",O,"[0.9984561204910278, 0.0014275165740400553, 0.0001163773049484007]",O,"[1.0, 2.1278858184814453e-05, 4.76837158203125e-07]"
1123,1123,213067954,unit 1 was driving west on i 76 w. unit 1 lost control of the vehicle as they hydroplaned due to heavy rainfall. unit 1 struck the concrete barrier dividing east and west i76,20213067954,2021,O,4/1/2021 0:00,4,SSUMIR00076**N,S,SUM,10.562,41.062516,-81.523369,1000,766.0,4/10/2021 0:00,13,7,N,2.0,Y,Y,1.0,23,0,,,,Y,10.59,SSUMIR00076**C,N,3,T21044324,1,4,N,2,0,1,AKRON,1,,Y,N,8.0,Y,0.0,,N,,N,AKRON,N,,0,,,,76,IR,,22.0,N,,,,2,,,,,N,N,N,0,0,N,1.0,0,2,2,,56798.0,N,22.71,26,Y,99,3,4,1,M,N,N,N,0,4,35,1,9,0,1,35,0,0,0,0,0,1,6,NT,1,0,,,,,,,,,,,,,,,,,,,,,,,,,,,,,,,,,,0,4,,unit1 driving unit1 lost control vehicle hydroplaned due heavy rainfall . unit1 struck concrete barrier dividing,O,"[0.8887237906455994, 0.10621213912963867, 0.005064003169536591]",C,"[0.3646242022514343, 0.6331974864006042, 0.0021783129777759314]",O,"[0.87744140625, 0.11962890625, 0.0031528472900390625]"
1124,1124,213068805,unit #1 was traveling w b on sr2 before the lloyd rd exit when the vehicle began to hydroplane causing it to spin and hit the north wall. r n ptl. kaitlyn peacock 2 161,20213068805,2021,C,4/1/2021 0:00,12,SLAKSR00002**N,S,LAK,0.703,41.615498,-81.477949,85036,17668.0,4/29/2021 0:00,13,5,N,2.0,Y,Y,2.0,8,0,,,,N,0.71,SLAKSR00002**C,N,1,2100121,4,4,N,0,0,1,WICKLIFFE,1,E,Y,N,6.0,N,0.076,,Y,,N,WICKLIFFE,N,,0,,,,2,SR,,,N,,,LLOYD,1,,,,RD,N,N,Y,0,0,N,1.0,1,2,1,,326617.0,N,209.035,25,Y,5,3,4,1,F,N,N,N,0,3,51,1,0,60,1,8,51,0,0,0,0,1,6,NT,1,60,,,,,,,,,,,,,,,,,,,,,,,,,,,,,,,,,,0,4,,unit1 traveling b lloyd exit vehicle began hydroplane causing spin hit wall . ptl . kaitlyn peacock,O,"[0.9999343156814575, 6.290605961112306e-05, 2.716094513743883e-06]",O,"[0.9999866485595703, 1.3089652384223882e-05, 2.9134614010217774e-07]",O,"[1.0, 0.0, 0.0]"
1125,1125,213068826,unit #1 was traveling north on i71 n in the furthest most right lane. unit #1 hydroplaned lost control and ran off of the roadway to the right.,20213068826,2021,O,4/1/2021 0:00,12,SCUYIR00071**C,S,CUY,14.955,41.447893,-81.746845,9246,17668.0,4/29/2021 0:00,17,5,N,2.0,Y,Y,1.0,10,0,,2827cf81-b2dd-4b4e-9df0-09086d8a7955,e907d2f1-91fc-4438-8ff8-df1a4ff51db8,Y,14.955,SCUYIR00071**C,N,1,2120048858,1,4,N,1,0,1,BROOKLYN,1,N,Y,N,8.0,Y,0.057,,Y,,N,BROOKLYN,N,,0,,,,71,IR,,243.6,N,,,243 6,2,,,,,N,N,Y,0,0,N,1.0,0,2,3,,42808.0,N,243.646,23,Y,11,2,1,1,M,N,N,N,0,4,0,1,0,60,1,8,0,0,0,0,0,1,6,NT,1,65,,,,,,,,,,,,,,,,,,,,,,,,,,,,,,,,,,0,4,,unit1 traveling furthest . unit1 hydroplaned lost control ran roadway .,C,"[0.44003328680992126, 0.47822925448417664, 0.08173735439777374]",C,"[0.14500226080417633, 0.8500787615776062, 0.004918944556266069]",O,"[0.97314453125, 0.024810791015625, 0.0015878677368164062]"
1126,1126,213068843,unit 1 was traveling on i-480 east in lane two near milepost 13.4. unit 1 hydroplaned and went off the left side of the roadway. unit 1 struck the concrete median wall with the front right. unit 1 spun and came to a rest in the right shoulder facing westbound.,20213068843,2021,AB,4/1/2021 0:00,12,SCUYIR00480**N,S,CUY,11.236,41.424984,-81.768664,9246,17668.0,4/29/2021 0:00,13,5,N,2.0,Y,Y,1.0,10,0,,,,Y,11.24,SCUYIR00480**C,N,1,2120048836,1,4,N,0,1,1,BROOKLYN,1,E,Y,N,8.0,Y,0.043,,N,,N,BROOKLYN,N,,0,E,480 EB,HWY,480,IR,,13.4,N,,,13 4,2,,,,,N,Y,Y,0,0,N,1.0,0,2,1,,56981.0,N,13.54,65,Y,5,4,3,1,F,N,N,N,0,4,35,1,2,60,1,9,35,0,0,0,0,1,6,NT,1,60,,,,,,,,,,,,,,,,,,,,,,,,,,,,,,,,,,0,4,,unit1 traveling two near milepost .. unit1 hydroplaned went left side roadway . unit1 struck concrete median wall front . unit1 spun came rest shoulder facing .,O,"[0.5026870369911194, 0.45202770829200745, 0.045285291969776154]",C,"[0.44220682978630066, 0.549323320388794, 0.008469846099615097]",O,"[0.83642578125, 0.1484375, 0.01520538330078125]"
1127,1127,213069246,"unit #1 was traveling on i-480 westbound in the number 1 lane at the warrensville center road overpass. unit #1 hydroplaned off the roadway to the left, striking the center median wall with the front left hand side of the vehicle.",20213069246,2021,O,4/1/2021 0:00,12,SCUYIR00480**N,S,CUY,23.639,41.424901,-81.540919,80990,17668.0,4/29/2021 0:00,17,5,N,2.0,Y,Y,1.0,10,0,20600.0,,,Y,23.701,SCUYIR00480**C,N,1,20211081,1,4,N,1,0,1,WARRENSVILLE HEIGHTS,1,E,Y,N,7.0,Y,0.019,,Y,,N,WARRENSVILLE HEIGHTS,N,,0,,,,480,IR,,,N,,,WARRENSVILLE CENTER,1,,,,RD,N,N,N,0,0,N,1.0,0,2,1,,54083.0,N,25.943,24,Y,99,3,4,1,M,N,N,N,0,4,0,1,2,65,1,9,0,0,0,0,0,1,6,NT,1,55,,,,,,,,,,,,,,,,,,,,,,,,,,,,,,,,,,0,4,,"unit1 traveling number warrensville center overpass . unit1 hydroplaned roadway left , striking center median wall front left side vehicle .",O,"[0.9464391469955444, 0.047832876443862915, 0.005727952811866999]",C,"[0.07098891586065292, 0.9250668287277222, 0.003944268450140953]",O,"[0.8974609375, 0.0987548828125, 0.004123687744140625]"
1128,1128,213069450,unit 1 had a green traffic light driving out of alorica parking lot on to us 422. unit 2 was westbound on us 422. driver of unit 2 stated that he attempted to stop for the red light but hydroplaned on the wet roads. unit 2 was unable to stop in time striking unit 1 in the driver side front.,20213069450,2021,C,4/1/2021 0:00,4,STRUUS00422**C,S,TRU,15.494,41.212429,-80.759222,55916,97831.0,4/29/2021 0:00,6,5,N,2.0,N,N,3.0,14,0,,,,N,15.494,STRUUS00422**C,N,1,21-00857,4,4,,1,0,2,NILES,1,,N,Y,4.0,N,0.0,,Y,5185,N,NILES,N,,0,,YOUNGSTOWN WARREN,RD,422,,,,N,,,,3,,,,,N,N,N,0,0,N,3.0,1,2,1,,246439.0,N,57.82,56,Y,2,3,4,1,M,N,N,N,0,4,0,2,0,35,1,20,0,0,0,0,0,1,2,NT,1,0,25.0,1.0,1.0,3.0,1.0,M,,1.0,35.0,6.0,20.0,,,,,,1.0,2.0,LT,3.0,0.0,,,,,,,,,,,,,0,4,,unit1 green traffic light driving alorica parking lot us . unit2 us . driver unit2 stated attempted stop red light hydroplaned wet roads . unit2 unable stop time striking unit1 driver side front .,O,"[0.9999998807907104, 1.1545143507873945e-07, 1.9043556065412304e-08]",O,"[0.9998202919960022, 0.00017496325017418712, 4.754505880555371e-06]",O,"[1.0, 0.00023424625396728516, 9.417533874511719e-06]"
1129,1129,213069653,"unit 1 was traveling northbound on substation road in the 1900 block. unit 1 hydroplaned on water and failed to maintain control of the vehicle. unit 1 went off the right side of the roadway and crashed in the ditch in front of 1951 substation road. there was airbag deployment and the brunswick hills fire department responded. the driver claimed no injuries. transcounty responded, winched the vehicle out and towed it from the scene. the vehicle was a rental from hertz. the driver of the vehicle was cited for reasonable control.",20213069653,2021,O,4/1/2021 0:00,3,TMEDTR00038**C,T,MED,2.019,41.221831,-81.860453,9708,99999.0,4/29/2021 0:00,13,5,N,,Y,N,7.0,9,0,,,,N,2.019,TMEDTR00038**C,N,1,2117207,3,4,,1,0,1,BRUNSWICK HILLS TOWNSHIP,1,S,N,N,2.0,N,0.16,TR,N,,N,BRUNSWICK HILLS TOWNSHIP,N,,0,,SUBSTATION,RD,,,,,N,,,ROSCOMMON,1,,,,DR,N,N,N,0,0,N,,0,2,1,,331065.0,N,2.019,41,Y,11,2,1,1,F,N,N,N,0,2,44,1,0,45,1,8,44,0,0,0,0,1,6,NT,1,40,,,,,,,,,,,,,,,,,,,,,,,,,,,,,,,,,,0,4,,"unit1 traveling substation . unit1 hydroplaned water failed maintain control vehicle . unit1 went side roadway crashed ditch front substation . airbag deployment brunswick hills fire department responded . driver claimed injuries . transcounty responded , winched vehicle towed scene . vehicle rental hertz . driver vehicle cited reasonable control .",O,"[0.994155764579773, 0.005773506127297878, 7.071934669511393e-05]",O,"[1.0, 1.3411165511456602e-08, 3.424312970765758e-13]",O,"[1.0, 0.0, 0.0]"
1130,1130,213069953,"unit 1 was traveling westbound on interstate 480. due to heavy rains, standing water had accumulated on the roadway. unit 1 hydroplaned which cause the vehicle to lose control. unit 1 ran off the roadway to the right, drove up the embankment, struck a tree and then rolled back down the embankment and coming to rest. a possible minor injury was reported by ems and the driver was transported. unit 1 was towed from the scene.",20213069953,2021,AB,4/1/2021 0:00,4,SPORIR00480**N,S,POR,0.466,41.264265,-81.383602,75014,17668.0,4/29/2021 0:00,13,5,N,2.0,Y,Y,1.0,13,0,,,,Y,0.46,SPORIR00480**C,N,1,20210770,1,4,N,0,1,1,STREETSBORO,1,,Y,N,4.0,Y,0.0,,N,,N,HUDSON,N,,0,,,,480,IR,,41.3,N,,,41 3,2,,,,,N,Y,N,0,0,N,1.0,0,2,1,,81549.0,N,41.473,84,Y,1,3,4,1,F,N,N,N,0,2,48,1,2,65,1,8,45,48,0,0,0,1,6,NT,1,55,,,,,,,,,,,,,,,,,,,,,,,,,,,,,,,,,,0,4,,"unit1 traveling interstate . due heavy rains , standing water accumulated roadway . unit1 hydroplaned cause vehicle lose control . unit1 ran roadway , drove embankment , struck tree rolled back embankment coming rest . possible minor injury reported ems driver transported . unit1 towed scene .",C,"[2.6510795692047395e-07, 0.9999996423721313, 1.280593835417676e-07]",C,"[2.6238319605909055e-07, 0.9999997615814209, 4.041374879193427e-08]",C,"[1.7285346984863281e-06, 1.0, 2.384185791015625e-07]"
1131,1131,213070504,the driver of unit 1 was traveling northwest on i-480 by mile post 41. unit 1 hydroplaned and went off the right side of the road striking a ditch causing damage to the right side of the vehicle. the driver of unit 1 had no injuries. gateway removed the vehicle from the ditch.,20213070504,2021,O,4/1/2021 0:00,4,SPORRA67026**C,S,POR,0.0,41.259013,-81.374595,75014,99769.0,4/29/2021 0:00,13,5,N,4.0,Y,Y,1.0,9,0,74900.0,0bc3979a-6dfa-4bce-b02f-0e2167416949,bc7b018c-2dfe-448d-bb22-5d00a8a6435e,Y,0.0,SPORRA67026**C,N,1,202101100,1,4,,1,0,1,STREETSBORO,1,,N,N,,Y,0.0,,N,,N,STREETSBORO,N,,0,,,,480,IR,,41.0,N,,,41,2,,,,,N,N,N,0,0,N,1.0,0,2,1,,,N,0.0,27,Y,11,7,6,1,M,N,N,N,0,4,44,1,2,65,3,8,44,0,0,0,0,1,6,NT,1,65,,,,,,,,,,,,,,,,,,,,,,,,,,,,,,,,,,0,4,,driver unit1 traveling mile post . unit1 hydroplaned went side striking ditch causing damage side vehicle . driver unit1 injuries . gateway removed vehicle ditch .,O,"[0.9999998807907104, 8.798247819186145e-08, 1.9809682783034077e-08]",O,"[1.0, 4.716822044059654e-09, 5.779826617313688e-11]",O,"[1.0, 0.0, 0.0]"
1132,1132,213071428,unit #1 was traveling southwest on us rt 42 approaching cr1475 when it started hydroplaning causing it to run off the road right and struck a wooden sign post.dep. j. fulton #314,20213071428,2021,O,4/1/2021 0:00,3,SASDUS00042**C,S,ASD,2.929,40.838643,-82.363987,50610,99703.0,4/29/2021 0:00,13,5,N,2.0,Y,N,4.0,12,0,,e5893f43-889d-4c75-a8da-e9857a2e2dcb,89f88ed9-11ea-4904-b3fa-eb489f77e275,N,2.929,SASDUS00042**C,N,1,P202100371,1,4,,1,0,1,MILTON TOWNSHIP,1,E,N,N,3.0,Y,0.004,CR,N,,N,MILTON TOWNSHIP,N,,0,,,,42,US,,,N,,,,1,1475,CR,,,N,N,N,0,0,N,3.0,0,6,3,,271967.0,N,179.151,55,Y,11,5,8,1,M,N,N,N,0,1,41,1,0,50,1,8,41,0,0,0,0,1,6,NT,4,50,,,,,,,,,,,,,,,,,,,,,,,,,,,,,,,,,,0,4,,unit1 traveling us approaching started hydroplaning causing run struck wooden sign post.dep . j. fulton,O,"[0.9999998807907104, 9.097536235458392e-08, 1.928667892059366e-08]",O,"[1.0, 4.9482192648886425e-11, 5.892375888431889e-14]",O,"[1.0, 0.0, 0.0]"
1133,1133,213071790,unit #1 was s/b on i75 approaching collingwood in the far left lane and stated he hydroplaned and spun out. when unit #1 came to a rest again facing the correct direction he impacted unit #2 on the left rear of his cab with passenger side mirror. no injuries reported and no tows required.,20213071790,2021,O,5/1/2021 0:00,2,SLUCIR00075**N,S,LUC,2.802,41.654868,-83.554873,77000,87868.0,5/3/2021 0:00,5,2,N,2.0,N,Y,1.0,12,0,59500.0,,,Y,2.804,SLUCIR00075**C,N,1,2.10503E+13,1,5,N,2,0,2,TOLEDO,1,N,Y,N,8.0,Y,0.5,,Y,,N,TOLEDO,N,,0,,I 75 N,,75,IR,,,N,,,COLLINGWOOD,1,,,,BLVD,N,N,N,0,0,N,1.0,0,2,3,,111014.0,N,202.384,21,Y,99,1,2,1,M,N,N,N,0,4,0,1,0,60,1,13,20,0,0,0,0,1,6,NT,1,60,49.0,1.0,1.0,2.0,1.0,M,,2.0,60.0,11.0,20.0,,,,,,1.0,6.0,NT,15.0,50.0,,,,,,,,,,,,,0,4,,unit1 approaching collingwood far left stated hydroplaned spun . unit1 came rest facing correct direction impacted unit2 left rear cab passenger side mirror . injuries reported tows required .,O,"[0.9999998807907104, 6.367940130758143e-08, 1.7456361689482947e-08]",O,"[1.0, 2.370211360513963e-09, 2.548318977710351e-12]",O,"[1.0, 5.960464477539062e-07, 1.1920928955078125e-07]"
1134,1134,213072205,"unit #1 was traveling wb on 1-275 at the 72mm. unit #1 hydroplaned, lost control of vehicle, left road way to the right and struck guardrail.",20213072205,2021,O,5/1/2021 0:00,8,SHAMIR00275**C,S,HAM,40.228,39.05617,-84.40668,1980,16885.0,5/3/2021 0:00,13,2,N,2.0,Y,Y,1.0,4,0,,,,Y,40.228,SHAMIR00275**C,N,3,215005419,1,5,N,1,0,1,ANDERSON TOWNSHIP,1,,Y,N,6.0,Y,0.0,,N,,N,CINCINNATI,N,,0,,,,275,IR,,72.0,N,,,72 0,2,,,,,N,N,N,0,0,N,1.0,0,2,1,,91426.0,N,71.708,47,Y,11,3,4,1,M,N,N,N,0,3,30,1,2,65,1,8,30,0,0,0,0,1,6,NT,1,60,,,,,,,,,,,,,,,,,,,,,,,,,,,,,,,,,,0,4,,"unit1 traveling 72mm . unit1 hydroplaned , lost control vehicle , left struck guardrail .",O,"[0.9975094795227051, 0.002300276653841138, 0.00019023832282982767]",C,"[0.3382740914821625, 0.6561868786811829, 0.00553902005776763]",O,"[0.9560546875, 0.042022705078125, 0.002269744873046875]"
1135,1135,213072284,"unit #1 was traveling southbound on i-271 in the number 2 lane. unit #1 hydroplaned off the roadway to the right, striking the right hand median wall with the front right side of the vehicle. the impact from the collision caused unit #1 to spin out of control, striking the guard rail face with the rear left hand side of the vehicle. no injuries were reported. see oh2 for odot information.",20213072284,2021,O,5/1/2021 0:00,12,SCUYIR00271**N,S,CUY,5.903,41.432937,-81.503001,80990,17668.0,5/3/2021 0:00,17,2,N,2.0,Y,Y,1.0,8,0,18400.0,d7f419d3-4934-4f6b-988a-3ed6d2202850,660afa78-cbe5-4691-a7a2-b3a3cf560ed8,Y,5.874,SCUYIR00271**C,N,1,20211119,1,5,N,1,0,1,WARRENSVILLE HEIGHTS,1,N,Y,N,5.0,Y,0.019,IR,N,,N,WARRENSVILLE HEIGHTS,N,,0,,I 271 S,,271,IR,,,N,,,US ROUTE 422 S,1,422,US,,,N,N,N,0,0,N,1.0,0,2,1,,81490.0,N,27.867,33,Y,11,1,2,1,M,N,N,N,0,3,0,1,2,65,1,8,0,0,0,0,0,1,6,NT,1,65,,,,,,,,,,,,,,,,,,,,,,,,,,,,,,,,,,0,4,,"unit1 traveling number . unit1 hydroplaned roadway , striking median wall front side vehicle . impact collision caused unit1 spin control , striking guard rail face rear left side vehicle . injuries reported . see odot information .",O,"[0.9999885559082031, 1.073375915439101e-05, 7.295217869796033e-07]",O,"[0.9828419089317322, 0.015118082985281944, 0.002039946848526597]",O,"[1.0, 7.987022399902344e-06, 1.5497207641601562e-06]"
1136,1136,213072375,unit 1 was traveling east on ir 275 in the left lane and hydroplaned on the wet highway leaving the left side of the road. unit 1 struck the guardrail as it was rotating counter- clockwise until coming to an uncontrolled stop facing the wrong direction.,20213072375,2021,O,4/1/2021 0:00,8,SHAMIR00275**C,S,HAM,11.124,39.216225,-84.672233,16616,16885.0,4/29/2021 0:00,13,5,N,2.0,Y,Y,1.0,13,0,,,,Y,11.124,SHAMIR00275**C,N,1,429210558,1,4,N,1,0,1,COLERAIN TOWNSHIP,1,,Y,N,6.0,Y,0.0,,Y,,N,COLERAIN TOWNSHIP,N,,0,E,EB 275,HWY,275,IR,,29.0,N,,,29 0,2,,,,,N,N,N,0,0,N,1.0,0,2,2,,56944.0,N,28.724,20,Y,11,4,3,1,F,N,N,N,0,3,30,1,0,65,1,9,30,0,0,0,0,1,6,NT,1,65,,,,,,,,,,,,,,,,,,,,,,,,,,,,,,,,,,0,4,,unit1 traveling left hydroplaned wet leaving left side . unit1 struck guardrail rotating counter clockwise coming uncontrolled stop facing wrong direction .,O,"[0.999841570854187, 0.0001512081507826224, 7.1223753366211895e-06]",O,"[0.9999463558197021, 5.219994636718184e-05, 1.3951377013654565e-06]",C,"[0.10003662109375, 0.86767578125, 0.032501220703125]"
1137,1137,213072559,unit #1 was northbound on i-77 in the left lane. in the heavy rain a car from the right lane swerved toward unit #1. this caused the driver of unit #1 to brake heavily. unit #1 hydroplaned and started to spin to the left. unit #1 struck the face of the guard rail and continued to spin counter- clockwise. the rear of the vehicle then struck the guard rail. unit #1 then came to final rest.,20213072559,2021,O,4/1/2021 0:00,12,SCUYIR00077**C,S,CUY,3.949,41.332544,-81.648927,9064,17668.0,4/29/2021 0:00,13,5,N,2.0,Y,Y,1.0,8,0,,,,Y,3.949,SCUYIR00077**C,N,1,2021077,1,4,N,2,0,1,BROADVIEW HEIGHTS,1,,Y,N,6.0,Y,0.0,,N,,N,BROADVIEW HEIGHTS,N,N,0,N,77,HWY,77,IR,,151.0,N,,,151,2,,,,,N,Y,N,0,0,N,1.0,0,2,1,,91240.0,N,151.091,67,Y,15,2,1,1,M,N,N,N,0,3,30,1,0,60,1,9,30,30,0,0,0,1,6,NT,1,60,,,,,,,,,,,,,,,,,,,,,,,,,,,,,,,,,,0,4,,unit1 left . heavy rain car swerved toward unit1 . caused driver unit1 brake heavily . unit1 hydroplaned started spin left . unit1 struck face guard rail continued spin counter clockwise . rear vehicle struck guard rail . unit1 came final rest .,O,"[0.9512941837310791, 0.044891975820064545, 0.003813833463937044]",O,"[0.9934682846069336, 0.00648896349593997, 4.270466524758376e-05]",O,"[1.0, 1.621246337890625e-05, 2.205371856689453e-06]"
1138,1138,213072744,"unit #1 was traveling eastbound on interstate route 275 approaching the 38.0 mile post in the far left lane. unit #1 hydroplaned due to heavy rain, ran off the road to the right, striking a tree in the tree line causing disabling damage to the vehicle.",20213072744,2021,O,5/1/2021 0:00,8,SHAMIR00275**C,S,HAM,20.088,39.294103,-84.544701,27706,16885.0,5/4/2021 0:00,13,3,N,2.0,Y,Y,1.0,10,0,,,,Y,20.088,SHAMIR00275**C,N,1,202100679,1,5,N,1,0,1,FOREST PARK,1,W,Y,N,6.0,Y,0.057,,N,,N,FOREST PARK,N,,0,,,HWY,275,IR,,38.0,N,,,38 0,2,,,,,N,N,N,0,0,N,1.0,0,2,1,,47309.0,N,37.688,34,Y,11,4,3,1,M,N,N,N,0,3,48,1,2,65,1,8,48,0,0,0,0,1,6,NT,1,65,,,,,,,,,,,,,,,,,,,,,,,,,,,,,,,,,,0,4,,"unit1 traveling interstate approaching . mile post far left . unit1 hydroplaned due heavy rain , ran , striking tree tree line causing disabling damage vehicle .",O,"[0.990233302116394, 0.008875991217792034, 0.0008906822185963392]",O,"[0.5694628953933716, 0.4290187954902649, 0.0015183077193796635]",O,"[1.0, 8.219480514526367e-05, 3.6954879760742188e-06]"
1139,1139,213073061,"unit 1 was east on i480 in the far left lane, approaching the fitch rd. overpass. unit 1 hit a large patch of slush that was in the lane of travel, causing it to hydroplane and strike the median wall. r n r nprior to the crash several inches of snow fell and had not yet been cleared from the far left lane of i480 e b. r n r nreport to prosecutor for ruling.",20213073061,2021,O,4/1/2021 0:00,12,SCUYIR00480**C,S,CUY,2.625,41.4026,-81.924719,56882,17668.0,4/21/2021 0:00,13,4,N,2.0,Y,Y,1.0,5,0,,,,Y,2.625,SCUYIR00480**C,N,3,2100270,1,4,N,1,0,1,NORTH OLMSTED,1,W,Y,N,6.0,Y,0.057,,N,,N,NORTH OLMSTED,N,,0,,I 480 W,,480,IR,,,N,,,FITCH,1,,,,RD,N,N,N,0,0,N,1.0,0,7,1,,56975.0,N,4.929,49,Y,1,4,3,1,F,N,N,N,0,3,35,1,0,60,1,35,0,0,0,0,0,1,6,NT,3,45,,,,,,,,,,,,,,,,,,,,,,,,,,,,,,,,,,0,6,,"unit1 far left , approaching fitch overpass . unit1 hit large patch slush travel , causing hydroplane strike median wall . r nprior crash several inches snow fell yet cleared far left b. r nreport prosecutor ruling .",O,"[0.999433696269989, 0.0005437027430161834, 2.264091199322138e-05]",O,"[0.9999959468841553, 4.042053660668898e-06, 9.36664434902923e-09]",O,"[1.0, 0.0, 0.0]"