,id,OBJECTID,Narrative,DOCUMENT_NBR,CRASH_YR,CRASH_SEVERITY_CD,CRASH_MONTH_YEAR,DISTRICT_NBR,NLFID,NLF_JUR_CD,NLF_COUNTY_CD,COUNTY_LOG_NBR,ODOT_LATITUDE_NBR,ODOT_LONGITUDE_NBR,ODOT_FIPS_CD,AREA_CODE,CRASH_DATE,CRASH_TYPE_CD,DAY_IN_WEEK_CD,DISTRACTED_DRIVER_IND,FACILITY_TYPE_CD,FHWA_RDWY_DEPARTURE_IND,FREEWAY_IND,FUNCTIONAL_CLASS_CD,HOUR_OF_CRASH,INCAPAC_INJURIES_NBR,INTERCHANGE_ID,INTERSECTION_ID_CURRENT,INTERSECTION_LEG_ID,INTERSTATE_IND,INV_LOG_NBR,INV_NLFID,IS_COMMERCIAL_RELATED,LIGHT_COND_PRIMARY_CD,LOCAL_REPORT_NUMBER_ID,MAINTENANCE_AUTHORITY_CD,MONTH_OF_CRASH,NHS_CD,NO_INJURY_REPORTED_NBR,NON_INCAPAC_INJURIES_NBR,NUMBER_OF_UNITS_NBR,ODOT_CITY_VILLAGE_TWP_NME,ODOT_CRASH_LOCATION_CD,ODOT_DIR_FROM_REF_CD,ODOT_DIV_UNDIV_IND,ODOT_INTERSECTION_REL_IND,ODOT_LANES_NBR,ODOT_MAINTAINED_HWY_IND,ODOT_MILES_FROM_REF_NBR,ODOT_REF_ROUTE_PREFIX_CD,ODOT_YOUNG_DRIVER_IND,ODPS_ADDRESS_REFERENCE,ODPS_ALCOHOL_IND,ODPS_CITY_VILLAGE_TWP_NME,ODPS_DRUG_IND,ODPS_LOC_DIR_SUFFIX_CD,ODPS_LOC_IN_WORK_ZONE_CD,ODPS_LOC_ROAD_DIRECTION_CD,ODPS_LOC_ROAD_NME,ODPS_LOC_ROAD_SUFFIX_CD,ODPS_LOC_ROUTE_ID,ODPS_LOC_ROUTE_PREFIX_CD,ODPS_LOC_ROUTE_SUFFIX_CD,ODPS_MILEPOST_REFERENCE,ODPS_MOTORCYCLE_IND,ODPS_REF_DIR_SUFFIX_CD,ODPS_REF_DIRECTION_CD,ODPS_REF_GIVEN,ODPS_REF_POINT_USED_CD,ODPS_REF_ROUTE_ID,ODPS_REF_ROUTE_PREFIX_CD,ODPS_REF_ROUTE_SUFFIX_CD,ODPS_REF_SUFFIX_CD,ODPS_SCHOOL_ZONE_IND,ODPS_SENIOR_DRIVER_IND,ODPS_SPEED_IND,ODPS_TOTAL_FATALITIES_NBR,ODPS_TYPE_OF_WORK_ZONE_CD,ODPS_WORK_ZONE_IND,OPER_ACCESS_CONTROL_CD,POSSIBLE_INJURIES_NBR,ROAD_COND_PRIMARY_CD,ROAD_CONTOUR_CD,SA_RAMP_ID,SA_SEGMENT_ID,SECONDARY_CRASH,STATE_TRUE_LOG_NBR,U1_AGE_NBR,U1_AT_FAULT_IND,U1_CONT_CIR_PRIMARY_CD,U1_DIRECTION_FROM_CD,U1_DIRECTION_TO_CD,U1_DISTRACTED_BY_1_CD,U1_GENDER_CD,U1_IS_ALCOHOL_SUSPECTED,U1_IS_MARIJUANA_SUSPECTED,U1_IS_OTHER_DRUG_SUSPECTED,U1_NON_MOTORIST_LOC_CD,U1_NUMBER_OF_THRU_LANES,U1_OBJECT_STRUCK,U1_ODPS_UNIT_NBR,U1_OPERATINGIN_AUTONOMOUS_MODE,U1_POSTED_SPEED_NBR,U1_PRECRASH_ACTION_CD,U1_SEQ_OF_EVENTS_1_CD,U1_SEQ_OF_EVENTS_2_CD,U1_SEQ_OF_EVENTS_3_CD,U1_SEQ_OF_EVENTS_4_CD,U1_SEQ_OF_EVENTS_5_CD,U1_SEQ_OF_EVENTS_6_CD,U1_SPECIAL_FUNCTION_CD,U1_TRAFFIC_CONTROL_CD,U1_TURN_CD,U1_TYPE_OF_UNIT_CD,U1_UNIT_SPEED_NBR,U2_AGE_NBR,U2_CONT_CIR_PRIMARY_CD,U2_DIRECTION_FROM_CD,U2_DIRECTION_TO_CD,U2_DISTRACTED_BY_1_CD,U2_GENDER_CD,U2_NON_MOTORIST_LOC_CD,U2_ODPS_UNIT_NBR,U2_POSTED_SPEED_NBR,U2_PRECRASH_ACTION_CD,U2_SEQ_OF_EVENTS_1_CD,U2_SEQ_OF_EVENTS_2_CD,U2_SEQ_OF_EVENTS_3_CD,U2_SEQ_OF_EVENTS_4_CD,U2_SEQ_OF_EVENTS_5_CD,U2_SEQ_OF_EVENTS_6_CD,U2_SPECIAL_FUNCTION_CD,U2_TRAFFIC_CONTROL_CD,U2_TURN_CD,U2_TYPE_OF_UNIT_CD,U2_UNIT_SPEED_NBR,U3_CONT_CIR_PRIMARY_CD,U3_ODPS_UNIT_NBR,U3_PRECRASH_ACTION_CD,U3_SEQ_OF_EVENTS_1_CD,U3_SEQ_OF_EVENTS_2_CD,U3_SEQ_OF_EVENTS_3_CD,U3_SEQ_OF_EVENTS_4_CD,U3_SEQ_OF_EVENTS_5_CD,U3_SEQ_OF_EVENTS_6_CD,U3_SPECIAL_FUNCTION_CD,U3_TRAFFIC_CONTROL_CD,U3_TYPE_OF_UNIT_CD,UNRESTRAIN_OCCUPANTS,WEATHER_COND_CD,V1,clean_Narrative,BERT_predictions,BERT_prediction_probabilities,RoBERTa_predictions,RoBERTa_predictions_probabilities,distilBERT_predictions,distilBERT_predictions_probabilities
1140,1140,213073455,unit 2 was traveling south on s.r. 37. when unit it 2 was struck in the rear of the vehicle by unit 1. unit 2 hydroplaned slid off the roadway into a ditch. unit 1 fled the scene before units had arrived.,20213073455,2021,AB,1/1/2021 0:00,5,SFAISR00037**C,S,FAI,8.344,39.811643,-82.570693,63240,99999.0,1/3/2021 0:00,2,1,N,2.0,N,N,4.0,4,2,,5f528b0a-000b-4611-92c0-c49f3c15d999,efa5576b-5204-4103-89fb-0ac1c09f46d0,N,8.344,SFAISR00037**C,N,4,A21-0005,1,1,,2,0,2,PLEASANT TOWNSHIP,1,S,N,N,2.0,Y,1.0,CR,N,,N,PLEASANT TOWNSHIP,N,,0,N,LANCASTER NEWARK,RD,37,SR,,,N,,,PLEASANTVILLE,1,,,,RD,N,N,N,0,0,N,3.0,0,2,1,,184042.0,N,123.762,48,N,22,1,2,9,F,N,N,N,0,2,44,1,2,55,99,20,13,44,0,0,0,1,6,NT,2,0,,99.0,1.0,2.0,,U,,2.0,55.0,1.0,22.0,13.0,99.0,,,,99.0,6.0,NT,99.0,0.0,,,,,,,,,,,,,0,4,,unit2 traveling s.r . . unit struck rear vehicle unit1 . unit2 hydroplaned slid roadway ditch . unit1 fled scene units arrived .,C,"[0.25988420844078064, 0.7202492952346802, 0.019866541028022766]",O,"[0.9905038475990295, 0.009368578903377056, 0.00012746902939397842]",O,"[0.751953125, 0.2376708984375, 0.01047515869140625]"
1141,1141,213074196,"unit 1 was traveling northbound on i75 in the left lane. unit 2 was traveling northbound on i75 in the right lane. unit 1 failed to control the vehicle due to hydroplaning, striking unit 2.",20213074196,2021,O,5/1/2021 0:00,8,SHAMIR00075**C,S,HAM,0.846,39.102953,-84.524579,15000,16885.0,5/4/2021 0:00,5,3,N,2.0,N,Y,1.0,10,0,38400.0,,,Y,0.846,SHAMIR00075**C,N,1,215005474,1,5,N,2,0,2,CINCINNATI,1,,Y,N,4.0,Y,0.0,,Y,,N,CINCINNATI,N,,0,,,,75,IR,,0.8,N,,,0 8,2,,,,,N,N,Y,0,0,N,1.0,0,2,1,,91161.0,N,0.846,27,Y,99,2,1,1,M,N,N,N,0,2,0,1,2,55,1,20,0,0,0,0,0,1,6,NT,1,65,23.0,1.0,2.0,1.0,1.0,M,,2.0,55.0,1.0,20.0,,,,,,1.0,6.0,NT,15.0,55.0,,,,,,,,,,,,,0,4,,"unit1 traveling left . unit2 traveling . unit1 failed control vehicle due hydroplaning , striking unit2 .",O,"[0.9996861219406128, 0.00029652417288161814, 1.738595892675221e-05]",O,"[0.9423951506614685, 0.05388915166258812, 0.0037157426122576]",O,"[1.0, 6.854534149169922e-06, 6.556510925292969e-07]"
1142,1142,213074234,unit 1 was traveling north on i-77 near sr-18. unit 1 hydroplaned and spun out due to heavy rain in the area.,20213074234,2021,O,4/1/2021 0:00,4,SSUMIR00077**C,S,SUM,23.042,41.133292,-81.651177,18658,766.0,4/10/2021 0:00,13,7,N,2.0,Y,Y,1.0,21,0,86300.0,522f02c9-9ee4-496d-9f67-76a4abd3c82c,5b0b5412-7125-45b0-81ec-b375e6927f15,Y,23.042,SSUMIR00077**C,N,3,22104053,1,4,N,4,0,1,COPLEY TOWNSHIP,1,,Y,N,6.0,Y,0.0,RA,Y,,N,COPLEY TOWNSHIP,N,,0,,I 77 N,,77,IR,,,N,,,STATE ROUTE 18 N,1,18,SR,,,N,N,N,0,0,N,1.0,0,2,1,,91298.0,N,136.564,17,Y,99,2,1,1,F,N,N,N,0,4,28,1,2,65,1,28,0,0,0,0,0,1,6,NT,1,65,,,,,,,,,,,,,,,,,,,,,,,,,,,,,,,,,,0,4,,unit1 traveling near sr. unit1 hydroplaned spun due heavy rain area .,O,"[0.9935128092765808, 0.005717873573303223, 0.0007693212828598917]",O,"[0.7786418199539185, 0.2148776799440384, 0.006480484735220671]",O,"[1.0, 2.384185791015625e-07, 5.960464477539063e-08]"
1143,1143,213075100,"unit 1 was traveling west bound on i-76. unit 1 hydroplaned and lost control and hit the concrete median divider. unit 2 was traveling behind unit 1 and changed lanes to avoid hitting unit 1. when unit 2 changed lanes, unit 3 was unable to stop in time and rear ended unit 2.",20213075100,2021,C,4/1/2021 0:00,4,SSUMIR00076**N,S,SUM,14.077,41.061296,-81.457439,1000,766.0,4/29/2021 0:00,2,5,N,2.0,Y,Y,1.0,12,0,84800.0,,,Y,14.083,SSUMIR00076**C,Y,1,T21052599,1,4,N,3,0,3,AKRON,1,,Y,N,6.0,Y,0.0,SR,Y,,N,AKRON,N,,0,,I 76 W,,76,IR,,,N,E,,STATE ROUTE 18 W,1,18,SR,,,N,N,N,0,0,N,1.0,1,1,1,,91231.0,N,26.225,33,Y,99,3,4,1,M,N,N,N,0,3,36,1,9,65,1,36,0,0,0,0,0,1,6,NT,1,50,22.0,1.0,3.0,4.0,1.0,F,,2.0,65.0,1.0,20.0,,,,,,1.0,6.0,NT,1.0,50.0,1.0,3.0,1.0,20.0,,,,,,1.0,6.0,14.0,0,4,,"unit1 traveling i. unit1 hydroplaned lost control hit concrete median divider . unit2 traveling behind unit1 changed lanes avoid hitting unit1 . unit2 changed lanes , unit3 unable stop time rear ended unit2 .",C,"[0.03457820788025856, 0.9528984427452087, 0.012523343786597252]",C,"[0.018292510882019997, 0.9733181595802307, 0.008389358408749104]",C,"[0.1397705078125, 0.84619140625, 0.0142822265625]"
1144,1144,213075795,"unit 1 was traveling eastbound on oakland-stoutsville rd, hydroplaned, went off-road, and struck a concrete structure (loading dock).",20213075795,2021,AB,4/1/2021 0:00,5,CFAICR00075**C,C,FAI,3.333,39.60167,-82.776481,15686,99999.0,4/29/2021 0:00,13,5,N,,Y,N,7.0,16,0,,,,N,3.333,CFAICR00075**C,N,1,A21-0252,2,4,,0,1,1,CLEARCREEK TOWNSHIP,1,E,N,N,2.0,N,0.391,,Y,,N,CLEARCREEK TOWNSHIP,N,,0,,OAKLAND STOUTSVILLE,RD,,,,,N,,,16TH,1,,,,RD,N,N,N,0,0,N,,0,2,1,,23201.0,N,3.333,21,Y,1,4,3,1,F,N,N,N,0,2,54,1,0,55,1,8,54,0,0,0,0,1,6,NT,1,45,,,,,,,,,,,,,,,,,,,,,,,,,,,,,,,,,,0,4,,"unit1 traveling oaklandstoutsville , hydroplaned , went , struck concrete structure .",O,"[0.9927329421043396, 0.006384466774761677, 0.0008826446137391031]",O,"[0.94034343957901, 0.057741615921258926, 0.0019149817526340485]",O,"[1.0, 0.0001055598258972168, 8.940696716308594e-06]"
1145,1145,213076737,unit 1 was traveling on i-480 east in lane two near milepost 15.2. unit 1 hydroplaned and went off the left side of the road. unit 1 struck the concrete wall and then went off the right side of the road. unit 1 then struck the guardrail and bounced back onto the highway.,20213076737,2021,AB,5/1/2021 0:00,12,SCUYIR00480**N,S,CUY,12.993,41.422032,-81.735479,9246,17668.0,5/9/2021 0:00,13,1,N,2.0,Y,Y,1.0,15,0,19900.0,,,Y,13.004,SCUYIR00480**C,N,1,2120053294,1,5,N,0,1,1,BROOKLYN,1,,Y,N,8.0,Y,0.0,,Y,,N,BROOKLYN,N,,0,E,480 EB,HWY,480,IR,,15.2,N,,,15 2,2,,,,,N,N,Y,0,0,N,1.0,0,2,1,,45577.0,N,15.297,24,Y,5,4,3,1,M,N,N,N,0,4,30,1,2,60,1,9,35,8,30,0,0,1,6,NT,1,70,,,,,,,,,,,,,,,,,,,,,,,,,,,,,,,,,,1,4,,unit1 traveling two near milepost .. unit1 hydroplaned went left side . unit1 struck concrete wall went side . unit1 struck guardrail bounced back onto .,C,"[0.26924100518226624, 0.6923383474349976, 0.03842071443796158]",C,"[0.05811917409300804, 0.940049409866333, 0.0018314040498808026]",C,"[0.07916259765625, 0.88671875, 0.034515380859375]"
1146,1146,213076933,"driver was driving too fast for road conditions, hydroplaned leaving the road to the left, striking the guardrail with passenger rear. this caused the vehicle to spin 180 degrees, coming to rest on the left shoulder facing oncoming traffic.",20213076933,2021,O,5/1/2021 0:00,12,SCUYIR00480**C,S,CUY,19.84,41.412256,-81.6107,29428,17668.0,5/9/2021 0:00,13,1,N,2.0,Y,Y,1.0,11,0,,,,Y,19.84,SCUYIR00480**C,N,1,210504,1,5,N,1,0,1,GARFIELD HEIGHTS,1,,Y,N,8.0,Y,0.0,,N,,N,OAKWOOD,N,,0,,,,480,IR,,31.4,N,,,,2,,,,,N,N,Y,0,0,N,1.0,0,6,1,,39773.0,N,22.144,26,Y,5,1,2,1,M,N,N,N,0,2,30,1,0,60,1,9,30,0,0,0,0,1,6,NT,1,70,,,,,,,,,,,,,,,,,,,,,,,,,,,,,,,,,,0,9,,"driver driving fast conditions , hydroplaned leaving left , striking guardrail passenger rear . caused vehicle spin degrees , coming rest left shoulder facing oncoming traffic .",O,"[0.99382483959198, 0.005693579092621803, 0.0004815686261281371]",O,"[0.9760552048683167, 0.022462481632828712, 0.0014821916120126843]",O,"[0.8896484375, 0.10302734375, 0.007122039794921875]"
1147,1147,213076976,"the driver of unit 1 stated he was traveling west on i70. the driver went on to state he began to hydroplane and lost control of the vehicle and hit the concrete median, bounced off, and then came to rest in the far left lane. the passenger in unit 1 struck her head against the passenger side window, which resulted in a laceration. grandview medic 51 responded to scene and transported the passenger to riverside hospital in stable condition. the driver of unit 1 was found to not have a valid driver's license, and was cited for the following: no operator's license ctc 2141.12a and 2131.33a on citation # 1929622 and has a mandatory court date at the columbus convention center located at 400 n. high st. concourse b. on may 21st, 2021 at 10:00 am. officer vantilburg 3200 working unit 154c performed a follow up investigation at riverside hospital where the passenger of unit 1 was treated for her laceration by attending physician dr. hill.",20213076976,2021,AB,5/1/2021 0:00,6,SFRAIR00070**N,S,FRA,8.903,39.973363,-83.081529,18000,19234.0,5/9/2021 0:00,13,1,N,2.0,Y,Y,1.0,5,0,,,,Y,8.924,SFRAIR00070**C,N,3,210321621,1,5,N,2,1,1,COLUMBUS,1,E,Y,N,8.0,Y,0.057,,Y,,N,COLUMBUS,N,,0,,I 70 W,,70,IR,,,N,,N,HAGUE,1,,,,AVE,N,N,Y,0,0,N,1.0,0,2,2,,33540.0,N,94.93,19,Y,5,3,4,1,M,N,N,N,0,4,35,1,0,0,1,9,35,0,0,0,0,1,6,NT,1,65,,,,,,,,,,,,,,,,,,,,,,,,,,,,,,,,,,0,4,,"driver unit1 stated traveling . driver went state began hydroplane lost control vehicle hit concrete median , bounced , came rest far left . passenger unit1 struck head passenger side window , resulted laceration . grandview medic responded scene transported passenger riverside hospital stable condition . driver unit1 found valid driver 's license , cited following : operator 's license ctc .12a .33a citation mandatory date columbus convention center located high concourse b. may , : . officer vantilburg working unit154c performed follow investigation riverside hospital passenger unit1 treated laceration attending physician . hill .",AB,"[1.3184416047806735e-06, 0.00017945516447070986, 0.9998192191123962]",C,"[2.541569017466827e-07, 0.9999810457229614, 1.868383878900204e-05]",C,"[0.0003638267517089844, 0.9951171875, 0.00426483154296875]"
1148,1148,213077049,"unit #1 was w/b ir 670 underneath ir 71 when the driver began to hydroplane, failing to control her vehicle, ran off the roadway right, and struck a fence. no injuries were reported at the time of the accident. the driver had the vehicle towed to her residence. during further investigation, it was found the driver did not have a valid driver's license from vermont and only had an ohio identification card. driver of unit #1 was sent a citation for driving without a license via certified mail.",20213077049,2021,O,5/1/2021 0:00,6,SFRAIR00670**N,S,FRA,4.84,39.979486,-82.985475,18000,19234.0,5/9/2021 0:00,13,1,N,2.0,Y,Y,1.0,16,0,28200.0,,,Y,4.991,SFRAIR00670**C,N,1,210322662,1,5,N,1,0,1,COLUMBUS,1,W,Y,N,4.0,Y,0.009,IR,Y,,N,COLUMBUS,N,,0,,I 670 W,,670,IR,,,N,,,I 71 W,1,71,IR,,,N,N,Y,0,0,N,1.0,0,2,1,,39789.0,N,4.84,21,Y,99,3,4,1,F,N,N,N,0,3,46,1,0,55,1,8,46,0,0,0,0,1,6,NT,1,60,,,,,,,,,,,,,,,,,,,,,,,,,,,,,,,,,,0,4,,"unit1 underneath driver began hydroplane , failing control vehicle , ran roadway , struck fence . injuries reported time accident . driver vehicle towed residence . investigation , found driver valid driver 's license vermont ohio identification card . driver unit1 sent citation driving without license via certified mail .",O,"[0.9999998807907104, 7.519542322143025e-08, 1.719612008344029e-08]",O,"[1.0, 1.47246692616676e-09, 1.8898745415829588e-12]",O,"[1.0, 0.0, 0.0]"
1149,1149,213077639,"unit # 1 stated she was travelling in the right lane of ir 480 e b, when she hydroplaned and went off of the left side of the roadway into the median.",20213077639,2021,O,5/1/2021 0:00,4,SSUMIR00480**N,S,SUM,1.537,41.337201,-81.485525,78050,17668.0,5/9/2021 0:00,13,1,N,2.0,Y,Y,1.0,11,0,,,,Y,1.58,SSUMIR00480**C,N,1,2110937,1,5,N,2,0,1,TWINSBURG,1,,Y,N,4.0,Y,0.0,,N,,N,TWINSBURG,N,,0,,,,480,IR,,33.8,N,,,33 8,2,,,,,N,N,N,0,0,N,1.0,0,2,2,,45593.0,N,33.874,53,Y,11,7,6,1,F,N,N,N,0,2,45,1,0,65,1,9,45,0,0,0,0,1,6,NT,2,50,,,,,,,,,,,,,,,,,,,,,,,,,,,,,,,,,,0,6,,"unit1 stated travelling b , hydroplaned went left side roadway median .",O,"[0.9511722922325134, 0.04463111609220505, 0.004196598194539547]",O,"[0.9962173104286194, 0.0036152482498437166, 0.00016745760513003916]",O,"[1.0, 4.07099723815918e-05, 2.384185791015625e-06]"
1150,1150,213077726,"unit #1 was travelling southbound near the 108 on i77 when the unit hydroplaned causing it to lose control and run of the road to the left, subsequently striking a concrete barrier.",20213077726,2021,O,5/1/2021 0:00,4,SSTAIR00077**C,S,STA,13.164,40.837387,-81.399931,12000,13375.0,5/7/2021 0:00,13,6,N,2.0,Y,Y,1.0,3,0,,,,Y,13.164,SSTAIR00077**C,N,4,2106236,1,5,N,1,0,1,CANTON,1,,Y,N,6.0,Y,0.0,,N,,N,CANTON,N,,0,,,HWY,77,IR,,108.0,N,,,108,2,,,,,N,N,Y,0,0,N,1.0,0,2,1,,81378.0,N,108.146,27,Y,5,1,2,1,M,N,N,N,0,3,35,1,0,0,1,9,35,0,0,0,0,1,6,NT,1,0,,,,,,,,,,,,,,,,,,,,,,,,,,,,,,,,,,0,4,,"unit1 travelling near unit hydroplaned causing lose control run left , subsequently striking concrete barrier .",C,"[0.017884328961372375, 0.9727144837379456, 0.009401125833392143]",C,"[0.04381449520587921, 0.9392395615577698, 0.016946004703640938]",C,"[0.165283203125, 0.81640625, 0.018218994140625]"
1151,1151,213078109,unit 1 was traveling eastbound on ir 480. the vehicle was driving on the off ramp of northfield rd. when the vehicle hydroplaned on water. the vehicle lost control and struck the concrete median separating the off ramp from the highway. the vehicle then went off to the right and struck a guard rail where it came to final rest.,20213078109,2021,O,3/1/2021 0:00,12,SCUYIR00480**C,S,CUY,24.101,41.424427,-81.533248,80990,17668.0,3/18/2021 0:00,13,5,N,2.0,Y,Y,1.0,14,0,20600.0,,,Y,24.101,SCUYIR00480**C,N,1,2110047230,1,3,N,1,0,1,WARRENSVILLE HEIGHTS,1,,Y,N,5.0,Y,0.0,,N,,N,WARRENSVILLE HEIGHTS,N,,0,,I 480 E,,480,IR,,,N,,,NORTHFIELD,1,,,,RD,N,N,N,0,0,N,1.0,0,2,2,,128880.0,N,26.405,27,Y,1,4,3,1,M,N,N,N,0,1,34,1,0,60,1,35,34,0,0,0,0,1,6,NT,5,60,,,,,,,,,,,,,,,,,,,,,,,,,,,,,,,,,,0,4,,unit1 traveling . vehicle driving ramp northfield vehicle hydroplaned water . vehicle lost control struck concrete median separating ramp . vehicle went struck guard rail came final rest .,O,"[0.974310040473938, 0.023739390075206757, 0.001950531150214374]",C,"[0.15156015753746033, 0.8334819078445435, 0.014958001673221588]",O,"[0.9140625, 0.077880859375, 0.00757598876953125]"
1152,1152,213078181,"unit 2 was traveling northbound on us62/mill st. near heil dr. unit 1 was traveling southbound on us62/mill st. near heil dr. unit 1 slowed for traffic, hydroplaned, swerved to avoid a collision with slowed traffic, crossed centerline and struck unit 2 in the front left corner.",20213078181,2021,C,5/1/2021 0:00,6,SFRAUS00062**C,S,FRA,23.813,40.024964,-82.877602,29106,19234.0,5/9/2021 0:00,6,1,N,2.0,Y,N,4.0,18,0,,7404ffec-40be-4b73-8acd-cf4b7de2b739,8d29f246-123f-4e2e-a3dd-0b2ae4a420bf,N,23.813,SFRAUS00062**C,N,1,21GAH-9355-AC,4,5,,2,0,2,GAHANNA,1,S,N,N,2.0,N,0.03,MR,N,,N,GAHANNA,N,,0,,MILL,ST,62,US,,,N,,,HEIL,1,,,,DR,N,N,N,0,0,N,3.0,1,2,1,,264211.0,N,119.128,26,Y,15,5,8,1,M,N,N,N,0,2,0,1,0,35,11,11,20,0,0,0,0,1,6,NT,1,35,31.0,1.0,8.0,5.0,1.0,M,,2.0,35.0,1.0,20.0,8.0,,,,,1.0,6.0,NT,1.0,35.0,,,,,,,,,,,,,0,4,,"unit2 traveling mill near heil . unit1 traveling mill near heil . unit1 slowed traffic , hydroplaned , swerved avoid collision slowed traffic , crossed centerline struck unit2 front left corner .",O,"[0.9834708571434021, 0.014246262609958649, 0.002282902365550399]",O,"[0.9816851019859314, 0.017700547352433205, 0.0006143928039819002]",O,"[1.0, 4.83393669128418e-05, 3.814697265625e-06]"
1153,1153,213079641,operator of unit 1 stated they were traveling on i480e near mp 21.0 in the slow speed lane. unit 2 was traveling behind unit 1 in lane #3. unit 1 began to hydroplane and was sliding on the road when unit 1 went into unit 2's lane causing unit 2 to strike unit one in the center rear with the center front of unit 2. operator of unit 2 did not have proof of insurance at the time of the accident.,20213079641,2021,O,5/1/2021 0:00,12,SCUYIR00480**C,S,CUY,18.759,41.408762,-81.630977,79268,17668.0,5/9/2021 0:00,2,1,N,2.0,N,Y,1.0,15,0,,,,Y,18.759,SCUYIR00480**C,N,1,20211246,1,5,N,5,0,2,VALLEY VIEW,1,,Y,N,8.0,Y,0.0,,N,,N,GARFIELD HEIGHTS,N,,0,,I480E,HTS,480,IR,,21.0,N,,,21 0,2,,,,,N,N,N,0,0,N,1.0,0,2,1,,45582.0,N,21.063,31,N,99,4,3,1,M,N,N,N,0,4,0,1,2,65,3,20,0,0,0,0,0,1,6,NT,3,50,57.0,22.0,4.0,3.0,1.0,M,,2.0,65.0,1.0,20.0,,,,,,1.0,6.0,NT,1.0,50.0,,,,,,,,,,,,,0,4,,operator unit1 stated traveling 8e near mp . slow speed . unit2 traveling behind unit1 . unit1 began hydroplane sliding unit1 went unit2 's causing unit2 strike unit1 center rear center front unit2 . operator unit2 proof insurance time accident .,O,"[0.9999974966049194, 2.295198328283732e-06, 2.3415621797084896e-07]",O,"[1.0, 5.190011620470614e-08, 3.600872655606935e-10]",O,"[1.0, 6.020069122314453e-06, 1.6689300537109375e-06]"
1154,1154,213079861,"unit 1 was traveling west on slack road near house #1195. unit 1 continued west past house #1195 before it traveled right off of the roadway. unit 1 rolled over and came to a rest on it's roof, facing north, approximately 150 feet to the west of house #1195.when dpd arrived on scene unit 1 was observed in the grass just north of the roadway and was resting on its roof. damage was observed all around unit 1 and small amounts of debris were observed scattered around unit 1.empty cans of beer were also observed on the ground near unit 1 and it's unknown whether or not the cans were there prior to the traffic crash. driver of unit 1 denied drinking any alcohol and when sfst's were performed there were no signs of impairment observed.driver of unit 1 stated the vehicle hydroplaned on a portion of the roadway that was covered in water to the east of where unit 1 was resting. driver of unit 1 was cited for operating without reasonable control.",20213079861,2021,O,5/1/2021 0:00,6,TDELTR00146**C,T,DEL,0.854,40.272359,-83.088872,21434,19234.0,5/10/2021 0:00,17,2,N,,Y,N,7.0,4,0,,,,N,0.854,TDELTR00146**C,N,4,CR21-229,4,5,,1,0,1,DELAWARE,1,W,N,N,2.0,N,0.028,,N,1195,N,DELAWARE,N,,0,,SLACK,RD,,,,,N,,,1195TH,3,,,,,N,N,N,0,0,N,,0,2,1,,173959.0,N,0.854,39,Y,11,3,4,1,M,N,N,N,0,2,0,1,0,35,1,8,13,0,0,0,0,1,6,NT,3,35,,,,,,,,,,,,,,,,,,,,,,,,,,,,,,,,,,0,1,,"unit1 traveling slack near house . unit1 continued past house traveled roadway . unit1 rolled came rest 's roof , facing , approximately feet house .when dpd arrived scene unit1 observed grass roadway resting roof . damage observed around unit1 small amounts debris observed scattered around unit1.empty cans beer also observed ground near unit1 's unknown whether cans prior traffic crash . driver unit1 denied drinking alcohol sfst 's performed signs impairment observed.driver unit1 stated vehicle hydroplaned portion roadway covered water unit1 resting . driver unit1 cited operating without reasonable control .",C,"[0.00209497450850904, 0.9977018237113953, 0.00020323747594375163]",O,"[0.8837066888809204, 0.11628837883472443, 4.9219015636481345e-06]",C,"[0.00806427001953125, 0.984375, 0.0074005126953125]"