,id,OBJECTID,Narrative,DOCUMENT_NBR,CRASH_YR,CRASH_SEVERITY_CD,CRASH_MONTH_YEAR,DISTRICT_NBR,NLFID,NLF_JUR_CD,NLF_COUNTY_CD,COUNTY_LOG_NBR,ODOT_LATITUDE_NBR,ODOT_LONGITUDE_NBR,ODOT_FIPS_CD,AREA_CODE,CRASH_DATE,CRASH_TYPE_CD,DAY_IN_WEEK_CD,DISTRACTED_DRIVER_IND,FACILITY_TYPE_CD,FHWA_RDWY_DEPARTURE_IND,FREEWAY_IND,FUNCTIONAL_CLASS_CD,HOUR_OF_CRASH,INCAPAC_INJURIES_NBR,INTERCHANGE_ID,INTERSECTION_ID_CURRENT,INTERSECTION_LEG_ID,INTERSTATE_IND,INV_LOG_NBR,INV_NLFID,IS_COMMERCIAL_RELATED,LIGHT_COND_PRIMARY_CD,LOCAL_REPORT_NUMBER_ID,MAINTENANCE_AUTHORITY_CD,MONTH_OF_CRASH,NHS_CD,NO_INJURY_REPORTED_NBR,NON_INCAPAC_INJURIES_NBR,NUMBER_OF_UNITS_NBR,ODOT_CITY_VILLAGE_TWP_NME,ODOT_CRASH_LOCATION_CD,ODOT_DIR_FROM_REF_CD,ODOT_DIV_UNDIV_IND,ODOT_INTERSECTION_REL_IND,ODOT_LANES_NBR,ODOT_MAINTAINED_HWY_IND,ODOT_MILES_FROM_REF_NBR,ODOT_REF_ROUTE_PREFIX_CD,ODOT_YOUNG_DRIVER_IND,ODPS_ADDRESS_REFERENCE,ODPS_ALCOHOL_IND,ODPS_CITY_VILLAGE_TWP_NME,ODPS_DRUG_IND,ODPS_LOC_DIR_SUFFIX_CD,ODPS_LOC_IN_WORK_ZONE_CD,ODPS_LOC_ROAD_DIRECTION_CD,ODPS_LOC_ROAD_NME,ODPS_LOC_ROAD_SUFFIX_CD,ODPS_LOC_ROUTE_ID,ODPS_LOC_ROUTE_PREFIX_CD,ODPS_LOC_ROUTE_SUFFIX_CD,ODPS_MILEPOST_REFERENCE,ODPS_MOTORCYCLE_IND,ODPS_REF_DIR_SUFFIX_CD,ODPS_REF_DIRECTION_CD,ODPS_REF_GIVEN,ODPS_REF_POINT_USED_CD,ODPS_REF_ROUTE_ID,ODPS_REF_ROUTE_PREFIX_CD,ODPS_REF_ROUTE_SUFFIX_CD,ODPS_REF_SUFFIX_CD,ODPS_SCHOOL_ZONE_IND,ODPS_SENIOR_DRIVER_IND,ODPS_SPEED_IND,ODPS_TOTAL_FATALITIES_NBR,ODPS_TYPE_OF_WORK_ZONE_CD,ODPS_WORK_ZONE_IND,OPER_ACCESS_CONTROL_CD,POSSIBLE_INJURIES_NBR,ROAD_COND_PRIMARY_CD,ROAD_CONTOUR_CD,SA_RAMP_ID,SA_SEGMENT_ID,SECONDARY_CRASH,STATE_TRUE_LOG_NBR,U1_AGE_NBR,U1_AT_FAULT_IND,U1_CONT_CIR_PRIMARY_CD,U1_DIRECTION_FROM_CD,U1_DIRECTION_TO_CD,U1_DISTRACTED_BY_1_CD,U1_GENDER_CD,U1_IS_ALCOHOL_SUSPECTED,U1_IS_MARIJUANA_SUSPECTED,U1_IS_OTHER_DRUG_SUSPECTED,U1_NON_MOTORIST_LOC_CD,U1_NUMBER_OF_THRU_LANES,U1_OBJECT_STRUCK,U1_ODPS_UNIT_NBR,U1_OPERATINGIN_AUTONOMOUS_MODE,U1_POSTED_SPEED_NBR,U1_PRECRASH_ACTION_CD,U1_SEQ_OF_EVENTS_1_CD,U1_SEQ_OF_EVENTS_2_CD,U1_SEQ_OF_EVENTS_3_CD,U1_SEQ_OF_EVENTS_4_CD,U1_SEQ_OF_EVENTS_5_CD,U1_SEQ_OF_EVENTS_6_CD,U1_SPECIAL_FUNCTION_CD,U1_TRAFFIC_CONTROL_CD,U1_TURN_CD,U1_TYPE_OF_UNIT_CD,U1_UNIT_SPEED_NBR,U2_AGE_NBR,U2_CONT_CIR_PRIMARY_CD,U2_DIRECTION_FROM_CD,U2_DIRECTION_TO_CD,U2_DISTRACTED_BY_1_CD,U2_GENDER_CD,U2_NON_MOTORIST_LOC_CD,U2_ODPS_UNIT_NBR,U2_POSTED_SPEED_NBR,U2_PRECRASH_ACTION_CD,U2_SEQ_OF_EVENTS_1_CD,U2_SEQ_OF_EVENTS_2_CD,U2_SEQ_OF_EVENTS_3_CD,U2_SEQ_OF_EVENTS_4_CD,U2_SEQ_OF_EVENTS_5_CD,U2_SEQ_OF_EVENTS_6_CD,U2_SPECIAL_FUNCTION_CD,U2_TRAFFIC_CONTROL_CD,U2_TURN_CD,U2_TYPE_OF_UNIT_CD,U2_UNIT_SPEED_NBR,U3_CONT_CIR_PRIMARY_CD,U3_ODPS_UNIT_NBR,U3_PRECRASH_ACTION_CD,U3_SEQ_OF_EVENTS_1_CD,U3_SEQ_OF_EVENTS_2_CD,U3_SEQ_OF_EVENTS_3_CD,U3_SEQ_OF_EVENTS_4_CD,U3_SEQ_OF_EVENTS_5_CD,U3_SEQ_OF_EVENTS_6_CD,U3_SPECIAL_FUNCTION_CD,U3_TRAFFIC_CONTROL_CD,U3_TYPE_OF_UNIT_CD,UNRESTRAIN_OCCUPANTS,WEATHER_COND_CD,V1,clean_Narrative,BERT_predictions,BERT_prediction_probabilities,RoBERTa_predictions,RoBERTa_predictions_probabilities,distilBERT_predictions,distilBERT_predictions_probabilities
1155,1155,213080417,"driver of unit 1 stated he was n/b on gantz road approaching the intersection of hardy parkway street when his vehicle hydroplaned and he lost control. his vehicle went off the roadway, struck a large rock, then flpped and landed on a fence. driver of unit 1 was verified to have a suspended license and id verified via leads/ohleg. he stated he had insurance but due to the crash and his potential injuries he was unable to provide proof. he was taken to grant hospital in stable condition by franklin township medic 193 and police later issued him a summons for dus and fail to control. his vehicle was towed to the cpd impound lot. he stated he was not wearing a seatbelt.",20213080417,2021,AB,5/1/2021 0:00,6,CFRACR00256**C,C,FRA,0.998,39.902226,-83.052538,18000,19234.0,5/7/2021 0:00,13,6,N,,Y,N,5.0,2,0,,83c21fe3-3e5a-4560-90e0-eedcdeeecc5c,d82691a2-3910-4013-802f-cfc66155c043,N,0.998,CFRACR00256**C,N,4,210315935,4,5,,0,1,1,COLUMBUS,1,N,N,N,2.0,N,0.001,MR,Y,,N,COLUMBUS,N,,0,,GANTZ,RD,,,,,N,,,HARDY PARKWAY,1,,,,ST,N,N,Y,0,0,N,,0,2,1,,30445.0,N,0.998,21,Y,18,2,1,1,M,N,N,N,0,2,46,1,0,35,1,9,54,46,0,0,0,1,6,NT,1,40,,,,,,,,,,,,,,,,,,,,,,,,,,,,,,,,,,1,4,,"driver unit1 stated gantz approaching intersection hardy vehicle hydroplaned lost control . vehicle went roadway , struck large rock , flpped landed fence . driver unit1 verified suspended license id verified via leads ohleg . stated insurance due crash potential injuries unable provide proof . taken grant hospital stable condition franklin township medic police later issued summons dus fail control . vehicle towed cpd impound lot . stated wearing seatbelt .",C,"[1.7480655287727132e-06, 0.9999886751174927, 9.532011063129175e-06]",C,"[1.8469710312274401e-06, 0.9999979734420776, 2.61596682094023e-07]",C,"[0.00183868408203125, 0.998046875, 7.867813110351562e-06]"
1156,1156,213083380,"units 1 and 2 were traveling on ir 480 eastbound. unit 1 attempted to change lanes, and in doing so, hydroplaned and struck unit 2. unit 2 pulled off to the right shoulder, and unit 1 came to a rest against a grassy hillside.",20213083380,2021,C,5/1/2021 0:00,12,SCUYIR00480**C,S,CUY,16.664,41.411607,-81.670401,9274,17668.0,5/5/2021 0:00,5,4,N,2.0,N,Y,1.0,11,0,20100.0,,,Y,16.664,SCUYIR00480**C,N,1,202100078,1,5,N,1,0,2,BROOKLYN HEIGHTS,1,W,Y,N,6.0,Y,0.019,,N,,N,BROOKLYN HEIGHTS,N,,0,,,,480,IR,,19.2,N,,,19 2,2,,,,,N,Y,N,0,0,N,1.0,1,2,1,,128874.0,N,18.968,27,Y,9,4,3,1,M,N,N,N,0,5,0,1,2,0,3,20,8,0,0,0,0,1,6,NT,3,0,66.0,1.0,4.0,3.0,1.0,F,,2.0,,1.0,20.0,,,,,,1.0,6.0,NT,1.0,,,,,,,,,,,,,,0,4,,"unit1 unit2 traveling . unit1 attempted change lanes , , hydroplaned struck unit2 . unit2 pulled shoulder , unit1 came rest grassy hillside .",O,"[0.9611940979957581, 0.03634568303823471, 0.002460242249071598]",C,"[0.4909909963607788, 0.5052722692489624, 0.003736770711839199]",C,"[0.465087890625, 0.53271484375, 0.0024662017822265625]"
1157,1157,213083897,units 01 and 02 were traveling eastbound on pippin road approaching the 9500 block. units 01 and 02 began turning left (northbound) to continue on pippin road. unit 02 began hydroplaning and struck the curb to the right. unit 01 swerved to avoid unit 02 but struck the rear of unit 02. all vehicles had been moved prior to my arrival.,20213083897,2021,O,5/1/2021 0:00,8,CHAMCR00090**C,C,HAM,2.37,39.24315,-84.576213,16616,16885.0,5/7/2021 0:00,18,6,N,,Y,N,4.0,19,0,,9777c286-acc1-429b-a07c-23ac0bd1aa52,c469d9c2-a811-4dfd-8e72-62d5e31d00a9,N,2.37,CHAMCR00090**C,N,1,507211146,2,5,,2,0,2,COLERAIN TOWNSHIP,3,,N,Y,2.0,N,0.0,,Y,9500,N,COLERAIN TOWNSHIP,N,,0,,PIPPIN,RD,,,,,N,,,9500TH,3,,,,,N,N,Y,0,0,N,,0,2,1,,19380.0,N,2.37,52,N,99,4,1,1,M,N,N,N,0,2,0,1,0,35,6,20,0,0,0,0,0,1,2,LT,3,25,20.0,5.0,4.0,1.0,1.0,F,,2.0,35.0,6.0,43.0,20.0,,,,,1.0,1.0,LT,1.0,25.0,,,,,,,,,,,,,0,4,,units traveling pippin approaching . units began turning left continue pippin . unit2 began hydroplaning struck curb . unit1 swerved avoid unit2 struck rear unit2 . vehicles moved prior arrival .,O,"[0.9999638795852661, 3.4088468964910135e-05, 2.026679794653319e-06]",O,"[0.9824439883232117, 0.01710527017712593, 0.0004506378318183124]",O,"[1.0, 2.205371856689453e-06, 1.1920928955078125e-07]"
1158,1158,213084724,unit #1 was westbound on us 33. unit #1 hydroplaned striking the guardrail. no injuries reports on scene.,20213084724,2021,O,3/1/2021 0:00,10,SATHUS00033**C,S,ATH,14.494,39.331344,-82.083629,2750,99705.0,3/28/2021 0:00,13,1,N,2.0,Y,Y,2.0,8,0,3900.0,,,N,14.494,SATHUS00033**C,N,1,21-0002161,1,3,N,2,0,1,ATHENS TOWNSHIP,1,E,Y,N,2.0,Y,0.17,,N,,N,ATHENS,N,,0,,,,33,US,,16.0,N,,,16,2,,,,,N,N,N,0,0,N,1.0,0,6,4,,271427.0,N,196.754,26,Y,22,3,4,1,M,N,N,N,0,3,30,1,0,55,13,8,30,0,0,0,0,1,6,NT,1,55,,,,,,,,,,,,,,,,,,,,,,,,,,,,,,,,,,0,4,,unit1 us . unit1 hydroplaned striking guardrail . injuries reports scene .,O,"[0.9999998807907104, 9.747841289708958e-08, 1.7429711007821425e-08]",O,"[0.9992539286613464, 0.0007268738700076938, 1.9231927581131458e-05]",O,"[1.0, 0.0, 0.0]"
1159,1159,213090891,"unit 2 with attached trailer unit was traveling e/b in lane 3, while unit 1 was traveling the same direction in lane 4. unit 1 hit a surface of water causing the vehicle to hydroplane and strike unit 2 on the left side, center of the attached trailer unit. unit 2 had a trailer unit attached: a 2020 white trailer bearing indiana reg (p876662), registered to pitt ohio express, 1235 terminal rd, inianapolis, in, 46217. (317)-241-9802",20213090891,2021,O,5/1/2021 0:00,12,SCUYIR00480**C,S,CUY,18.778,41.408823,-81.630621,79268,17668.0,5/26/2021 0:00,5,4,N,2.0,N,Y,1.0,21,0,,,,Y,18.778,SCUYIR00480**C,Y,3,20211416,1,5,N,4,0,2,VALLEY VIEW,1,E,Y,N,8.0,Y,0.019,,N,,N,GARFIELD HEIGHTS,N,,0,,,,480,IR,,21.0,N,,,,2,,,,,N,N,N,0,0,N,1.0,0,2,2,,45582.0,N,21.082,50,Y,99,4,3,1,M,N,N,N,0,4,0,1,2,60,99,13,20,0,0,0,0,1,6,NT,1,50,53.0,1.0,4.0,3.0,1.0,M,,2.0,60.0,1.0,20.0,,,,,,1.0,6.0,NT,15.0,50.0,,,,,,,,,,,,,0,4,,"unit2 attached trailer unit traveling , unit1 traveling direction . unit1 hit surface water causing vehicle hydroplane strike unit2 left side , center attached trailer unit . unit2 trailer unit attached : white trailer bearing indiana reg , registered pitt ohio express , terminal , inianapolis , , .",O,"[0.9999232292175293, 7.483409717679024e-05, 1.9313636130391387e-06]",O,"[0.9999898672103882, 9.754820894158911e-06, 3.5617051707959035e-07]",O,"[0.69580078125, 0.295654296875, 0.00832366943359375]"
1160,1160,213090990,"units #1 and #2 were traveling 77 s/b near rockside rd. unit #2 hydroplaned and hit unit #1, causing listed damage.",20213090990,2021,O,5/1/2021 0:00,12,SCUYIR00077**C,S,CUY,8.294,41.395275,-81.652913,37240,17668.0,5/28/2021 0:00,5,6,N,2.0,N,Y,1.0,12,0,14900.0,,,Y,8.294,SCUYIR00077**C,N,1,20210453,1,5,N,3,0,2,INDEPENDENCE,1,S,Y,N,8.0,Y,0.019,,N,,N,INDEPENDENCE,N,,0,,,,77,IR,,155.4,N,,,155 4,2,,,,,N,N,N,0,0,N,1.0,0,2,4,,47024.0,N,155.436,32,Y,9,1,2,1,M,N,N,N,0,4,0,2,2,60,1,20,0,0,0,0,0,1,6,NT,2,50,51.0,1.0,1.0,2.0,1.0,F,,1.0,60.0,1.0,20.0,,,,,,1.0,6.0,NT,3.0,60.0,,,,,,,,,,,,,0,4,,"units traveling near rockside unit2 hydroplaned hit unit1 , causing listed damage .",O,"[0.9995577931404114, 0.0004281350411474705, 1.401230019837385e-05]",C,"[0.013781853020191193, 0.9646508693695068, 0.02156730741262436]",O,"[0.98388671875, 0.01499176025390625, 0.0010576248168945312]"
1161,1161,213091797,"unit 1 was heading westbound on u.s. 24 when the operator lost control after hydroplaning, striking a concrete barrier and then went into the median striking the eastbound guardrail.",20213091797,2021,AB,5/1/2021 0:00,2,SHENUS00024**N,S,HEN,0.458,41.35998,-84.219961,53564,99999.0,5/28/2021 0:00,13,6,N,2.0,Y,N,3.0,7,0,,cdcd9976-9dcf-49de-9a29-3cbdef83eb28,15b71343-3b8e-4f6a-95cc-3566f3d2b4f4,N,0.466,SHENUS00024**C,N,2,21-005469,1,5,H,0,1,1,NAPOLEON TOWNSHIP,1,,Y,N,4.0,Y,0.0,CR,N,,N,NAPOLEON,N,,0,,US ROUTE 24 W,,24,US,,,N,,,SCOTT,1,,,,ST,N,N,N,0,0,N,2.0,0,2,2,,275397.0,N,34.484,41,Y,99,3,4,1,M,N,N,N,0,2,28,1,0,70,1,28,9,10,34,0,0,1,6,NT,1,70,,,,,,,,,,,,,,,,,,,,,,,,,,,,,,,,,,0,4,,"unit1 heading u.s. operator lost control hydroplaning , striking concrete barrier went median striking guardrail .",O,"[0.9954743981361389, 0.004231956321746111, 0.00029363384237512946]",O,"[0.7413759827613831, 0.24510438740253448, 0.013519594445824623]",O,"[1.0, 4.1365623474121094e-05, 2.4437904357910156e-06]"
1162,1162,213092238,"unit 1 eb u.s. 35 in area of m.p. 43. unit 1 hydroplanes, loses control, strikes guardrail face.",20213092238,2021,O,5/1/2021 0:00,8,SGREUS00035**C,S,GRE,1.858,39.728551,-84.071115,4720,22528.0,5/28/2021 0:00,13,6,N,2.0,Y,Y,2.0,6,0,36500.0,,,N,1.858,SGREUS00035**C,N,2,2021-00018978,4,5,N,1,0,1,BEAVERCREEK,1,W,Y,N,4.0,N,0.019,,Y,,N,BEAVERCREEK,N,,0,,,,35,US,,43.0,N,,,43,2,,,,,N,N,N,0,0,N,1.0,0,2,2,,241532.0,N,42.921,25,Y,99,4,3,1,F,N,N,N,0,2,30,1,0,55,1,8,30,0,0,0,0,1,6,NT,4,53,,,,,,,,,,,,,,,,,,,,,,,,,,,,,,,,,,0,4,,"unit1 u.s. area m.p . . unit1 hydroplanes , loses control , strikes guardrail face .",O,"[0.9919445514678955, 0.007756994105875492, 0.0002984403690788895]",O,"[0.999744713306427, 0.00024635513545945287, 8.9955901785288e-06]",O,"[1.0, 0.0, 0.0]"
1163,1163,213093343,unit # 1 was traveling n/b on shawmill rd. in the 14000 block. unit # 2 was traveling s/b on shawmill rd. also in the 14000 block. unit # 1 hydroplanned on water in front of 14703 shawmill rd. and drove into the s/b lane of travel striking unit # 2. unit # 2 then drove off the west side of the road and came to a rest in the yard of 14703 shawmill rd.,20213093343,2021,AB,5/1/2021 0:00,3,TERITR00049**C,T,ERI,0.277,41.289788,-82.620856,50148,99999.0,5/28/2021 0:00,6,6,N,,N,N,6.0,9,0,,,,N,0.277,TERITR00049**C,N,1,2.021E+13,3,5,,0,2,2,MILAN TOWNSHIP,1,,N,N,2.0,N,0.0,,Y,14703,N,MILAN TOWNSHIP,N,,0,,SHAW MILL,RD,,,,,N,,,,3,,,,,N,N,N,0,0,N,,0,2,3,,209321.0,N,0.277,24,Y,7,2,9,1,M,N,N,N,0,2,0,1,0,55,13,20,11,0,0,0,0,1,6,NT,3,50,57.0,1.0,1.0,,1.0,M,,2.0,55.0,13.0,20.0,8.0,,,,,1.0,6.0,,3.0,45.0,,,,,,,,,,,,,0,4,,unit1 traveling shawmill . unit2 traveling shawmill also . unit1 hydroplanned water front shawmill drove travel striking unit2 . unit2 drove side came rest yard shawmill .,O,"[0.9987277388572693, 0.0011855462798848748, 8.671372052049264e-05]",C,"[0.026684409007430077, 0.968306303024292, 0.005009265150874853]",O,"[0.62548828125, 0.30859375, 0.06622314453125]"
1164,1164,213094079,unit 1 was traveling southbound on holland sylvania when the driver made a left hand turn and lost control. unit 1 hydroplaned and struck unit 2 which was heading westbound on hill which caused unit 2 to strike unit 3 which is stopped in traffic behind unit 2. unit 1 continued on hitting the curb and striking a sign.the driver of unit 1 admitted to this unit to losing control and was unable to steer causing the accident.,20213094079,2021,O,6/1/2021 0:00,2,CLUCCR00030**C,C,LUC,4.0,41.63859,-83.684293,77000,87868.0,6/2/2021 0:00,1,4,N,,N,N,4.0,18,0,,5971d630-ab2a-41d5-91ec-4360566014d2,0a97c8df-3e67-4830-aab6-4d20a2ffdd85,N,4.0,CLUCCR00030**C,N,3,2.10602E+13,4,6,,3,0,3,TOLEDO,1,E,N,Y,4.0,N,0.004,CR,Y,,N,TOLEDO,N,,0,,HILL,AVE,,,,,N,,N,HOLLAND SYLVANIA,1,,,,RD,N,N,N,0,0,N,,0,2,1,,14409.0,N,4.0,27,Y,99,2,8,1,F,N,N,N,0,3,37,1,0,40,6,20,43,37,0,0,0,1,2,LT,1,0,31.0,1.0,3.0,4.0,1.0,M,,2.0,40.0,11.0,20.0,20.0,,,,,1.0,2.0,NT,1.0,0.0,1.0,3.0,11.0,20.0,,,,,,1.0,2.0,1.0,0,4,,unit1 traveling holland sylvania driver made left turn lost control . unit1 hydroplaned struck unit2 heading hill caused unit2 strike unit3 stopped traffic behind unit2 . unit1 continued hitting curb striking sign.the driver unit1 admitted unit losing control unable steer causing accident .,O,"[0.9999992847442627, 6.200265261213644e-07, 8.431817377640982e-08]",O,"[0.9994283318519592, 0.0005603288300335407, 1.1283138519502245e-05]",O,"[0.97705078125, 0.021331787109375, 0.0017108917236328125]"
1165,1165,213094231,"driver states she hydroplaned on the wet roadway, and skidded off right into a concrete ditch. although a visual inspection of the road upon arrival showed no signs of standing water. r nthe driver then was picked up by a black vehicle according to witnesses across the street and returned to her residence. r nshe called the station shortly thereafter, claimed no injuries and stated she had a private tow enroute. r nher vehicle however was impounded by world truck and removed from the ditch. r nshe later returned to the station and was interviewed by officer randolph.",20213094231,2021,O,5/1/2021 0:00,4,TSUMTR00185**C,T,SUM,0.912,41.224148,-81.668096,66544,99999.0,5/28/2021 0:00,13,6,N,,Y,N,7.0,10,0,,,,N,0.912,TSUMTR00185**C,N,1,2021075,3,5,,1,0,1,RICHFIELD TOWNSHIP,1,E,N,N,2.0,N,0.028,,Y,4889,N,RICHFIELD,N,,0,,HAWKINS,RD,,,,,N,,,4889TH,3,,,,,N,N,N,0,0,N,,0,2,1,,302782.0,N,0.912,20,Y,11,4,3,9,F,N,N,N,0,2,44,1,2,45,1,8,44,0,0,0,0,1,6,NT,3,0,,,,,,,,,,,,,,,,,,,,,,,,,,,,,,,,,,0,1,,"driver states hydroplaned wet roadway , skidded concrete ditch . although visual inspection upon arrival showed signs standing water . nthe driver picked black vehicle according witnesses across returned residence . nshe called station shortly thereafter , claimed injuries stated private tow enroute . nher vehicle however impounded world truck removed ditch . nshe later returned station interviewed officer randolph .",O,"[0.9999998807907104, 6.477492320300371e-08, 1.5284687293615207e-08]",O,"[1.0, 1.864608120683009e-11, 5.435353247806906e-15]",O,"[1.0, 0.0, 0.0]"
1166,1166,213094644,"unit 01 was traveling northbound on route 8 in the left lane. unit 02 was traveling route 8 northbound in the right lane. unit 02 stated that traffic stopped and as he tried to brake he started to hydroplane. unit 02 drove into the left lane and struck unit 01 on the passenger side, pushing unit 01 into the median.",20213094644,2021,O,6/1/2021 0:00,4,SSUMSR00008**C,S,SUM,17.902,41.303643,-81.517269,45976,17668.0,6/3/2021 0:00,5,5,N,2.0,N,Y,2.0,17,0,87000.0,,,N,17.902,SSUMSR00008**C,N,1,2100157,4,6,N,3,0,2,MACEDONIA,1,N,Y,N,4.0,N,0.038,,Y,,N,MACEDONIA,N,,0,,STATE ROUTE 8 N,,8,SR,,,N,,,MACEDONIA COMMONS,1,,,,BLVD,N,N,N,0,0,N,2.0,0,2,1,,182206.0,N,17.902,16,Y,9,2,1,1,M,N,N,N,0,2,0,2,2,50,3,20,0,0,0,0,0,1,6,NT,1,40,58.0,1.0,2.0,1.0,1.0,F,,1.0,50.0,1.0,20.0,,,,,,1.0,6.0,NT,1.0,40.0,,,,,,,,,,,,,0,4,,"unit1 traveling left . unit2 traveling . unit2 stated traffic stopped tried brake started hydroplane . unit2 drove left struck unit1 passenger side , pushing unit1 median .",O,"[0.7548728585243225, 0.22968202829360962, 0.015445086173713207]",C,"[0.03704272210597992, 0.9604904055595398, 0.0024669079575687647]",C,"[0.372802734375, 0.61083984375, 0.0164947509765625]"
1167,1167,213094664,"unit#1 was traveling south bound on interstate 71 in the middle lane.ÃÂÃÂ¨ÃÂÃÂ¨ the driver of unit#1 stated that he hydroplaned due to the rain, ran off the left side of the roadway, struck the concrete barrier that forced him to the right across all lanes of travel coming to rest in the right lane.",20213094664,2021,O,6/1/2021 0:00,8,SHAMIR00071**N,S,HAM,10.135,39.174296,-84.398874,16882,16885.0,6/3/2021 0:00,13,5,N,2.0,Y,Y,1.0,18,0,39100.0,,,Y,10.014,SHAMIR00071**C,N,1,CR-2021-001187,1,6,N,1,0,1,COLUMBIA TOWNSHIP,1,,Y,N,6.0,Y,0.0,,N,,N,COLUMBIA TOWNSHIP,N,,0,,,HWY,71,IR,,10.0,N,,,10 0,2,,,,,N,N,N,0,0,N,2.0,0,2,2,,42837.0,N,10.135,37,Y,11,1,2,1,M,N,N,N,0,4,35,1,2,55,1,9,35,0,0,0,0,1,6,NT,1,0,,,,,,,,,,,,,,,,,,,,,,,,,,,,,,,,,,0,4,,"unit1 traveling interstate middle .ÃÂÃÂ¨ÃÂÃÂ¨ driver unit1 stated hydroplaned due rain , ran left side roadway , struck concrete barrier forced across lanes travel coming rest .",O,"[0.9999974966049194, 2.429466348985443e-06, 1.5507305306527996e-07]",C,"[0.3686104416847229, 0.630326509475708, 0.0010630168253555894]",O,"[0.60546875, 0.3837890625, 0.01045989990234375]"
1168,1168,213097959,"unit 2 was traveling north on ir-71 in lane number 2.ÃÂÃÂ¨ÃÂÃÂ¨ unit 1 was traveling north on ir-71 in lane number 1.ÃÂÃÂ¨ÃÂÃÂ¨ the driver of unit 1 stated his vehicle hydroplaned and he lost control.ÃÂÃÂ¨ÃÂÃÂ¨ unit 1 ran off the left side of the roadway and struck the concrete median.ÃÂÃÂ¨ÃÂÃÂ¨ unit 1 was redirected back into the lanes of travel and with its right side, struck unit 2 on the left side.ÃÂÃÂ¨ÃÂÃÂ¨ the driver of unit 1 was cited for failure to maintain reasonable control, 4511.202 of the orc.",20213097959,2021,AB,6/1/2021 0:00,8,SHAMIR00071**C,S,HAM,18.207,39.276944,-84.341593,75973,16885.0,6/7/2021 0:00,5,2,N,2.0,Y,Y,1.0,6,0,,,,Y,18.207,SHAMIR00071**C,Y,1,CR-2021-001222,1,6,N,1,1,2,SYCAMORE TOWNSHIP,1,,Y,N,8.0,Y,0.0,,N,,N,SYCAMORE TOWNSHIP,N,,0,,,,71,IR,,18.0,N,,,18 0,2,,,,,N,N,N,0,0,N,2.0,0,2,1,,56693.0,N,18.207,27,Y,11,2,1,1,M,N,N,N,0,3,35,1,2,65,1,9,35,20,0,0,0,1,6,NT,1,0,42.0,1.0,2.0,1.0,1.0,M,,2.0,65.0,1.0,20.0,,,,,,1.0,6.0,NT,15.0,,,,,,,,,,,,,,0,4,,"unit2 traveling ir number .ÃÂÃÂ¨ÃÂÃÂ¨ unit1 traveling ir number .ÃÂÃÂ¨ÃÂÃÂ¨ driver unit1 stated vehicle hydroplaned lost control.ÃÂÃÂ¨ÃÂÃÂ¨ unit1 ran left side roadway struck concrete median.ÃÂÃÂ¨ÃÂÃÂ¨ unit1 redirected back lanes travel side , struck unit2 left side.ÃÂÃÂ¨ÃÂÃÂ¨ driver unit1 cited failure maintain reasonable control , . orc .",O,"[0.8817847371101379, 0.10939592123031616, 0.008819260634481907]",C,"[0.10233798623085022, 0.8878136873245239, 0.009848296642303467]",C,"[0.01381683349609375, 0.97998046875, 0.0065765380859375]"
1169,1169,213098027,unit #1 and #2 were southbound i-71 at the 13.8 mile marker. unit #1 was in the middle lane and unit #2 was in the left lane operating in heavy rain when driver of unit #2 hydroplaned on standing water and failed to maintain control rotating to the right and entered unit #1's lane of travel. unit #1 struck the right front passenger's side of unit #2.,20213098027,2021,O,6/1/2021 0:00,12,SCUYIR00071**N,S,CUY,13.784,41.445498,-81.768635,16000,17668.0,6/7/2021 0:00,5,2,N,2.0,N,Y,1.0,6,0,,,,Y,13.742,SCUYIR00071**C,N,2,CR-2021-001219,1,6,N,2,0,2,CLEVELAND,1,,Y,N,8.0,Y,0.0,,Y,,N,SYCAMORE TOWNSHIP,N,,0,,,HWY,71,IR,,13.8,N,,,13 8,2,,,,,N,N,N,0,0,N,1.0,0,6,1,,56633.0,N,242.475,23,Y,1,1,2,1,F,N,N,N,0,3,0,2,2,65,1,20,0,0,0,0,0,1,6,NT,1,60,52.0,1.0,1.0,2.0,1.0,M,,1.0,65.0,1.0,20.0,,,,,,1.0,6.0,NT,1.0,63.0,,,,,,,,,,,,,0,4,,unit1 . mile marker . unit1 middle unit2 left operating heavy rain driver unit2 hydroplaned standing water failed maintain control rotating entered unit1 's travel . unit1 struck front passenger 's side unit2 .,C,"[0.0016891638515517116, 0.9523043632507324, 0.04600648954510689]",O,"[0.9987346529960632, 0.0012627746909856796, 2.5621397981012706e-06]",O,"[0.9951171875, 0.004535675048828125, 0.0004353523254394531]"
1170,1170,213099148,the driver of unit #1 stated she was 71 s/b to 670 e/b when she hydroplaned and lost control. unit #1 struck the guardrail and came to a rest in the grassy area between the guardrails. all airbags deployed. the driver sustained minor injuries to head and should. driver refused medical.,20213099148,2021,AB,6/1/2021 0:00,6,SFRAIR00071**N,S,FRA,18.615,39.979371,-82.984103,18000,19234.0,6/2/2021 0:00,13,4,N,2.0,Y,Y,1.0,6,0,28200.0,,,Y,18.63,SFRAIR00071**C,N,2,210390458,1,6,N,0,1,1,COLUMBUS,1,N,Y,N,8.0,Y,0.002,IR,Y,,N,COLUMBUS,N,,0,,I 71 E,,71,IR,,,N,,,I 670 E,1,670,IR,,,N,N,N,0,0,N,1.0,0,2,4,,91003.0,N,109.659,20,Y,99,1,2,1,F,N,N,N,0,1,30,1,2,55,1,9,30,44,0,0,0,1,6,NT,1,45,,,,,,,,,,,,,,,,,,,,,,,,,,,,,,,,,,0,4,,driver unit1 stated hydroplaned lost control . unit1 struck guardrail came rest grassy area guardrails . airbags deployed . driver sustained minor injuries head . driver refused medical .,C,"[2.163346152883605e-06, 0.9999974966049194, 3.4745133348224044e-07]",C,"[2.879726821447548e-07, 0.9999997615814209, 5.15433846715041e-08]",C,"[2.9206275939941406e-06, 1.0, 5.960464477539063e-08]"