,id,OBJECTID,Narrative,DOCUMENT_NBR,CRASH_YR,CRASH_SEVERITY_CD,CRASH_MONTH_YEAR,DISTRICT_NBR,NLFID,NLF_JUR_CD,NLF_COUNTY_CD,COUNTY_LOG_NBR,ODOT_LATITUDE_NBR,ODOT_LONGITUDE_NBR,ODOT_FIPS_CD,AREA_CODE,CRASH_DATE,CRASH_TYPE_CD,DAY_IN_WEEK_CD,DISTRACTED_DRIVER_IND,FACILITY_TYPE_CD,FHWA_RDWY_DEPARTURE_IND,FREEWAY_IND,FUNCTIONAL_CLASS_CD,HOUR_OF_CRASH,INCAPAC_INJURIES_NBR,INTERCHANGE_ID,INTERSECTION_ID_CURRENT,INTERSECTION_LEG_ID,INTERSTATE_IND,INV_LOG_NBR,INV_NLFID,IS_COMMERCIAL_RELATED,LIGHT_COND_PRIMARY_CD,LOCAL_REPORT_NUMBER_ID,MAINTENANCE_AUTHORITY_CD,MONTH_OF_CRASH,NHS_CD,NO_INJURY_REPORTED_NBR,NON_INCAPAC_INJURIES_NBR,NUMBER_OF_UNITS_NBR,ODOT_CITY_VILLAGE_TWP_NME,ODOT_CRASH_LOCATION_CD,ODOT_DIR_FROM_REF_CD,ODOT_DIV_UNDIV_IND,ODOT_INTERSECTION_REL_IND,ODOT_LANES_NBR,ODOT_MAINTAINED_HWY_IND,ODOT_MILES_FROM_REF_NBR,ODOT_REF_ROUTE_PREFIX_CD,ODOT_YOUNG_DRIVER_IND,ODPS_ADDRESS_REFERENCE,ODPS_ALCOHOL_IND,ODPS_CITY_VILLAGE_TWP_NME,ODPS_DRUG_IND,ODPS_LOC_DIR_SUFFIX_CD,ODPS_LOC_IN_WORK_ZONE_CD,ODPS_LOC_ROAD_DIRECTION_CD,ODPS_LOC_ROAD_NME,ODPS_LOC_ROAD_SUFFIX_CD,ODPS_LOC_ROUTE_ID,ODPS_LOC_ROUTE_PREFIX_CD,ODPS_LOC_ROUTE_SUFFIX_CD,ODPS_MILEPOST_REFERENCE,ODPS_MOTORCYCLE_IND,ODPS_REF_DIR_SUFFIX_CD,ODPS_REF_DIRECTION_CD,ODPS_REF_GIVEN,ODPS_REF_POINT_USED_CD,ODPS_REF_ROUTE_ID,ODPS_REF_ROUTE_PREFIX_CD,ODPS_REF_ROUTE_SUFFIX_CD,ODPS_REF_SUFFIX_CD,ODPS_SCHOOL_ZONE_IND,ODPS_SENIOR_DRIVER_IND,ODPS_SPEED_IND,ODPS_TOTAL_FATALITIES_NBR,ODPS_TYPE_OF_WORK_ZONE_CD,ODPS_WORK_ZONE_IND,OPER_ACCESS_CONTROL_CD,POSSIBLE_INJURIES_NBR,ROAD_COND_PRIMARY_CD,ROAD_CONTOUR_CD,SA_RAMP_ID,SA_SEGMENT_ID,SECONDARY_CRASH,STATE_TRUE_LOG_NBR,U1_AGE_NBR,U1_AT_FAULT_IND,U1_CONT_CIR_PRIMARY_CD,U1_DIRECTION_FROM_CD,U1_DIRECTION_TO_CD,U1_DISTRACTED_BY_1_CD,U1_GENDER_CD,U1_IS_ALCOHOL_SUSPECTED,U1_IS_MARIJUANA_SUSPECTED,U1_IS_OTHER_DRUG_SUSPECTED,U1_NON_MOTORIST_LOC_CD,U1_NUMBER_OF_THRU_LANES,U1_OBJECT_STRUCK,U1_ODPS_UNIT_NBR,U1_OPERATINGIN_AUTONOMOUS_MODE,U1_POSTED_SPEED_NBR,U1_PRECRASH_ACTION_CD,U1_SEQ_OF_EVENTS_1_CD,U1_SEQ_OF_EVENTS_2_CD,U1_SEQ_OF_EVENTS_3_CD,U1_SEQ_OF_EVENTS_4_CD,U1_SEQ_OF_EVENTS_5_CD,U1_SEQ_OF_EVENTS_6_CD,U1_SPECIAL_FUNCTION_CD,U1_TRAFFIC_CONTROL_CD,U1_TURN_CD,U1_TYPE_OF_UNIT_CD,U1_UNIT_SPEED_NBR,U2_AGE_NBR,U2_CONT_CIR_PRIMARY_CD,U2_DIRECTION_FROM_CD,U2_DIRECTION_TO_CD,U2_DISTRACTED_BY_1_CD,U2_GENDER_CD,U2_NON_MOTORIST_LOC_CD,U2_ODPS_UNIT_NBR,U2_POSTED_SPEED_NBR,U2_PRECRASH_ACTION_CD,U2_SEQ_OF_EVENTS_1_CD,U2_SEQ_OF_EVENTS_2_CD,U2_SEQ_OF_EVENTS_3_CD,U2_SEQ_OF_EVENTS_4_CD,U2_SEQ_OF_EVENTS_5_CD,U2_SEQ_OF_EVENTS_6_CD,U2_SPECIAL_FUNCTION_CD,U2_TRAFFIC_CONTROL_CD,U2_TURN_CD,U2_TYPE_OF_UNIT_CD,U2_UNIT_SPEED_NBR,U3_CONT_CIR_PRIMARY_CD,U3_ODPS_UNIT_NBR,U3_PRECRASH_ACTION_CD,U3_SEQ_OF_EVENTS_1_CD,U3_SEQ_OF_EVENTS_2_CD,U3_SEQ_OF_EVENTS_3_CD,U3_SEQ_OF_EVENTS_4_CD,U3_SEQ_OF_EVENTS_5_CD,U3_SEQ_OF_EVENTS_6_CD,U3_SPECIAL_FUNCTION_CD,U3_TRAFFIC_CONTROL_CD,U3_TYPE_OF_UNIT_CD,UNRESTRAIN_OCCUPANTS,WEATHER_COND_CD,V1,clean_Narrative,BERT_predictions,BERT_prediction_probabilities,RoBERTa_predictions,RoBERTa_predictions_probabilities,distilBERT_predictions,distilBERT_predictions_probabilities
1171,1171,213099363,"unit #1 was traveling on i-271 south near the us 422 overpass in the number 1 lane. unit #1 struck a puddle of water, causing the vehicle to hydroplane across the roadway right. unit #1 struck the right hand guard rail with the front right side of the vehicle. the impact from the collision caused unit #1 to travel over the guard rail, where it came to a final rest.",20213099363,2021,C,6/1/2021 0:00,12,SCUYIR00271**N,S,CUY,5.921,41.433137,-81.50277,80990,17668.0,6/9/2021 0:00,17,4,N,2.0,Y,Y,1.0,18,0,18400.0,d7f419d3-4934-4f6b-988a-3ed6d2202850,660afa78-cbe5-4691-a7a2-b3a3cf560ed8,Y,5.892,SCUYIR00271**C,N,2,20211561,1,6,N,0,0,1,WARRENSVILLE HEIGHTS,1,N,Y,N,5.0,Y,0.009,IR,Y,,N,WARRENSVILLE HEIGHTS,N,,0,,I 271 S,,271,IR,,,N,,,US ROUTE 422 S,1,422,US,,,N,N,N,0,0,N,1.0,3,2,1,,81490.0,N,27.885,23,Y,99,1,2,1,F,N,N,N,0,2,0,1,2,65,1,8,0,0,0,0,0,1,6,NT,1,65,,,,,,,,,,,,,,,,,,,,,,,,,,,,,,,,,,0,4,,"unit1 traveling near us overpass number . unit1 struck puddle water , causing vehicle hydroplane across roadway . unit1 struck guard rail front side vehicle . impact collision caused unit1 travel guard rail , came final rest .",O,"[0.9722617268562317, 0.026361916214227676, 0.0013763799797743559]",C,"[0.4923444092273712, 0.5045484304428101, 0.003107155440375209]",O,"[0.8984375, 0.0972900390625, 0.004093170166015625]"
1172,1172,213099514,"unit 1 was traveling south on ir71 in the 3rd from the left lane. unit 1 hydroplaned, losing control. unit 1 spun striking the median.",20213099514,2021,AB,6/1/2021 0:00,3,SRICIR00071**N,S,RIC,7.39,40.653688,-82.543287,81578,99999.0,6/9/2021 0:00,13,4,N,2.0,Y,Y,1.0,8,0,75800.0,,,Y,7.416,SRICIR00071**C,N,1,2.021E+12,1,6,N,0,1,1,WASHINGTON TOWNSHIP,1,,Y,N,6.0,Y,0.0,IR,N,,N,NORWOOD,N,,0,S,I 71 Sb Exwy,HWY,71,IR,,7.5,N,S,,7 5,2,,IR,,,N,N,Y,0,0,N,1.0,0,2,1,,42852.0,N,165.481,56,Y,22,1,2,1,F,N,N,N,0,4,35,1,0,55,1,35,0,0,0,0,0,1,6,NT,1,60,,,,,,,,,,,,,,,,,,,,,,,,,,,,,,,,,,0,4,,"unit1 traveling left . unit1 hydroplaned , losing control . unit1 spun striking median .",O,"[0.9924209713935852, 0.006793154403567314, 0.0007858722237870097]",O,"[0.6297447681427002, 0.3646732270717621, 0.0055819726549088955]",O,"[0.83740234375, 0.1480712890625, 0.01441192626953125]"
1173,1173,213099729,unit #1 was traveling east on houseman road. unit #2 was traveling west on houseman road. unit #1 hydroplaned and went left of center and collided head on with unit #2. 120tc,20213099729,2021,AB,6/1/2021 0:00,6,TDELTR00171**C,T,DEL,1.134,40.320551,-83.180119,70842,99999.0,6/8/2021 0:00,1,3,N,,N,N,7.0,17,0,,,,N,1.134,TDELTR00171**C,N,1,2.021E+13,3,6,,1,1,2,SCIOTO TOWNSHIP,1,E,N,N,2.0,N,0.002,,N,5715,N,SCIOTO TOWNSHIP,N,,0,,HOUSEMAN,RD,171,,,,N,,,,3,,,,,N,N,N,0,0,N,,1,2,1,,224428.0,N,1.134,27,Y,7,4,9,1,M,N,N,N,0,2,0,1,9,50,1,20,0,0,0,0,0,1,6,NT,3,35,63.0,1.0,3.0,,1.0,M,,2.0,50.0,1.0,20.0,,,,,,1.0,6.0,,1.0,10.0,,,,,,,,,,,,,0,4,,unit1 traveling houseman . unit2 traveling houseman . unit1 hydroplaned went left center collided head unit2 . 12tc,C,"[0.0022108121775090694, 0.990088164806366, 0.007701024878770113]",C,"[0.013532061129808426, 0.9700736403465271, 0.016394341364502907]",C,"[0.0132598876953125, 0.98193359375, 0.004764556884765625]"
1174,1174,213100061,"unit #1 was traveling northbound in the center lane of i.r. 71, at mp #14.2. the driver of unit #1 states, that the vehicle hydroplaned from the center lane and caused unit #1 to run off the road left and strike the concrete barrier. as a result of hydroplaning, the vehicle turned and stuck the barrier on the passenger side and faced south in the northbound lane. owner of the concrete barrier is the ohio department of transportation (513) 821-1409, 1109 summit rd. cincinnati, oh. no injuries reported at scene.",20213100061,2021,O,6/1/2021 0:00,8,SHAMIR00071**C,S,HAM,14.387,39.228239,-84.366666,51716,16885.0,6/6/2021 0:00,13,1,N,2.0,Y,Y,1.0,20,0,,,,Y,14.387,SHAMIR00071**C,N,2,CR-2021-001218,1,6,N,4,0,1,MONTGOMERY,1,,Y,N,6.0,Y,0.0,,N,,N,SYCAMORE TOWNSHIP,N,,0,N,I 71 NB,HWY,71,IR,,14.2,N,,,14 2,2,,,,,N,N,Y,0,0,N,2.0,0,2,1,,45314.0,N,14.387,36,Y,5,2,1,9,M,N,N,N,0,4,35,1,2,65,1,9,35,0,0,0,0,1,6,NT,1,65,,,,,,,,,,,,,,,,,,,,,,,,,,,,,,,,,,0,4,,"unit1 traveling center i.r . , mp .. driver unit1 states , vehicle hydroplaned center caused unit1 run left strike concrete barrier . result hydroplaning , vehicle turned stuck barrier passenger side faced . owner concrete barrier ohio department transportation , summit cincinnati , oh . injuries reported scene .",O,"[0.9999997615814209, 2.1534819438784325e-07, 4.581443491247228e-08]",O,"[1.0, 8.115775829153904e-10, 2.1420549795730937e-13]",O,"[1.0, 0.0, 0.0]"
1175,1175,213100971,"on june 10, 2021 deputies responded to columbus pike north bound, approximately .50 miles south of east hidden ravines. matthew graver was driving unit 1 with an attached trailer when he almost rear ended the car in front of him and swerved to the right to not hit the car, causing him to hydroplane into the ditch, taking out some trees and causing damage to his vehicle. mr. graver had his seat belt on, was traveling approximately 40 mph, and the air bags did not deploy. a citation was issued for failure to control. mr. graver called aaa for his own tow. 045aj.",20213100971,2021,O,6/1/2021 0:00,6,SDELUS00023**C,S,DEL,2.333,40.170515,-83.020876,58618,19234.0,6/9/2021 0:00,13,4,N,2.0,Y,N,3.0,14,0,,74308014-6f79-45c6-b4b5-d1932d0d9a35,965420b8-d5b6-4f4a-9b74-7f9fabab8e5c,N,2.333,SDELUS00023**C,N,1,2.021E+13,1,6,H,1,0,1,ORANGE TOWNSHIP,1,S,N,N,4.0,Y,0.5,TR,N,,N,ORANGE TOWNSHIP,N,,0,,,,23,US,,,N,,E,HIDDEN RAVINES,1,,,,DR,N,N,N,0,0,N,3.0,0,2,1,,261210.0,N,105.303,41,Y,15,2,9,1,M,N,N,N,0,2,48,1,0,45,9,44,48,48,0,0,0,1,6,NT,1,40,,,,,,,,,,,,,,,,,,,,,,,,,,,,,,,,,,0,4,,"june , deputies responded columbus pike , approximately . miles hidden ravines . matthew graver driving unit1 attached trailer almost rear ended car front swerved hit car , causing hydroplane ditch , taking trees causing damage vehicle . mr. graver seat belt , traveling approximately mph , air bags deploy . citation issued failure control . mr. graver called aaa tow . 45aj .",O,"[0.9998001456260681, 0.00016870572289917618, 3.127361924271099e-05]",O,"[0.9986862540245056, 0.0013109148712828755, 2.8016456781188026e-06]",O,"[1.0, 9.5367431640625e-05, 2.1457672119140625e-05]"
1176,1176,213101550,"while on patrol i came across a one car accident on us 30 (eastbound) just west of lincoln highway overpass. there was a white car in the ditchÃÂÃÂ¨ÃÂÃÂ¨ on the south side of us rt 30, and no driver was located. the car looked to be going east on us rt 30, lost control, spun out, and went off the south side of the road into the ditch. the car went off of the roadway at an angle and into the ditch. the driver of unit 1, being nicholas trejo , later returned to the scene and stated he was the driver of the car. trejo stated he was east on us 30 and hydroplaned from water laying on the road and lost control. he stated the car spun around and went off the south side of the road and came to rest in a ditch. trejo stated he had no license and his sister-in-law owns the car. he also stated there was no damage that he could see, but unknown if any damage under the car.",20213101550,2021,O,6/1/2021 0:00,1,SVANUS00030**C,S,VAN,20.375,40.871778,-84.449656,66978,99999.0,6/8/2021 0:00,13,3,N,2.0,Y,N,3.0,13,0,,,,N,20.375,SVANUS00030**C,N,1,21-06-001825,1,6,N,1,0,1,RIDGE TOWNSHIP,1,W,Y,N,4.0,Y,0.1,,N,,N,RIDGE TOWNSHIP,N,,0,,US ROUTE 30 E,,30,US,,,N,,,LINCOLN,1,,,,HWY,N,N,Y,0,0,N,2.0,0,2,1,,284947.0,N,21.549,27,Y,5,4,3,1,M,N,N,N,0,2,44,1,2,70,1,8,44,0,0,0,0,1,6,NT,1,60,,,,,,,,,,,,,,,,,,,,,,,,,,,,,,,,,,0,4,,"patrol came across one car accident us lincoln overpass . white car ditchÃÂÃÂ¨ÃÂÃÂ¨ side us , driver located . car looked going us , lost control , spun , went side ditch . car went roadway angle ditch . driver unit1 , nicholas trejo , later returned scene stated driver car . trejo stated us hydroplaned water laying lost control . stated car spun around went side came rest ditch . trejo stated license sisterinlaw owns car . also stated damage could see , unknown damage car .",O,"[0.9999995231628418, 4.890923719358398e-07, 3.957216776484529e-08]",O,"[0.9969527721405029, 0.0030401148833334446, 7.187861683632946e-06]",O,"[1.0, 8.940696716308594e-06, 4.172325134277344e-07]"
1177,1177,213101770,"driver of unit #1 was traveling northbound on 270, just south of the morse rd, when unit #1 hydroplaned causing the driver to lose control. unit #1 left the roadway to the left, striking the guardrail. cfd medic 28 responded to scene, no transport needed. unit #1 was disabled and towed by j&j. driver of unit #1 was cited for failure to control.",20213101770,2021,O,5/1/2021 0:00,6,SFRAIR00270**N,S,FRA,32.923,40.04808,-82.901961,18000,19234.0,5/9/2021 0:00,13,1,N,2.0,N,Y,1.0,11,0,27900.0,,,Y,32.93,SFRAIR00270**C,N,1,210322093,1,5,N,3,0,1,COLUMBUS,1,S,Y,N,6.0,Y,0.341,,N,,N,COLUMBUS,N,,0,,I 270 N,,270,IR,,,N,,,MORSE,1,,,,RD,N,N,N,0,0,N,1.0,0,2,1,,34871.0,N,32.923,39,Y,99,2,1,1,F,N,N,N,0,4,30,1,0,65,1,13,9,30,0,0,0,1,6,NT,1,60,,,,,,,,,,,,,,,,,,,,,,,,,,,,,,,,,,0,4,,"driver unit1 traveling , morse , unit1 hydroplaned causing driver lose control . unit1 left roadway left , striking guardrail . cfd medic responded scene , transport needed . unit1 disabled towed j & j . driver unit1 cited failure control .",O,"[0.9999889135360718, 1.06067382148467e-05, 5.010485324419278e-07]",O,"[0.9975798726081848, 0.0024109312798827887, 9.271798262489028e-06]",O,"[0.9990234375, 0.0005311965942382812, 3.343820571899414e-05]"
1178,1178,213106329,"unit #1 was traveling southbound on ir71 in the right lane of travel. due to have rain fall unit #1 began to hydroplane and spun around , facing the opposite direction. unit #1 ran off the right side of the roadway and struck a traffic sign. unit #1 continued traveling southbound until it struck a tree. the collisions caused damage to, both, unit #1 and the traffic sign.ÃÂÃÂ¨ÃÂÃÂ¨ÃÂÃÂ¨ÃÂÃÂ¨the traffic sign is property of odot: 1400 e. seymour ave.ÃÂÃÂ¨ÃÂÃÂ¨ÃÂÃÂ¨ÃÂÃÂ¨ ÃÂÃÂ¨ÃÂÃÂ¨ ÃÂÃÂ¨ÃÂÃÂ¨ ÃÂÃÂ¨ÃÂÃÂ¨ ÃÂÃÂ¨ÃÂÃÂ¨ ÃÂÃÂ¨ÃÂÃÂ¨ ÃÂÃÂ¨ÃÂÃÂ¨ ÃÂÃÂ¨ÃÂÃÂ¨ ÃÂÃÂ¨ÃÂÃÂ¨ ÃÂÃÂ¨ÃÂÃÂ¨ ÃÂÃÂ¨ÃÂÃÂ¨ ÃÂÃÂ¨ÃÂÃÂ¨ ÃÂÃÂ¨ÃÂÃÂ¨ ÃÂÃÂ¨ÃÂÃÂ¨ ÃÂÃÂ¨ÃÂÃÂ¨ ÃÂÃÂ¨ÃÂÃÂ¨ ÃÂÃÂ¨ÃÂÃÂ¨ ÃÂÃÂ¨ÃÂÃÂ¨ ÃÂÃÂ¨ÃÂÃÂ¨ ÃÂÃÂ¨ÃÂÃÂ¨ ÃÂÃÂ¨ÃÂÃÂ¨ ÃÂÃÂ¨ÃÂÃÂ¨ ÃÂÃÂ¨ÃÂÃÂ¨ ÃÂÃÂ¨ÃÂÃÂ¨ ÃÂÃÂ¨ÃÂÃÂ¨ ÃÂÃÂ¨ÃÂÃÂ¨ ÃÂÃÂ¨ÃÂÃÂ¨ ÃÂÃÂ¨ÃÂÃÂ¨ ÃÂÃÂ¨ÃÂÃÂ¨ ÃÂÃÂ¨ÃÂÃÂ¨ ÃÂÃÂ¨ÃÂÃÂ¨ ÃÂÃÂ¨ÃÂÃÂ¨ ÃÂÃÂ¨ÃÂÃÂ¨ cincinnati, ohio 45237ÃÂÃÂ¨ÃÂÃÂ¨ÃÂÃÂ¨ÃÂÃÂ¨ ÃÂÃÂ¨ÃÂÃÂ¨ ÃÂÃÂ¨ÃÂÃÂ¨ ÃÂÃÂ¨ÃÂÃÂ¨ ÃÂÃÂ¨ÃÂÃÂ¨ ÃÂÃÂ¨ÃÂÃÂ¨ ÃÂÃÂ¨ÃÂÃÂ¨ ÃÂÃÂ¨ÃÂÃÂ¨ ÃÂÃÂ¨ÃÂÃÂ¨ ÃÂÃÂ¨ÃÂÃÂ¨ ÃÂÃÂ¨ÃÂÃÂ¨ ÃÂÃÂ¨ÃÂÃÂ¨ ÃÂÃÂ¨ÃÂÃÂ¨ ÃÂÃÂ¨ÃÂÃÂ¨ ÃÂÃÂ¨ÃÂÃÂ¨ ÃÂÃÂ¨ÃÂÃÂ¨ ÃÂÃÂ¨ÃÂÃÂ¨ ÃÂÃÂ¨ÃÂÃÂ¨ ÃÂÃÂ¨ÃÂÃÂ¨ ÃÂÃÂ¨ÃÂÃÂ¨ ÃÂÃÂ¨ÃÂÃÂ¨ ÃÂÃÂ¨ÃÂÃÂ¨ ÃÂÃÂ¨ÃÂÃÂ¨ ÃÂÃÂ¨ÃÂÃÂ¨ ÃÂÃÂ¨ÃÂÃÂ¨ ÃÂÃÂ¨ÃÂÃÂ¨ ÃÂÃÂ¨ÃÂÃÂ¨ ÃÂÃÂ¨ÃÂÃÂ¨ ÃÂÃÂ¨ÃÂÃÂ¨ ÃÂÃÂ¨ÃÂÃÂ¨ ÃÂÃÂ¨ÃÂÃÂ¨ ÃÂÃÂ¨ÃÂÃÂ¨ ÃÂÃÂ¨ÃÂÃÂ¨ 513-821-1409",20213106329,2021,O,6/1/2021 0:00,8,SHAMIR00071**N,S,HAM,10.135,39.174296,-84.398874,16882,16885.0,6/19/2021 0:00,13,7,N,2.0,N,Y,1.0,9,0,39100.0,,,Y,10.014,SHAMIR00071**C,N,1,CR-2021-001355,1,6,N,1,0,1,COLUMBIA TOWNSHIP,1,,Y,N,6.0,Y,0.0,,N,,N,SILVERTON,N,,3,,,HWY,71,IR,,10.0,N,,,10 0,2,,,,,N,Y,N,0,3,Y,2.0,0,2,3,,42837.0,N,10.135,68,Y,1,1,2,1,M,N,N,N,0,3,48,1,2,55,1,13,8,37,48,0,0,1,6,NT,2,0,,,,,,,,,,,,,,,,,,,,,,,,,,,,,,,,,,0,4,,"unit1 traveling travel . due rain fall unit1 began hydroplane spun around , facing opposite direction . unit1 ran side roadway struck traffic sign . unit1 continued traveling struck tree . collisions caused damage , , unit1 traffic sign.ÃÂÃÂ¨ÃÂÃÂ¨ÃÂÃÂ¨ÃÂÃÂ¨the traffic sign property odot : seymour .ÃÂÃÂ¨ÃÂÃÂ¨ÃÂÃÂ¨ÃÂÃÂ¨ ÃÂÃÂ¨ÃÂÃÂ¨ ÃÂÃÂ¨ÃÂÃÂ¨ ÃÂÃÂ¨ÃÂÃÂ¨ ÃÂÃÂ¨ÃÂÃÂ¨ ÃÂÃÂ¨ÃÂÃÂ¨ ÃÂÃÂ¨ÃÂÃÂ¨ ÃÂÃÂ¨ÃÂÃÂ¨ ÃÂÃÂ¨ÃÂÃÂ¨ ÃÂÃÂ¨ÃÂÃÂ¨ ÃÂÃÂ¨ÃÂÃÂ¨ ÃÂÃÂ¨ÃÂÃÂ¨ ÃÂÃÂ¨ÃÂÃÂ¨ ÃÂÃÂ¨ÃÂÃÂ¨ ÃÂÃÂ¨ÃÂÃÂ¨ ÃÂÃÂ¨ÃÂÃÂ¨ ÃÂÃÂ¨ÃÂÃÂ¨ ÃÂÃÂ¨ÃÂÃÂ¨ ÃÂÃÂ¨ÃÂÃÂ¨ ÃÂÃÂ¨ÃÂÃÂ¨ ÃÂÃÂ¨ÃÂÃÂ¨ ÃÂÃÂ¨ÃÂÃÂ¨ ÃÂÃÂ¨ÃÂÃÂ¨ ÃÂÃÂ¨ÃÂÃÂ¨ ÃÂÃÂ¨ÃÂÃÂ¨ ÃÂÃÂ¨ÃÂÃÂ¨ ÃÂÃÂ¨ÃÂÃÂ¨ ÃÂÃÂ¨ÃÂÃÂ¨ ÃÂÃÂ¨ÃÂÃÂ¨ ÃÂÃÂ¨ÃÂÃÂ¨ ÃÂÃÂ¨ÃÂÃÂ¨ ÃÂÃÂ¨ÃÂÃÂ¨ ÃÂÃÂ¨ÃÂÃÂ¨ cincinnati , ohio ÃÂÃÂ¨ÃÂÃÂ¨ÃÂÃÂ¨ÃÂÃÂ¨ ÃÂÃÂ¨ÃÂÃÂ¨ ÃÂÃÂ¨ÃÂÃÂ¨ ÃÂÃÂ¨ÃÂÃÂ¨ ÃÂÃÂ¨ÃÂÃÂ¨ ÃÂÃÂ¨ÃÂÃÂ¨ ÃÂÃÂ¨ÃÂÃÂ¨ ÃÂÃÂ¨ÃÂÃÂ¨ ÃÂÃÂ¨ÃÂÃÂ¨ ÃÂÃÂ¨ÃÂÃÂ¨ ÃÂÃÂ¨ÃÂÃÂ¨ ÃÂÃÂ¨ÃÂÃÂ¨ ÃÂÃÂ¨ÃÂÃÂ¨ ÃÂÃÂ¨ÃÂÃÂ¨ ÃÂÃÂ¨ÃÂÃÂ¨ ÃÂÃÂ¨ÃÂÃÂ¨ ÃÂÃÂ¨ÃÂÃÂ¨ ÃÂÃÂ¨ÃÂÃÂ¨ ÃÂÃÂ¨ÃÂÃÂ¨ ÃÂÃÂ¨ÃÂÃÂ¨ ÃÂÃÂ¨ÃÂÃÂ¨ ÃÂÃÂ¨ÃÂÃÂ¨ ÃÂÃÂ¨ÃÂÃÂ¨ ÃÂÃÂ¨ÃÂÃÂ¨ ÃÂÃÂ¨ÃÂÃÂ¨ ÃÂÃÂ¨ÃÂÃÂ¨ ÃÂÃÂ¨ÃÂÃÂ¨ ÃÂÃÂ¨ÃÂÃÂ¨ ÃÂÃÂ¨ÃÂÃÂ¨ ÃÂÃÂ¨ÃÂÃÂ¨ ÃÂÃÂ¨ÃÂÃÂ¨ ÃÂÃÂ¨ÃÂÃÂ¨ ÃÂÃÂ¨ÃÂÃÂ¨",O,"[0.9146749377250671, 0.07366611063480377, 0.011659018695354462]",O,"[0.9990369081497192, 0.0009467227500863373, 1.6467678506160155e-05]",O,"[0.8251953125, 0.1669921875, 0.00815582275390625]"
1179,1179,213106938,unit 1 was traveling on i-480 east at milepost 15.2 in lane one. unit 2 was at the same location in lane three. unit 3 was at the same location in lane two. unit 3 hydroplaned and fish tailed and then entered lane one. the left rear of unit 3 struck the right side of unit 1. then the front left of unit 3 struck the front right of unit 1. unit 1 then went off the left side of the road and struck the concrete median with it s front left. unit 3 spun out and was struck on the left front by unit 2 s front right.,20213106938,2021,C,6/1/2021 0:00,12,SCUYIR00480**N,S,CUY,12.826,41.422239,-81.738687,9246,17668.0,6/20/2021 0:00,5,1,N,2.0,N,Y,1.0,15,0,19900.0,,,Y,12.835,SCUYIR00480**C,N,1,2120076109,1,6,N,4,0,3,BROOKLYN,1,,Y,N,8.0,Y,0.0,,N,,N,BROOKLYN,N,,0,,,,480,IR,,15.2,N,,,,2,,,,,N,N,Y,0,0,N,1.0,1,2,1,,45577.0,N,15.13,28,Y,5,4,3,1,F,N,N,N,0,4,0,3,2,60,1,20,20,0,0,0,0,1,6,NT,1,60,58.0,1.0,4.0,3.0,1.0,F,,2.0,60.0,1.0,20.0,,,,,,1.0,6.0,NT,1.0,60.0,1.0,1.0,1.0,20.0,9.0,35.0,,,,1.0,6.0,1.0,0,4,,unit1 traveling milepost . one . unit2 location three . unit3 location two . unit3 hydroplaned fish tailed entered one . left rear unit3 struck side unit1 . front left unit3 struck front unit1 . unit1 went left side struck concrete median front left . unit3 spun struck left front unit2 front .,C,"[0.018360191956162453, 0.773819088935852, 0.20782074332237244]",C,"[0.002357493620365858, 0.9950207471847534, 0.002621820429340005]",AB,"[0.0049285888671875, 0.1947021484375, 0.7998046875]"
1180,1180,213107720,unit 1 was traveling north on ir71. due to the heavy rain unit 1 lost control and hydroplane into the median.,20213107720,2021,O,6/1/2021 0:00,8,SHAMIR00071**C,S,HAM,6.307,39.146839,-84.453257,57386,16885.0,6/19/2021 0:00,13,7,N,2.0,Y,Y,1.0,9,0,,5b6ab688-abbb-4243-bb29-5d056fa24318,69c96267-e93a-4591-afd1-e89bedf2d490,Y,6.307,SHAMIR00071**C,N,1,2.021E+12,1,6,N,1,0,1,NORWOOD,1,,Y,N,8.0,Y,0.0,IR,N,,N,NORWOOD,N,,0,N,I71 Nb Exwy,HWY,71,IR,,6.1,N,N,,6 1,2,,IR,,,N,N,Y,0,0,N,2.0,0,2,1,,45309.0,N,6.307,27,Y,5,2,1,1,M,N,N,N,0,4,35,1,0,55,1,35,0,0,0,0,0,1,6,NT,1,55,,,,,,,,,,,,,,,,,,,,,,,,,,,,,,,,,,0,4,,unit1 traveling . due heavy rain unit1 lost control hydroplane median .,O,"[0.9994181394577026, 0.0005604230682365596, 2.1471923901117407e-05]",O,"[0.9999854564666748, 1.4468084373220336e-05, 1.1216795314794581e-07]",O,"[0.9921875, 0.007114410400390625, 0.00034356117248535156]"
1181,1181,213107819,"unit 1 was traveling eastbound on cooper foster park road near hollstein drive. the operator of unit 1 advised he hydroplaned, causing his vehicle to strike the end of the guardrail, ultimately ending off the roadway. unit 1 sustained a broken front bumper, dented hood, and scratches to the front bumper.",20213107819,2021,O,6/1/2021 0:00,3,TLORTR00033**C,T,LOR,4.862,41.412615,-82.230136,1798,51364.0,6/20/2021 0:00,13,1,N,,Y,N,4.0,14,0,,,,N,4.862,TLORTR00033**C,N,1,2021-00006168,4,6,,1,0,1,AMHERST,1,E,N,N,2.0,N,0.076,,Y,,N,AMHERST,N,,0,,COOPER FOSTER PARK,RD,,,,,N,,,Hollstein,1,,,,DR,N,N,N,0,0,N,,0,2,3,,158170.0,N,4.862,18,Y,99,4,3,1,M,N,N,N,0,2,31,1,0,25,13,8,31,0,0,0,0,1,6,NT,1,23,,,,,,,,,,,,,,,,,,,,,,,,,,,,,,,,,,0,4,,"unit1 traveling cooper foster park near hollstein . operator unit1 advised hydroplaned , causing vehicle strike end guardrail , ultimately ending roadway . unit1 sustained broken front bumper , dented hood , scratches front bumper .",O,"[0.9986949563026428, 0.0012169134570285678, 8.814712055027485e-05]",O,"[0.9999873638153076, 1.2552408406918403e-05, 6.085986825610235e-08]",O,"[1.0, 2.1457672119140625e-06, 1.1920928955078125e-07]"
1182,1182,213108082,"the driver of unit #1 states that she was traveling north on i- 271, near the 21.2 mile post, when her unit hydroplaned on the wet roadway. driver #1 states that she lost control of her vehicle, traveled off the right side of the roadway and struck the concrete barrier. driver #1 states that her unit then went across the lanes of travel and off the left side of the roadway where her unit came to rest.",20213108082,2021,O,6/1/2021 0:00,4,SSUMIR00271**C,S,SUM,14.821,41.34416,-81.510762,45976,17668.0,6/21/2021 0:00,13,2,N,2.0,Y,Y,1.0,13,0,,,,Y,14.821,SSUMIR00271**C,N,1,2100178,1,6,N,2,0,1,MACEDONIA,1,S,Y,N,6.0,Y,0.009,,Y,,N,MACEDONIA,N,,0,,,,271,IR,,21.2,N,,,21 2,2,,,,,N,N,N,0,0,N,1.0,0,2,3,,34938.0,N,21.545,17,Y,99,2,1,1,F,N,N,N,0,3,54,1,0,60,1,8,54,9,0,0,0,1,6,NT,3,60,,,,,,,,,,,,,,,,,,,,,,,,,,,,,,,,,,0,4,,"driver unit1 states traveling , near . mile post , unit hydroplaned wet roadway . driver states lost control vehicle , traveled side roadway struck concrete barrier . driver states unit went across lanes travel left side roadway unit came rest .",O,"[0.999752938747406, 0.0002393673494225368, 7.714987987128552e-06]",O,"[0.987025797367096, 0.012883535586297512, 9.064767800737172e-05]",C,"[0.05419921875, 0.94189453125, 0.0037021636962890625]"
1183,1183,213108329,"as the operator of unit #1 took the i/r 74 ramp from i/r 275, her vehicle hydroplaned on the wet asphalt, causing her to lose control of her vehicle and strike the barrier off to the right side of the ramp. this caused property damage only to unit #1.",20213108329,2021,O,6/1/2021 0:00,8,SHAMIR00275**N,S,HAM,11.122,39.215369,-84.67651,16616,16885.0,6/21/2021 0:00,13,2,N,2.0,Y,Y,1.0,22,0,,3b5ac5a7-54bd-44a8-9ad1-dd574267b1ac,d51a8aa4-7799-4316-8c86-57b8947313a9,Y,10.888,SHAMIR00275**C,N,3,621211256,1,6,N,1,0,1,COLERAIN TOWNSHIP,1,,Y,N,6.0,Y,0.0,RA,Y,,N,COLERAIN TOWNSHIP,N,,0,,I 275 N,,275,IR,,,N,,,I 74 E,1,74,IR,,,N,N,Y,0,0,N,1.0,0,2,4,,45548.0,N,28.722,21,Y,5,5,8,1,F,N,N,N,0,1,35,1,0,65,13,35,0,0,0,0,0,1,6,NT,1,35,,,,,,,,,,,,,,,,,,,,,,,,,,,,,,,,,,0,4,,"operator unit1 took r ramp r , vehicle hydroplaned wet asphalt , causing lose control vehicle strike barrier side ramp . caused property damage unit1 .",O,"[0.9999998807907104, 8.231175741002517e-08, 1.767611834679883e-08]",O,"[0.9999998807907104, 8.087705083426044e-08, 1.4190424391102852e-09]",O,"[1.0, 0.0, 0.0]"
1184,1184,213108334,all units were traveling east on ir 275. unit #1 was in the right lane. unit #2 was in the middle right lane. unit #3 was in the left lane. unit #3 lost control and hydroplaned to the right. unit #1 struck unit #3. unit #1 came to rest against the right guardrail. unit #3 was then pushed back into the lanes of travel. unit #2 was unable to stop and struck unit #3 pushing it back into the center median wall.,20213108334,2021,C,6/1/2021 0:00,8,SHAMIR00275**N,S,HAM,41.2,39.060233,-84.418978,15000,16885.0,6/19/2021 0:00,5,7,N,2.0,N,Y,1.0,8,0,43700.0,,,Y,40.952,SHAMIR00275**C,Y,1,202101086,1,6,N,2,0,3,CINCINNATI,1,W,Y,N,6.0,Y,0.017,,N,,N,SPRINGDALE,N,,0,,IR 275,HWY,275,IR,,41.3,N,,,41 3,2,,,,,N,N,Y,0,0,N,1.0,1,2,1,,47370.0,N,72.68,30,Y,99,4,3,1,M,N,N,N,0,5,35,3,2,65,1,20,20,35,0,0,0,1,6,NT,1,70,35.0,1.0,4.0,3.0,1.0,M,,2.0,65.0,1.0,20.0,,,,,,1.0,6.0,NT,15.0,65.0,1.0,1.0,1.0,20.0,30.0,,,,,1.0,6.0,1.0,1,4,,units traveling . unit1 . unit2 middle . unit3 left . unit3 lost control hydroplaned . unit1 struck unit3 . unit1 came rest guardrail . unit3 pushed back lanes travel . unit2 unable stop struck unit3 pushing back center median wall .,C,"[0.019942402839660645, 0.8895624876022339, 0.09049510210752487]",C,"[0.008244871161878109, 0.6881775856018066, 0.3035775423049927]",AB,"[0.0216522216796875, 0.287353515625, 0.69091796875]"