,id,OBJECTID,Narrative,DOCUMENT_NBR,CRASH_YR,CRASH_SEVERITY_CD,CRASH_MONTH_YEAR,DISTRICT_NBR,NLFID,NLF_JUR_CD,NLF_COUNTY_CD,COUNTY_LOG_NBR,ODOT_LATITUDE_NBR,ODOT_LONGITUDE_NBR,ODOT_FIPS_CD,AREA_CODE,CRASH_DATE,CRASH_TYPE_CD,DAY_IN_WEEK_CD,DISTRACTED_DRIVER_IND,FACILITY_TYPE_CD,FHWA_RDWY_DEPARTURE_IND,FREEWAY_IND,FUNCTIONAL_CLASS_CD,HOUR_OF_CRASH,INCAPAC_INJURIES_NBR,INTERCHANGE_ID,INTERSECTION_ID_CURRENT,INTERSECTION_LEG_ID,INTERSTATE_IND,INV_LOG_NBR,INV_NLFID,IS_COMMERCIAL_RELATED,LIGHT_COND_PRIMARY_CD,LOCAL_REPORT_NUMBER_ID,MAINTENANCE_AUTHORITY_CD,MONTH_OF_CRASH,NHS_CD,NO_INJURY_REPORTED_NBR,NON_INCAPAC_INJURIES_NBR,NUMBER_OF_UNITS_NBR,ODOT_CITY_VILLAGE_TWP_NME,ODOT_CRASH_LOCATION_CD,ODOT_DIR_FROM_REF_CD,ODOT_DIV_UNDIV_IND,ODOT_INTERSECTION_REL_IND,ODOT_LANES_NBR,ODOT_MAINTAINED_HWY_IND,ODOT_MILES_FROM_REF_NBR,ODOT_REF_ROUTE_PREFIX_CD,ODOT_YOUNG_DRIVER_IND,ODPS_ADDRESS_REFERENCE,ODPS_ALCOHOL_IND,ODPS_CITY_VILLAGE_TWP_NME,ODPS_DRUG_IND,ODPS_LOC_DIR_SUFFIX_CD,ODPS_LOC_IN_WORK_ZONE_CD,ODPS_LOC_ROAD_DIRECTION_CD,ODPS_LOC_ROAD_NME,ODPS_LOC_ROAD_SUFFIX_CD,ODPS_LOC_ROUTE_ID,ODPS_LOC_ROUTE_PREFIX_CD,ODPS_LOC_ROUTE_SUFFIX_CD,ODPS_MILEPOST_REFERENCE,ODPS_MOTORCYCLE_IND,ODPS_REF_DIR_SUFFIX_CD,ODPS_REF_DIRECTION_CD,ODPS_REF_GIVEN,ODPS_REF_POINT_USED_CD,ODPS_REF_ROUTE_ID,ODPS_REF_ROUTE_PREFIX_CD,ODPS_REF_ROUTE_SUFFIX_CD,ODPS_REF_SUFFIX_CD,ODPS_SCHOOL_ZONE_IND,ODPS_SENIOR_DRIVER_IND,ODPS_SPEED_IND,ODPS_TOTAL_FATALITIES_NBR,ODPS_TYPE_OF_WORK_ZONE_CD,ODPS_WORK_ZONE_IND,OPER_ACCESS_CONTROL_CD,POSSIBLE_INJURIES_NBR,ROAD_COND_PRIMARY_CD,ROAD_CONTOUR_CD,SA_RAMP_ID,SA_SEGMENT_ID,SECONDARY_CRASH,STATE_TRUE_LOG_NBR,U1_AGE_NBR,U1_AT_FAULT_IND,U1_CONT_CIR_PRIMARY_CD,U1_DIRECTION_FROM_CD,U1_DIRECTION_TO_CD,U1_DISTRACTED_BY_1_CD,U1_GENDER_CD,U1_IS_ALCOHOL_SUSPECTED,U1_IS_MARIJUANA_SUSPECTED,U1_IS_OTHER_DRUG_SUSPECTED,U1_NON_MOTORIST_LOC_CD,U1_NUMBER_OF_THRU_LANES,U1_OBJECT_STRUCK,U1_ODPS_UNIT_NBR,U1_OPERATINGIN_AUTONOMOUS_MODE,U1_POSTED_SPEED_NBR,U1_PRECRASH_ACTION_CD,U1_SEQ_OF_EVENTS_1_CD,U1_SEQ_OF_EVENTS_2_CD,U1_SEQ_OF_EVENTS_3_CD,U1_SEQ_OF_EVENTS_4_CD,U1_SEQ_OF_EVENTS_5_CD,U1_SEQ_OF_EVENTS_6_CD,U1_SPECIAL_FUNCTION_CD,U1_TRAFFIC_CONTROL_CD,U1_TURN_CD,U1_TYPE_OF_UNIT_CD,U1_UNIT_SPEED_NBR,U2_AGE_NBR,U2_CONT_CIR_PRIMARY_CD,U2_DIRECTION_FROM_CD,U2_DIRECTION_TO_CD,U2_DISTRACTED_BY_1_CD,U2_GENDER_CD,U2_NON_MOTORIST_LOC_CD,U2_ODPS_UNIT_NBR,U2_POSTED_SPEED_NBR,U2_PRECRASH_ACTION_CD,U2_SEQ_OF_EVENTS_1_CD,U2_SEQ_OF_EVENTS_2_CD,U2_SEQ_OF_EVENTS_3_CD,U2_SEQ_OF_EVENTS_4_CD,U2_SEQ_OF_EVENTS_5_CD,U2_SEQ_OF_EVENTS_6_CD,U2_SPECIAL_FUNCTION_CD,U2_TRAFFIC_CONTROL_CD,U2_TURN_CD,U2_TYPE_OF_UNIT_CD,U2_UNIT_SPEED_NBR,U3_CONT_CIR_PRIMARY_CD,U3_ODPS_UNIT_NBR,U3_PRECRASH_ACTION_CD,U3_SEQ_OF_EVENTS_1_CD,U3_SEQ_OF_EVENTS_2_CD,U3_SEQ_OF_EVENTS_3_CD,U3_SEQ_OF_EVENTS_4_CD,U3_SEQ_OF_EVENTS_5_CD,U3_SEQ_OF_EVENTS_6_CD,U3_SPECIAL_FUNCTION_CD,U3_TRAFFIC_CONTROL_CD,U3_TYPE_OF_UNIT_CD,UNRESTRAIN_OCCUPANTS,WEATHER_COND_CD,V1,clean_Narrative,BERT_predictions,BERT_prediction_probabilities,RoBERTa_predictions,RoBERTa_predictions_probabilities,distilBERT_predictions,distilBERT_predictions_probabilities
1185,1185,213108505,the driver of unit #1 stated that they were driving in the left lane when the truck came over and hit them. the driver of unit #2 stated that he was changing lane and hydroplaned. he spun and hit the car in the lane beside him and then the center wall. unit #1 was west on i76w in the left lane. unit #2 was west on i76w in the second lane from the center. unit #2 was attempting to change lanes and lost control. unit #2 started to spin and struck the right side of unit #1. unit #2 then struck the center concrete median head on.,20213108505,2021,O,6/1/2021 0:00,4,SSUMIR00076**N,S,SUM,10.599,41.062536,-81.522924,1000,766.0,6/10/2021 0:00,5,5,N,2.0,Y,Y,1.0,23,0,,,,Y,10.64,SSUMIR00076**C,N,1,2021-00072817,1,6,N,3,0,2,AKRON,1,,Y,N,8.0,Y,0.0,,Y,,N,AKRON,N,,0,,,,76,IR,,22.4,N,,,22 4,2,,,,,N,N,N,0,0,N,1.0,0,2,1,,56798.0,N,22.747,32,Y,99,3,4,1,M,N,N,N,0,4,35,2,0,55,3,9,20,35,0,0,0,1,6,NT,4,0,20.0,1.0,3.0,4.0,1.0,M,,1.0,55.0,1.0,20.0,,,,,,1.0,6.0,NT,1.0,,,,,,,,,,,,,,0,4,,driver unit1 stated driving left truck came hit . driver unit2 stated changing hydroplaned . spun hit car beside center wall . unit1 left . unit2 second center . unit2 attempting change lanes lost control . unit2 started spin struck side unit1 . unit2 struck center concrete median head .,C,"[0.024928400292992592, 0.7843300700187683, 0.1907414197921753]",C,"[0.004961798433214426, 0.99469393491745, 0.00034424811019562185]",C,"[0.044097900390625, 0.9462890625, 0.00957489013671875]"
1186,1186,213108553,on 06-18-2021 unit 1 was westbound on us rt 30 near mentzer church road in tully township. unit 1 was in the slow lane and hydroplaned. unit 1 went into the median ad struck a tree in the middle of the median. all 4 occupants were taken to van wert health. the vehicle was towed by 2a's auto.,20213108553,2021,AB,6/1/2021 0:00,1,SVANUS00030**N,S,VAN,1.182,40.9785,-84.76603,77756,99999.0,6/18/2021 0:00,13,6,N,2.0,Y,N,3.0,8,0,,,,N,1.202,SVANUS00030**C,N,1,21-06-001955,1,6,N,0,3,1,TULLY TOWNSHIP,1,W,Y,N,4.0,Y,0.1,,N,,N,TULLY TOWNSHIP,N,,0,,US ROUTE 30 W,,30,US,,,N,,,MENTZER CHURCH,1,,,,RD,N,N,Y,0,0,N,2.0,1,2,1,,241122.0,N,2.356,42,Y,5,7,6,1,M,N,N,N,0,2,48,1,2,70,1,9,48,0,0,0,0,1,6,NT,4,65,,,,,,,,,,,,,,,,,,,,,,,,,,,,,,,,,,0,4,,unit1 us near mentzer church tully township . unit1 slow hydroplaned . unit1 went median ad struck tree middle median . occupants taken van wert health . vehicle towed 2a 's auto .,C,"[0.0002528544864617288, 0.998623251914978, 0.001123860478401184]",C,"[3.6472873034654185e-05, 0.9997596144676208, 0.0002039425598923117]",C,"[9.810924530029297e-05, 0.9970703125, 0.0028018951416015625]"
1187,1187,213113592,"unit 1 was traveling northbound on i-270, south of the roberts rd overpass. unit 1 began to hydroplane, traveling into the left shoulder striking the center median. unit 1 continued back into the roadway, crossing lane 1 and coming to a rest between lane 2 and 3. passenger was pregnant and was transported to doctors west to be checked out.",20213113592,2021,C,6/1/2021 0:00,6,SFRAIR00270**C,S,FRA,9.915,39.994078,-83.11828,18000,19234.0,6/25/2021 0:00,13,6,N,2.0,Y,Y,1.0,15,0,27900.0,,,Y,9.915,SFRAIR00270**C,N,1,210458806,1,6,N,1,0,1,COLUMBUS,1,S,Y,N,8.0,Y,0.085,,Y,,N,COLUMBUS,N,,0,,,,270,IR,,10.0,N,,,10 0,2,,,,,N,N,Y,0,0,N,1.0,1,2,1,,56903.0,N,9.915,18,Y,5,2,1,1,M,N,N,N,0,4,35,1,0,65,3,35,0,0,0,0,0,1,6,NT,1,72,,,,,,,,,,,,,,,,,,,,,,,,,,,,,,,,,,0,4,,"unit1 traveling , roberts overpass . unit1 began hydroplane , traveling left shoulder striking center median . unit1 continued back roadway , crossing coming rest . passenger pregnant transported doctors checked .",C,"[0.00020465452689677477, 0.999764621257782, 3.069216472795233e-05]",C,"[2.8593904062290676e-06, 0.9999971389770508, 5.204509179179695e-08]",C,"[0.00012934207916259766, 1.0, 1.2695789337158203e-05]"
1188,1188,213114094,unit 1 was traveling in lane 3 of w/b ir 480 at milepost 23.0. unit 2 was traveling in lane 4 of w/b ir 480 passing unit 1. due to heavy rains unit 2 hydroplaned causing unit 2 to lose control. unit 2 spun to the left 360 degrees and struck unit 1 in the right rear passenger door disabling both units.,20213114094,2021,O,6/1/2021 0:00,12,SCUYIR00480**N,S,CUY,20.871,41.418706,-81.592424,29428,17668.0,6/20/2021 0:00,5,1,N,2.0,N,Y,1.0,15,0,,,,Y,20.921,SCUYIR00480**C,N,1,20211687,1,6,N,6,0,2,GARFIELD HEIGHTS,1,,Y,N,8.0,Y,0.0,,Y,,N,GARFIELD HEIGHTS,N,,0,,,,480,IR,,23.0,N,,,23 0,2,,,,,N,N,N,0,0,N,1.0,0,2,1,,39774.0,N,23.175,22,Y,99,3,4,1,F,N,N,N,0,4,0,2,2,60,1,20,0,0,0,0,0,1,6,NT,1,60,57.0,1.0,3.0,4.0,1.0,M,,1.0,60.0,1.0,20.0,,,,,,1.0,6.0,NT,3.0,55.0,,,,,,,,,,,,,0,4,,unit1 traveling milepost .. unit2 traveling passing unit1 . due heavy rains unit2 hydroplaned causing unit2 lose control . unit2 spun left degrees struck unit1 rear passenger door disabling units .,C,"[0.003836655057966709, 0.9907989501953125, 0.005364455748349428]",C,"[0.12290388345718384, 0.8716580867767334, 0.005438010673969984]",O,"[0.97314453125, 0.0225372314453125, 0.0038242340087890625]"
1189,1189,213114301,"unit 1 was southbound on ir 270 in the #1 lane. driver stated unit 1 hydroplaned on the wet roadway, and unit 1 slid all lanes of travel. the right rear corner of unit 1 struck the left front corner of unit 2. unit 1 then slid off the west side of the roadway. the rear tires of unit 1 were found to have little tread left.",20213114301,2021,O,6/1/2021 0:00,6,SFRAIR00270**C,S,FRA,38.564,39.991609,-82.856911,29106,19234.0,6/29/2021 0:00,5,3,N,2.0,N,Y,1.0,17,0,27900.0,,,Y,38.564,SFRAIR00270**C,N,1,21GAH-13605-AC,1,6,N,3,0,2,GAHANNA,1,N,Y,N,8.0,Y,0.036,,N,,N,GAHANNA,N,,0,,IR 270 SB,HWY,270,IR,,38.6,N,,,38 6,2,,,,,N,N,N,0,0,N,1.0,0,2,1,,34873.0,N,38.564,36,Y,99,1,2,1,F,N,N,N,0,4,45,1,0,65,1,20,8,45,0,0,0,1,6,NT,1,65,45.0,1.0,1.0,2.0,1.0,M,,2.0,65.0,1.0,20.0,,,,,,1.0,6.0,NT,3.0,60.0,,,,,,,,,,,,,0,4,,"unit1 . driver stated unit1 hydroplaned wet roadway , unit1 slid lanes travel . rear corner unit1 struck left front corner unit2 . unit1 slid side roadway . rear tires unit1 found little tread left .",O,"[0.9999996423721313, 4.1280085838479863e-07, 3.546286464484183e-08]",O,"[0.999998927116394, 1.0987447467414313e-06, 1.1049590575851198e-08]",O,"[0.88818359375, 0.1107177734375, 0.000988006591796875]"
1190,1190,213114756,unit #1 was travelling west on ir 74 approaching the 7.5 milepost.ÃÂÃÂ¨ÃÂÃÂ¨ unit #1 hydroplaned in high water in the left hand lane and exited the roadway to the left and struck the concrete median causing disabling damage.ÃÂÃÂ¨ÃÂÃÂ¨ the driver of unit #1 was cited for no drivers license.,20213114756,2021,O,6/1/2021 0:00,8,SHAMIR00074**N,S,HAM,7.55,39.207367,-84.712435,84938,16885.0,6/30/2021 0:00,13,4,N,2.0,Y,Y,1.0,21,0,,,,Y,7.541,SHAMIR00074**C,N,4,CR-2021-001457,1,6,N,1,0,1,WHITEWATER TOWNSHIP,1,,Y,N,6.0,Y,0.0,,N,,N,WHITEWATER TOWNSHIP,N,,0,,,,74,IR,,7.5,N,,,7 5,2,,,,,N,N,N,0,0,N,1.0,0,2,1,,91067.0,N,7.55,30,Y,1,3,4,1,M,N,N,N,0,3,35,1,2,65,1,9,35,0,0,0,0,1,6,NT,1,0,,,,,,,,,,,,,,,,,,,,,,,,,,,,,,,,,,0,4,,unit1 travelling approaching . milepost.ÃÂÃÂ¨ÃÂÃÂ¨ unit1 hydroplaned high water left exited roadway left struck concrete median causing disabling damage.ÃÂÃÂ¨ÃÂÃÂ¨ driver unit1 cited drivers license .,O,"[0.9999388456344604, 5.882890400243923e-05, 2.2732438083039597e-06]",O,"[0.9893962740898132, 0.0105080995708704, 9.56099247559905e-05]",O,"[0.9970703125, 0.002811431884765625, 0.0001819133758544922]"
1191,1191,213114804,"unit #1 was traveling eastbound on interstate route 275 in the middle lane, near the 37.8 mile post. the driver lost control of his vehicle, hydroplaned, traveled off of the roadway to the right, into the grass area near the tree line. there were no injuries at the time of this report.",20213114804,2021,O,6/1/2021 0:00,8,SHAMIR00275**C,S,HAM,19.945,39.293489,-84.547249,27706,16885.0,6/30/2021 0:00,13,4,N,2.0,Y,Y,1.0,20,0,,,,Y,19.945,SHAMIR00275**C,N,3,202101057,1,6,N,2,0,1,FOREST PARK,1,,Y,N,6.0,Y,0.0,,Y,,N,FOREST PARK,N,,0,,,,275,IR,,37.8,N,,,37 8,2,,,,,N,N,Y,0,0,N,1.0,0,2,2,,47309.0,N,37.545,24,Y,5,4,3,1,M,N,N,N,0,3,44,1,2,65,1,8,44,0,0,0,0,1,6,NT,1,70,,,,,,,,,,,,,,,,,,,,,,,,,,,,,,,,,,0,4,,"unit1 traveling interstate middle , near . mile post . driver lost control vehicle , hydroplaned , traveled roadway , grass area near tree line . injuries time report .",O,"[0.9999995231628418, 3.702391211390932e-07, 6.019953247005105e-08]",O,"[1.0, 2.7570341565308354e-09, 1.527897491686303e-12]",O,"[1.0, 0.0, 0.0]"
1192,1192,213115141,unit 01 was traveling southbound on northpointe dr in the right lane near military rd.unit 01 lost control of the vehicle after hydroplaningunit 01 started heading towards a telephone poleunit 01 controlled the vehicle past the telephone pole unit 01 was unable to control the vehicle from going into the guard-railunit 01 failed to control the vehicleunit 01 right rear side struck the southbound lane guard-rail,20213115141,2021,O,6/1/2021 0:00,5,CMUSCR00723**C,C,MUS,0.509,39.981418,-82.045878,88084,99786.0,6/11/2021 0:00,13,6,N,,Y,N,5.0,14,0,,fe7e80a4-24bb-4f6c-8856-b2109d029dfb,e1153876-acb4-49d9-b4c2-d51835a580a6,N,0.509,CMUSCR00723**C,N,1,21-013732,4,6,,2,0,1,ZANESVILLE,1,,N,N,2.0,N,0.0,CR,N,,N,ZANESVILLE,N,,0,,NORTHPOINTE,DR,,,,,N,,,MILITARY,1,,,,RD,N,N,N,0,0,N,3.0,0,2,4,,42408.0,N,0.509,40,Y,99,1,2,1,M,N,N,N,0,2,30,1,0,35,1,8,30,0,0,0,0,1,6,NT,3,35,,,,,,,,,,,,,,,,,,,,,,,,,,,,,,,,,,0,4,,unit1 traveling northpointe near military .unit1 lost control vehicle hydroplaningunit1 started heading towards telephone poleunit1 controlled vehicle past telephone pole unit1 unable control vehicle going guardrailunit1 failed control vehicleunit1 rear side struck guardrail,O,"[0.9751323461532593, 0.023977069184184074, 0.0008905889117158949]",O,"[0.9997736811637878, 0.0002110932837240398, 1.5224203707475681e-05]",O,"[1.0, 0.0, 0.0]"
1193,1193,213120296,unit 1 was traveling on i-71 north near mile post 243.6 in lane four. unit 1 hydroplaned and went off the right side of the road into a ditch.,20213120296,2021,C,7/1/2021 0:00,12,SCUYIR00071**C,S,CUY,15.001,41.447565,-81.746084,9246,17668.0,7/7/2021 0:00,17,4,N,2.0,Y,Y,1.0,16,0,,3d08c0bb-6691-4c3d-8427-e914b0e830d2,075ee7c4-e193-4a2e-85c1-6949a1b3ac00,Y,15.001,SCUYIR00071**C,N,1,2120086145,1,7,N,1,0,1,BROOKLYN,1,S,Y,N,8.0,Y,0.028,,N,,N,BROOKLYN,N,,0,N,71 NB,HWY,71,IR,,243.6,N,,,243 6,2,,,,,N,N,Y,0,0,N,1.0,1,2,1,,42808.0,N,243.692,29,Y,5,2,1,1,F,N,N,N,0,4,0,1,2,60,1,8,0,0,0,0,0,1,6,NT,2,55,,,,,,,,,,,,,,,,,,,,,,,,,,,,,,,,,,0,4,,unit1 traveling near mile post . four . unit1 hydroplaned went side ditch .,O,"[0.9599114060401917, 0.03637045621871948, 0.003718162886798382]",C,"[0.24064502120018005, 0.7485041618347168, 0.010850798338651657]",O,"[0.9912109375, 0.007568359375, 0.0008363723754882812]"
1194,1194,213122056,unit 1 was traveling northbound on ir-271 in the right express lane. unit 2 was next to unit 1 in the left express lane. unit 2 failed to maintain control and struck unit 1. driver of unit 2 stated they hydroplaned and lost control.,20213122056,2021,O,7/1/2021 0:00,12,SCUYIR00271**C,S,CUY,9.73,41.485903,-81.486243,61686,17668.0,7/11/2021 0:00,5,1,N,2.0,N,Y,1.0,9,0,,,,Y,9.73,SCUYIR00271**C,N,1,2170090,1,7,N,2,0,2,PEPPER PIKE,1,,Y,N,10.0,Y,0.0,,Y,,N,PEPPER PIKE,N,,0,,I 271 NB EXPRESS,HWY,271,IR,,31.4,N,,,031 4,2,,,,,N,N,Y,0,0,N,1.0,0,2,1,,39724.0,N,31.694,21,Y,5,2,1,1,M,N,N,N,0,2,0,2,0,60,1,20,0,0,0,0,0,1,6,NT,1,70,54.0,1.0,2.0,1.0,1.0,M,,1.0,60.0,1.0,20.0,,,,,,1.0,6.0,NT,1.0,60.0,,,,,,,,,,,,,0,4,,unit1 traveling ir express . unit2 next unit1 left express . unit2 failed maintain control struck unit1 . driver unit2 stated hydroplaned lost control .,C,"[0.043952662497758865, 0.9491050243377686, 0.00694233039394021]",O,"[0.8846431970596313, 0.11409109085798264, 0.0012656782055273652]",O,"[0.94140625, 0.05511474609375, 0.0033817291259765625]"
1195,1195,213122557,"on 07/11/21 at approx 0835 hours unit 1 was traveling north on i71 near the 6.8 mile post. unit 1 lost control, hydroplaned and struck the median near the 6.9 mile post.",20213122557,2021,O,7/1/2021 0:00,8,SHAMIR00071**C,S,HAM,6.931,39.151724,-84.443724,57386,16885.0,7/11/2021 0:00,13,1,N,2.0,Y,Y,1.0,8,0,38900.0,,,Y,6.931,SHAMIR00071**C,N,1,2.021E+12,1,7,N,1,0,1,NORWOOD,1,,Y,N,8.0,Y,0.0,IR,N,,N,NORWOOD,N,,0,N,I71 Nb Exwy,HWY,71,IR,,6.8,N,N,,6 8,2,,IR,,,N,N,Y,0,0,N,2.0,0,2,1,,56686.0,N,6.931,51,Y,5,2,1,1,M,N,N,N,0,4,35,1,0,55,1,35,0,0,0,0,0,1,6,NT,3,60,,,,,,,,,,,,,,,,,,,,,,,,,,,,,,,,,,0,4,,"approx unit1 traveling near . mile post . unit1 lost control , hydroplaned struck median near . mile post .",C,"[0.00454720901325345, 0.9914463758468628, 0.0040063513442873955]",O,"[0.9706483483314514, 0.028667503967881203, 0.0006841628928668797]",O,"[1.0, 0.0001767873764038086, 2.2470951080322266e-05]"
1196,1196,213122562,"unit #1 and unit #2 were both driving westbound on us 70 at mm 103. there was heavy rain and flooding nearby, in the area of 70 and miller/kelton ave. unit #2 stated that she was in the curb lane and unit #1 was in the lane south of her. unit #2 stated unit #1 changed lanes and struck unit #2. witness #1 stated that she saw unit #1 change lanes and strike unit #2. unit #1 flipped onto it's side. driver of unit #1 broke the back window and got out of the vehicle. medic 15 transported unit #1 to grant in stable conditions. unit #1 was treated at grant hospital by dr vang for shoulder and neck pain. both units were inoperable. unit #1 was towed by pro tow for safekeeping. unit #2 was towed for owner by pro cars. unit #1 stated that there was standing water on the freeway and his vehicle began to hydroplane. unit #1 began to drift into unit #2's lane and struck unit #2. unit #1 was issued a citation by officer t copeland #3048 for fail to control citation #cpd003480. driver of unit #2 did not have injuries.",20213122562,2021,AB,7/1/2021 0:00,6,SFRAIR00070**N,S,FRA,17.02,39.950911,-82.944096,18000,19234.0,7/11/2021 0:00,5,1,N,2.0,N,Y,1.0,11,0,27000.0,56ffc817-60f3-40eb-a8cb-b03f43203bc2,99f63b1d-61d6-426c-9afa-11bb369001c0,Y,17.032,SFRAIR00070**C,N,1,210505654,1,7,N,1,1,2,COLUMBUS,1,,Y,N,7.0,Y,0.0,,N,,N,COLUMBUS,N,,0,,,,70,IR,,103.0,N,,,103,2,,,,,N,Y,N,0,0,N,1.0,0,6,4,,45245.0,N,103.047,48,Y,99,3,4,1,M,N,N,N,0,4,30,1,0,65,1,20,1,30,0,0,0,1,6,NT,5,50,78.0,1.0,3.0,4.0,1.0,F,,2.0,65.0,1.0,20.0,,,,,,1.0,6.0,NT,1.0,50.0,,,,,,,,,,,,,0,4,,"unit1 unit2 driving us mm . heavy rain flooding nearby , area miller kelton . unit2 stated curb unit1 . unit2 stated unit1 changed lanes struck unit2 . witness stated saw unit1 change lanes strike unit2 . unit1 flipped onto 's side . driver unit1 broke back window got vehicle . medic transported unit1 grant stable conditions . unit1 treated grant hospital vang shoulder neck pain . units inoperable . unit1 towed pro tow safekeeping . unit2 towed owner pro cars . unit1 stated standing water freeway vehicle began hydroplane . unit1 began drift unit2 's struck unit2 . unit1 issued citation officer copeland fail control citation cpd348 . driver unit2 injuries .",C,"[6.957112054806203e-05, 0.9970337152481079, 0.0028967394027858973]",C,"[4.025727093903697e-07, 0.9999402761459351, 5.934407454333268e-05]",C,"[2.205371856689453e-06, 1.0, 3.039836883544922e-06]"
1197,1197,213122583,"on 07/10/21 at approx 1135 hours unit 1 was traveling south on i71 near the 6.9 mile post. unit 1 lost control, hydroplaned and struck the median past the 6.9 mile post. unit 1 after striking the median, redirected its course to the lane of travel striking unit 2 who was traveling south on i71 south near the 6.8 mile post.",20213122583,2021,AB,7/1/2021 0:00,8,SHAMIR00071**N,S,HAM,7.055,39.152451,-84.443513,57386,16885.0,7/10/2021 0:00,5,7,N,2.0,Y,Y,1.0,11,1,,,,Y,6.956,SHAMIR00071**C,N,1,2.021E+12,1,7,N,0,1,2,NORWOOD,1,,Y,N,8.0,Y,0.0,IR,Y,,N,NORWOOD,N,,0,S,I71 Sb Exwy,HWY,71,IR,,6.9,N,S,,6 9,2,,IR,,,N,N,Y,0,0,N,2.0,0,2,1,,56686.0,N,7.055,20,Y,5,1,2,1,M,N,N,N,0,4,35,1,0,55,1,35,20,0,0,0,0,1,6,NT,3,80,44.0,1.0,1.0,2.0,1.0,F,,2.0,55.0,1.0,20.0,,,,,,1.0,6.0,NT,1.0,55.0,,,,,,,,,,,,,1,4,,"approx unit1 traveling near . mile post . unit1 lost control , hydroplaned struck median past . mile post . unit1 striking median , redirected course travel striking unit2 traveling near . mile post .",AB,"[6.740886419720482e-06, 0.0001925622927956283, 0.9998007416725159]",C,"[0.44318538904190063, 0.5445176362991333, 0.012296977452933788]",AB,"[9.5367431640625e-07, 2.2649765014648438e-06, 1.0]"
1198,1198,213122606,"unit #1 was traveling north on interstate 71 at the 4.3 milepost during heavy rain. in the process of travel unit #1 lost control of vehicle due to high standing water, hydroplanning into the concrete median causing possible injury to the operator.",20213122606,2021,C,7/1/2021 0:00,8,SHAMIR00071**C,S,HAM,4.023,39.136534,-84.490614,15000,16885.0,7/11/2021 0:00,13,1,N,2.0,Y,Y,1.0,9,0,38600.0,,,Y,4.023,SHAMIR00071**C,N,1,215008987,1,7,N,0,0,1,CINCINNATI,1,S,Y,N,8.0,Y,4.0,,N,,N,CINCINNATI,N,,0,,,,71,IR,,4.0,N,,,,2,,,,,N,Y,N,0,0,N,2.0,1,2,1,,56684.0,N,4.023,69,Y,99,2,1,1,F,N,N,N,0,4,35,1,2,55,99,35,0,0,0,0,0,1,6,NT,1,55,,,,,,,,,,,,,,,,,,,,,,,,,,,,,,,,,,0,4,,"unit1 traveling interstate . milepost heavy rain . process travel unit1 lost control vehicle due high standing water , hydroplanning concrete median causing possible injury operator .",C,"[2.0238560693996988e-07, 0.9999996423721313, 1.0669051420109099e-07]",C,"[1.5745904136110767e-07, 0.9999972581863403, 2.6182824512943625e-06]",C,"[8.821487426757812e-06, 1.0, 3.5762786865234375e-07]"
1199,1199,213123310,"unit #1 was traveling westbound on i-480. due to rainy conditions, unit #1 hydroplaned and lost control of his vehicle then struck the concrete divider.",20213123310,2021,O,7/1/2021 0:00,12,SCUYIR00480**N,S,CUY,23.78,41.424915,-81.538074,80990,17668.0,7/12/2021 0:00,13,2,N,2.0,Y,Y,1.0,16,0,20600.0,,,Y,23.849,SCUYIR00480**C,N,1,20211958,1,7,N,1,0,1,WARRENSVILLE HEIGHTS,1,W,Y,N,7.0,Y,0.019,,N,,N,WARRENSVILLE HEIGHTS,N,,0,,,,480,IR,,,N,,,WARRENSVILLE CENTER,1,,,,RD,N,Y,Y,0,0,N,1.0,0,2,1,,54083.0,N,26.084,74,Y,5,3,4,1,M,N,N,N,0,4,35,1,2,60,1,9,35,0,0,0,0,1,6,NT,1,60,,,,,,,,,,,,,,,,,,,,,,,,,,,,,,,,,,0,4,,"unit1 traveling . due rainy conditions , unit1 hydroplaned lost control vehicle struck concrete divider .",O,"[0.9953076243400574, 0.004428950138390064, 0.0002634217089507729]",O,"[0.6543890237808228, 0.34218916296958923, 0.0034218684304505587]",O,"[0.98388671875, 0.015472412109375, 0.0005373954772949219]"
1200,1200,213123398,"unit 1 was traveling west on us 422 in the right lane. unit 1 hydroplaned, failed to maintain control and stuck the guardrail on the left.",20213123398,2021,O,7/1/2021 0:00,12,SCUYUS00422**N,S,CUY,14.714,41.423142,-81.48168,72928,17668.0,7/12/2021 0:00,13,2,N,2.0,Y,Y,2.0,17,0,,,,N,14.775,SCUYUS00422**C,N,1,20210342,4,7,N,2,0,1,SOLON,1,W,Y,N,4.0,N,0.005,,N,,N,SOLON,N,,0,,,,422,US,,14.8,N,,,14 8,2,,,,,N,N,N,0,0,N,1.0,0,2,1,,318622.0,N,14.714,39,Y,99,3,4,1,F,N,N,N,0,2,34,1,0,60,9,9,34,0,0,0,0,1,6,NT,3,60,,,,,,,,,,,,,,,,,,,,,,,,,,,,,,,,,,1,4,,"unit1 traveling us . unit1 hydroplaned , failed maintain control stuck guardrail left .",O,"[0.8473862409591675, 0.1473715901374817, 0.005242152605205774]",C,"[0.23233656585216522, 0.7414048910140991, 0.026258565485477448]",O,"[0.90283203125, 0.0955810546875, 0.0018548965454101562]"