,id,OBJECTID,Narrative,DOCUMENT_NBR,CRASH_YR,CRASH_SEVERITY_CD,CRASH_MONTH_YEAR,DISTRICT_NBR,NLFID,NLF_JUR_CD,NLF_COUNTY_CD,COUNTY_LOG_NBR,ODOT_LATITUDE_NBR,ODOT_LONGITUDE_NBR,ODOT_FIPS_CD,AREA_CODE,CRASH_DATE,CRASH_TYPE_CD,DAY_IN_WEEK_CD,DISTRACTED_DRIVER_IND,FACILITY_TYPE_CD,FHWA_RDWY_DEPARTURE_IND,FREEWAY_IND,FUNCTIONAL_CLASS_CD,HOUR_OF_CRASH,INCAPAC_INJURIES_NBR,INTERCHANGE_ID,INTERSECTION_ID_CURRENT,INTERSECTION_LEG_ID,INTERSTATE_IND,INV_LOG_NBR,INV_NLFID,IS_COMMERCIAL_RELATED,LIGHT_COND_PRIMARY_CD,LOCAL_REPORT_NUMBER_ID,MAINTENANCE_AUTHORITY_CD,MONTH_OF_CRASH,NHS_CD,NO_INJURY_REPORTED_NBR,NON_INCAPAC_INJURIES_NBR,NUMBER_OF_UNITS_NBR,ODOT_CITY_VILLAGE_TWP_NME,ODOT_CRASH_LOCATION_CD,ODOT_DIR_FROM_REF_CD,ODOT_DIV_UNDIV_IND,ODOT_INTERSECTION_REL_IND,ODOT_LANES_NBR,ODOT_MAINTAINED_HWY_IND,ODOT_MILES_FROM_REF_NBR,ODOT_REF_ROUTE_PREFIX_CD,ODOT_YOUNG_DRIVER_IND,ODPS_ADDRESS_REFERENCE,ODPS_ALCOHOL_IND,ODPS_CITY_VILLAGE_TWP_NME,ODPS_DRUG_IND,ODPS_LOC_DIR_SUFFIX_CD,ODPS_LOC_IN_WORK_ZONE_CD,ODPS_LOC_ROAD_DIRECTION_CD,ODPS_LOC_ROAD_NME,ODPS_LOC_ROAD_SUFFIX_CD,ODPS_LOC_ROUTE_ID,ODPS_LOC_ROUTE_PREFIX_CD,ODPS_LOC_ROUTE_SUFFIX_CD,ODPS_MILEPOST_REFERENCE,ODPS_MOTORCYCLE_IND,ODPS_REF_DIR_SUFFIX_CD,ODPS_REF_DIRECTION_CD,ODPS_REF_GIVEN,ODPS_REF_POINT_USED_CD,ODPS_REF_ROUTE_ID,ODPS_REF_ROUTE_PREFIX_CD,ODPS_REF_ROUTE_SUFFIX_CD,ODPS_REF_SUFFIX_CD,ODPS_SCHOOL_ZONE_IND,ODPS_SENIOR_DRIVER_IND,ODPS_SPEED_IND,ODPS_TOTAL_FATALITIES_NBR,ODPS_TYPE_OF_WORK_ZONE_CD,ODPS_WORK_ZONE_IND,OPER_ACCESS_CONTROL_CD,POSSIBLE_INJURIES_NBR,ROAD_COND_PRIMARY_CD,ROAD_CONTOUR_CD,SA_RAMP_ID,SA_SEGMENT_ID,SECONDARY_CRASH,STATE_TRUE_LOG_NBR,U1_AGE_NBR,U1_AT_FAULT_IND,U1_CONT_CIR_PRIMARY_CD,U1_DIRECTION_FROM_CD,U1_DIRECTION_TO_CD,U1_DISTRACTED_BY_1_CD,U1_GENDER_CD,U1_IS_ALCOHOL_SUSPECTED,U1_IS_MARIJUANA_SUSPECTED,U1_IS_OTHER_DRUG_SUSPECTED,U1_NON_MOTORIST_LOC_CD,U1_NUMBER_OF_THRU_LANES,U1_OBJECT_STRUCK,U1_ODPS_UNIT_NBR,U1_OPERATINGIN_AUTONOMOUS_MODE,U1_POSTED_SPEED_NBR,U1_PRECRASH_ACTION_CD,U1_SEQ_OF_EVENTS_1_CD,U1_SEQ_OF_EVENTS_2_CD,U1_SEQ_OF_EVENTS_3_CD,U1_SEQ_OF_EVENTS_4_CD,U1_SEQ_OF_EVENTS_5_CD,U1_SEQ_OF_EVENTS_6_CD,U1_SPECIAL_FUNCTION_CD,U1_TRAFFIC_CONTROL_CD,U1_TURN_CD,U1_TYPE_OF_UNIT_CD,U1_UNIT_SPEED_NBR,U2_AGE_NBR,U2_CONT_CIR_PRIMARY_CD,U2_DIRECTION_FROM_CD,U2_DIRECTION_TO_CD,U2_DISTRACTED_BY_1_CD,U2_GENDER_CD,U2_NON_MOTORIST_LOC_CD,U2_ODPS_UNIT_NBR,U2_POSTED_SPEED_NBR,U2_PRECRASH_ACTION_CD,U2_SEQ_OF_EVENTS_1_CD,U2_SEQ_OF_EVENTS_2_CD,U2_SEQ_OF_EVENTS_3_CD,U2_SEQ_OF_EVENTS_4_CD,U2_SEQ_OF_EVENTS_5_CD,U2_SEQ_OF_EVENTS_6_CD,U2_SPECIAL_FUNCTION_CD,U2_TRAFFIC_CONTROL_CD,U2_TURN_CD,U2_TYPE_OF_UNIT_CD,U2_UNIT_SPEED_NBR,U3_CONT_CIR_PRIMARY_CD,U3_ODPS_UNIT_NBR,U3_PRECRASH_ACTION_CD,U3_SEQ_OF_EVENTS_1_CD,U3_SEQ_OF_EVENTS_2_CD,U3_SEQ_OF_EVENTS_3_CD,U3_SEQ_OF_EVENTS_4_CD,U3_SEQ_OF_EVENTS_5_CD,U3_SEQ_OF_EVENTS_6_CD,U3_SPECIAL_FUNCTION_CD,U3_TRAFFIC_CONTROL_CD,U3_TYPE_OF_UNIT_CD,UNRESTRAIN_OCCUPANTS,WEATHER_COND_CD,V1,clean_Narrative,BERT_predictions,BERT_prediction_probabilities,RoBERTa_predictions,RoBERTa_predictions_probabilities,distilBERT_predictions,distilBERT_predictions_probabilities
1201,1201,213123866,"unit 01 was traveling e b, hydroplaned, rotated 360 degrees and struck the median.",20213123866,2021,C,7/1/2021 0:00,12,SLAKSR00002**C,S,LAK,3.893,41.641342,-81.426934,23618,17668.0,7/13/2021 0:00,13,3,N,2.0,Y,Y,2.0,15,0,,,,N,3.893,SLAKSR00002**C,N,1,210707,4,7,N,0,0,1,EASTLAKE,1,W,Y,N,6.0,N,0.095,SR,N,,N,EASTLAKE,N,,0,,STATE ROUTE 2 E,,2,SR,,,N,,,STATE ROUTE 640 E,1,640,SR,,,N,N,Y,0,0,N,1.0,1,2,1,,295350.0,N,212.225,32,Y,1,4,3,1,M,N,N,N,0,3,35,1,0,60,1,9,35,0,0,0,0,1,6,NT,1,65,,,,,,,,,,,,,,,,,,,,,,,,,,,,,,,,,,0,4,,"unit1 traveling b , hydroplaned , rotated degrees struck median .",O,"[0.9911603331565857, 0.00831978302448988, 0.0005198268336243927]",O,"[0.9367432594299316, 0.06211179867386818, 0.0011449198937043548]",O,"[0.9970703125, 0.002651214599609375, 0.0001004338264465332]"
1202,1202,213124072,unit #1 was traveling north bound on i271 in the express lanes. unit #1 hydroplaned at mile marker 29.0 and lost control of the vehicle. unit #1 struck the concrete median on the left side of the roadway damaging the left front of the vehicle.,20213124072,2021,O,7/1/2021 0:00,12,SCUYIR00271**C,S,CUY,7.247,41.449797,-81.491147,58604,17668.0,7/12/2021 0:00,13,2,N,2.0,Y,Y,1.0,16,0,18500.0,,,Y,7.247,SCUYIR00271**C,N,4,2021041,1,7,N,4,0,1,ORANGE,1,N,Y,N,10.0,Y,0.0,,N,,N,ORANGE,N,,0,,I271 EXPRESS LANES,HWY,271,IR,,29.0,N,,,29 0,2,,,,,N,N,N,0,0,N,1.0,0,2,1,,81491.0,N,29.211,38,Y,99,2,1,1,M,N,N,N,0,2,35,1,0,60,1,35,0,0,0,0,0,1,6,NT,3,45,,,,,,,,,,,,,,,,,,,,,,,,,,,,,,,,,,0,4,,unit1 traveling express lanes . unit1 hydroplaned mile marker . lost control vehicle . unit1 struck concrete median left side roadway damaging left front vehicle .,O,"[0.9760655760765076, 0.021952230483293533, 0.001982269575819373]",O,"[0.8962046504020691, 0.10103742778301239, 0.0027579558081924915]",O,"[0.9853515625, 0.0136260986328125, 0.0005307197570800781]"
1203,1203,213124191,unit-01 while n/b on i-75 hit a puddle of water causing her lose control of her vehicle as it hydroplaned and struck a wall..,20213124191,2021,O,7/1/2021 0:00,8,SHAMIR00075**C,S,HAM,10.527,39.207266,-84.464267,15000,16885.0,7/11/2021 0:00,13,1,N,2.0,Y,Y,1.0,9,0,41600.0,7cccf5d8-9c8a-4a96-8c7f-89b11bd304a1,04aa0f54-dac6-4306-b87b-36e2079b00b5,Y,10.527,SHAMIR00075**C,N,1,215008988,1,7,N,1,0,1,CINCINNATI,1,N,Y,N,6.0,Y,0.003,,N,,N,CINCINNATI,N,,0,N,75,HWY,75,IR,,10.6,N,,,,2,,,,,N,N,N,0,0,N,1.0,0,2,1,,91168.0,N,10.527,28,Y,99,2,1,1,F,N,N,N,0,6,54,1,2,0,1,54,0,0,0,0,0,1,6,NT,1,0,,,,,,,,,,,,,,,,,,,,,,,,,,,,,,,,,,0,4,,unit hit puddle water causing lose control vehicle hydroplaned struck wall ..,C,"[0.15142907202243805, 0.8137284517288208, 0.03484248369932175]",C,"[0.01956833340227604, 0.9797517657279968, 0.0006798534886911511]",O,"[0.97900390625, 0.0211181640625, 0.0001703500747680664]"
1204,1204,213124198,"unit #1 was traveling northbound on i-77 through heavy rain. the operator of unit #1 stated she hydroplane across the roadway, which caused her to lose control of the vehicle. unit #1 went off the right side of the roadway through a small ditch. unit #1 continued off the roadway until striking a tree with the front end of the vehicle, coming to a final rest.",20213124198,2021,O,7/1/2021 0:00,12,SCUYIR00077**N,S,CUY,0.269,41.281285,-81.636464,8364,17668.0,7/11/2021 0:00,13,1,N,2.0,Y,Y,1.0,9,0,,,,Y,0.262,SCUYIR00077**C,N,1,202100290,1,7,N,1,0,1,BRECKSVILLE,1,N,Y,N,6.0,Y,0.011,,Y,,N,BRECKSVILLE,N,,0,,,,77,IR,,147.2,N,,,147 2,2,,,,,N,N,N,0,0,N,1.0,0,2,1,,81356.0,N,147.411,18,Y,11,2,1,1,F,N,N,N,0,3,48,1,2,60,1,8,44,48,0,0,0,1,6,NT,1,60,,,,,,,,,,,,,,,,,,,,,,,,,,,,,,,,,,0,4,,"unit1 traveling heavy rain . operator unit1 stated hydroplane across roadway , caused lose control vehicle . unit1 went side roadway small ditch . unit1 continued roadway striking tree front end vehicle , coming final rest .",O,"[0.5429209470748901, 0.44854211807250977, 0.0085369311273098]",O,"[0.9944309592247009, 0.005403534043580294, 0.00016550731379538774]",O,"[0.86328125, 0.11846923828125, 0.0178985595703125]"
1205,1205,213124199,driver of unit 1 states he was traveling n/b on ir 77 in the middle lane when all of a sudden unit 2 struck him on the left side causing him to spin around. unit 1 then made it safely to the left berm to park. driver of unit 2 states that the massive amount of rain caused her to start to spin/hydroplane which caused her to strike unit 1 on the left side with her front left. no injuries reported,20213124199,2021,O,7/1/2021 0:00,12,SCUYIR00077**C,S,CUY,0.934,41.290912,-81.637177,8364,17668.0,7/12/2021 0:00,5,2,N,2.0,N,Y,1.0,12,0,,,,Y,0.934,SCUYIR00077**C,N,1,202100294,1,7,N,3,0,2,BRECKSVILLE,1,,Y,N,6.0,Y,0.0,,Y,,N,BRECKSVILLE,N,,0,,,,77,IR,,148.0,N,,,148,2,,,,,N,N,N,0,0,N,1.0,0,2,1,,45424.0,N,148.076,25,Y,1,2,1,1,F,N,N,N,0,3,0,2,2,60,1,20,0,0,0,0,0,1,6,NT,3,60,45.0,1.0,2.0,1.0,1.0,M,,1.0,60.0,1.0,20.0,,,,,,1.0,6.0,NT,1.0,60.0,,,,,,,,,,,,,0,4,,driver unit1 states traveling middle sudden unit2 struck left side causing spin around . unit1 made safely left berm park . driver unit2 states massive amount rain caused start spin hydroplane caused strike unit1 left side front left . injuries reported,O,"[0.9999994039535522, 4.566212510326295e-07, 6.944070918279976e-08]",O,"[1.0, 4.7317389589851544e-11, 1.509977344169803e-14]",O,"[1.0, 0.0, 0.0]"
1206,1206,213124432,"on the above date and time officers responded nb ir-75 at the 6.7 mp for a single vehicle a/a. upon arrival officers located the vehicle (unit 1) as well as unit 1's driver on the right berm directly across from the 6.7 mp in between nb ir-75 and the on- ramp from w mitchell ave. unit 1 stated while traveling approx. 60mph on ir-75 nb near the 6.6 mp in the middle lane, unit 1 lost control and hydroplaned to the right berm striking a traffic light and post causing disabling damage to the vehicle and injuring his right arm. unit 1 was checked out by medic 91 and refused transport. unit 1 was also cited to stbn mayors court for failure to control (331.34) and given a court date of 07/21/2021 at 1700 hrs.",20213124432,2021,AB,7/1/2021 0:00,8,SHAMIR00075**C,S,HAM,6.716,39.165624,-84.506625,69470,16885.0,7/12/2021 0:00,13,2,N,2.0,Y,Y,1.0,22,0,,,,Y,6.716,SHAMIR00075**C,N,3,2021C0000126,1,7,N,0,1,1,SAINT BERNARD,1,,Y,N,6.0,Y,0.0,,Y,,N,SAINT BERNARD,N,,0,,,,75,IR,,6.7,N,,,6 7,2,,,,,N,N,Y,0,0,N,1.0,0,2,4,,111004.0,N,6.716,19,Y,11,2,1,1,M,N,N,N,0,4,37,1,0,55,13,8,37,0,0,0,0,1,6,NT,1,60,,,,,,,,,,,,,,,,,,,,,,,,,,,,,,,,,,0,4,,"date time officers responded ir . mp single vehicle a. upon arrival officers located vehicle well unit1 's driver berm directly across . mp ir ramp mitchell . unit1 stated traveling approx . 6mph ir near . mp middle , unit1 lost control hydroplaned berm striking traffic light post causing disabling damage vehicle injuring arm . unit1 checked medic refused transport . unit1 also cited stbn mayors failure control given date .",C,"[1.9490219926865393e-07, 0.9999996423721313, 1.0881014844699166e-07]",C,"[3.935312804514979e-07, 0.9999988079071045, 8.698112310412398e-07]",C,"[6.258487701416016e-06, 1.0, 5.364418029785156e-07]"
1207,1207,213124839,"due to weather conditions, unit 1 hydroplaned in high water and struck the center median, then bounced across to the center lane in a 360 degree spin then came to final rest across center and high speed lanes.",20213124839,2021,O,7/1/2021 0:00,8,SHAMIR00075**N,S,HAM,8.719,39.186091,-84.482772,15000,16885.0,7/11/2021 0:00,13,1,N,2.0,Y,Y,1.0,6,0,,,,Y,8.769,SHAMIR00075**C,N,1,215008985,1,7,N,1,0,1,CINCINNATI,1,,Y,N,6.0,Y,0.0,,N,,N,CINCINNATI,N,,0,,75,HWY,75,IR,,8.8,N,,,8 8,2,,,,,N,N,Y,0,0,N,1.0,0,2,1,,42885.0,N,8.719,49,Y,5,1,2,1,M,N,N,N,0,3,35,1,2,0,1,35,0,0,0,0,0,1,6,NT,4,0,,,,,,,,,,,,,,,,,,,,,,,,,,,,,,,,,,0,4,,"due weather conditions , unit1 hydroplaned high water struck center median , bounced across center degree spin came final rest across center high speed lanes .",C,"[0.43373915553092957, 0.562451183795929, 0.0038096930366009474]",O,"[0.6379261016845703, 0.3607781231403351, 0.001295733149163425]",O,"[1.0, 6.616115570068359e-06, 4.76837158203125e-07]"
1208,1208,213124894,"on july 12th, 2021, unit 1 was northbound on interstate 71 near mile post 126.9. unit 1 began to hydroplane, causing a loss of control. unit 1 spun, striking the wire guard rail on the west side of the roadway. this caused unit 1 to then bounce back into a lane of travel where another vehicle (unknown) struck unit 1. this action pushed unit 1 back into the guard rail. 018mn.",20213124894,2021,AB,7/1/2021 0:00,6,SDELIR00071**C,S,DEL,5.98,40.212983,-82.930066,5774,19234.0,7/12/2021 0:00,6,2,N,2.0,Y,Y,1.0,18,0,,,,Y,5.98,SDELIR00071**C,N,1,2.021E+13,1,7,N,2,1,2,BERKSHIRE TOWNSHIP,1,N,Y,N,6.0,Y,0.9,,N,,N,BERKSHIRE TOWNSHIP,N,,0,,,,71,IR,,126.0,N,,,126,2,,,,,N,N,Y,0,0,N,1.0,0,2,1,,42814.0,N,126.924,37,Y,99,2,9,1,M,N,N,N,0,3,0,1,0,70,1,9,0,0,0,0,0,1,6,NT,1,76,,1.0,2.0,,1.0,U,,2.0,70.0,1.0,20.0,,,,,,99.0,6.0,,99.0,,,,,,,,,,,,,,0,4,,"july , , unit1 interstate near mile post .. unit1 began hydroplane , causing loss control . unit1 spun , striking wire guard rail side roadway . caused unit1 bounce back travel another vehicle struck unit1 . action pushed unit1 back guard rail . 18mn .",C,"[0.014255780726671219, 0.9557963609695435, 0.029947778210043907]",O,"[0.5925522446632385, 0.405385285615921, 0.002062493236735463]",C,"[0.003509521484375, 0.99609375, 0.0005636215209960938]"
1209,1209,213124943,unit #1 was north on state route 8 north. unit #1 stated he hydroplaned on the rain covered highway and struck the cement median. unit #1 was cited for fail to control.,20213124943,2021,C,6/1/2021 0:00,4,SSUMSR00008**C,S,SUM,3.1,41.102821,-81.499832,1000,766.0,6/29/2021 0:00,13,3,N,2.0,Y,Y,2.0,22,0,87800.0,,,N,3.1,SSUMSR00008**C,N,1,2021-00081858,4,6,N,0,0,1,AKRON,1,,Y,N,8.0,N,0.0,,N,,N,AKRON,N,,0,,,,8,SR,,3.1,N,,,,2,,,,,N,N,N,0,0,N,1.0,1,2,1,,125612.0,N,3.1,35,Y,99,2,1,1,M,N,N,N,0,3,35,1,0,55,1,9,35,0,0,0,0,1,6,NT,3,55,,,,,,,,,,,,,,,,,,,,,,,,,,,,,,,,,,0,4,,unit1 state . unit1 stated hydroplaned rain covered struck cement median . unit1 cited fail control .,C,"[0.2811346650123596, 0.7162855267524719, 0.0025798315182328224]",O,"[0.5860217809677124, 0.4128979444503784, 0.0010803050827234983]",C,"[0.033843994140625, 0.9658203125, 0.00027298927307128906]"
1210,1210,213125530,unit 1 was stopping for the red traffic signal on us24 at michigan ave. unit 2 stated she hydroplaned and unable to stop. unit 2 struck the rear of unit 1 causing disabling damage to unit 2.no injuries were reported on scene.,20213125530,2021,O,6/1/2021 0:00,2,SLUCUS00024**C,S,LUC,17.732,41.577398,-83.630705,48342,87868.0,6/25/2021 0:00,2,6,N,2.0,N,N,3.0,20,0,,333e9174-fa40-4c91-a7d7-b61361361186,5c04c2ec-b4e7-416a-90c0-62999c381d9f,N,17.732,SLUCUS00024**C,N,2,21014852,4,6,H,3,0,2,MAUMEE,2,,Y,Y,4.0,N,0.0,MR,Y,,N,MAUMEE,N,,0,,ANTHONY WAYNE,TRL,24,US,,,N,,,MICHIGAN,1,,,,AVE,N,N,N,0,0,N,3.0,0,2,1,,263761.0,N,71.324,18,Y,8,4,3,1,F,N,N,N,0,2,0,2,0,50,1,20,0,0,0,0,0,1,2,NT,3,30,18.0,1.0,4.0,3.0,1.0,M,,1.0,50.0,11.0,20.0,,,,,,1.0,2.0,NT,3.0,5.0,,,,,,,,,,,,,0,2,,unit1 stopping red traffic signal michigan . unit2 stated hydroplaned unable stop . unit2 struck rear unit1 causing disabling damage unit2.no injuries reported scene .,O,"[0.9999998807907104, 1.1397293775416983e-07, 2.4109198193400516e-08]",O,"[0.9999997615814209, 2.185992968861683e-07, 2.969831325305705e-10]",O,"[1.0, 5.960464477539063e-08, 0.0]"
1211,1211,213125787,unit 1 was heading s/b on i 75 south and lost control due to rain and wet roads. unit 1 hydroplaned off the left side of the road and struck the concrete barrier and then spun out across the express way and went into the ditch.,20213125787,2021,AB,7/1/2021 0:00,2,SLUCSR00184**C,S,LUC,10.063,41.721437,-83.501383,77000,87868.0,7/17/2021 0:00,13,7,N,2.0,Y,N,3.0,6,0,60300.0,1ace9128-ed7a-4c57-867a-0a87b5f31ae7,fcbd2178-8e37-481d-be8f-4bdd14ff2bb9,N,10.063,SLUCSR00184**C,N,2,2.10717E+13,4,7,N,0,1,1,TOLEDO,1,,N,N,4.0,N,0.0,RA,N,,N,TOLEDO,N,,0,,I 75 N,,75,IR,,,N,,E,ALEXIS,1,,,,RD,N,N,N,0,0,N,2.0,0,2,1,,144698.0,N,10.063,42,Y,99,1,2,1,F,N,N,N,0,2,35,1,0,60,1,8,35,0,0,0,0,1,6,NT,3,60,,,,,,,,,,,,,,,,,,,,,,,,,,,,,,,,,,0,4,,unit1 heading lost control due rain wet roads . unit1 hydroplaned left side struck concrete barrier spun across express went ditch .,O,"[0.9924858808517456, 0.007085167802870274, 0.0004289241915103048]",O,"[0.9188143014907837, 0.0808810293674469, 0.0003047327627427876]",O,"[0.95703125, 0.03948974609375, 0.0032806396484375]"
1212,1212,213126097,"unit 1 was traveling eastbound on i70 in the number one lane. unit 1 hydroplaned, causing the driver of unit 1 to lose control of the vehicle and strike the median. unit 1 struck the median on the left side of the roadway and continued on into the grass median. the driver of unit 1 was treated at scene by cfd medic 26 for minor injuries. the vehicle was towed for the owner by longs towing. the driver of unit 1 was taken to a local hospital later to be evaluated for his injuries.",20213126097,2021,AB,7/1/2021 0:00,6,SFRAIR00070**N,S,FRA,6.93,39.976577,-83.118642,18000,19234.0,7/17/2021 0:00,13,7,N,2.0,Y,Y,1.0,4,0,25900.0,,,Y,6.939,SFRAIR00070**C,N,3,210522340,1,7,N,0,1,1,COLUMBUS,1,W,Y,N,4.0,Y,0.008,,Y,,N,COLUMBUS,N,,0,,,,70,IR,,93.0,N,,,93,2,,,,,N,N,Y,0,0,N,1.0,0,2,1,,107417.0,N,92.957,21,Y,1,4,3,1,M,N,N,N,0,2,35,1,0,65,1,35,0,0,0,0,0,1,6,NT,1,70,,,,,,,,,,,,,,,,,,,,,,,,,,,,,,,,,,0,4,,"unit1 traveling number one . unit1 hydroplaned , causing driver unit1 lose control vehicle strike median . unit1 struck median left side roadway continued grass median . driver unit1 treated scene cfd medic minor injuries . vehicle towed owner longs towing . driver unit1 taken local hospital later evaluated injuries .",C,"[1.3246736330074782e-07, 0.9999997615814209, 1.2087268430605036e-07]",C,"[1.7171009858429898e-07, 0.9999991655349731, 6.674420660601754e-07]",C,"[2.980232238769531e-07, 1.0, 5.960464477539063e-08]"
1213,1213,213126102,"unit one was driving north on lovers lane, north of schaffer road behind unit two. unit two began to hydroplane and attempted to stop. unit one then rear ended unit two.",20213126102,2021,O,7/1/2021 0:00,3,,C,HUR,,41.263683,-82.642012,67006,99999.0,7/16/2021 0:00,2,6,N,2.0,N,N,,19,0,,,,N,,,N,2,2.021E+13,80,7,,5,0,2,RIDGEFIELD TOWNSHIP,1,N,N,N,2.0,N,1.0,,Y,,N,NORWALK TOWNSHIP,N,,0,,LOVERS,LN,,,,,N,,,SCHAFFER,1,,,,RD,N,N,N,0,0,N,,0,2,4,,,N,,51,Y,8,2,9,1,M,N,N,N,0,2,0,1,0,55,1,99,0,0,0,0,0,1,6,NT,3,30,17.0,1.0,2.0,,1.0,F,,2.0,55.0,1.0,99.0,,,,,,1.0,6.0,,3.0,30.0,,,,,,,,,,,,,0,4,,"unit1 driving lovers , schaffer behind unit2 . unit2 began hydroplane attempted stop . unit1 rear ended unit2 .",O,"[0.969743013381958, 0.02570071816444397, 0.004556204192340374]",O,"[0.846099853515625, 0.1517869234085083, 0.0021131718531250954]",O,"[0.98095703125, 0.01849365234375, 0.0010499954223632812]"
1214,1214,213126137,"unit #2 was traveling westbound in the left lane. unit #1 was traveling in the second to last lane. due to rainy conditions unit #2 lost control of his vehicle, hydroplaned, and struck the concrete median. after striking the concrete median, unit #2 spun out and struck unit #1.",20213126137,2021,O,7/1/2021 0:00,12,SCUYIR00480**N,S,CUY,23.807,41.424933,-81.538499,80990,17668.0,7/17/2021 0:00,5,7,N,2.0,N,Y,1.0,10,0,20600.0,,,Y,23.827,SCUYIR00480**C,N,1,20212013,1,7,N,3,0,2,WARRENSVILLE HEIGHTS,1,W,Y,N,7.0,Y,0.019,,N,,N,WARRENSVILLE HEIGHTS,N,,0,,,,480,IR,,,N,,,WARRENSVILLE CENTER,1,,,,RD,N,N,Y,0,0,N,1.0,0,2,1,,54083.0,N,26.111,57,Y,5,3,4,1,M,N,N,N,0,4,0,2,2,60,1,20,0,0,0,0,0,1,6,NT,4,60,36.0,1.0,3.0,4.0,1.0,F,,1.0,,1.0,20.0,,,,,,1.0,6.0,NT,1.0,,,,,,,,,,,,,,0,4,,"unit2 traveling left . unit1 traveling second last . due rainy conditions unit2 lost control vehicle , hydroplaned , struck concrete median . striking concrete median , unit2 spun struck unit1 .",O,"[0.9880544543266296, 0.010502909310162067, 0.0014426283305510879]",O,"[0.5428631901741028, 0.45209744572639465, 0.0050393338315188885]",O,"[0.9453125, 0.05059814453125, 0.003437042236328125]"
1215,1215,213126166,"unit #1 was traveling south on glenville road when it hydroplaned on water crossing the roadway. unit #1 exited the right side of the roadway, continued south, returned to the roadway, crossed the centerline, exited the left side of the roadway continuing south striking utility pole with the center of the front end of unit #1. pole number 803-58 owned by american electric power",20213126166,2021,AB,7/1/2021 0:00,3,,T,CRA,,40.8,-83.05,10030,,7/17/2021 0:00,13,7,N,2.0,Y,N,,8,0,,,,N,,,N,1,2.021E+13,4,7,,0,1,1,BUCYRUS,1,S,N,N,1.0,N,30.0,CR,N,,N,BUCYRUS,N,,0,,GLENVILLE,RD,213,TR,,,N,,,BUCYRUS NEVADA,1,2,CR,,RD,N,N,N,0,0,N,,0,6,1,,,N,,49,Y,11,1,9,1,M,N,N,N,0,1,40,1,0,55,1,8,9,43,40,0,0,1,6,NT,2,45,,,,,,,,,,,,,,,,,,,,,,,,,,,,,,,,,,0,4,,"unit1 traveling glenville hydroplaned water crossing roadway . unit1 exited side roadway , continued , returned roadway , crossed centerline , exited left side roadway continuing striking utility pole center front end unit1 . pole number owned american electric power",C,"[0.10347309708595276, 0.8564053773880005, 0.040121499449014664]",C,"[0.37177175283432007, 0.5282800793647766, 0.09994816035032272]",O,"[1.0, 0.000110626220703125, 4.947185516357422e-06]"
1216,1216,213126660,unit#1 driving sb on i 77 s hydroplaned due to heavy rains & wet road r nunit#1 went off highway to the left striking concrete median (no damage) r nunit#1 at fault for the accident r nno citation issued due to no injury & no damage,20213126660,2021,O,7/1/2021 0:00,4,SSTAIR00077**N,S,STA,8.066,40.771155,-81.390686,12000,13375.0,7/17/2021 0:00,13,7,N,2.0,Y,Y,1.0,12,0,,a9ed09e1-8be8-47a4-8ce5-b2c1cdb295c2,09c3ae7c-0c6e-4bb9-ab65-9d08aa610421,Y,8.06,SSTAIR00077**C,N,1,2110095,1,7,N,1,0,1,CANTON,1,,Y,N,4.0,Y,0.0,,N,,N,CANTON,N,,0,,,HWY,77,IR,,103.0,N,,,103,2,,,,,N,N,N,0,0,N,1.0,0,2,1,,47061.0,N,103.048,33,Y,11,1,2,1,F,N,N,N,0,2,35,1,0,55,1,9,35,0,0,0,0,1,6,NT,1,50,,,,,,,,,,,,,,,,,,,,,,,,,,,,,,,,,,0,4,,unit1 driving hydroplaned due heavy rains & wet nunit1 went left striking concrete median nunit1 fault accident nno citation issued due injury & damage,O,"[0.9999991655349731, 7.698008630541153e-07, 9.04820964819919e-08]",C,"[0.0004903856897726655, 0.9988524913787842, 0.0006571930716745555]",C,"[0.016693115234375, 0.98193359375, 0.001678466796875]"
1217,1217,213126836,unit # 1 was traveling south on i 77 in heavy rain. the driver of unit # 1 lost control and believes she hydroplaned and went nearly head on into the guardrail.,20213126836,2021,AB,7/1/2021 0:00,12,SCUYIR00077**N,S,CUY,4.797,41.344845,-81.650017,9064,17668.0,7/17/2021 0:00,13,7,N,2.0,Y,Y,1.0,0,0,14700.0,,,Y,4.799,SCUYIR00077**C,N,3,2021151,1,7,N,0,1,1,BROADVIEW HEIGHTS,1,S,Y,N,6.0,Y,0.028,,N,,N,BROADVIEW HEIGHTS,N,,0,,I 77 S,,77,IR,,,N,,E,WALLINGS,1,,,,RD,N,N,N,0,0,N,1.0,0,2,1,,47022.0,N,151.939,36,Y,99,1,2,1,F,N,N,N,0,3,30,1,2,60,1,9,30,0,0,0,0,1,6,NT,1,60,,,,,,,,,,,,,,,,,,,,,,,,,,,,,,,,,,0,4,,unit1 traveling heavy rain . driver unit1 lost control believes hydroplaned went nearly head guardrail .,O,"[0.9744907021522522, 0.025015078485012054, 0.0004941259976476431]",O,"[0.8983420729637146, 0.10109414160251617, 0.000563758600037545]",O,"[1.0, 5.364418029785156e-06, 2.980232238769531e-07]"