,id,OBJECTID,Narrative,DOCUMENT_NBR,CRASH_YR,CRASH_SEVERITY_CD,CRASH_MONTH_YEAR,DISTRICT_NBR,NLFID,NLF_JUR_CD,NLF_COUNTY_CD,COUNTY_LOG_NBR,ODOT_LATITUDE_NBR,ODOT_LONGITUDE_NBR,ODOT_FIPS_CD,AREA_CODE,CRASH_DATE,CRASH_TYPE_CD,DAY_IN_WEEK_CD,DISTRACTED_DRIVER_IND,FACILITY_TYPE_CD,FHWA_RDWY_DEPARTURE_IND,FREEWAY_IND,FUNCTIONAL_CLASS_CD,HOUR_OF_CRASH,INCAPAC_INJURIES_NBR,INTERCHANGE_ID,INTERSECTION_ID_CURRENT,INTERSECTION_LEG_ID,INTERSTATE_IND,INV_LOG_NBR,INV_NLFID,IS_COMMERCIAL_RELATED,LIGHT_COND_PRIMARY_CD,LOCAL_REPORT_NUMBER_ID,MAINTENANCE_AUTHORITY_CD,MONTH_OF_CRASH,NHS_CD,NO_INJURY_REPORTED_NBR,NON_INCAPAC_INJURIES_NBR,NUMBER_OF_UNITS_NBR,ODOT_CITY_VILLAGE_TWP_NME,ODOT_CRASH_LOCATION_CD,ODOT_DIR_FROM_REF_CD,ODOT_DIV_UNDIV_IND,ODOT_INTERSECTION_REL_IND,ODOT_LANES_NBR,ODOT_MAINTAINED_HWY_IND,ODOT_MILES_FROM_REF_NBR,ODOT_REF_ROUTE_PREFIX_CD,ODOT_YOUNG_DRIVER_IND,ODPS_ADDRESS_REFERENCE,ODPS_ALCOHOL_IND,ODPS_CITY_VILLAGE_TWP_NME,ODPS_DRUG_IND,ODPS_LOC_DIR_SUFFIX_CD,ODPS_LOC_IN_WORK_ZONE_CD,ODPS_LOC_ROAD_DIRECTION_CD,ODPS_LOC_ROAD_NME,ODPS_LOC_ROAD_SUFFIX_CD,ODPS_LOC_ROUTE_ID,ODPS_LOC_ROUTE_PREFIX_CD,ODPS_LOC_ROUTE_SUFFIX_CD,ODPS_MILEPOST_REFERENCE,ODPS_MOTORCYCLE_IND,ODPS_REF_DIR_SUFFIX_CD,ODPS_REF_DIRECTION_CD,ODPS_REF_GIVEN,ODPS_REF_POINT_USED_CD,ODPS_REF_ROUTE_ID,ODPS_REF_ROUTE_PREFIX_CD,ODPS_REF_ROUTE_SUFFIX_CD,ODPS_REF_SUFFIX_CD,ODPS_SCHOOL_ZONE_IND,ODPS_SENIOR_DRIVER_IND,ODPS_SPEED_IND,ODPS_TOTAL_FATALITIES_NBR,ODPS_TYPE_OF_WORK_ZONE_CD,ODPS_WORK_ZONE_IND,OPER_ACCESS_CONTROL_CD,POSSIBLE_INJURIES_NBR,ROAD_COND_PRIMARY_CD,ROAD_CONTOUR_CD,SA_RAMP_ID,SA_SEGMENT_ID,SECONDARY_CRASH,STATE_TRUE_LOG_NBR,U1_AGE_NBR,U1_AT_FAULT_IND,U1_CONT_CIR_PRIMARY_CD,U1_DIRECTION_FROM_CD,U1_DIRECTION_TO_CD,U1_DISTRACTED_BY_1_CD,U1_GENDER_CD,U1_IS_ALCOHOL_SUSPECTED,U1_IS_MARIJUANA_SUSPECTED,U1_IS_OTHER_DRUG_SUSPECTED,U1_NON_MOTORIST_LOC_CD,U1_NUMBER_OF_THRU_LANES,U1_OBJECT_STRUCK,U1_ODPS_UNIT_NBR,U1_OPERATINGIN_AUTONOMOUS_MODE,U1_POSTED_SPEED_NBR,U1_PRECRASH_ACTION_CD,U1_SEQ_OF_EVENTS_1_CD,U1_SEQ_OF_EVENTS_2_CD,U1_SEQ_OF_EVENTS_3_CD,U1_SEQ_OF_EVENTS_4_CD,U1_SEQ_OF_EVENTS_5_CD,U1_SEQ_OF_EVENTS_6_CD,U1_SPECIAL_FUNCTION_CD,U1_TRAFFIC_CONTROL_CD,U1_TURN_CD,U1_TYPE_OF_UNIT_CD,U1_UNIT_SPEED_NBR,U2_AGE_NBR,U2_CONT_CIR_PRIMARY_CD,U2_DIRECTION_FROM_CD,U2_DIRECTION_TO_CD,U2_DISTRACTED_BY_1_CD,U2_GENDER_CD,U2_NON_MOTORIST_LOC_CD,U2_ODPS_UNIT_NBR,U2_POSTED_SPEED_NBR,U2_PRECRASH_ACTION_CD,U2_SEQ_OF_EVENTS_1_CD,U2_SEQ_OF_EVENTS_2_CD,U2_SEQ_OF_EVENTS_3_CD,U2_SEQ_OF_EVENTS_4_CD,U2_SEQ_OF_EVENTS_5_CD,U2_SEQ_OF_EVENTS_6_CD,U2_SPECIAL_FUNCTION_CD,U2_TRAFFIC_CONTROL_CD,U2_TURN_CD,U2_TYPE_OF_UNIT_CD,U2_UNIT_SPEED_NBR,U3_CONT_CIR_PRIMARY_CD,U3_ODPS_UNIT_NBR,U3_PRECRASH_ACTION_CD,U3_SEQ_OF_EVENTS_1_CD,U3_SEQ_OF_EVENTS_2_CD,U3_SEQ_OF_EVENTS_3_CD,U3_SEQ_OF_EVENTS_4_CD,U3_SEQ_OF_EVENTS_5_CD,U3_SEQ_OF_EVENTS_6_CD,U3_SPECIAL_FUNCTION_CD,U3_TRAFFIC_CONTROL_CD,U3_TYPE_OF_UNIT_CD,UNRESTRAIN_OCCUPANTS,WEATHER_COND_CD,V1,clean_Narrative,BERT_predictions,BERT_prediction_probabilities,RoBERTa_predictions,RoBERTa_predictions_probabilities,distilBERT_predictions,distilBERT_predictions_probabilities
1218,1218,213126932,"unit #1 was traveling w/b in the left lane of i-480w near the sr21 overpass when the operator lost control of the vehicle due to hydroplaning. unit #1 then traveled off the roadway to the left, struck the concrete median wall with the front of the vehicle, spun and struck the concrete median wall again with the rear of the vehicle causing the listed damage.",20213126932,2021,O,7/1/2021 0:00,12,SCUYIR00480**N,S,CUY,18.158,41.407293,-81.642045,37240,17668.0,7/17/2021 0:00,13,7,N,2.0,Y,Y,1.0,4,0,15000.0,,,Y,18.174,SCUYIR00480**C,N,3,20210620,1,7,N,1,0,1,INDEPENDENCE,1,W,Y,N,6.0,Y,0.095,SR,Y,,N,INDEPENDENCE,N,,0,,I 480 W,,480,IR,,,N,,,STATE ROUTE 21 W,1,21,SR,,,N,N,Y,0,0,N,1.0,0,2,1,,45580.0,N,20.462,20,Y,99,3,4,1,M,N,N,N,0,3,35,1,2,55,1,9,35,35,0,0,0,1,6,NT,1,65,,,,,,,,,,,,,,,,,,,,,,,,,,,,,,,,,,0,4,,"unit1 traveling left 8w near overpass operator lost control vehicle due hydroplaning . unit1 traveled roadway left , struck concrete median wall front vehicle , spun struck concrete median wall rear vehicle causing listed damage .",O,"[0.9956260919570923, 0.00407514488324523, 0.0002987759653478861]",C,"[0.08815041184425354, 0.8715450167655945, 0.04030454903841019]",O,"[0.986328125, 0.0124664306640625, 0.0008921623229980469]"
1219,1219,213129856,"unit one was in the curb lane northbound when he hydroplaned right off the highway in heavy rain, narrowly missing the guardrail. he then traveled 100 yards along the embankment and steep ditch. his vehicle then struck a tree spun sideways on it s right side facing southbound.",20213129856,2021,O,7/1/2021 0:00,4,SSUMIR00077**C,S,SUM,31.417,41.246484,-81.628932,66530,17668.0,7/17/2021 0:00,13,7,N,2.0,Y,Y,1.0,11,0,,,,Y,31.417,SSUMIR00077**C,N,1,2021093,1,7,N,1,0,1,RICHFIELD,1,N,Y,N,4.0,Y,0.057,,Y,,N,RICHFIELD,N,,0,N,I 77,HWY,77,IR,,145.0,N,,,145,2,,,,,N,N,N,0,0,N,1.0,0,2,1,,56835.0,N,144.939,20,Y,11,2,1,1,M,N,N,N,0,2,48,1,2,65,1,8,44,45,48,0,0,1,6,NT,1,65,,,,,,,,,,,,,,,,,,,,,,,,,,,,,,,,,,0,4,,"unit1 curb hydroplaned heavy rain , narrowly missing guardrail . traveled yards along embankment steep ditch . vehicle struck tree spun sideways side facing .",C,"[0.39592108130455017, 0.5819205045700073, 0.022158382460474968]",C,"[0.010040835477411747, 0.9877420663833618, 0.0022171176970005035]",O,"[0.9208984375, 0.07562255859375, 0.0035076141357421875]"
1220,1220,213130759,"unit #1 was on i-480 eastbound in the high speed lane and hit standing water. the vehicle hydroplaned and struck the concrete median. due to the high rainfall in a short period of time, no citation was issued.",20213130759,2021,O,7/1/2021 0:00,12,SCUYIR00480**C,S,CUY,0.517,41.389451,-81.960655,56882,17668.0,7/12/2021 0:00,13,2,N,2.0,Y,Y,1.0,17,0,,,,Y,0.517,SCUYIR00480**C,N,1,2100501,1,7,N,1,0,1,NORTH OLMSTED,1,W,Y,N,6.0,Y,1.0,IR,N,,N,NORTH OLMSTED,N,,0,,STEARNS,RD,,,,,N,,,I 480 E,1,480,IR,,,N,N,N,0,0,N,1.0,0,6,3,,56974.0,N,2.821,39,Y,1,4,3,1,M,N,N,N,0,6,35,1,2,60,1,35,0,0,0,0,0,1,6,NT,3,60,,,,,,,,,,,,,,,,,,,,,,,,,,,,,,,,,,0,4,,"unit1 high speed hit standing water . vehicle hydroplaned struck concrete median . due high rainfall short period time , citation issued .",C,"[0.3184411823749542, 0.6716015338897705, 0.009957274422049522]",O,"[0.5925639867782593, 0.40574172139167786, 0.0016942685469985008]",O,"[1.0, 3.874301910400391e-06, 2.384185791015625e-07]"
1221,1221,213131092,units 1 and 2 were south on ir 77. unit #2 was in the number one lane and unit #1 was in the number three lane. unit #2 failed to maintain reasonable control and hydroplaned on standing water causing unit #2 to spin into unit #1's lane striking unit #1 in the passenger side. unit #2 continued to spin coming to rest on the concrete barrier head on and came to rest in the break down lane and the number 4 lane.,20213131092,2021,O,7/1/2021 0:00,4,SSUMIR00077**C,S,SUM,8.16,41.007928,-81.494156,19036,766.0,7/12/2021 0:00,6,2,N,2.0,N,Y,1.0,21,0,,,,Y,8.16,SSUMIR00077**C,N,1,2021-00040247,1,7,N,2,0,2,COVENTRY TOWNSHIP,1,,Y,N,6.0,Y,0.0,,Y,,N,COVENTRY TOWNSHIP,N,,0,,,,77,IR,,121.6,N,,,121 6,2,,,,,N,N,Y,0,0,N,1.0,0,2,1,,47074.0,N,121.682,22,Y,5,2,1,1,M,N,N,N,0,4,0,2,0,65,1,20,0,0,0,0,0,1,6,NT,1,50,31.0,1.0,1.0,2.0,1.0,M,,1.0,65.0,1.0,20.0,,,,,,1.0,6.0,NT,1.0,65.0,,,,,,,,,,,,,0,4,,unit1 unit2 . unit2 number one unit1 number three . unit2 failed maintain reasonable control hydroplaned standing water causing unit2 spin unit1 's striking unit1 passenger side . unit2 continued spin coming rest concrete barrier head came rest break number .,O,"[0.9926918148994446, 0.0067545343190431595, 0.000553702178876847]",C,"[0.1735185831785202, 0.8199621438980103, 0.006519281305372715]",O,"[0.998046875, 0.0015850067138671875, 0.00010055303573608398]"
1222,1222,213131183,"on 6/13/21 unit #1 was traveling north on ir 77. unit #1 hydroplaned due inclement weather. unit #1 then went off the left side of the roadway, struck the concrete median divider, and overturned an unknown number of times. minor injuries were reported.",20213131183,2021,AB,6/1/2021 0:00,4,SSUMIR00077**C,S,SUM,22.95,41.131906,-81.651491,18658,766.0,6/13/2021 0:00,13,1,N,2.0,Y,Y,1.0,8,0,,,,Y,22.95,SSUMIR00077**C,N,1,22106051,1,6,N,2,1,1,COPLEY TOWNSHIP,1,N,Y,N,6.0,Y,0.4,,N,,N,COPLEY TOWNSHIP,N,,0,,,,77,IR,,136.0,N,,,136,2,,,,,N,Y,N,0,0,N,1.0,0,2,2,,91298.0,N,136.472,69,Y,11,2,1,1,M,N,N,N,0,3,35,1,2,65,1,9,35,1,0,0,0,1,6,NT,3,60,,,,,,,,,,,,,,,,,,,,,,,,,,,,,,,,,,0,4,,"unit1 traveling . unit1 hydroplaned due inclement weather . unit1 went left side roadway , struck concrete median divider , overturned unknown number times . minor injuries reported .",C,"[6.36716038115992e-07, 0.9999990463256836, 3.2222271784121403e-07]",C,"[2.929228344328294e-07, 0.9999992847442627, 5.276453407532244e-07]",C,"[5.364418029785156e-07, 1.0, 5.960464477539062e-07]"
1223,1223,213131198,unit 1 was southbound on interstate 77 at milepost 135.4 in the left lane. unit 1 hydroplaned and left the roadway to the left. the right mid back of unit 1 struck the end of a guard rail.,20213131198,2021,O,6/1/2021 0:00,4,SSUMIR00077**N,S,SUM,21.781,41.119265,-81.643918,18658,766.0,6/29/2021 0:00,13,3,N,2.0,Y,Y,1.0,18,0,,,,Y,21.8,SSUMIR00077**C,N,1,22106117,1,6,N,1,0,1,COPLEY TOWNSHIP,1,N,Y,N,6.0,Y,0.25,,Y,,N,COPLEY TOWNSHIP,N,,0,,,,77,IR,,135.0,N,,,135,2,,,,,N,N,N,0,0,N,1.0,0,2,4,,118398.0,N,135.303,24,Y,11,1,2,1,M,N,N,N,0,3,31,1,2,65,13,9,31,0,0,0,0,1,6,NT,1,60,,,,,,,,,,,,,,,,,,,,,,,,,,,,,,,,,,0,4,,unit1 interstate milepost . left . unit1 hydroplaned left roadway left . mid back unit1 struck end guard rail .,O,"[0.6789753437042236, 0.29751914739608765, 0.023505492135882378]",C,"[0.23572881519794464, 0.7405596375465393, 0.023711560294032097]",O,"[0.748046875, 0.240478515625, 0.011627197265625]"
1224,1224,213131230,unit 01 travelled westbound on center road near marks road. unit 01 hydroplaned on the roadway and came to rest in a ditch on the south side of the roadway. no injuries reported. the driver of unit 01 called for a private tow. no other property damage observed. the driver advised he would not file a claim with his insurance reference the accident.,20213131230,2021,O,7/1/2021 0:00,3,SMEDSR00303**C,S,MED,4.963,41.237828,-81.878047,9708,17668.0,7/17/2021 0:00,13,7,N,2.0,Y,N,5.0,14,0,,ba4a7ff8-696a-4c55-b78c-a220c8ed2deb,b4ab74db-16bb-40e9-9bc9-d7d1a9825377,N,4.963,SMEDSR00303**C,N,1,2128991,1,7,,1,0,1,BRUNSWICK HILLS TOWNSHIP,1,W,N,N,2.0,Y,0.013,CR,N,,N,BRUNSWICK HILLS TOWNSHIP,N,,0,,CENTER,RD,303,SR,,,N,,,MARKS,1,22,CR,,RD,N,N,N,0,0,N,3.0,0,6,1,,160927.0,N,27.915,26,Y,1,3,4,1,M,N,N,N,0,2,44,1,2,45,1,11,9,44,0,0,0,1,6,NT,3,25,,,,,,,,,,,,,,,,,,,,,,,,,,,,,,,,,,0,4,,unit1 travelled center near marks . unit1 hydroplaned roadway came rest ditch side roadway . injuries reported . driver unit1 called private tow . property damage observed . driver advised would file claim insurance reference accident .,O,"[1.0, 5.5275421573242056e-08, 1.4032254469498184e-08]",O,"[1.0, 8.401469797636452e-11, 1.2849325485455969e-14]",O,"[1.0, 0.0, 0.0]"
1225,1225,213131512,"unit 1 was wb when the driver stated he hydroplaned and lost control, causing the vehicle to leave the roadway right and strike trees.",20213131512,2021,O,6/1/2021 0:00,4,SSUMIR00076**N,S,SUM,2.67,41.039506,-81.637198,57260,766.0,6/30/2021 0:00,13,4,N,2.0,Y,Y,1.0,6,0,83600.0,,,Y,2.67,SSUMIR00076**C,N,1,22106150,1,6,N,1,0,1,NORTON,1,E,Y,N,6.0,Y,0.038,,N,,N,NORTON,N,,0,,,,76,IR,,,N,,,CLEVELAND MASSILLON,1,,,,RD,N,N,N,0,0,N,1.0,0,2,1,,56794.0,N,14.818,52,Y,11,3,4,1,M,N,N,N,0,3,48,1,2,65,1,8,48,0,0,0,0,1,6,NT,1,65,,,,,,,,,,,,,,,,,,,,,,,,,,,,,,,,,,0,4,,"unit1 driver stated hydroplaned lost control , causing vehicle leave roadway strike trees .",C,"[0.01070361863821745, 0.9855719804763794, 0.0037244008854031563]",O,"[0.5867908596992493, 0.4072047770023346, 0.006004372611641884]",O,"[0.998046875, 0.001674652099609375, 0.0001385211944580078]"
1226,1226,213132436,"unit #1 was traveling northbound on i71 n in the number 3 lane. unit #1 hydroplaned after negotiating a curve and was unable to control the vehicle. unit #1 traveled across two lanes of traffic then, struck a guard rail causing the vehicle to roll over into the grass median.",20213132436,2021,O,7/1/2021 0:00,12,SCUYIR00071**N,S,CUY,15.22,41.447077,-81.742449,9246,17668.0,7/24/2021 0:00,13,7,N,2.0,Y,Y,1.0,10,0,,,,Y,15.184,SCUYIR00071**C,N,1,2120096329,1,7,N,1,0,1,BROOKLYN,1,N,Y,N,8.0,Y,0.028,,N,,N,BROOKLYN,N,,0,N,71 NB,HWY,71,IR,,243.6,N,,,243 6,2,,,,,N,N,N,0,0,N,1.0,0,2,1,,90956.0,N,243.911,28,Y,11,2,1,1,F,N,N,N,0,4,30,1,2,60,13,9,30,1,0,0,0,1,6,NT,1,55,,,,,,,,,,,,,,,,,,,,,,,,,,,,,,,,,,1,2,,"unit1 traveling number . unit1 hydroplaned negotiating curve unable control vehicle . unit1 traveled across two lanes traffic , struck guard rail causing vehicle roll grass median .",C,"[0.01281814742833376, 0.9770326614379883, 0.01014918927103281]",C,"[0.1018361747264862, 0.8759939074516296, 0.022169852629303932]",C,"[0.0124969482421875, 0.97705078125, 0.010772705078125]"
1227,1227,213133007,"unit 1 was east on i-480 approaching barton rd., when he hydroplaned on the standing rain water and struck the median wall.",20213133007,2021,O,7/1/2021 0:00,12,SCUYIR00480**C,S,CUY,0.55,41.389573,-81.960041,56882,17668.0,7/24/2021 0:00,13,7,N,2.0,Y,Y,1.0,4,0,,,,Y,0.55,SCUYIR00480**C,N,3,2100542,1,7,N,1,0,1,NORTH OLMSTED,1,E,Y,N,6.0,Y,0.114,,N,,N,NORTH OLMSTED,N,,0,,I 480 E,,480,IR,,,N,,,BARTON,1,,,,RD,N,N,N,0,0,N,1.0,0,2,3,,56974.0,N,2.854,34,Y,1,4,3,1,M,N,N,N,0,3,35,1,0,60,1,9,35,0,0,0,0,1,6,NT,1,50,,,,,,,,,,,,,,,,,,,,,,,,,,,,,,,,,,0,4,,"unit1 approaching barton . , hydroplaned standing rain water struck median wall .",O,"[0.9999513626098633, 4.6111141273286194e-05, 2.4611504159111064e-06]",O,"[0.9385290145874023, 0.0614323653280735, 3.86059946322348e-05]",O,"[1.0, 0.0, 0.0]"
1228,1228,213134162,"unit 1 was westbound on us 20, there was water across both lanes of travel, the vehicle then hydroplaned. unit 1 went off the north side of the road becoming submerged under water.",20213134162,2021,O,7/1/2021 0:00,2,,S,FUL,,41.674363,-84.295961,30940,99999.0,7/25/2021 0:00,17,1,N,2.0,N,N,,0,0,,,,N,,,N,4,26-21-242,1,7,,1,0,1,GORHAM TOWNSHIP,1,W,N,N,2.0,Y,0.4,CR,Y,,N,GORHAM TOWNSHIP,N,,0,,,,20,US,,,N,,,,1,22,CR,,,N,N,N,0,0,N,,0,2,1,,,N,,17,N,1,3,4,1,F,N,N,N,0,2,0,1,0,55,1,99,8,3,0,0,0,1,6,NT,1,50,,,,,,,,,,,,,,,,,,,,,,,,,,,,,,,,,,0,4,,"unit1 us , water across lanes travel , vehicle hydroplaned . unit1 went side becoming submerged water .",O,"[0.9984012246131897, 0.001503009581938386, 9.576455340720713e-05]",O,"[0.943208634853363, 0.05588950961828232, 0.0009018997079692781]",O,"[1.0, 5.227327346801758e-05, 3.3974647521972656e-06]"
1229,1229,213134500,"unit #1 was traveling north on ir 77. traffic was stopped in front of unit #1. unit #1 attempted to brake, hydroplaned, swerved to avoid collision with the motor vehicle in front, and struck the concrete barrier in the median.",20213134500,2021,AB,6/1/2021 0:00,4,SSUMIR00077**C,S,SUM,7.55,40.999078,-81.493672,19036,766.0,6/30/2021 0:00,13,4,N,2.0,Y,Y,1.0,21,0,,,,Y,7.55,SSUMIR00077**C,N,1,2021-00037827,1,6,N,0,1,1,COVENTRY TOWNSHIP,1,,Y,N,6.0,Y,0.0,,N,,N,COVENTRY TOWNSHIP,N,,0,,,,77,IR,,121.0,N,,,121,2,,,,,N,N,N,0,0,N,1.0,0,2,1,,91294.0,N,121.072,32,Y,15,2,1,1,F,N,N,N,0,4,35,1,0,65,1,9,35,0,0,0,0,1,6,NT,1,65,,,,,,,,,,,,,,,,,,,,,,,,,,,,,,,,,,0,4,,"unit1 traveling . traffic stopped front unit1 . unit1 attempted brake , hydroplaned , swerved avoid collision motor vehicle front , struck concrete barrier median .",O,"[0.997614860534668, 0.0022672638297080994, 0.00011785541573772207]",O,"[0.9953873753547668, 0.004528754856437445, 8.393063762923703e-05]",O,"[1.0, 1.6093254089355469e-06, 1.1920928955078125e-07]"
1230,1230,213134545,unit #1 was traveling west on us 224. unit #1 hydroplaned and struck the concrete guard rail in the median.,20213134545,2021,O,7/1/2021 0:00,4,SSUMUS00224*IN,S,SUM,0.394,41.025447,-81.501461,19036,766.0,7/13/2021 0:00,13,3,N,6.0,Y,N,3.0,18,0,,,,N,0.394,SSUMUS00224*IN,N,1,2021-00040406,1,7,,1,0,1,COVENTRY TOWNSHIP,1,W,Y,N,,Y,0.019,,N,,N,AKRON,N,,0,,,,224,US,,3.2,N,,,,2,,,,,N,Y,N,0,0,N,,0,2,1,,,N,0.394,66,Y,99,4,3,1,M,N,N,N,0,3,35,1,0,60,1,8,35,0,0,0,0,1,6,NT,1,60,,,,,,,,,,,,,,,,,,,,,,,,,,,,,,,,,,0,4,,unit1 traveling us . unit1 hydroplaned struck concrete guard rail median .,O,"[0.6294333338737488, 0.3568286895751953, 0.01373798493295908]",C,"[0.05086443945765495, 0.9430235028266907, 0.00611204793676734]",O,"[0.99609375, 0.0032711029052734375, 0.00017201900482177734]"
1231,1231,213136522,unit 1 was north on ir 77 when she hydroplaned in some water on the road losing control of her vehicle striking the concrete barrier.,20213136522,2021,AB,7/1/2021 0:00,4,SSUMIR00077**C,S,SUM,0.95,40.920363,-81.426844,31860,766.0,7/24/2021 0:00,13,7,N,2.0,Y,Y,1.0,12,0,,,,Y,0.95,SSUMIR00077**C,N,1,2021-00042648,1,7,N,0,1,1,GREEN,1,,Y,N,6.0,Y,0.0,,Y,,N,GREEN,N,,0,,,,77,IR,,114.4,N,,,114 4,2,,,,,N,N,N,0,0,N,1.0,0,2,1,,56822.0,N,114.472,20,Y,11,2,1,1,F,N,N,N,0,3,35,1,0,60,1,9,35,0,0,0,0,1,6,NT,3,60,,,,,,,,,,,,,,,,,,,,,,,,,,,,,,,,,,0,4,,unit1 hydroplaned water losing control vehicle striking concrete barrier .,C,"[0.01080910861492157, 0.9887735247612, 0.0004173851339146495]",O,"[0.6540561318397522, 0.3447858989238739, 0.0011579300044104457]",O,"[1.0, 0.00010639429092407227, 2.086162567138672e-06]"
1232,1232,213137843,unit 2 was stopped in traffic on state route 131 facing west in front of 1418 state route 131. unit 1 was traveling west on state route 131 approaching unit 2 who was stopped in traffic. the driver of unit 1 advised she hit the brakes but hydroplaned and could not stop in time. unit 1 struck unit 2 in the rear causing damage to both units. the driver of unit 1 was issued a citation for failing to maintain assured clear distance ahead.,20213137843,2021,O,8/1/2021 0:00,8,SCLESR00131**C,S,CLE,3.425,39.175997,-84.211779,49322,16885.0,8/1/2021 0:00,2,1,N,2.0,N,N,4.0,15,0,,,,N,3.425,SCLESR00131**C,N,1,21-7841,1,8,,3,0,2,MIAMI TOWNSHIP,1,,N,N,2.0,Y,0.0,,Y,1418,N,MIAMI TOWNSHIP,N,,0,,,,131,SR,,,N,,,1418TH,3,,,,,N,N,N,0,0,N,3.0,0,2,1,,155584.0,N,3.425,17,Y,8,3,4,1,F,N,N,N,0,2,0,1,0,40,1,20,0,0,0,0,0,1,6,NT,1,29,34.0,1.0,3.0,4.0,1.0,F,,2.0,40.0,11.0,20.0,,,,,,1.0,6.0,NT,1.0,,,,,,,,,,,,,,0,4,,unit2 stopped traffic state facing front state . unit1 traveling state approaching unit2 stopped traffic . driver unit1 advised hit brakes hydroplaned could stop time . unit1 struck unit2 rear causing damage units . driver unit1 issued citation failing maintain assured clear distance ahead .,O,"[0.9999971389770508, 2.726756065385416e-06, 1.6089771293081867e-07]",O,"[0.9989124536514282, 0.0010561555391177535, 3.13973578158766e-05]",O,"[1.0, 0.00017130374908447266, 1.043081283569336e-05]"
1233,1233,213137873,unit #1 was west bound on i.r. 76 in the left lane. unit #1 started to hydroplane on water and struck the center median before spinning back across the interstate and coming to rest on the right shoulder of the west bound lane.,20213137873,2021,O,5/1/2021 0:00,4,SSUMIR00076**N,S,SUM,4.175,41.040414,-81.608659,57260,766.0,5/9/2021 0:00,13,1,N,2.0,Y,Y,1.0,8,0,,9e4da124-4e7f-4fcd-b4a0-d7999e40650f,6e7b1d78-90bd-41c9-9ebe-f1a76b4d6ee8,Y,4.168,SSUMIR00076**C,N,1,22105032,1,5,N,2,0,1,NORTON,1,W,Y,N,6.0,Y,0.057,RA,N,,N,NORTON,N,,0,,I 76 W,,76,IR,,,N,,,BARBER,1,,,,RD,N,N,N,0,0,N,1.0,0,2,3,,81340.0,N,16.323,41,Y,11,3,4,1,F,N,N,N,0,3,35,1,2,65,1,9,35,0,0,0,0,1,6,NT,3,60,,,,,,,,,,,,,,,,,,,,,,,,,,,,,,,,,,0,4,,unit1 i.r . left . unit1 started hydroplane water struck center median spinning back across interstate coming rest shoulder .,O,"[0.9999998807907104, 1.0809939965383819e-07, 2.0677262568824517e-08]",O,"[0.9999716281890869, 2.8250527975615114e-05, 1.1082494921765829e-07]",O,"[1.0, 5.960464477539063e-08, 0.0]"
1234,1234,213139026,unit 2 was traveling northbound on harrison avenue in the left lane. unit 1 was traveling northbound on harrison avenue in the right lane. unit 1 then began to hydroplane striking unit 2.,20213139026,2021,O,6/1/2021 0:00,8,CHAMCR00457**C,C,HAM,9.33,39.217072,-84.67797,16616,16885.0,6/3/2021 0:00,5,5,N,,N,N,5.0,19,0,,9ca802ad-2edd-402c-afe4-c1628398978f,750c0b28-6d1f-4112-af1f-17ba11c8ecb2,N,9.33,CHAMCR00457**C,N,1,603211044,2,6,,4,0,2,COLERAIN TOWNSHIP,1,,N,N,3.0,N,0.0,,Y,7234,N,COLERAIN TOWNSHIP,N,,0,,HARRISON,AVE,,,,,N,,,7234TH,3,,,,,N,Y,N,0,0,N,,0,2,1,,104069.0,N,9.33,20,Y,1,2,1,1,M,N,N,N,0,4,0,1,0,0,1,20,0,0,0,0,0,1,6,NT,3,0,67.0,1.0,2.0,1.0,1.0,F,,2.0,,1.0,20.0,,,,,,1.0,6.0,NT,1.0,,,,,,,,,,,,,,0,4,,unit2 traveling harrison left . unit1 traveling harrison . unit1 began hydroplane striking unit2 .,O,"[0.99997878074646, 1.990439704968594e-05, 1.276052216780954e-06]",O,"[0.9937078952789307, 0.005834580399096012, 0.00045747015974484384]",O,"[0.98193359375, 0.01538848876953125, 0.0031986236572265625]"
1235,1235,213139477,"maria, driver of unit 1 stated she was i 277 w in the high speed lane when she hydroplaned and lost control. maria stated she hit the median wall and went across the highway striking the guardrail on the right berm. maria was cited for ftc.",20213139477,2021,O,5/1/2021 0:00,4,SSUMSR00093**C,S,SUM,9.095,41.039017,-81.546323,1000,766.0,5/28/2021 0:00,13,6,N,2.0,Y,N,4.0,18,0,,520eba6b-3460-4c90-8825-18cd3821c942,3d5dbb26-a6a7-4d3f-93e3-76319b2ca14f,N,9.095,SSUMSR00093**C,N,1,2021-00066436,4,5,,1,0,1,AKRON,1,,N,N,5.0,N,0.0,SR,N,,N,AKRON,N,,0,,,,277,US,,,N,,S,MAIN,1,,,,ST,N,N,N,0,0,N,3.0,0,2,1,,173920.0,N,230.968,30,Y,99,3,4,1,F,N,N,N,0,3,35,1,0,55,1,9,35,30,0,0,0,1,6,NT,1,0,,,,,,,,,,,,,,,,,,,,,,,,,,,,,,,,,,0,4,,"maria , driver unit1 stated high speed hydroplaned lost control . maria stated hit median wall went across striking guardrail berm . maria cited ftc .",C,"[0.22080326080322266, 0.7653098702430725, 0.013886910863220692]",C,"[0.12082452327013016, 0.8785518407821655, 0.0006237096386030316]",C,"[0.2064208984375, 0.79052734375, 0.0031948089599609375]"
1236,1236,213139754,unit 1 was traveling south on i-271 near mile marker 27 in the left lane. unit 1 then hydroplaned as they crossed under the emery rd bridge causing unit 1 to strike the right hand guard rail. unit 1 came to rest under the right side guard rail.,20213139754,2021,O,8/1/2021 0:00,12,SCUYIR00271**N,S,CUY,5.939,41.433356,-81.50252,80990,17668.0,8/1/2021 0:00,13,1,N,2.0,Y,Y,1.0,12,0,18400.0,,,Y,5.912,SCUYIR00271**C,N,1,20212152,1,8,N,1,0,1,WARRENSVILLE HEIGHTS,1,S,Y,N,5.0,Y,0.148,,Y,,N,WARRENSVILLE HEIGHTS,N,,0,,,,271,IR,,,N,,,EMERY,1,,,,RD,N,N,Y,0,0,N,1.0,0,2,2,,81490.0,N,27.903,20,Y,5,1,2,1,M,N,N,N,0,3,30,1,2,60,1,30,0,0,0,0,0,1,6,NT,1,60,,,,,,,,,,,,,,,,,,,,,,,,,,,,,,,,,,0,4,,unit1 traveling near mile marker left . unit1 hydroplaned crossed emery bridge causing unit1 strike guard rail . unit1 came rest side guard rail .,O,"[0.8351789712905884, 0.14053073525428772, 0.024290326982736588]",C,"[0.029056627303361893, 0.9683477878570557, 0.002595529891550541]",O,"[0.9375, 0.04931640625, 0.01280975341796875]"