,id,OBJECTID,Narrative,DOCUMENT_NBR,CRASH_YR,CRASH_SEVERITY_CD,CRASH_MONTH_YEAR,DISTRICT_NBR,NLFID,NLF_JUR_CD,NLF_COUNTY_CD,COUNTY_LOG_NBR,ODOT_LATITUDE_NBR,ODOT_LONGITUDE_NBR,ODOT_FIPS_CD,AREA_CODE,CRASH_DATE,CRASH_TYPE_CD,DAY_IN_WEEK_CD,DISTRACTED_DRIVER_IND,FACILITY_TYPE_CD,FHWA_RDWY_DEPARTURE_IND,FREEWAY_IND,FUNCTIONAL_CLASS_CD,HOUR_OF_CRASH,INCAPAC_INJURIES_NBR,INTERCHANGE_ID,INTERSECTION_ID_CURRENT,INTERSECTION_LEG_ID,INTERSTATE_IND,INV_LOG_NBR,INV_NLFID,IS_COMMERCIAL_RELATED,LIGHT_COND_PRIMARY_CD,LOCAL_REPORT_NUMBER_ID,MAINTENANCE_AUTHORITY_CD,MONTH_OF_CRASH,NHS_CD,NO_INJURY_REPORTED_NBR,NON_INCAPAC_INJURIES_NBR,NUMBER_OF_UNITS_NBR,ODOT_CITY_VILLAGE_TWP_NME,ODOT_CRASH_LOCATION_CD,ODOT_DIR_FROM_REF_CD,ODOT_DIV_UNDIV_IND,ODOT_INTERSECTION_REL_IND,ODOT_LANES_NBR,ODOT_MAINTAINED_HWY_IND,ODOT_MILES_FROM_REF_NBR,ODOT_REF_ROUTE_PREFIX_CD,ODOT_YOUNG_DRIVER_IND,ODPS_ADDRESS_REFERENCE,ODPS_ALCOHOL_IND,ODPS_CITY_VILLAGE_TWP_NME,ODPS_DRUG_IND,ODPS_LOC_DIR_SUFFIX_CD,ODPS_LOC_IN_WORK_ZONE_CD,ODPS_LOC_ROAD_DIRECTION_CD,ODPS_LOC_ROAD_NME,ODPS_LOC_ROAD_SUFFIX_CD,ODPS_LOC_ROUTE_ID,ODPS_LOC_ROUTE_PREFIX_CD,ODPS_LOC_ROUTE_SUFFIX_CD,ODPS_MILEPOST_REFERENCE,ODPS_MOTORCYCLE_IND,ODPS_REF_DIR_SUFFIX_CD,ODPS_REF_DIRECTION_CD,ODPS_REF_GIVEN,ODPS_REF_POINT_USED_CD,ODPS_REF_ROUTE_ID,ODPS_REF_ROUTE_PREFIX_CD,ODPS_REF_ROUTE_SUFFIX_CD,ODPS_REF_SUFFIX_CD,ODPS_SCHOOL_ZONE_IND,ODPS_SENIOR_DRIVER_IND,ODPS_SPEED_IND,ODPS_TOTAL_FATALITIES_NBR,ODPS_TYPE_OF_WORK_ZONE_CD,ODPS_WORK_ZONE_IND,OPER_ACCESS_CONTROL_CD,POSSIBLE_INJURIES_NBR,ROAD_COND_PRIMARY_CD,ROAD_CONTOUR_CD,SA_RAMP_ID,SA_SEGMENT_ID,SECONDARY_CRASH,STATE_TRUE_LOG_NBR,U1_AGE_NBR,U1_AT_FAULT_IND,U1_CONT_CIR_PRIMARY_CD,U1_DIRECTION_FROM_CD,U1_DIRECTION_TO_CD,U1_DISTRACTED_BY_1_CD,U1_GENDER_CD,U1_IS_ALCOHOL_SUSPECTED,U1_IS_MARIJUANA_SUSPECTED,U1_IS_OTHER_DRUG_SUSPECTED,U1_NON_MOTORIST_LOC_CD,U1_NUMBER_OF_THRU_LANES,U1_OBJECT_STRUCK,U1_ODPS_UNIT_NBR,U1_OPERATINGIN_AUTONOMOUS_MODE,U1_POSTED_SPEED_NBR,U1_PRECRASH_ACTION_CD,U1_SEQ_OF_EVENTS_1_CD,U1_SEQ_OF_EVENTS_2_CD,U1_SEQ_OF_EVENTS_3_CD,U1_SEQ_OF_EVENTS_4_CD,U1_SEQ_OF_EVENTS_5_CD,U1_SEQ_OF_EVENTS_6_CD,U1_SPECIAL_FUNCTION_CD,U1_TRAFFIC_CONTROL_CD,U1_TURN_CD,U1_TYPE_OF_UNIT_CD,U1_UNIT_SPEED_NBR,U2_AGE_NBR,U2_CONT_CIR_PRIMARY_CD,U2_DIRECTION_FROM_CD,U2_DIRECTION_TO_CD,U2_DISTRACTED_BY_1_CD,U2_GENDER_CD,U2_NON_MOTORIST_LOC_CD,U2_ODPS_UNIT_NBR,U2_POSTED_SPEED_NBR,U2_PRECRASH_ACTION_CD,U2_SEQ_OF_EVENTS_1_CD,U2_SEQ_OF_EVENTS_2_CD,U2_SEQ_OF_EVENTS_3_CD,U2_SEQ_OF_EVENTS_4_CD,U2_SEQ_OF_EVENTS_5_CD,U2_SEQ_OF_EVENTS_6_CD,U2_SPECIAL_FUNCTION_CD,U2_TRAFFIC_CONTROL_CD,U2_TURN_CD,U2_TYPE_OF_UNIT_CD,U2_UNIT_SPEED_NBR,U3_CONT_CIR_PRIMARY_CD,U3_ODPS_UNIT_NBR,U3_PRECRASH_ACTION_CD,U3_SEQ_OF_EVENTS_1_CD,U3_SEQ_OF_EVENTS_2_CD,U3_SEQ_OF_EVENTS_3_CD,U3_SEQ_OF_EVENTS_4_CD,U3_SEQ_OF_EVENTS_5_CD,U3_SEQ_OF_EVENTS_6_CD,U3_SPECIAL_FUNCTION_CD,U3_TRAFFIC_CONTROL_CD,U3_TYPE_OF_UNIT_CD,UNRESTRAIN_OCCUPANTS,WEATHER_COND_CD,V1,clean_Narrative,BERT_predictions,BERT_prediction_probabilities,RoBERTa_predictions,RoBERTa_predictions_probabilities,distilBERT_predictions,distilBERT_predictions_probabilities
1237,1237,213140960,unit #1 was on the ramp from i 76 e to i 76 e/i 77 s. unit #1 stated she hydroplaned and struck the guardrail. unit #1 was cited for fail to control.,20213140960,2021,C,6/1/2021 0:00,4,SSUMIR00076**C,S,SUM,8.229,41.058407,-81.567431,1000,766.0,6/2/2021 0:00,13,4,N,2.0,Y,Y,1.0,22,0,84500.0,7670ea45-adcf-4b4b-8576-c70706fc4070,a7880a34-b4cb-423f-b922-14cf264f293b,Y,8.229,SSUMIR00076**C,N,1,2021-00068755,1,6,N,0,0,1,AKRON,1,,Y,N,6.0,Y,0.0,RA,Y,,N,AKRON,N,,0,,,,76,IR,,,N,,,,1,77,IR,,,N,N,N,0,0,N,1.0,1,2,4,,118354.0,N,20.377,25,Y,99,2,3,1,F,N,N,N,0,2,30,1,0,35,13,8,30,0,0,0,0,1,6,RT,1,25,,,,,,,,,,,,,,,,,,,,,,,,,,,,,,,,,,0,4,,unit1 ramp e unit1 stated hydroplaned struck guardrail . unit1 cited fail control .,O,"[0.9999914169311523, 8.120709026115946e-06, 4.4198100113135297e-07]",O,"[0.9702052474021912, 0.029596729204058647, 0.00019799584697466344]",C,"[0.0164031982421875, 0.98388671875, 0.00017249584197998047]"
1238,1238,213141737,"unit #1 was traveling eastbound on i-480 in lane #2. the driver of unit #1 stated that she hydroplaned, went off of the road to the left and struck the concrete median.",20213141737,2021,O,8/1/2021 0:00,12,SCUYIR00480**C,S,CUY,12.815,41.422136,-81.739095,9246,17668.0,8/8/2021 0:00,13,1,N,2.0,Y,Y,1.0,12,0,19900.0,,,Y,12.815,SCUYIR00480**C,N,1,2120105123,1,8,N,1,0,1,BROOKLYN,1,W,Y,N,8.0,Y,0.028,,N,,N,BROOKLYN,N,,0,,,,480,IR,,15.2,N,,,,2,,,,,N,N,Y,0,0,N,1.0,0,2,1,,45577.0,N,15.119,26,Y,5,4,3,1,F,N,N,N,0,4,35,1,0,60,1,9,35,0,0,0,0,1,6,NT,3,40,,,,,,,,,,,,,,,,,,,,,,,,,,,,,,,,,,0,2,,"unit1 traveling . driver unit1 stated hydroplaned , went left struck concrete median .",C,"[0.002123558660969138, 0.9959728121757507, 0.0019036175217479467]",O,"[0.6652510166168213, 0.3280494809150696, 0.006699422840029001]",C,"[0.46337890625, 0.52001953125, 0.0167083740234375]"
1239,1239,213142866,"unit one was travelling south bound on the on ramp to state route 11 south bound, when unit one hydroplaned, sliding into the ditch on the west side of the road.",20213142866,2021,O,7/1/2021 0:00,4,STRURA78160**C,S,TRU,0.434,41.270385,-80.707407,80052,99775.0,7/8/2021 0:00,17,5,N,4.0,Y,N,3.0,17,0,91050.0,266ae432-9b7a-48cd-979f-66e87d137a0b,8ce040ee-e459-4e87-9986-a8062ca9bdda,N,0.434,STRURA78160**C,N,1,VIE2101717,1,7,,1,0,1,VIENNA TOWNSHIP,1,S,N,N,,Y,0.057,CR,N,,N,VIENNA TOWNSHIP,N,,0,S,STATE ROUTE,HWY,11,SR,,,N,,,,1,158,CR,,,N,N,N,0,0,N,1.0,0,2,3,,,N,0.434,26,Y,99,1,2,1,M,N,N,N,0,1,0,1,0,70,13,8,0,0,0,0,0,1,6,NT,1,35,,,,,,,,,,,,,,,,,,,,,,,,,,,,,,,,,,0,4,,"unit1 travelling ramp state , unit1 hydroplaned , sliding ditch side .",O,"[0.9967910647392273, 0.0029282832983881235, 0.0002807078417390585]",O,"[0.9845526218414307, 0.014779658988118172, 0.0006677564233541489]",O,"[1.0, 0.0002200603485107422, 1.3828277587890625e-05]"
1240,1240,213142966,"unit 1 was traveling south bound on i-75 near exit 200. unit 1 stated she was in the left lane traveling through the construction zone when she observed a huge puddle in the road, but could not merge over because of traffic next to her. unit 1 then stated she hit the puddle and then hydroplaned and then hit the left wall, spun, and then hit the right wall.",20213142966,2021,O,8/1/2021 0:00,2,SLUCIR00075**N,S,LUC,0.338,41.622761,-83.542038,77000,87868.0,8/9/2021 0:00,13,2,N,2.0,Y,Y,1.0,14,0,,1e820542-9582-4c1b-bd7b-409828a60a1f,d4e5a2ea-97f0-49aa-831c-56abb6329116,Y,0.339,SLUCIR00075**C,N,1,2.10809E+13,1,8,N,1,0,1,TOLEDO,1,S,Y,N,6.0,Y,0.004,,N,,N,TOLEDO,N,,4,,,,75,IR,,200.0,N,,,,2,,,,,N,N,Y,0,4,Y,1.0,0,1,1,,39539.0,N,199.92,28,Y,5,1,2,1,F,N,N,N,0,2,35,1,0,50,1,35,35,0,0,0,0,1,6,NT,3,50,,,,,,,,,,,,,,,,,,,,,,,,,,,,,,,,,,0,4,,"unit1 traveling near exit . unit1 stated left traveling construction zone observed huge puddle , could merge traffic next . unit1 stated hit puddle hydroplaned hit left wall , spun , hit wall .",O,"[0.9966918230056763, 0.003229655558243394, 7.854641444282606e-05]",O,"[0.7685381770133972, 0.2305867224931717, 0.0008751216810196638]",O,"[0.986328125, 0.01291656494140625, 0.0005245208740234375]"
1241,1241,213143010,unit 1 was traveling westbound on western reserve rd passing detwiler rd when the vehicle hydroplaned across the road. the vehicle struck the guardrail and then came to rest on the south side of the roadway in the ditch. airbags did deploy upon impact of the guardrail.the mahoning county engineer's office was contacted to check the damaged guardrail.,20213143010,2021,C,8/1/2021 0:00,4,CMAHCR00032**C,C,MAH,16.216,40.988095,-80.7283,4668,99999.0,8/7/2021 0:00,13,7,N,,Y,N,5.0,20,0,,,,N,16.216,CMAHCR00032**C,N,4,21BV05395,2,8,,0,0,1,BEAVER TOWNSHIP,1,W,N,N,2.0,N,0.114,CR,Y,,N,BEAVER TOWNSHIP,N,,0,W,WESTERN RESERVE,RD,32,CR,,,N,,S,DETWILER,1,115,CR,,RD,N,N,Y,0,0,N,,1,2,1,,14893.0,N,16.216,19,Y,5,3,4,1,M,N,N,N,0,2,29,1,0,45,1,29,30,0,0,0,0,1,6,NT,1,50,,,,,,,,,,,,,,,,,,,,,,,,,,,,,,,,,,0,4,,unit1 traveling western reserve passing detwiler vehicle hydroplaned across . vehicle struck guardrail came rest side roadway ditch . airbags deploy upon impact guardrail.the mahoning county engineer 's office contacted check damaged guardrail .,O,"[0.9917156100273132, 0.007534687407314777, 0.0007496263133361936]",O,"[0.9676452875137329, 0.032196398824453354, 0.0001582620752742514]",O,"[1.0, 0.0, 0.0]"
1242,1242,213143123,unit#1 was traveling i-480 w/b. the operator of unit #1 stated she hydroplane and was unable to control her vehicle and struck the concrete median. the operator of unit #1 requested squad and was transported to uh-parma. kufners towing towed the vehicle.,20213143123,2021,AB,8/1/2021 0:00,12,SCUYIR00480**C,S,CUY,15.819,41.420136,-81.681648,9274,17668.0,8/10/2021 0:00,13,3,N,2.0,Y,Y,1.0,9,0,20100.0,,,Y,15.819,SCUYIR00480**C,N,1,202100184,1,8,N,0,1,1,BROOKLYN HEIGHTS,1,E,Y,N,8.0,Y,0.047,,Y,,N,BROOKLYN HEIGHTS,N,,0,,,,480,IR,,18.0,N,,,,2,,,,,N,N,N,0,0,N,1.0,0,2,3,,128873.0,N,18.123,21,Y,99,3,4,1,F,N,N,N,0,4,35,1,2,60,1,35,0,0,0,0,0,1,6,NT,1,50,,,,,,,,,,,,,,,,,,,,,,,,,,,,,,,,,,0,4,,unit1 traveling w b. operator unit1 stated hydroplane unable control vehicle struck concrete median . operator unit1 requested squad transported uhparma . kufners towing towed vehicle .,C,"[0.0005564792081713676, 0.9942776560783386, 0.005165829788893461]",C,"[4.943748081132071e-06, 0.9999946355819702, 5.284622375256731e-07]",C,"[0.0027103424072265625, 0.99609375, 0.0013217926025390625]"
1243,1243,213143982,"unit 1 was traveling on us 35 west rear mm 43.2 when they hydroplaned and failed to operate their vehicle with reasonable control. unit 1 struck the concrete barrier in the median, and after striking the barrier, unit 1 struck unit 2 who was traveling in the right lane. unit 1 then struck the barrier again before coming to rest. reference crash report 21-26386. on 08/09/2021, ofc. kempf and i were dispatched to the area of us 35 west near mm 43 for an unknown injury crash. upon arrival, it was found that unit 1 struck unit 2's semi truck and trailer. the damage done to the trailer can be seen in the photographs taken on scene. all photographs are on the pd server. the truck's information is listed in the oh-1. the trailer information is a 2022 hyundai semi trailer. oklahoma plate number az7459 with vin 3h3v532k7ns126110. all insurance information for the truck and trailer is listed in the oh-1.",20213143982,2021,AB,8/1/2021 0:00,8,SGREUS00035**C,S,GRE,1.883,39.728346,-84.070711,4720,22528.0,8/9/2021 0:00,5,2,N,2.0,N,Y,2.0,16,0,36500.0,,,N,1.883,SGREUS00035**C,Y,1,2021-00026386,4,8,N,1,1,2,BEAVERCREEK,1,,Y,N,4.0,N,0.0,,Y,,N,BEAVERCREEK,N,,0,,,,35,US,,43.2,N,,,,2,,,,,N,N,N,0,0,N,1.0,0,2,2,,241532.0,N,42.946,24,Y,99,3,4,1,M,N,N,N,0,2,35,1,0,55,1,20,35,9,35,0,0,1,6,NT,1,55,64.0,1.0,3.0,4.0,1.0,M,,2.0,55.0,1.0,20.0,,,,,,1.0,6.0,NT,15.0,55.0,,,,,,,,,,,,,0,4,,"unit1 traveling us rear mm . hydroplaned failed operate vehicle reasonable control . unit1 struck concrete barrier median , striking barrier , unit1 struck unit2 traveling . unit1 struck barrier coming rest . reference crash report . , ofc . kempf dispatched area us near mm unknown injury crash . upon arrival , found unit1 struck unit2 's semi truck trailer . damage done trailer seen photographs taken scene . photographs pd server . truck 's information listed oh . trailer information hyundai semi trailer . oklahoma plate number vin 3h3v532k7ns12611 . insurance information truck trailer listed oh .",O,"[0.9796303510665894, 0.0187821201980114, 0.0015875232638791203]",C,"[3.155748117933399e-06, 0.9999785423278809, 1.833290298236534e-05]",O,"[0.75146484375, 0.2457275390625, 0.003292083740234375]"
1244,1244,213144986,"unit #1 was traveling westbound on sr 104, just west of the groveport rd. witnesses stated they saw unit #1's rear wheels begin to hydroplane. witnesses stated unit #1 then struck the south side median. witnesses stated unit #1 then bounced off the median and flipped onto its driver's side crossing both westbound lanes of sr 104. witnesses stated unit #1 was traveling the speed limit of 55 miles per hour. officers observed that the tires of unit #1 had significant wear on the tread. the driver of unit #1 declined medical treatment from cfd medics and was issued the at-fault citation for failure to control. the driver of unit #1 has a suspended license with privileges to travel for vehicle repairs which the driver of unit #1 was returning from. unit #1 was towed by protow to the columbus division of police impound lot for safekeeping. unit #1 failed to show proof of valid insurance.",20213144986,2021,O,8/1/2021 0:00,6,SFRASR00104**N,S,FRA,9.292,39.914743,-82.989322,18000,19234.0,8/11/2021 0:00,16,4,N,2.0,Y,Y,2.0,17,0,,,,N,9.284,SFRASR00104**C,N,1,210597816,4,8,N,1,0,1,COLUMBUS,1,E,Y,N,4.0,N,0.28,US,Y,,N,COLUMBUS,N,,0,,STATE ROUTE 104 W,,104,SR,,,N,,,US ROUTE 23 W,1,23,US,,,N,N,N,0,0,N,1.0,0,2,3,,296989.0,N,91.292,22,Y,18,3,4,1,F,N,N,N,0,2,0,1,9,55,13,9,1,0,0,0,0,1,6,NT,1,55,,,,,,,,,,,,,,,,,,,,,,,,,,,,,,,,,,0,4,,"unit1 traveling , groveport witnesses stated saw unit1 's rear wheels begin hydroplane . witnesses stated unit1 struck side median . witnesses stated unit1 bounced median flipped onto driver 's side crossing lanes . witnesses stated unit1 traveling speed limit miles per hour . officers observed tires unit1 significant wear tread . driver unit1 declined medical treatment cfd medics issued atfault citation failure control . driver unit1 suspended license privileges travel vehicle repairs driver unit1 returning . unit1 towed protow columbus division police impound lot safekeeping . unit1 failed show proof valid insurance .",O,"[0.9999998807907104, 8.66766143303721e-08, 2.1011418382954616e-08]",O,"[0.9999980926513672, 1.9515384792612167e-06, 4.873291215012898e-10]",C,"[0.0011157989501953125, 0.998046875, 0.0005741119384765625]"
1245,1245,213146242,"we responded to 277 west near the s main st exit reference an accident. upon arrival, we observed unit 1 in the ditch on the north side of the road. the owner and driver of the vehicle, abigale bacher, was being checked out by afd. bacher stated she was traveling westbound on 277 in lane 3 when she hydroplaned and lost control of her vehicle. bacher stated that she hit a guard rail and came to a rest in a ditch. bacher's vehicle had heavy damage on all sides and the air bags did deploy. bacher stated her left arm hurt due to the airbag hitting it. bacher was treated and released on scene by ems for her arm injury. bacher was cited for failure to control and her vehicle was towed by johnny's towing.",20213146242,2021,C,6/1/2021 0:00,4,SSUMIR00277**N,S,SUM,2.527,41.024927,-81.525122,1000,766.0,6/10/2021 0:00,17,5,N,2.0,Y,Y,1.0,0,0,,,,Y,2.556,SSUMIR00277**C,N,2,2021-00072376,1,6,N,0,0,1,AKRON,1,W,Y,N,6.0,Y,0.2,,Y,,N,AKRON,N,,0,,I 277,HWY,,,,,N,,S,MAIN,1,,,,ST,N,N,N,0,0,N,1.0,1,2,1,,81518.0,N,2.527,22,Y,11,3,4,1,F,N,N,N,0,3,0,1,0,55,1,8,0,0,0,0,0,1,6,NT,3,0,,,,,,,,,,,,,,,,,,,,,,,,,,,,,,,,,,0,4,,"responded near main exit reference accident . upon arrival , observed unit1 ditch side . owner driver vehicle , abigale bacher , checked afd . bacher stated traveling hydroplaned lost control vehicle . bacher stated hit guard rail came rest ditch . bacher 's vehicle heavy damage sides air bags deploy . bacher stated left arm hurt due airbag hitting . bacher treated released scene ems arm injury . bacher cited failure control vehicle towed johnny 's towing .",C,"[1.943440111062955e-06, 0.9999977350234985, 3.1351086704489717e-07]",C,"[3.896186626661802e-06, 0.9999960660934448, 3.308827345449572e-08]",C,"[1.1324882507324219e-06, 1.0, 1.1920928955078125e-07]"
1246,1246,213146915,u1 was traveling northbound on i-75n just passed the detroit ave onramp. it was raining and u1 began hydroplaning on the wet pavement. u1 lost control and struck a wall. u1 operator did not know where he struck first and there was no visible damage to property other than u1. no other vehicle was involved in the accident. tfd engine 5 was on scene to check for injuries.,20213146915,2021,O,8/1/2021 0:00,2,SLUCIR00075**C,S,LUC,4.008,41.66732,-83.568579,77000,87868.0,8/7/2021 0:00,13,7,N,2.0,Y,Y,1.0,11,0,,,,Y,4.008,SLUCIR00075**C,N,1,2.10807E+13,1,8,N,1,0,1,TOLEDO,1,N,Y,N,8.0,Y,0.095,,N,,N,TOLEDO,N,,0,,IR 75,HWY,75,IR,,,N,,N,DETROIT,1,,,,AVE,N,N,N,0,0,N,1.0,0,2,3,,34211.0,N,203.59,35,Y,99,2,1,1,M,N,N,N,0,4,35,1,0,60,1,8,35,4,0,0,0,1,6,NT,4,60,,,,,,,,,,,,,,,,,,,,,,,,,,,,,,,,,,0,4,,traveling passed detroit onramp . raining began hydroplaning wet pavement . lost control struck wall . operator know struck first visible damage property . vehicle involved accident . tfd engine scene check injuries .,O,"[0.9999996423721313, 3.8009125091775786e-07, 3.520803204537515e-08]",O,"[1.0, 1.1140132372133849e-08, 8.810203434850283e-12]",O,"[1.0, 0.0, 0.0]"
1247,1247,213149939,"unit 1 was traveling eastbound on ir 480 east, in the #3 lane. unit 2 was also traveling eastbound on ir 480 east, in the #4 lane. as the two units were passing the transportation boulevard exit ramp, unit 2 hit a large body of water (caused by heavy rain) and hydroplaned into lane #3, where he struck the left, rear corner of unit 1's rear bumper; causing minor damage.",20213149939,2021,O,8/1/2021 0:00,12,SCUYIR00480**C,S,CUY,18.763,41.408774,-81.630902,79268,17668.0,8/8/2021 0:00,2,1,N,2.0,N,Y,1.0,13,0,,,,Y,18.763,SCUYIR00480**C,Y,1,20212193,1,8,N,2,0,2,VALLEY VIEW,1,,Y,N,8.0,Y,0.0,,N,,N,GARFIELD HEIGHTS,N,,0,,,,480,IR,,21.0,N,,,,2,,,,,N,N,N,0,0,N,1.0,0,2,1,,45582.0,N,21.067,43,Y,1,4,3,1,M,N,N,N,0,4,0,2,2,60,1,20,0,0,0,0,0,1,6,NT,3,45,33.0,22.0,4.0,3.0,1.0,M,,1.0,60.0,1.0,20.0,,,,,,1.0,6.0,NT,1.0,45.0,,,,,,,,,,,,,0,4,,"unit1 traveling , . unit2 also traveling , . two units passing transportation exit ramp , unit2 hit large body water hydroplaned , struck left , rear corner unit1 's rear bumper ; causing minor damage .",O,"[0.9999997615814209, 1.8784169242280768e-07, 2.002866850148166e-08]",O,"[1.0, 2.9558711034383123e-08, 1.9752505187042857e-10]",O,"[1.0, 0.0, 0.0]"
1248,1248,213150249,"unit 2 was traveling east on i-74 in the left lane approaching the 0.5 mp. unit 1 was also traveling east on i-74 in the right lane. unit 2 began to hydroplane, causing unit 2 to move into the right lane. that action caused unit 2 to sideswiping unit 1. no injuries were reported at the time of the accident. unit 2 was towed via owners arrangement.",20213150249,2021,O,8/1/2021 0:00,8,SHAMIR00074**C,S,HAM,0.491,39.272566,-84.812034,33852,16885.0,8/16/2021 0:00,5,2,N,2.0,N,Y,1.0,10,0,,,,Y,0.491,SHAMIR00074**C,Y,1,CR-2021-001850,1,8,N,2,0,2,HARRISON TOWNSHIP,1,,Y,N,4.0,Y,0.0,,N,,N,HARRISON TOWNSHIP,N,,0,,,,74,IR,,0.5,N,,,,2,,,,,N,N,Y,0,0,N,1.0,0,6,4,,45335.0,N,0.491,54,Y,5,6,7,1,M,N,N,N,0,2,0,2,2,70,1,20,0,0,0,0,0,99,6,NT,1,70,34.0,1.0,4.0,3.0,1.0,M,,1.0,70.0,1.0,20.0,,,,,,99.0,6.0,NT,15.0,,,,,,,,,,,,,,0,4,,"unit2 traveling left approaching . mp . unit1 also traveling . unit2 began hydroplane , causing unit2 move . action caused unit2 sideswiping unit1 . injuries reported time accident . unit2 towed via owners arrangement .",O,"[0.9999998807907104, 8.81248993778172e-08, 1.9841447596036232e-08]",O,"[1.0, 3.023724326478572e-11, 1.6732839411477164e-14]",O,"[1.0, 0.0, 0.0]"
1249,1249,213150414,unit 1 was westbound on ir 480. unit 1 stated that he hydroplaned on the wet road and lost control. he stated that he struck a sign as he went off the roadway.,20213150414,2021,O,8/1/2021 0:00,4,SSUMIR00480**N,S,SUM,3.779,41.315305,-81.454995,78050,17668.0,8/17/2021 0:00,13,3,N,2.0,Y,Y,1.0,14,0,,,,Y,3.799,SSUMIR00480**C,N,1,2119000,1,8,N,1,0,1,TWINSBURG,1,E,Y,N,4.0,Y,0.019,,N,,N,TWINSBURG,N,,0,,,,480,IR,,36.0,N,,,,2,,,,,N,N,N,0,0,N,1.0,0,2,3,,54087.0,N,36.116,27,Y,99,7,6,1,M,N,N,N,0,2,44,1,0,65,1,37,44,9,0,0,0,1,6,NT,1,60,,,,,,,,,,,,,,,,,,,,,,,,,,,,,,,,,,0,4,,unit1 . unit1 stated hydroplaned wet lost control . stated struck sign went roadway .,O,"[0.9999974966049194, 2.2403651200875174e-06, 1.8416257319131546e-07]",O,"[0.9997789263725281, 0.00021829805336892605, 2.684456376300659e-06]",O,"[1.0, 1.0132789611816406e-05, 6.556510925292969e-07]"
1250,1250,213150774,"both units were southbound on cr151/ south avenue.unit #2 was stopped, waiting to turn into the private driveway of 4121 south avenue.unit #1 failed to maintain assured clear distance ahead and struck unit #2 in the rear.-cloudy/raining, approximately 70* fahrenheit-boardman fd was on-scene upon my arrival. they advised me that lane ambulance was on-scene and cleared prior to my arrival.-both driver's were standing outside their vehicles. -driver #2 stated that his back hurt and that his wife was going to take him to the hospital. driver #1 stated that she was not injured and her child did not appear to be either.-driver #1 stated that she hydroplaned; however, there was not standing water on the roadway.",20213150774,2021,C,8/1/2021 0:00,4,CMAHCR00151**C,C,MAH,5.059,41.057642,-80.64225,7468,97831.0,8/18/2021 0:00,2,4,N,,N,N,4.0,6,0,,264987d8-4c54-40fb-aa1d-ce0bc1991d37,9598ece5-c5b1-415a-90d5-c70e30d07775,N,5.059,CMAHCR00151**C,N,4,21B013938,2,8,,2,0,2,BOARDMAN TOWNSHIP,1,,N,N,2.0,N,0.0,,N,4121,N,BOARDMAN TOWNSHIP,N,,0,,SOUTH,AVE,151,,,,N,,,,3,,,,,N,N,N,0,0,N,,1,2,2,,24039.0,N,5.059,32,Y,8,1,2,1,F,N,N,N,0,2,0,1,0,40,1,20,0,0,0,0,0,1,6,NT,1,40,52.0,1.0,1.0,2.0,1.0,M,,2.0,40.0,11.0,20.0,,,,,,1.0,6.0,NT,1.0,0.0,,,,,,,,,,,,,0,4,,"units .unit2 stopped , waiting turn private driveway .unit1 failed maintain assured clear distance ahead struck unit2 rear.cloudy raining , approximately fahrenheitboardman fd onscene upon arrival . advised ambulance onscene cleared prior arrival.both driver 's standing outside vehicles . driver stated back hurt wife going take hospital . driver stated injured child appear either.driver stated hydroplaned ; however , standing water roadway .",C,"[3.10131781589007e-07, 0.9999995231628418, 1.3625452766063972e-07]",C,"[1.3082526493235491e-06, 0.9999986886978149, 3.477459387113413e-08]",C,"[1.2993812561035156e-05, 1.0, 2.384185791015625e-07]"
1251,1251,213151163,"unit #1 was traveling westbound on maple st. unit #1 attempted to navigate the curve, and the vehicle began to hydroplane. the vehicle struck a guard rail and fire hydrant.",20213151163,2021,O,8/1/2021 0:00,12,CCUYCR00011**C,C,CUY,7.055,41.427416,-81.396363,13358,17668.0,8/18/2021 0:00,13,4,N,,Y,N,4.0,4,0,,d1476ff5-1623-4b96-b228-97dc9501df80,05c1726b-d61f-4c9a-a6b1-6157a6267323,N,7.055,CCUYCR00011**C,N,3,2021067,4,8,,1,0,1,CHAGRIN FALLS,1,E,N,N,2.0,N,0.003,,Y,129,N,CHAGRIN FALLS,N,,0,,MAPLE,ST,,,,,N,,,,3,,,,,N,N,N,0,0,N,,0,2,3,,3662.0,N,7.055,20,Y,1,4,8,1,M,N,N,N,0,2,30,1,0,25,13,8,30,49,0,0,0,1,6,RT,1,25,,,,,,,,,,,,,,,,,,,,,,,,,,,,,,,,,,0,4,,"unit1 traveling maple unit1 attempted navigate curve , vehicle began hydroplane . vehicle struck guard rail fire hydrant .",O,"[0.999998927116394, 9.038363941726857e-07, 1.0613916856527794e-07]",O,"[1.0, 1.646979619351896e-08, 1.0296091063066726e-10]",O,"[1.0, 0.0, 0.0]"