,id,OBJECTID,Narrative,DOCUMENT_NBR,CRASH_YR,CRASH_SEVERITY_CD,CRASH_MONTH_YEAR,DISTRICT_NBR,NLFID,NLF_JUR_CD,NLF_COUNTY_CD,COUNTY_LOG_NBR,ODOT_LATITUDE_NBR,ODOT_LONGITUDE_NBR,ODOT_FIPS_CD,AREA_CODE,CRASH_DATE,CRASH_TYPE_CD,DAY_IN_WEEK_CD,DISTRACTED_DRIVER_IND,FACILITY_TYPE_CD,FHWA_RDWY_DEPARTURE_IND,FREEWAY_IND,FUNCTIONAL_CLASS_CD,HOUR_OF_CRASH,INCAPAC_INJURIES_NBR,INTERCHANGE_ID,INTERSECTION_ID_CURRENT,INTERSECTION_LEG_ID,INTERSTATE_IND,INV_LOG_NBR,INV_NLFID,IS_COMMERCIAL_RELATED,LIGHT_COND_PRIMARY_CD,LOCAL_REPORT_NUMBER_ID,MAINTENANCE_AUTHORITY_CD,MONTH_OF_CRASH,NHS_CD,NO_INJURY_REPORTED_NBR,NON_INCAPAC_INJURIES_NBR,NUMBER_OF_UNITS_NBR,ODOT_CITY_VILLAGE_TWP_NME,ODOT_CRASH_LOCATION_CD,ODOT_DIR_FROM_REF_CD,ODOT_DIV_UNDIV_IND,ODOT_INTERSECTION_REL_IND,ODOT_LANES_NBR,ODOT_MAINTAINED_HWY_IND,ODOT_MILES_FROM_REF_NBR,ODOT_REF_ROUTE_PREFIX_CD,ODOT_YOUNG_DRIVER_IND,ODPS_ADDRESS_REFERENCE,ODPS_ALCOHOL_IND,ODPS_CITY_VILLAGE_TWP_NME,ODPS_DRUG_IND,ODPS_LOC_DIR_SUFFIX_CD,ODPS_LOC_IN_WORK_ZONE_CD,ODPS_LOC_ROAD_DIRECTION_CD,ODPS_LOC_ROAD_NME,ODPS_LOC_ROAD_SUFFIX_CD,ODPS_LOC_ROUTE_ID,ODPS_LOC_ROUTE_PREFIX_CD,ODPS_LOC_ROUTE_SUFFIX_CD,ODPS_MILEPOST_REFERENCE,ODPS_MOTORCYCLE_IND,ODPS_REF_DIR_SUFFIX_CD,ODPS_REF_DIRECTION_CD,ODPS_REF_GIVEN,ODPS_REF_POINT_USED_CD,ODPS_REF_ROUTE_ID,ODPS_REF_ROUTE_PREFIX_CD,ODPS_REF_ROUTE_SUFFIX_CD,ODPS_REF_SUFFIX_CD,ODPS_SCHOOL_ZONE_IND,ODPS_SENIOR_DRIVER_IND,ODPS_SPEED_IND,ODPS_TOTAL_FATALITIES_NBR,ODPS_TYPE_OF_WORK_ZONE_CD,ODPS_WORK_ZONE_IND,OPER_ACCESS_CONTROL_CD,POSSIBLE_INJURIES_NBR,ROAD_COND_PRIMARY_CD,ROAD_CONTOUR_CD,SA_RAMP_ID,SA_SEGMENT_ID,SECONDARY_CRASH,STATE_TRUE_LOG_NBR,U1_AGE_NBR,U1_AT_FAULT_IND,U1_CONT_CIR_PRIMARY_CD,U1_DIRECTION_FROM_CD,U1_DIRECTION_TO_CD,U1_DISTRACTED_BY_1_CD,U1_GENDER_CD,U1_IS_ALCOHOL_SUSPECTED,U1_IS_MARIJUANA_SUSPECTED,U1_IS_OTHER_DRUG_SUSPECTED,U1_NON_MOTORIST_LOC_CD,U1_NUMBER_OF_THRU_LANES,U1_OBJECT_STRUCK,U1_ODPS_UNIT_NBR,U1_OPERATINGIN_AUTONOMOUS_MODE,U1_POSTED_SPEED_NBR,U1_PRECRASH_ACTION_CD,U1_SEQ_OF_EVENTS_1_CD,U1_SEQ_OF_EVENTS_2_CD,U1_SEQ_OF_EVENTS_3_CD,U1_SEQ_OF_EVENTS_4_CD,U1_SEQ_OF_EVENTS_5_CD,U1_SEQ_OF_EVENTS_6_CD,U1_SPECIAL_FUNCTION_CD,U1_TRAFFIC_CONTROL_CD,U1_TURN_CD,U1_TYPE_OF_UNIT_CD,U1_UNIT_SPEED_NBR,U2_AGE_NBR,U2_CONT_CIR_PRIMARY_CD,U2_DIRECTION_FROM_CD,U2_DIRECTION_TO_CD,U2_DISTRACTED_BY_1_CD,U2_GENDER_CD,U2_NON_MOTORIST_LOC_CD,U2_ODPS_UNIT_NBR,U2_POSTED_SPEED_NBR,U2_PRECRASH_ACTION_CD,U2_SEQ_OF_EVENTS_1_CD,U2_SEQ_OF_EVENTS_2_CD,U2_SEQ_OF_EVENTS_3_CD,U2_SEQ_OF_EVENTS_4_CD,U2_SEQ_OF_EVENTS_5_CD,U2_SEQ_OF_EVENTS_6_CD,U2_SPECIAL_FUNCTION_CD,U2_TRAFFIC_CONTROL_CD,U2_TURN_CD,U2_TYPE_OF_UNIT_CD,U2_UNIT_SPEED_NBR,U3_CONT_CIR_PRIMARY_CD,U3_ODPS_UNIT_NBR,U3_PRECRASH_ACTION_CD,U3_SEQ_OF_EVENTS_1_CD,U3_SEQ_OF_EVENTS_2_CD,U3_SEQ_OF_EVENTS_3_CD,U3_SEQ_OF_EVENTS_4_CD,U3_SEQ_OF_EVENTS_5_CD,U3_SEQ_OF_EVENTS_6_CD,U3_SPECIAL_FUNCTION_CD,U3_TRAFFIC_CONTROL_CD,U3_TYPE_OF_UNIT_CD,UNRESTRAIN_OCCUPANTS,WEATHER_COND_CD,V1,clean_Narrative,BERT_predictions,BERT_prediction_probabilities,RoBERTa_predictions,RoBERTa_predictions_probabilities,distilBERT_predictions,distilBERT_predictions_probabilities
1252,1252,213151411,unit 1 was traveling westbound on airport hwy when she failed to come to a complete stop at a red light at the intersection of airport and byrne causing her to strike unit 2. unit 2 was traveling eastbound on airport hwy and had a green light to turn onto byrne rd when he was struck by unit 1 causing functional damage to front driver side of the vehicle. when unit 1 struck unit 2 the collision caused unit 1 to hydroplane and strike unit 3 causing a flat tire on driver front side of unit 3. unit 1 was cited for the listed traffic violation. no reported injuries or tows for any involved vehicle needed.,20213151411,2021,O,8/1/2021 0:00,2,SLUCSR00002**C,S,LUC,14.242,41.626141,-83.617924,77000,87868.0,8/17/2021 0:00,6,3,N,2.0,N,N,3.0,14,0,,1f15aa0e-bfaa-4933-865b-daf44b145204,e1fb41d1-f3ac-4310-a969-d56c17fe6947,N,14.242,SLUCSR00002**C,Y,1,2.10817E+13,4,8,N,3,0,3,TOLEDO,2,N,N,Y,2.0,N,0.009,MR,Y,,N,TOLEDO,N,,0,,AIRPORT,HWY,,,,,N,,,BYRNEPORT,1,,,,DR,N,N,N,0,0,N,3.0,0,1,1,,181049.0,N,77.726,20,Y,3,3,4,1,F,N,N,N,0,4,0,1,0,45,1,20,0,0,0,0,0,1,2,NT,1,35,64.0,1.0,3.0,7.0,1.0,M,,2.0,45.0,6.0,20.0,,,,,,99.0,2.0,LT,1.0,30.0,1.0,3.0,1.0,20.0,,,,,,99.0,2.0,1.0,0,1,,unit1 traveling airport failed come complete stop red light intersection airport byrne causing strike unit2 . unit2 traveling airport green light turn onto byrne struck unit1 causing functional damage front driver side vehicle . unit1 struck unit2 collision caused unit1 hydroplane strike unit3 causing flat tire driver front side unit3 . unit1 cited listed traffic violation . reported injuries tows involved vehicle needed .,O,"[1.0, 5.382242918017255e-08, 1.72253038499548e-08]",O,"[0.9999998807907104, 1.5601061420511542e-07, 2.0354497254349013e-10]",O,"[1.0, 8.094310760498047e-05, 6.139278411865234e-06]"
1253,1253,213151613,"unit 1 was west bound on rt 62 in the left lane when a police vehicle in emergency response, with visible emergency lights and audible siren, approached from behind. unit 1 moved to the right lane and hydroplaned causing unit 1 to leave the roadway to the right. unit 1 went into a ditch and struck the embankment.",20213151613,2021,O,8/1/2021 0:00,4,SSTAUS00062**N,S,STA,23.298,40.829877,-81.380055,12000,13375.0,8/18/2021 0:00,13,4,N,2.0,N,Y,2.0,8,0,,,,N,23.3,SSTAUS00062**C,N,1,2111685,4,8,N,1,0,1,CANTON,1,,Y,N,4.0,N,0.0,,N,,N,CANTON,N,,0,,,,62,US,,23.3,N,,,,2,,,,,N,N,N,0,0,N,1.0,0,2,1,,346512.0,N,232.264,43,Y,11,3,4,1,M,N,N,N,0,2,45,1,0,60,3,13,8,44,45,0,0,1,6,NT,1,55,,,,,,,,,,,,,,,,,,,,,,,,,,,,,,,,,,0,4,,"unit1 left police vehicle emergency response , visible emergency lights audible siren , approached behind . unit1 moved hydroplaned causing unit1 leave roadway . unit1 went ditch struck embankment .",O,"[0.8307371735572815, 0.1637709140777588, 0.005491884425282478]",C,"[0.24495387077331543, 0.7530019879341125, 0.0020441492088139057]",O,"[1.0, 0.00034880638122558594, 2.586841583251953e-05]"
1254,1254,213154140,unit #1 was traveling west on william howard taft road. unit #1 was in the process of changing lanes when the vehicle hydroplaned causing it to spin off the road to the right striking a concrete wall,20213154140,2021,C,8/1/2021 0:00,8,CHAMCR00606**C,C,HAM,1.028,39.128911,-84.502031,15000,16885.0,8/19/2021 0:00,13,5,N,,Y,N,3.0,6,0,,237afd95-7254-4974-a3b9-93604f1504f1,c2e6ded4-703a-429d-a58a-61de8d17a63c,N,1.028,CHAMCR00606**C,N,3,215010819,4,8,,0,0,1,CINCINNATI,1,,N,N,4.0,N,0.0,,N,350,N,CINCINNATI,N,,0,,WILLIAM HOWARD TAFT,RD,,,,,N,,,350TH,3,,,,,N,N,N,0,0,N,,1,2,2,,33667.0,N,1.028,43,Y,99,3,4,1,F,N,N,N,0,3,51,1,2,35,3,51,13,8,0,0,0,1,6,NT,1,35,,,,,,,,,,,,,,,,,,,,,,,,,,,,,,,,,,0,4,,unit1 traveling william howard taft . unit1 process changing lanes vehicle hydroplaned causing spin striking concrete wall,O,"[0.9992227554321289, 0.0007268913905136287, 5.0414462748449296e-05]",O,"[0.9978049397468567, 0.0021764577832072973, 1.858725954662077e-05]",O,"[1.0, 0.0, 0.0]"
1255,1255,213155833,"unit #1 was traveling north on ir77 near the 114.8 milepost shen she hydroplaned on some water causing her to crash into the guardrail causing damage to her vehicle. ms. sums did not have proof of financial responsibility and stated she did not believe she has any. guardrail owner: odot address: 2511 bailey rd. cuyahoga falls, ohio 44221 phone: 330-926-7631",20213155833,2021,O,5/1/2021 0:00,4,SSUMIR00077**C,S,SUM,1.35,40.925693,-81.429751,31860,766.0,5/28/2021 0:00,3,6,N,2.0,Y,Y,1.0,11,0,,,,Y,1.35,SSUMIR00077**C,N,1,2021-00030924,1,5,N,1,0,1,GREEN,1,,Y,N,6.0,Y,0.0,,Y,,N,GREEN,N,,0,,,,77,IR,,114.8,N,,,114 8,2,,,,,N,N,N,0,0,N,1.0,0,3,1,,39612.0,N,114.872,22,Y,99,2,6,1,F,N,N,N,0,3,0,1,0,65,2,8,0,0,0,0,0,1,6,LT,1,65,,,,,,,,,,,,,,,,,,,,,,,,,,,,,,,,,,0,4,,"unit1 traveling near . milepost shen hydroplaned water causing crash guardrail causing damage vehicle . ms. sums proof financial responsibility stated believe . guardrail owner : odot address : bailey cuyahoga falls , ohio phone :",O,"[0.9999997615814209, 2.1724510190779256e-07, 2.3833178985910308e-08]",O,"[0.9999926090240479, 7.398823072435334e-06, 7.80708919734252e-09]",O,"[1.0, 0.0, 0.0]"
1256,1256,213159092,"unit 1 was traveling westbound on ir-480. while traveling in on the interstate unit 1 hydroplaned due to the high water on the roadway. after unit 1 hydroplaned the vehicle traveled left off the roadway, then struck the concrete median causing heavy damage to the front of the vehicle.",20213159092,2021,O,8/1/2021 0:00,12,SCUYIR00480**C,S,CUY,25.297,41.415559,-81.513811,4920,17668.0,8/30/2021 0:00,13,2,N,2.0,Y,Y,1.0,0,0,,,,Y,25.297,SCUYIR00480**C,N,4,2100235,1,8,N,1,0,1,BEDFORD HEIGHTS,1,W,Y,N,4.0,Y,0.009,,N,,N,BEDFORD HEIGHTS,N,,0,,,,480,IR,,27.4,N,,,27 4,2,,,,,N,N,N,0,0,N,1.0,0,2,4,,45588.0,N,27.601,26,Y,99,5,4,1,F,N,N,N,0,2,35,1,0,60,1,35,9,0,0,0,0,1,6,RT,3,60,,,,,,,,,,,,,,,,,,,,,,,,,,,,,,,,,,0,4,,"unit1 traveling ir . traveling interstate unit1 hydroplaned due high water roadway . unit1 hydroplaned vehicle traveled left roadway , struck concrete median causing heavy damage front vehicle .",O,"[0.9996227025985718, 0.00036584940971806645, 1.1442703907960095e-05]",C,"[0.12543590366840363, 0.869709312915802, 0.004854835104197264]",O,"[1.0, 0.00025916099548339844, 2.8848648071289062e-05]"
1257,1257,213159570,unit 1 driver advised he was operating his vehicle too fast on the wet road and hydroplaned and he struck the concrete wall causing disabling damage to his vehicle. there was no proof of insurance and no injuries were reported.,20213159570,2021,O,8/1/2021 0:00,8,SCLERA13073**C,S,CLE,0.885,39.098644,-84.275937,78288,94726.0,8/27/2021 0:00,17,6,N,4.0,Y,Y,1.0,23,0,10500.0,,,Y,0.885,SCLERA13073**C,N,3,2.021E+13,1,8,,2,0,1,UNION TOWNSHIP,1,E,N,N,,Y,0.25,CR,Y,,N,UNION TOWNSHIP,N,,0,,STATE ROUTE 3200 E,,3200,SR,,,N,,,EASTGATE,1,3410,CR,,BLVD,N,N,Y,0,0,N,1.0,0,2,3,,,N,0.885,22,Y,5,4,9,1,M,N,N,N,0,2,0,1,0,55,13,8,0,0,0,0,0,1,6,NT,4,65,,,,,,,,,,,,,,,,,,,,,,,,,,,,,,,,,,0,4,,unit1 driver advised operating vehicle fast wet hydroplaned struck concrete wall causing disabling damage vehicle . proof insurance injuries reported .,O,"[0.9999998807907104, 9.24931811141505e-08, 1.7156445153432287e-08]",O,"[0.9999998807907104, 1.440832733123898e-07, 1.0915506692965593e-10]",O,"[1.0, 0.0, 0.0]"
1258,1258,213160070,"the driver of unit 1 stated he was traveling west on i70 when he hydroplaned, due to the torrential downpour, went off of the north side of the roadway, struck an embankment of a ditch, damaging the front end of his vehicle, and then overcorrected, traveled back across 4 lanes of i70 and came to rest in the far left hand lane. officer mclane made contact with the driver of unit 1 who stated his right arm was injured. cfd medic 890 responded to scene and transported the driver of unit 1 to doctors west hospital in stable condition where he was treated by the attending physician. officer mclane requested a tow for the disabled unit 1. pro tow transported unit 1 to their insurance lot for the driver of unit 1. officer mclane utilitzed discretion and did not cite the driver of unit 1 due to the torrential rain storm.",20213160070,2021,AB,8/1/2021 0:00,6,SFRAIR00070**N,S,FRA,9.721,39.969263,-83.067087,18000,19234.0,8/30/2021 0:00,13,2,N,2.0,Y,Y,1.0,5,0,,,,Y,9.733,SFRAIR00070**C,N,4,210652753,1,8,N,0,1,1,COLUMBUS,6,S,Y,Y,8.0,Y,0.0,,Y,,N,COLUMBUS,N,,0,,,,70,IR,,,N,,,Harrison,1,,,,RD,N,N,Y,0,0,N,1.0,0,2,2,,90757.0,N,95.748,25,Y,5,3,4,1,M,N,N,N,0,6,44,1,0,0,1,8,44,0,0,0,0,1,6,NT,1,0,,,,,,,,,,,,,,,,,,,,,,,,,,,,,,,,,,0,4,,"driver unit1 stated traveling hydroplaned , due torrential downpour , went side roadway , struck embankment ditch , damaging front end vehicle , overcorrected , traveled back across lanes came rest far left . officer mclane made contact driver unit1 stated arm injured . cfd medic responded scene transported driver unit1 doctors hospital stable condition treated attending physician . officer mclane requested tow disabled unit1 . pro tow transported unit1 insurance lot driver unit1 . officer mclane utilitzed discretion cite driver unit1 due torrential rain storm .",C,"[4.634246579371393e-05, 0.9992871880531311, 0.0006664731772616506]",C,"[2.0811975787182746e-07, 0.9999986886978149, 1.1309950878057862e-06]",C,"[2.384185791015625e-07, 1.0, 1.7881393432617188e-07]"
1259,1259,213160071,"driver 1 stated he was in the far left lane, travelling west on ir-670 approaching the merge with ir-70. driver 1 stated he was driving at approximately 50-55 mph when he felt unit 1 start to hydroplane, due to wet road conditions and heavy rain. driver 1 stated unit 1 slid into the divider wall, spun a full 360 degrees before coming to rest on the left shoulder. driver 1 stated he did not notice any major injuries. grandview medic 51 checked driver 1 at scene. since the crash was a single car accident with no injuries, no citation was issued. driver 1 was driven home and his vehicle was impounded by a private company on the owner's behalf.",20213160071,2021,O,8/1/2021 0:00,6,SFRAIR00670**N,S,FRA,0.307,39.96859,-83.065495,18000,19234.0,8/30/2021 0:00,13,2,N,2.0,Y,Y,1.0,4,0,,,,Y,0.0,SFRAIR00670**C,N,3,210652748,1,8,N,1,0,1,COLUMBUS,1,E,Y,N,6.0,Y,0.124,IR,Y,,N,COLUMBUS,N,,0,,I 670 W,,670,IR,,,N,W,,I 70 W,1,70,IR,,,N,N,N,0,0,N,1.0,0,2,4,,54092.0,N,0.307,19,Y,1,3,4,1,M,N,N,N,0,3,51,1,0,65,13,9,51,0,0,0,0,1,6,NT,1,50,,,,,,,,,,,,,,,,,,,,,,,,,,,,,,,,,,0,4,,"driver stated far left , travelling ir approaching merge ir . driver stated driving approximately mph felt unit1 start hydroplane , due wet conditions heavy rain . driver stated unit1 slid divider wall , spun full degrees coming rest left shoulder . driver stated notice major injuries . grandview medic checked driver scene . since crash single car accident injuries , citation issued . driver driven home vehicle impounded private company owner 's behalf .",O,"[1.0, 4.9657749912057625e-08, 1.224160151025444e-08]",O,"[0.9999997615814209, 1.841705596916654e-07, 5.886763732726452e-12]",O,"[1.0, 0.0, 0.0]"
1260,1260,213160873,"u1 was north on ir 675 in the middle lane in the area of mp 14.6 when u1 hydroplaned, went into the median shoulder, and struck the cable. u1 was north in the middle lane in the area of mp 14.6 when hydroplaning and went off the road into the median, causing damage to the cable barriers. u1 had contacted aaa at least 20 minutes prior to my arrival. due to u1 only causing damage to his vehicle and the barriers and advising he was traveling the speed limit, no citation was issued, but u1 is at fault for the damages to the cable barrier. cable barrier state of ohio dept. of transportation 1980 w broad st columbus, oh 43223 614-466-7170 self insured",20213160873,2021,O,8/1/2021 0:00,8,SGREIR00675**C,S,GRE,7.331,39.755899,-84.091731,4720,22528.0,8/31/2021 0:00,13,3,N,2.0,Y,Y,1.0,11,0,,,,Y,7.331,SGREIR00675**C,N,1,2021-00028612,1,8,N,1,0,1,BEAVERCREEK,1,S,Y,N,6.0,Y,0.037,,Y,,N,BEAVERCREEK,N,,0,,,,675,IR,,14.8,N,,,14 8,2,,,,,N,N,N,0,0,N,1.0,0,2,4,,45607.0,N,14.935,23,Y,99,2,1,1,M,N,N,N,0,3,33,1,0,65,1,9,33,0,0,0,0,1,6,NT,4,65,,,,,,,,,,,,,,,,,,,,,,,,,,,,,,,,,,0,4,,"middle area mp . hydroplaned , went median shoulder , struck cable . middle area mp . hydroplaning went median , causing damage cable barriers . contacted aaa least minutes prior arrival . due causing damage vehicle barriers advising traveling speed limit , citation issued , fault damages cable barrier . cable barrier state ohio . transportation broad columbus , oh self insured",O,"[0.9999998807907104, 7.141568403312704e-08, 1.6513327594225302e-08]",O,"[1.0, 3.655965460924726e-11, 2.527540215969612e-14]",O,"[1.0, 0.0, 0.0]"
1261,1261,213160987,"unit 1 was traveling westbound on us rt 30 . unit 1 did hydroplane, spin out, hit the divided median and then rolled over.",20213160987,2021,O,8/1/2021 0:00,4,SSTAUS00030**N,S,STA,14.444,40.784638,-81.394147,12000,13375.0,8/25/2021 0:00,13,4,N,2.0,Y,Y,2.0,14,0,,,,N,14.492,SSTAUS00030**C,N,1,2112095,4,8,N,2,0,1,CANTON,1,,Y,N,6.0,N,0.0,,N,,N,CANTON,N,SW,0,,US RT 30 WB,HWY,30,US,,14.5,N,,,14 5,2,,,,,N,N,N,0,0,N,1.0,0,2,1,,264036.0,N,192.09,26,Y,99,3,4,1,F,N,N,N,0,4,35,1,0,0,1,35,1,0,0,0,0,1,6,NT,1,0,,,,,,,,,,,,,,,,,,,,,,,,,,,,,,,,,,0,4,,"unit1 traveling us . unit1 hydroplane , spin , hit divided median rolled .",AB,"[2.060714177787304e-05, 0.0003328518068883568, 0.9996465444564819]",C,"[0.08635831624269485, 0.7894881367683411, 0.12415354698896408]",AB,"[0.059661865234375, 0.356689453125, 0.583984375]"
1262,1262,213161125,"unit 1 was traveling northbound on state route 4 before hydroplaning due to rain and water on the road's surface. unit 1 lost control and crossed into the southbound lanes while turning to face southbound as well. unit 1 went off the side of the roadway into the adjacent ditch, rolling as it did so, ultimately coming to rest on its driver's side.",20213161125,2021,C,8/1/2021 0:00,8,SBUTSR00004**C,S,BUT,9.932,39.406269,-84.517944,25984,16885.0,8/19/2021 0:00,13,5,N,2.0,Y,N,3.0,6,0,,,,N,9.932,SBUTSR00004**C,N,2,21-08-0134,1,8,N,0,0,1,FAIRFIELD TOWNSHIP,1,W,N,N,4.0,Y,0.059,,N,,N,FAIRFIELD TOWNSHIP,N,,0,,STATE ROUTE 4 E,,4,SR,,,N,,,WALDEN PONDS,1,,,,CIR,N,N,N,0,0,N,3.0,1,2,2,,148428.0,N,20.348,31,Y,22,4,3,1,M,N,N,N,0,4,44,1,0,55,1,11,9,44,1,48,0,1,6,NT,1,55,,,,,,,,,,,,,,,,,,,,,,,,,,,,,,,,,,0,4,,"unit1 traveling state hydroplaning due rain water 's surface . unit1 lost control crossed lanes turning face well . unit1 went side roadway adjacent ditch , rolling , ultimately coming rest driver 's side .",C,"[0.010465906001627445, 0.9796766638755798, 0.009857326745986938]",C,"[0.007030967622995377, 0.9465994238853455, 0.04636959731578827]",O,"[0.8818359375, 0.11431884765625, 0.0033855438232421875]"
1263,1263,213161281,"unit 01 was traveling east on i-480e in lane #2 at mile 21.4. unit 02 was traveling east on i-480e in lane #1 at mile 21.4, on the left side of unit 01. unit 02 lost control in some water on the roadway, and hydroplaned to the right into lane #2. the front right of unit 02 then struck the left rear of unit 01.",20213161281,2021,AB,8/1/2021 0:00,12,SCUYIR00480**C,S,CUY,19.163,41.410075,-81.623399,79268,17668.0,8/13/2021 0:00,5,6,N,2.0,N,Y,1.0,19,0,,,,Y,19.163,SCUYIR00480**C,N,1,20212248,1,8,N,1,1,2,VALLEY VIEW,1,,Y,N,8.0,Y,0.0,,Y,,N,GARFIELD HEIGHTS,N,,0,,,HWY,480,IR,,21.4,N,,,21 4,2,,,,,N,N,N,0,0,N,1.0,0,2,1,,81545.0,N,21.467,24,Y,99,4,3,1,M,N,N,N,0,4,0,2,2,60,1,13,20,0,0,0,0,1,6,NT,1,60,43.0,1.0,4.0,3.0,1.0,M,,1.0,60.0,1.0,20.0,,,,,,1.0,6.0,NT,3.0,50.0,,,,,,,,,,,,,0,4,,"unit1 traveling 8e mile .. unit2 traveling 8e mile . , left side unit1 . unit2 lost control water roadway , hydroplaned . front unit2 struck left rear unit1 .",O,"[0.9887397885322571, 0.010169736109673977, 0.0010905368253588676]",O,"[0.9964101910591125, 0.0033718859776854515, 0.0002179624862037599]",O,"[0.95947265625, 0.036651611328125, 0.00368499755859375]"
1264,1264,213161482,"unit #1 was east bound on i.r. 70 approaching i-270. conditions were rain with water collected on the roadway. unit #1 attempted to make a lane change to the i-270 southbound ramp and hydroplaned, causing unit #1 to spin out off the right side of the roadway and into the wooded area directly off the right side of the roadway. there were no reported injuries and the owner provided proof of financial responsibility. due to there being a back-up of wreckers, the owner opted to have the vehicle towed at a later time.",20213161482,2021,O,8/1/2021 0:00,6,SFRARA25116**C,S,FRA,0.061,39.932975,-82.857443,18000,99999.0,8/30/2021 0:00,17,2,N,4.0,Y,Y,2.0,2,0,27400.0,,,N,0.061,SFRARA25116**C,N,3,210652400,4,8,,2,0,1,COLUMBUS,1,,N,N,,N,0.0,IR,N,,N,COLUMBUS,N,,0,,I 70 E,,70,IR,,,N,,,I 270 E,1,270,IR,,,N,N,N,0,0,N,1.0,0,2,4,,,N,0.061,28,Y,11,4,3,1,F,N,N,N,0,3,0,1,0,65,3,8,0,0,0,0,0,1,6,NT,3,65,,,,,,,,,,,,,,,,,,,,,,,,,,,,,,,,,,0,4,,"unit1 i.r . approaching . conditions rain water collected roadway . unit1 attempted make change ramp hydroplaned , causing unit1 spin side roadway wooded area directly side roadway . reported injuries owner provided proof financial responsibility . due backup wreckers , owner opted vehicle towed later time .",O,"[1.0, 5.126592128590346e-08, 1.5350952509152194e-08]",O,"[1.0, 1.0182992643548161e-10, 1.4672096342233966e-14]",O,"[1.0, 0.0, 0.0]"
1265,1265,213161766,unit #1 was traveling southbound on s university blvd when it hydroplaned and struck unit #2 in the right passenger side of the vehicle. unit #2 was also traveling southbound.,20213161766,2021,O,8/1/2021 0:00,8,MBUTMR00953**C,M,BUT,0.495,39.506901,-84.394142,49840,56926.0,8/19/2021 0:00,5,5,N,,Y,N,7.0,5,0,,79de2826-42eb-4b64-81bb-623c5becf510,2d1641f4-d24c-4755-be97-461158119154,N,0.495,MBUTMR00953**C,Y,3,21-043518,4,8,,2,0,2,MIDDLETOWN,1,S,N,Y,2.0,N,0.003,SR,N,,N,MIDDLETOWN,N,,0,S,University,BLVD,,,,,N,,,Woodlawn,1,,,,AVE,N,N,N,0,0,N,,0,2,1,,125896.0,N,0.495,26,Y,1,1,2,1,F,N,N,N,0,3,43,1,0,45,1,43,20,0,0,0,0,1,2,NT,1,40,53.0,1.0,1.0,2.0,1.0,M,,2.0,45.0,1.0,20.0,,,,,,1.0,6.0,NT,15.0,45.0,,,,,,,,,,,,,0,4,,unit1 traveling university hydroplaned struck unit2 passenger side vehicle . unit2 also traveling .,O,"[0.997463583946228, 0.002290722681209445, 0.00024569130619056523]",O,"[0.9580881595611572, 0.04112107679247856, 0.0007908223196864128]",O,"[0.705078125, 0.2349853515625, 0.059844970703125]"
1266,1266,213163396,"unit #1 was traveling westbound on interstate 90 in lane #1 approaching coit rd, when the driver drove into standing water, hydroplaned, and struck the center median concrete barrier. unit #1 came to a final rest in lane #1 facing oncoming traffic.",20213163396,2021,O,8/1/2021 0:00,12,SCUYIR00090**N,S,CUY,23.431,41.559334,-81.593626,8336,17668.0,8/30/2021 0:00,13,2,N,2.0,Y,Y,1.0,5,0,,,,Y,23.535,SCUYIR00090**C,N,2,2100376,1,8,N,1,0,1,BRATENAHL,1,E,Y,N,8.0,Y,0.014,,N,,N,BRATENAHL,N,,0,,,,90,IR,,179.4,N,,,179 4,2,,,,,N,N,Y,0,0,N,1.0,0,2,3,,34768.0,N,179.25,56,Y,5,3,4,1,M,N,N,N,0,4,35,1,0,60,13,35,9,0,0,0,0,1,6,NT,1,60,,,,,,,,,,,,,,,,,,,,,,,,,,,,,,,,,,0,4,,"unit1 traveling interstate approaching coit , driver drove standing water , hydroplaned , struck center median concrete barrier . unit1 came final rest facing oncoming traffic .",O,"[0.9999959468841553, 3.8002733617759077e-06, 2.4536981868550356e-07]",O,"[0.9721079468727112, 0.027644580230116844, 0.0002475180081091821]",O,"[1.0, 0.0, 0.0]"