,id,OBJECTID,Narrative,DOCUMENT_NBR,CRASH_YR,CRASH_SEVERITY_CD,CRASH_MONTH_YEAR,DISTRICT_NBR,NLFID,NLF_JUR_CD,NLF_COUNTY_CD,COUNTY_LOG_NBR,ODOT_LATITUDE_NBR,ODOT_LONGITUDE_NBR,ODOT_FIPS_CD,AREA_CODE,CRASH_DATE,CRASH_TYPE_CD,DAY_IN_WEEK_CD,DISTRACTED_DRIVER_IND,FACILITY_TYPE_CD,FHWA_RDWY_DEPARTURE_IND,FREEWAY_IND,FUNCTIONAL_CLASS_CD,HOUR_OF_CRASH,INCAPAC_INJURIES_NBR,INTERCHANGE_ID,INTERSECTION_ID_CURRENT,INTERSECTION_LEG_ID,INTERSTATE_IND,INV_LOG_NBR,INV_NLFID,IS_COMMERCIAL_RELATED,LIGHT_COND_PRIMARY_CD,LOCAL_REPORT_NUMBER_ID,MAINTENANCE_AUTHORITY_CD,MONTH_OF_CRASH,NHS_CD,NO_INJURY_REPORTED_NBR,NON_INCAPAC_INJURIES_NBR,NUMBER_OF_UNITS_NBR,ODOT_CITY_VILLAGE_TWP_NME,ODOT_CRASH_LOCATION_CD,ODOT_DIR_FROM_REF_CD,ODOT_DIV_UNDIV_IND,ODOT_INTERSECTION_REL_IND,ODOT_LANES_NBR,ODOT_MAINTAINED_HWY_IND,ODOT_MILES_FROM_REF_NBR,ODOT_REF_ROUTE_PREFIX_CD,ODOT_YOUNG_DRIVER_IND,ODPS_ADDRESS_REFERENCE,ODPS_ALCOHOL_IND,ODPS_CITY_VILLAGE_TWP_NME,ODPS_DRUG_IND,ODPS_LOC_DIR_SUFFIX_CD,ODPS_LOC_IN_WORK_ZONE_CD,ODPS_LOC_ROAD_DIRECTION_CD,ODPS_LOC_ROAD_NME,ODPS_LOC_ROAD_SUFFIX_CD,ODPS_LOC_ROUTE_ID,ODPS_LOC_ROUTE_PREFIX_CD,ODPS_LOC_ROUTE_SUFFIX_CD,ODPS_MILEPOST_REFERENCE,ODPS_MOTORCYCLE_IND,ODPS_REF_DIR_SUFFIX_CD,ODPS_REF_DIRECTION_CD,ODPS_REF_GIVEN,ODPS_REF_POINT_USED_CD,ODPS_REF_ROUTE_ID,ODPS_REF_ROUTE_PREFIX_CD,ODPS_REF_ROUTE_SUFFIX_CD,ODPS_REF_SUFFIX_CD,ODPS_SCHOOL_ZONE_IND,ODPS_SENIOR_DRIVER_IND,ODPS_SPEED_IND,ODPS_TOTAL_FATALITIES_NBR,ODPS_TYPE_OF_WORK_ZONE_CD,ODPS_WORK_ZONE_IND,OPER_ACCESS_CONTROL_CD,POSSIBLE_INJURIES_NBR,ROAD_COND_PRIMARY_CD,ROAD_CONTOUR_CD,SA_RAMP_ID,SA_SEGMENT_ID,SECONDARY_CRASH,STATE_TRUE_LOG_NBR,U1_AGE_NBR,U1_AT_FAULT_IND,U1_CONT_CIR_PRIMARY_CD,U1_DIRECTION_FROM_CD,U1_DIRECTION_TO_CD,U1_DISTRACTED_BY_1_CD,U1_GENDER_CD,U1_IS_ALCOHOL_SUSPECTED,U1_IS_MARIJUANA_SUSPECTED,U1_IS_OTHER_DRUG_SUSPECTED,U1_NON_MOTORIST_LOC_CD,U1_NUMBER_OF_THRU_LANES,U1_OBJECT_STRUCK,U1_ODPS_UNIT_NBR,U1_OPERATINGIN_AUTONOMOUS_MODE,U1_POSTED_SPEED_NBR,U1_PRECRASH_ACTION_CD,U1_SEQ_OF_EVENTS_1_CD,U1_SEQ_OF_EVENTS_2_CD,U1_SEQ_OF_EVENTS_3_CD,U1_SEQ_OF_EVENTS_4_CD,U1_SEQ_OF_EVENTS_5_CD,U1_SEQ_OF_EVENTS_6_CD,U1_SPECIAL_FUNCTION_CD,U1_TRAFFIC_CONTROL_CD,U1_TURN_CD,U1_TYPE_OF_UNIT_CD,U1_UNIT_SPEED_NBR,U2_AGE_NBR,U2_CONT_CIR_PRIMARY_CD,U2_DIRECTION_FROM_CD,U2_DIRECTION_TO_CD,U2_DISTRACTED_BY_1_CD,U2_GENDER_CD,U2_NON_MOTORIST_LOC_CD,U2_ODPS_UNIT_NBR,U2_POSTED_SPEED_NBR,U2_PRECRASH_ACTION_CD,U2_SEQ_OF_EVENTS_1_CD,U2_SEQ_OF_EVENTS_2_CD,U2_SEQ_OF_EVENTS_3_CD,U2_SEQ_OF_EVENTS_4_CD,U2_SEQ_OF_EVENTS_5_CD,U2_SEQ_OF_EVENTS_6_CD,U2_SPECIAL_FUNCTION_CD,U2_TRAFFIC_CONTROL_CD,U2_TURN_CD,U2_TYPE_OF_UNIT_CD,U2_UNIT_SPEED_NBR,U3_CONT_CIR_PRIMARY_CD,U3_ODPS_UNIT_NBR,U3_PRECRASH_ACTION_CD,U3_SEQ_OF_EVENTS_1_CD,U3_SEQ_OF_EVENTS_2_CD,U3_SEQ_OF_EVENTS_3_CD,U3_SEQ_OF_EVENTS_4_CD,U3_SEQ_OF_EVENTS_5_CD,U3_SEQ_OF_EVENTS_6_CD,U3_SPECIAL_FUNCTION_CD,U3_TRAFFIC_CONTROL_CD,U3_TYPE_OF_UNIT_CD,UNRESTRAIN_OCCUPANTS,WEATHER_COND_CD,V1,clean_Narrative,BERT_predictions,BERT_prediction_probabilities,RoBERTa_predictions,RoBERTa_predictions_probabilities,distilBERT_predictions,distilBERT_predictions_probabilities
1267,1267,213163422,"unit #2 was traveling westbound on i-70 west and unit #1 was traveling behind unit #2. unit #2 slowed down due to high water from rainy weather. unit #1 failed to brake in time and hydroplaned into unit #2, striking it in the rear and forcing it off road into the highway shoulder barrier. driver and passenger of unit #2 were transported by cfd medic 10 to grant hospital due to neck and back pain, in stable condition. driver was treated by dr. silver and passenger was treated by dr. willman unit #2 was towed from scene to the cpd impound lot for safekeeping by eitels wrecker service. driver of unit #1 was issued a citation for acda.",20213163422,2021,AB,8/1/2021 0:00,6,SFRAIR00070**N,S,FRA,13.314,39.952397,-83.011996,18000,19234.0,8/16/2021 0:00,2,2,N,2.0,N,Y,1.0,9,0,,a0de0c61-814e-466f-8c2a-888d998556ae,c972866b-bcb2-4201-91cf-c77b6d97d8d2,Y,13.333,SFRAIR00070**C,Y,1,210611111,1,8,N,1,2,2,COLUMBUS,1,S,Y,N,6.0,Y,0.019,IR,Y,,N,COLUMBUS,N,,0,,I 70 W,,70,IR,,,N,N,,I 71 N,1,71,IR,,,N,N,N,0,0,N,1.0,0,6,1,,107419.0,N,99.341,25,Y,8,3,4,1,M,N,N,N,0,4,0,1,0,0,1,20,0,0,0,0,0,1,6,NT,14,50,50.0,1.0,3.0,4.0,1.0,F,,2.0,,1.0,20.0,,,,,,1.0,6.0,NT,1.0,50.0,,,,,,,,,,,,,0,4,,"unit2 traveling unit1 traveling behind unit2 . unit2 slowed due high water rainy weather . unit1 failed brake time hydroplaned unit2 , striking rear forcing shoulder barrier . driver passenger unit2 transported cfd medic grant hospital due neck back pain , stable condition . driver treated . silver passenger treated . willman unit2 towed scene cpd impound lot safekeeping eitels wrecker service . driver unit1 issued citation acda .",C,"[0.00013544455578085035, 0.9948766827583313, 0.004987860098481178]",C,"[6.435456612052803e-07, 0.9992120265960693, 0.0007873259601183236]",C,"[2.8014183044433594e-06, 1.0, 6.258487701416016e-06]"
1268,1268,213163909,"unit 2 was traveling on i-480 east in lane 2. unit 1 was traveling on i-480 east in lane 1. as unit 1 approached mile post 21.6, there was a lane shift and heavy water on the roadway. unit 1 began to hydroplane and drove into lane 2 and struck the rear of unit 2. both vehicles pulled off the roadway onto the left shoulder after the crash. driver of unit 1 complained of an arm injury but refused medical attention.",20213163909,2021,AB,8/1/2021 0:00,12,SCUYIR00480**C,S,CUY,21.667,41.424119,-81.579982,47306,17668.0,8/25/2021 0:00,2,4,N,2.0,N,Y,1.0,12,0,20400.0,f6eeb2bb-a2ab-4c60-911c-f605e0551d6e,aae10330-5fe9-47f2-afdf-522ff4f88b1e,Y,21.667,SCUYIR00480**C,N,1,20212385,1,8,N,1,1,2,MAPLE HEIGHTS,1,,Y,N,7.0,Y,0.0,,Y,,N,GARFIELD HEIGHTS,N,,4,,,HWY,480,IR,,21.6,N,,,21 6,2,,,,,N,N,N,0,2,Y,1.0,0,6,1,,56988.0,N,23.971,24,Y,9,4,3,1,M,N,N,N,0,4,0,1,2,60,1,20,0,0,0,0,0,1,6,NT,1,50,39.0,1.0,4.0,3.0,1.0,F,,2.0,60.0,1.0,20.0,,,,,,1.0,6.0,NT,4.0,45.0,,,,,,,,,,,,,0,4,,"unit2 traveling . unit1 traveling . unit1 approached mile post . , shift heavy water roadway . unit1 began hydroplane drove struck rear unit2 . vehicles pulled roadway onto left shoulder crash . driver unit1 complained arm injury refused medical attention .",C,"[1.9853376215905882e-05, 0.9999785423278809, 1.5441688674400211e-06]",C,"[2.7649099138216116e-05, 0.9999722242355347, 1.5174992995525827e-07]",C,"[6.735324859619141e-06, 1.0, 3.5762786865234375e-07]"
1269,1269,213164132,unit #1 was traveling southbound on us 33. unit #1 hydroplaned on the wet road and the vehicle went sideways. unit #1 went off the left side of the e state exit and struck a road sign. unit #1 continued into the grass and struck the end of a guard rail and light pole. driver of unit #1 had visible minor injuries and was checked by the squad but refused treatment.,20213164132,2021,AB,6/1/2021 0:00,10,SATHUS00033**C,S,ATH,13.749,39.341783,-82.081184,2750,99705.0,6/10/2021 0:00,13,5,N,2.0,Y,Y,2.0,17,0,3800.0,,,N,13.749,SATHUS00033**C,N,1,21-0004088,1,6,N,0,1,1,ATHENS TOWNSHIP,1,,Y,N,4.0,Y,0.0,,Y,,N,ATHENS TOWNSHIP,N,,0,,US ROUTE 33 S,,33,US,,,N,,E,STATE,1,,,,ST,N,N,N,0,0,N,1.0,0,2,4,,275483.0,N,196.009,23,Y,22,1,2,1,F,N,N,N,0,3,31,1,0,55,9,9,41,31,37,0,0,1,6,NT,1,55,,,,,,,,,,,,,,,,,,,,,,,,,,,,,,,,,,0,4,,unit1 traveling us . unit1 hydroplaned wet vehicle went sideways . unit1 went left side state exit struck sign . unit1 continued grass struck end guard rail light pole . driver unit1 visible minor injuries checked squad refused treatment .,C,"[2.7805606350739254e-07, 0.9999996423721313, 1.6732990104628698e-07]",C,"[1.116476369134034e-06, 0.999998927116394, 2.0146659451825144e-08]",C,"[2.3543834686279297e-05, 1.0, 6.556510925292969e-07]"
1270,1270,213165727,unit #1 hydroplaned across four lanes and struck concrete median.,20213165727,2021,O,9/1/2021 0:00,8,SHAMIR00075**N,S,HAM,1.956,39.116925,-84.533945,15000,16885.0,9/5/2021 0:00,13,1,N,2.0,Y,Y,1.0,2,0,40900.0,,,Y,2.016,SHAMIR00075**C,Y,3,215011798,1,9,N,1,0,1,CINCINNATI,1,,Y,N,8.0,Y,0.0,,Y,,N,CINCINNATI,N,,0,S,IR75,HWY,75,IR,,2.0,N,,,2 0,2,,,,,N,N,N,0,0,N,1.0,0,2,1,,34127.0,N,1.956,20,Y,99,1,2,1,M,N,N,N,0,4,35,1,2,55,3,35,0,0,0,0,0,1,6,NT,14,55,,,,,,,,,,,,,,,,,,,,,,,,,,,,,,,,,,0,4,,unit1 hydroplaned across four lanes struck concrete median .,C,"[0.006231492850929499, 0.9738644957542419, 0.0199039988219738]",C,"[0.04552879557013512, 0.9453362822532654, 0.009134907275438309]",O,"[1.0, 1.1861324310302734e-05, 7.748603820800781e-07]"
1271,1271,213166427,"unit 1 was westbound on st rt 562. unit 1 advised that he hydroplaned and ran off road to the right, then stuck a light pole causing damage. no identifying number was seen on light pole.",20213166427,2021,O,9/1/2021 0:00,8,SHAMSR00562**N,S,HAM,2.993,39.163259,-84.444852,57386,16885.0,9/5/2021 0:00,13,1,N,2.0,Y,Y,2.0,2,0,,56cd5915-bac1-42f8-820a-46ccf7d34cba,4f9be6e6-3723-442b-b452-14a8a5db5359,N,2.927,SHAMSR00562**C,N,3,215011799,4,9,N,1,0,1,NORWOOD,1,,Y,N,4.0,N,0.0,,Y,,N,CINCINNATI,N,,0,,,,562,SR,,0.2,N,,,,2,,,,,N,N,Y,0,0,N,1.0,0,2,1,,150702.0,N,2.993,22,Y,5,3,4,1,M,N,N,N,0,2,41,1,2,55,9,8,41,0,0,0,0,1,6,NT,1,55,,,,,,,,,,,,,,,,,,,,,,,,,,,,,,,,,,0,4,,"unit1 . unit1 advised hydroplaned ran , stuck light pole causing damage . identifying number seen light pole .",O,"[0.9999996423721313, 3.084367108385777e-07, 4.801539787990805e-08]",O,"[0.9997316002845764, 0.0002675818104762584, 8.871373324836895e-07]",O,"[1.0, 0.0, 0.0]"
1272,1272,213170189,"unit #1 was traveling northbound on interstate 271 hydroplaned, lost control and struck the guardrail end with the vehicle s front passenger side. unit #1 faced east in the left hand lane at final rest.",20213170189,2021,O,9/1/2021 0:00,4,SSUMIR00271**C,S,SUM,3.528,41.228237,-81.628165,7776,766.0,9/15/2021 0:00,13,4,N,2.0,Y,Y,1.0,1,0,86600.0,,,Y,3.528,SSUMIR00271**C,N,3,2021124,1,9,N,2,0,1,BOSTON TOWNSHIP,1,S,Y,N,4.0,Y,0.038,,Y,,N,BOSTON TOWNSHIP,N,,0,,,,271,IR,,10.0,N,,,,2,,,,,N,N,N,0,0,N,1.0,0,2,3,,34935.0,N,10.252,22,Y,11,2,1,1,F,N,N,N,0,2,31,1,0,70,1,9,31,0,0,0,0,1,6,NT,1,60,,,,,,,,,,,,,,,,,,,,,,,,,,,,,,,,,,0,4,,"unit1 traveling interstate hydroplaned , lost control struck guardrail end vehicle front passenger side . unit1 faced left final rest .",O,"[0.9748581051826477, 0.0235622338950634, 0.0015796691877767444]",C,"[0.40891849994659424, 0.5821027159690857, 0.008978861384093761]",O,"[0.9091796875, 0.08392333984375, 0.006549835205078125]"
1273,1273,213173077,"unit 3 was stopped at a red light traffic signal on (s.r 17) brookpark road in the second lane from the curb facing eastbound, located at w. 83rd street. unit 2 was also stopped directly behind unit 3. unit 1 was traveling eastbound in the second lane from the curb on (s.r 17) brookpark road nearing the red light traffic signal illuminated at w. 83rd street. unit 1 stated the unit had hydroplaned as the unit attempted to come to a stop for the red light traffic signal. unit 1 also failed to maintain assurred clear distance ahead while attempting to turn the wheel to avoid impact with unit 2, and subsequently struck the rear of unit 2, which ultimately pushed unit 2 into the rear of unit 3, causing damage to all three units.",20213173077,2021,O,9/1/2021 0:00,12,SCUYSR00017**C,S,CUY,9.097,41.41858,-81.742374,61000,17668.0,9/9/2021 0:00,2,5,N,2.0,N,N,4.0,17,0,,e701e014-3872-4d8d-bf80-c4f02582bcb0,3e39da12-9fa0-467f-af2b-209bfb5207e7,N,9.097,SCUYSR00017**C,N,1,2210606,4,9,,4,0,3,PARMA,1,,N,Y,4.0,N,0.0,MR,Y,,N,PARMA,N,,0,,BROOKPARK,RD,17,SR,,,N,,W,83RD,1,,,,ST,N,N,N,0,0,N,3.0,0,2,4,,131950.0,N,9.097,27,Y,1,4,3,1,M,N,N,N,0,5,0,1,0,35,1,20,0,0,0,0,0,1,2,NT,1,10,22.0,1.0,4.0,3.0,1.0,F,,2.0,35.0,11.0,20.0,,,,,,1.0,2.0,NT,1.0,0.0,1.0,3.0,11.0,20.0,,,,,,1.0,2.0,1.0,0,4,,"unit3 stopped red light traffic signal brookpark second curb facing , located . unit2 also stopped directly behind unit3 . unit1 traveling second curb brookpark nearing red light traffic signal illuminated . unit1 stated unit hydroplaned unit attempted come stop red light traffic signal . unit1 also failed maintain assurred clear distance ahead attempting turn wheel avoid impact unit2 , subsequently struck rear unit2 , ultimately pushed unit2 rear unit3 , causing damage three units .",O,"[0.7119515538215637, 0.2836582660675049, 0.004390240181237459]",C,"[0.02554353140294552, 0.9734175801277161, 0.0010388843948021531]",C,"[0.2939453125, 0.70166015625, 0.0042877197265625]"
1274,1274,213175540,"unit one was traveling e/b on ir 480 east, approaching the transportation boulevard exit ramp. driver of unit one stated, as she was entering the exit ramp, she struck large puddle of water, causing her to hydroplane. unit one lost control, ran off of the right side of the exit ramp and down a deep embankment.",20213175540,2021,O,9/1/2021 0:00,12,SCUYRA18263**C,S,CUY,0.237,41.410009,-81.61721,29428,17668.0,9/5/2021 0:00,13,1,N,4.0,Y,Y,1.0,7,0,20200.0,,,Y,0.237,SCUYRA18263**C,N,2,20212511,1,9,,1,0,1,GARFIELD HEIGHTS,8,,N,N,,Y,0.0,,Y,,N,GARFIELD HEIGHTS,N,,0,,IR 480 EAST,HWY,480,IR,,21.0,N,,,21 0,2,,,,,N,N,Y,0,0,N,1.0,0,2,4,,,N,0.237,21,Y,18,4,3,1,F,N,N,N,0,1,44,1,2,35,1,8,44,0,0,0,0,1,6,NT,1,50,,,,,,,,,,,,,,,,,,,,,,,,,,,,,,,,,,0,4,,"unit1 traveling , approaching transportation exit ramp . driver unit1 stated , entering exit ramp , struck large puddle water , causing hydroplane . unit1 lost control , ran side exit ramp deep embankment .",O,"[0.999923586845398, 7.258237019414082e-05, 3.843915237666806e-06]",O,"[0.9999884366989136, 1.144136786024319e-05, 6.180170686320707e-08]",O,"[1.0, 0.00032520294189453125, 1.430511474609375e-05]"
1275,1275,213176142,unit 2 was northbound on i-75 n when unit 1 hydroplaned and slid in front of unit 2 causing unit 2 to strike unit 1. unit 1 was cited.,20213176142,2021,O,9/1/2021 0:00,2,SLUCIR00075**C,S,LUC,9.404,41.700517,-83.501566,77000,87868.0,9/22/2021 0:00,5,4,N,2.0,N,Y,1.0,1,0,,,,Y,9.404,SLUCIR00075**C,N,3,2.10922E+13,1,9,N,2,0,2,TOLEDO,1,,Y,N,6.0,Y,0.0,,N,,N,TOLEDO,N,,0,,,,75,IR,,209.0,N,,,209,2,,,,,N,N,N,0,0,N,1.0,0,2,4,,34214.0,N,208.986,46,Y,99,2,1,1,M,N,N,N,0,4,0,1,0,60,9,20,0,0,0,0,0,1,6,NT,1,0,31.0,1.0,2.0,1.0,1.0,M,,2.0,60.0,1.0,20.0,,,,,,1.0,6.0,NT,1.0,,,,,,,,,,,,,,0,4,,unit2 unit1 hydroplaned slid front unit2 causing unit2 strike unit1 . unit1 cited .,O,"[0.9999954700469971, 4.285541763238143e-06, 2.585044853731233e-07]",C,"[0.04333962872624397, 0.9530302882194519, 0.0036300430074334145]",O,"[1.0, 0.0002200603485107422, 3.0219554901123047e-05]"
1276,1276,213176290,unit 1 was n/b on i-75 and claims his vehicle hydroplaned and lost control. unit 1 spun around and crashed into the concrete median,20213176290,2021,O,9/1/2021 0:00,2,SLUCIR00075**C,S,LUC,7.359,41.689474,-83.532199,77000,87868.0,9/22/2021 0:00,13,4,N,2.0,Y,Y,1.0,6,0,60000.0,,,Y,7.359,SLUCIR00075**C,N,2,2.10922E+13,1,9,N,1,0,1,TOLEDO,1,E,Y,N,4.0,Y,0.026,,N,,N,TOLEDO,N,,0,,,,75,IR,,207.0,N,,,,2,,,,,N,N,Y,0,0,N,1.0,0,2,2,,42901.0,N,206.941,27,Y,5,2,1,9,F,N,N,N,0,3,36,1,0,0,1,36,0,0,0,0,0,1,6,NT,4,0,,,,,,,,,,,,,,,,,,,,,,,,,,,,,,,,,,0,4,,unit1 claims vehicle hydroplaned lost control . unit1 spun around crashed concrete median,C,"[0.029003707692027092, 0.848889946937561, 0.1221063882112503]",C,"[0.296963095664978, 0.7023279666900635, 0.0007089668652042747]",O,"[0.998046875, 0.0016679763793945312, 0.00017642974853515625]"
1277,1277,213176321,unit #1 was traveling on river road when she hydroplaned and went left of center sideways and struck a pole. no damage to the pole.,20213176321,2021,C,9/1/2021 0:00,8,SHAMUS00050**C,S,HAM,17.036,39.086371,-84.575161,15000,16885.0,9/20/2021 0:00,17,2,N,2.0,Y,N,3.0,17,0,,,,N,17.036,SHAMUS00050**C,N,2,215012548,4,9,3,0,0,1,CINCINNATI,1,,N,N,2.0,N,0.0,,N,3194,N,CINCINNATI,N,,0,,RIVER,RD,,,,,N,,,3194TH,3,,,,,N,Y,N,0,0,N,3.0,2,2,1,,346361.0,N,17.036,69,Y,11,4,3,1,F,N,N,N,0,4,0,1,2,35,1,11,9,0,0,0,0,1,6,NT,1,35,,,,,,,,,,,,,,,,,,,,,,,,,,,,,,,,,,0,4,,unit1 traveling river hydroplaned went left center sideways struck pole . damage pole .,O,"[0.7581373453140259, 0.234296977519989, 0.007565609645098448]",C,"[0.046290699392557144, 0.9511464834213257, 0.002562897512689233]",O,"[0.9951171875, 0.004573822021484375, 0.00029921531677246094]"
1278,1278,213177570,"this crash occurred eastbound us52 at the 36.17 mile post. unit 1 was negotiating a left bound curve in the road when the operator states she made a braking application to avoid another vehicle, which resulted in her vehicle hydroplaning across the pavement. unit 1 became displaced about is vertical axis in a clockwise manner. unit 1 traveled off the right side of the roadway where the front end portion of the vehicle impacted the face of a guardrail. unit 1 continued to rotate about its vertical axis, separated from the guardrail, and impacted the guardrail face a second time with the rear end portion of the vehicle. unit 1 came to an uncontrolled final rest across the right shoulder and through lane facing generally northeast.the guardrail is owned by the ohio department of transportation (1109 summit road cincinnati, ohio 45237).",20213177570,2021,AB,9/1/2021 0:00,8,SHAMUS00052**C,S,HAM,36.176,39.045934,-84.385502,1980,16885.0,9/22/2021 0:00,13,4,N,2.0,Y,N,3.0,14,0,45000.0,,,N,36.176,SHAMUS00052**C,N,1,CR-2021-002194,1,9,N,0,1,1,ANDERSON TOWNSHIP,1,,Y,N,4.0,Y,0.0,,N,,N,ANDERSON TOWNSHIP,N,,0,,,,52,US,,36.17,N,,,36 17,2,,,,,N,N,N,0,0,N,1.0,0,2,3,,266248.0,N,36.176,27,Y,11,6,3,1,F,N,N,N,0,2,30,1,2,60,13,8,30,30,0,0,0,1,6,LT,1,0,,,,,,,,,,,,,,,,,,,,,,,,,,,,,,,,,,0,4,,"crash occurred . mile post . unit1 negotiating left curve operator states made braking application avoid another vehicle , resulted vehicle hydroplaning across pavement . unit1 became displaced vertical axis clockwise manner . unit1 traveled side roadway front end portion vehicle impacted face guardrail . unit1 continued rotate vertical axis , separated guardrail , impacted guardrail face second time rear end portion vehicle . unit1 came uncontrolled final rest across shoulder facing generally .the guardrail owned ohio department transportation .",O,"[0.9932937622070312, 0.006206904537975788, 0.0004993534530512989]",O,"[0.9999974966049194, 2.297719220223371e-06, 2.8120700790168485e-07]",O,"[0.9990234375, 0.0004508495330810547, 5.4717063903808594e-05]"
1279,1279,213177832,unit #1 southbound on i. r. 77. unit #1 was cut off by a tractor trailer. unit #1 lost control and hydroplaned off the road left coming to rest in the median. due to weather conditions and actions outside unit #1's control no citation issued.,20213177832,2021,O,8/1/2021 0:00,4,SSUMIR00077**N,S,SUM,6.148,40.980767,-81.48569,31860,766.0,8/16/2021 0:00,16,2,N,2.0,N,Y,1.0,16,0,,,,Y,6.159,SSUMIR00077**C,N,1,2021-00047082,1,8,N,1,0,1,GREEN,1,N,Y,N,6.0,Y,0.009,,N,,N,GREEN,N,,0,,,,77,IR,,119.6,N,,,119 6,2,,,,,N,N,N,0,0,N,1.0,0,2,1,,91293.0,N,119.67,43,Y,11,1,2,1,F,N,N,N,0,3,44,1,0,65,1,1,9,10,44,0,0,1,6,NT,1,0,,,,,,,,,,,,,,,,,,,,,,,,,,,,,,,,,,0,4,,unit1 i. r. . unit1 cut tractor trailer . unit1 lost control hydroplaned left coming rest median . due weather conditions actions outside unit1 's control citation issued .,O,"[1.0, 5.522715440520187e-08, 1.7801337293121833e-08]",O,"[1.0, 4.181107016165697e-08, 2.5604873776785553e-10]",O,"[1.0, 0.0, 0.0]"
1280,1280,213178038,"unit 1 was traveling east on ir 275 near the 38.0 mile post. unit 1 hydroplaned due to heavy rain and struck the median cable barrier, causing damage to the rear of the vehicle. vehicle came to rest outside the trafficway and driver called for a private tow company to pick up the vehicle.",20213178038,2021,O,9/1/2021 0:00,8,SHAMIR00275**C,S,HAM,20.145,39.294347,-84.543685,27706,16885.0,9/20/2021 0:00,13,2,N,2.0,Y,Y,1.0,15,0,,,,Y,20.145,SHAMIR00275**C,N,1,202101602,1,9,N,1,0,1,FOREST PARK,1,,Y,N,6.0,Y,0.0,,N,,N,FOREST PARK,N,,0,,,,275,IR,,38.0,N,,,38 0,2,,,,,N,N,N,0,0,N,1.0,0,2,1,,47309.0,N,37.745,44,Y,1,4,3,1,F,N,N,N,0,3,33,1,2,65,1,9,33,0,0,0,0,1,6,NT,3,60,,,,,,,,,,,,,,,,,,,,,,,,,,,,,,,,,,0,4,,"unit1 traveling near . mile post . unit1 hydroplaned due heavy rain struck median cable barrier , causing damage rear vehicle . vehicle came rest outside trafficway driver called private tow company pick vehicle .",O,"[0.9999998807907104, 1.0290353458231039e-07, 1.8843424598458114e-08]",O,"[1.0, 2.360836859338633e-08, 2.219337907893859e-11]",O,"[1.0, 5.960464477539063e-08, 0.0]"
1281,1281,213178315,"unit 1 was traveling southbound on byrne towards marine when the driver lost control of their vehicle, hydroplaned and struck unit 2 when they crossed into oncoming traffic. unit 2 was traveling northbound on byrne in the opposite direction.",20213178315,2021,O,9/1/2021 0:00,2,MLUCMR04015**C,M,LUC,2.839,41.628336,-83.625967,77000,87868.0,9/22/2021 0:00,6,4,N,,N,N,3.0,17,0,,870ba238-21cb-4d60-8c6f-1d03dedf7dcc,e5292a17-8594-45e5-9e40-5c3c82e04f38,N,2.839,MLUCMR04015**C,N,3,2.10922E+13,4,9,,2,0,2,TOLEDO,1,,N,N,4.0,N,0.0,MR,Y,,N,TOLEDO,N,,0,S,BYRNE,RD,,,,,N,,,MARINE,1,,,,RD,N,N,N,0,0,N,,0,2,1,,322382.0,N,2.839,18,Y,99,1,2,1,M,N,N,N,0,4,0,1,0,45,99,20,0,0,0,0,0,1,6,NT,3,0,28.0,1.0,2.0,1.0,1.0,F,,2.0,45.0,1.0,20.0,,,,,,1.0,6.0,NT,1.0,,,,,,,,,,,,,,0,4,,"unit1 traveling byrne towards marine driver lost control vehicle , hydroplaned struck unit2 crossed oncoming traffic . unit2 traveling byrne opposite direction .",C,"[0.07550088316202164, 0.7048468589782715, 0.2196522355079651]",C,"[0.19305631518363953, 0.7831549048423767, 0.02378878928720951]",O,"[1.0, 7.140636444091797e-05, 1.3649463653564453e-05]"
1282,1282,213178518,"unit #1 was traveling eastbound interstate 275. unit #1 hydroplaned causing her to lose control of her vehicle. unit #1 ran off the road left, struck the guardrail on the left berm, spun and came to a final rest on the right berm of interstate 275.",20213178518,2021,O,9/1/2021 0:00,8,SHAMIR00275**C,S,HAM,11.524,39.220049,-84.666692,16616,16885.0,9/15/2021 0:00,13,4,N,2.0,Y,Y,1.0,14,0,,,,Y,11.524,SHAMIR00275**C,N,1,915210654,1,9,N,1,0,1,COLERAIN TOWNSHIP,1,,Y,N,6.0,Y,0.0,,N,,N,COLERAIN TOWNSHIP,N,,0,E,IR 275,HWY,275,IR,,29.4,N,,,29 4,2,,,,,N,N,N,0,0,N,1.0,0,2,2,,39742.0,N,29.124,53,Y,11,4,3,1,F,N,N,N,0,3,30,1,0,65,1,9,30,0,0,0,0,1,6,NT,1,65,,,,,,,,,,,,,,,,,,,,,,,,,,,,,,,,,,0,4,,"unit1 traveling interstate . unit1 hydroplaned causing lose control vehicle . unit1 ran left , struck guardrail left berm , spun came final rest berm interstate .",O,"[0.9071282744407654, 0.07926564663648605, 0.013606010004878044]",C,"[0.40110334753990173, 0.5871092677116394, 0.011787394993007183]",O,"[0.99609375, 0.0036220550537109375, 0.0006799697875976562]"