,id,OBJECTID,Narrative,DOCUMENT_NBR,CRASH_YR,CRASH_SEVERITY_CD,CRASH_MONTH_YEAR,DISTRICT_NBR,NLFID,NLF_JUR_CD,NLF_COUNTY_CD,COUNTY_LOG_NBR,ODOT_LATITUDE_NBR,ODOT_LONGITUDE_NBR,ODOT_FIPS_CD,AREA_CODE,CRASH_DATE,CRASH_TYPE_CD,DAY_IN_WEEK_CD,DISTRACTED_DRIVER_IND,FACILITY_TYPE_CD,FHWA_RDWY_DEPARTURE_IND,FREEWAY_IND,FUNCTIONAL_CLASS_CD,HOUR_OF_CRASH,INCAPAC_INJURIES_NBR,INTERCHANGE_ID,INTERSECTION_ID_CURRENT,INTERSECTION_LEG_ID,INTERSTATE_IND,INV_LOG_NBR,INV_NLFID,IS_COMMERCIAL_RELATED,LIGHT_COND_PRIMARY_CD,LOCAL_REPORT_NUMBER_ID,MAINTENANCE_AUTHORITY_CD,MONTH_OF_CRASH,NHS_CD,NO_INJURY_REPORTED_NBR,NON_INCAPAC_INJURIES_NBR,NUMBER_OF_UNITS_NBR,ODOT_CITY_VILLAGE_TWP_NME,ODOT_CRASH_LOCATION_CD,ODOT_DIR_FROM_REF_CD,ODOT_DIV_UNDIV_IND,ODOT_INTERSECTION_REL_IND,ODOT_LANES_NBR,ODOT_MAINTAINED_HWY_IND,ODOT_MILES_FROM_REF_NBR,ODOT_REF_ROUTE_PREFIX_CD,ODOT_YOUNG_DRIVER_IND,ODPS_ADDRESS_REFERENCE,ODPS_ALCOHOL_IND,ODPS_CITY_VILLAGE_TWP_NME,ODPS_DRUG_IND,ODPS_LOC_DIR_SUFFIX_CD,ODPS_LOC_IN_WORK_ZONE_CD,ODPS_LOC_ROAD_DIRECTION_CD,ODPS_LOC_ROAD_NME,ODPS_LOC_ROAD_SUFFIX_CD,ODPS_LOC_ROUTE_ID,ODPS_LOC_ROUTE_PREFIX_CD,ODPS_LOC_ROUTE_SUFFIX_CD,ODPS_MILEPOST_REFERENCE,ODPS_MOTORCYCLE_IND,ODPS_REF_DIR_SUFFIX_CD,ODPS_REF_DIRECTION_CD,ODPS_REF_GIVEN,ODPS_REF_POINT_USED_CD,ODPS_REF_ROUTE_ID,ODPS_REF_ROUTE_PREFIX_CD,ODPS_REF_ROUTE_SUFFIX_CD,ODPS_REF_SUFFIX_CD,ODPS_SCHOOL_ZONE_IND,ODPS_SENIOR_DRIVER_IND,ODPS_SPEED_IND,ODPS_TOTAL_FATALITIES_NBR,ODPS_TYPE_OF_WORK_ZONE_CD,ODPS_WORK_ZONE_IND,OPER_ACCESS_CONTROL_CD,POSSIBLE_INJURIES_NBR,ROAD_COND_PRIMARY_CD,ROAD_CONTOUR_CD,SA_RAMP_ID,SA_SEGMENT_ID,SECONDARY_CRASH,STATE_TRUE_LOG_NBR,U1_AGE_NBR,U1_AT_FAULT_IND,U1_CONT_CIR_PRIMARY_CD,U1_DIRECTION_FROM_CD,U1_DIRECTION_TO_CD,U1_DISTRACTED_BY_1_CD,U1_GENDER_CD,U1_IS_ALCOHOL_SUSPECTED,U1_IS_MARIJUANA_SUSPECTED,U1_IS_OTHER_DRUG_SUSPECTED,U1_NON_MOTORIST_LOC_CD,U1_NUMBER_OF_THRU_LANES,U1_OBJECT_STRUCK,U1_ODPS_UNIT_NBR,U1_OPERATINGIN_AUTONOMOUS_MODE,U1_POSTED_SPEED_NBR,U1_PRECRASH_ACTION_CD,U1_SEQ_OF_EVENTS_1_CD,U1_SEQ_OF_EVENTS_2_CD,U1_SEQ_OF_EVENTS_3_CD,U1_SEQ_OF_EVENTS_4_CD,U1_SEQ_OF_EVENTS_5_CD,U1_SEQ_OF_EVENTS_6_CD,U1_SPECIAL_FUNCTION_CD,U1_TRAFFIC_CONTROL_CD,U1_TURN_CD,U1_TYPE_OF_UNIT_CD,U1_UNIT_SPEED_NBR,U2_AGE_NBR,U2_CONT_CIR_PRIMARY_CD,U2_DIRECTION_FROM_CD,U2_DIRECTION_TO_CD,U2_DISTRACTED_BY_1_CD,U2_GENDER_CD,U2_NON_MOTORIST_LOC_CD,U2_ODPS_UNIT_NBR,U2_POSTED_SPEED_NBR,U2_PRECRASH_ACTION_CD,U2_SEQ_OF_EVENTS_1_CD,U2_SEQ_OF_EVENTS_2_CD,U2_SEQ_OF_EVENTS_3_CD,U2_SEQ_OF_EVENTS_4_CD,U2_SEQ_OF_EVENTS_5_CD,U2_SEQ_OF_EVENTS_6_CD,U2_SPECIAL_FUNCTION_CD,U2_TRAFFIC_CONTROL_CD,U2_TURN_CD,U2_TYPE_OF_UNIT_CD,U2_UNIT_SPEED_NBR,U3_CONT_CIR_PRIMARY_CD,U3_ODPS_UNIT_NBR,U3_PRECRASH_ACTION_CD,U3_SEQ_OF_EVENTS_1_CD,U3_SEQ_OF_EVENTS_2_CD,U3_SEQ_OF_EVENTS_3_CD,U3_SEQ_OF_EVENTS_4_CD,U3_SEQ_OF_EVENTS_5_CD,U3_SEQ_OF_EVENTS_6_CD,U3_SPECIAL_FUNCTION_CD,U3_TRAFFIC_CONTROL_CD,U3_TYPE_OF_UNIT_CD,UNRESTRAIN_OCCUPANTS,WEATHER_COND_CD,V1,clean_Narrative,BERT_predictions,BERT_prediction_probabilities,RoBERTa_predictions,RoBERTa_predictions_probabilities,distilBERT_predictions,distilBERT_predictions_probabilities
1283,1283,213178594,"the driver of unit #1 stated that he was traveling on i.s. 77 south in the left lane, near mile post 135, when his vehicle hydroplaned and struck the guardrail.",20213178594,2021,C,8/1/2021 0:00,4,SSUMIR00077**N,S,SUM,21.542,41.119236,-81.639182,18658,766.0,8/29/2021 0:00,13,1,N,2.0,Y,Y,1.0,13,0,,,,Y,21.55,SSUMIR00077**C,N,1,22108100,1,8,N,0,0,1,COPLEY TOWNSHIP,1,,Y,N,6.0,Y,0.0,,N,,N,COPLEY TOWNSHIP,N,,0,,,HWY,77,IR,,135.0,N,,,135,2,,,,,N,N,Y,0,0,N,1.0,1,2,4,,47078.0,N,135.064,33,Y,11,1,2,1,M,N,N,N,0,3,31,1,2,65,1,9,31,0,0,0,0,1,6,NT,3,70,,,,,,,,,,,,,,,,,,,,,,,,,,,,,,,,,,0,4,,"driver unit1 stated traveling i.s . left , near mile post , vehicle hydroplaned struck guardrail .",O,"[0.9999995231628418, 4.3745896505242854e-07, 4.3300094176856874e-08]",O,"[0.9996746778488159, 0.00032094918424263597, 4.407024334796006e-06]",O,"[1.0, 0.00033020973205566406, 1.4066696166992188e-05]"
1284,1284,213179238,"the crash occurred on ir 71 northbound at the 110 mile marker. all units were travelling north on ir 71 in the #1 lane approaching the 110 mile marker. unit 4 hydroplaned and struck the wall (per unit 2), unit 3 struck unit 4 in the back with the front of unit 3. the driver of unit 4 fled on foot leaving the vehicle, the driver and vehicle of unit 3 fled (oh tag # jgt5241, silver honda sedan). unit 3 and 4 was a seperate crash that casued units 1 and 2 to crash. unit 4 was impounded to cpd impound lot. unit 2 was able to slowdown and avoid striking unit 3 or 4. unit 1 struck unit 2; bass boat on a trailer being hauled by unit 2. no injuries were reported at the scene. unit 1 did not have a license. unit 1 was cited for acda and no-ops.hit- skip follow-up was unableto be completed prior to end of shift.",20213179238,2021,O,9/1/2021 0:00,6,SFRAIR00071**C,S,FRA,18.959,39.98414,-82.984826,18000,19234.0,9/4/2021 0:00,2,7,N,2.0,N,Y,1.0,22,0,28200.0,c1cceb59-2a56-4519-a567-f719b499b5bd,2c162123-a15f-426d-bbef-d730ef879a32,Y,18.959,SFRAIR00071**C,N,3,210669677,1,9,N,4,0,4,COLUMBUS,1,S,Y,N,8.0,Y,0.25,,N,,N,COLUMBUS,N,,0,,,,71,IR,,110.0,N,,,110,2,,,,,N,N,N,0,0,N,1.0,0,2,2,,91003.0,N,110.003,36,Y,8,2,1,1,F,N,N,N,0,3,0,1,2,55,11,20,0,0,0,0,0,1,6,NT,1,45,35.0,1.0,2.0,1.0,1.0,F,,2.0,55.0,11.0,20.0,,,,,,1.0,6.0,NT,4.0,45.0,8.0,3.0,11.0,20.0,,,,,,1.0,6.0,1.0,0,4,,"crash occurred mile marker . units travelling approaching mile marker . unit4 hydroplaned struck wall , unit3 struck unit4 back front unit3 . driver unit4 fled foot leaving vehicle , driver vehicle unit3 fled . unit3 seperate crash casued unit1 unit2 crash . unit4 impounded cpd impound lot . unit2 able slowdown avoid striking unit3 . unit1 struck unit2 ; bass boat trailer hauled unit2 . injuries reported scene . unit1 license . unit1 cited acda noops.hit skip followup unableto completed prior end shift .",O,"[0.9999991655349731, 6.695030947412306e-07, 1.3130134846051078e-07]",O,"[0.9999969005584717, 3.0538619739672868e-06, 1.2078147371141768e-08]",O,"[0.931640625, 0.06463623046875, 0.00380706787109375]"
1285,1285,213179362,unit #1 was nb on st rt 118 approaching the intersection of venedocia ohio city.ÃÂÃÂ¨ÃÂÃÂ¨ unit#1 didn't see another vehicle in front of her slowing to turn.ÃÂÃÂ¨ÃÂÃÂ¨ unit #1 started to brake and hydroplaned loosing control.ÃÂÃÂ¨ÃÂÃÂ¨ unit #1 went off the right side of the roadway striking a guide wire for the aep pole.ÃÂÃÂ¨ÃÂÃÂ¨ unit #1 traveled up the wire and then overturned falling to the ground on it's top.ÃÂÃÂ¨ÃÂÃÂ¨ÃÂÃÂ¨ÃÂÃÂ¨there was damage to the aep pole.ÃÂÃÂ¨ÃÂÃÂ¨ there was some damage to the yard at 15537 st rt 118.,20213179362,2021,C,9/1/2021 0:00,1,SVANSR00118**C,S,VAN,3.579,40.778319,-84.620041,43372,99999.0,9/22/2021 0:00,13,4,Y,2.0,Y,N,5.0,12,0,,e7153f50-60dd-4ba2-ac31-535dbed26513,def15d7b-a950-4d83-8f9a-5d03913ef57d,N,3.579,SVANSR00118**C,N,1,21-09-003141,1,9,,0,0,1,LIBERTY TOWNSHIP,2,,N,Y,2.0,Y,0.0,TR,N,,N,LIBERTY TOWNSHIP,N,,0,,,,118,SR,,,N,,,VENEDOCIA OHIO CITY,1,,,,RD,N,N,N,0,0,N,3.0,1,2,1,,154741.0,N,48.343,39,Y,11,2,1,2,F,N,N,N,0,2,41,1,2,55,1,8,41,1,0,0,0,1,6,NT,1,35,,,,,,,,,,,,,,,,,,,,,,,,,,,,,,,,,,0,4,,unit1 approaching intersection venedocia ohio city.ÃÂÃÂ¨ÃÂÃÂ¨ unit1 n't see another vehicle front slowing turn.ÃÂÃÂ¨ÃÂÃÂ¨ unit1 started brake hydroplaned loosing control.ÃÂÃÂ¨ÃÂÃÂ¨ unit1 went side roadway striking guide wire aep pole.ÃÂÃÂ¨ÃÂÃÂ¨ unit1 traveled wire overturned falling ground 's top.ÃÂÃÂ¨ÃÂÃÂ¨ÃÂÃÂ¨ÃÂÃÂ¨there damage aep pole.ÃÂÃÂ¨ÃÂÃÂ¨ damage yard .,O,"[0.9999896287918091, 9.289108675147872e-06, 1.0474033160789986e-06]",C,"[0.015184217132627964, 0.9835273623466492, 0.0012883673189207911]",C,"[0.0038204193115234375, 0.97265625, 0.02392578125]"
1286,1286,213180054,unit 1 traveled interstate (ir) 670 westbound (wb) in the one lane. unit 1 driver stated he hit water in the roadway at the grandview ave overpass in the ir 670 wb 1 lane which caused unit 1 to hydroplane. unit 1 driver failed to control unit 1 which spun and entered the ir 670 wb two lane facing eastbound. unit 2 traveled in the ir 670 wb two lane and struck unit 1 in the front. unit 2 passenger stated she had pain in the right wrist and was checked by cfd medic 25. unit 2 passenger refused medical treatment and transport to a medical facility. reporting officer observed standing water in the ir 670 wb one lane. no citation issued due to water in the roadway.,20213180054,2021,AB,9/1/2021 0:00,6,SFRAIR00670**N,S,FRA,1.506,39.967994,-83.042941,18000,19234.0,9/22/2021 0:00,5,4,N,2.0,N,Y,1.0,10,0,,,,Y,1.131,SFRAIR00670**C,N,1,210719552,1,9,N,2,1,2,COLUMBUS,1,W,Y,N,8.0,Y,0.009,,Y,,N,COLUMBUS,N,,0,,,,670,IR,,,N,,,GRANDVIEW,1,,,,AVE,N,Y,N,0,0,N,1.0,0,2,4,,57027.0,N,1.506,25,Y,99,3,4,1,M,N,N,N,0,4,0,1,0,65,99,20,0,0,0,0,0,1,6,NT,3,20,70.0,1.0,3.0,4.0,1.0,M,,2.0,65.0,1.0,20.0,,,,,,1.0,6.0,NT,1.0,55.0,,,,,,,,,,,,,0,4,,unit1 traveled interstate one . unit1 driver stated hit water roadway grandview overpass caused unit1 hydroplane . unit1 driver failed control unit1 spun entered two facing . unit2 traveled two struck unit1 front . unit2 passenger stated pain wrist checked cfd medic . unit2 passenger refused medical treatment transport medical facility . reporting officer observed standing water one . citation issued due water roadway .,C,"[6.3556772147421725e-06, 0.9999929666519165, 7.536624480053433e-07]",C,"[3.027878676675755e-07, 0.9999996423721313, 4.8736474411725794e-08]",C,"[2.5033950805664062e-06, 1.0, 1.7881393432617188e-07]"
1287,1287,213180430,"both units were traveling westbound on state route 2. unit 1 hydroplaned and lost control of the vehicle, striking unit 2 in the rear before both units ran off the road left and came to final rest in the center grass median. the operator of unit 1 admitted fault to the accident. both operators and occupant were checked out by life care. i later discovered after unit 1 was on the tow bed, the rear interior portions of the tires were completely worn, making the vehicle unsafe.",20213180430,2021,C,9/1/2021 0:00,3,SLORSR00002**N,S,LOR,7.913,41.414166,-82.200025,1798,51364.0,9/22/2021 0:00,2,4,N,2.0,N,Y,2.0,20,0,,,,N,7.908,SLORSR00002**C,N,3,2021-00009023,4,9,N,1,0,2,AMHERST,1,W,Y,N,4.0,N,0.004,,Y,,N,AMHERST,N,,0,,STATE ROUTE 2,HWY,2,SR,,164.8,N,,,164 8,2,,,,,N,N,Y,0,0,N,1.0,2,2,1,,124915.0,N,164.826,17,Y,5,3,4,1,F,N,N,N,0,2,0,1,0,65,1,20,9,0,0,0,0,1,6,NT,3,55,42.0,1.0,3.0,4.0,1.0,F,,2.0,65.0,1.0,20.0,9.0,,,,,1.0,6.0,NT,1.0,60.0,,,,,,,,,,,,,0,4,,"units traveling state . unit1 hydroplaned lost control vehicle , striking unit2 rear units ran left came final rest center grass median . operator unit1 admitted fault accident . operators occupant checked life care . later discovered unit1 tow bed , rear interior portions tires completely worn , making vehicle unsafe .",C,"[0.005970900412648916, 0.992572546005249, 0.0014566048048436642]",C,"[0.019806787371635437, 0.9801803827285767, 1.2829900697397534e-05]",O,"[1.0, 0.00017130374908447266, 1.3113021850585938e-06]"
1288,1288,213181687,unit 1 was traveling north on us-27. unit 1 hydroplaned and went off the road to the right. unit 1 spun 180 degrees into the guardrail. unit 1 then spun again coming to a final rest against the guardrail.,20213181687,2021,O,9/1/2021 0:00,8,SHAMUS00027**C,S,HAM,15.03,39.267397,-84.603383,16616,16885.0,9/22/2021 0:00,13,4,N,2.0,Y,N,3.0,16,0,,d2bafb29-d6e7-4b0f-8b4e-00b0ca80f162,980e62cb-0db3-437a-b9bc-ef5a8cd41fbb,N,15.03,SHAMUS00027**C,N,1,922210802,1,9,N,1,0,1,COLERAIN TOWNSHIP,1,,N,N,4.0,Y,0.0,,Y,,N,COLERAIN TOWNSHIP,N,,0,,US 27,HWY,27,US,,15.0,N,,,15,2,,,,,N,N,Y,0,0,N,2.0,0,2,1,,263888.0,N,15.03,23,Y,5,2,1,1,M,N,N,N,0,2,30,1,0,60,1,8,30,30,0,0,0,1,6,NT,1,60,,,,,,,,,,,,,,,,,,,,,,,,,,,,,,,,,,0,4,,unit1 traveling us . unit1 hydroplaned went . unit1 spun degrees guardrail . unit1 spun coming final rest guardrail .,O,"[0.9983800649642944, 0.0014635283732786775, 0.0001563999685458839]",O,"[0.9349751472473145, 0.06410885602235794, 0.0009160523768514395]",O,"[0.98828125, 0.00946044921875, 0.001834869384765625]"
1289,1289,213185101,"unit #1 was traveling westbound on ir 74 in the center lane of travel. driver of unit #1 states that he drove through a puddle of water, which caused unit #1 to hydroplane. unit #1 traveled off the right side of the roadway striking the bridge wall. there was no damage to the bridge wall. unit # 1 then began to spin counterclockwise and came to final rest facing northbound in the center lane of travel.ÃÂÃÂ¨ÃÂÃÂ¨driver of unit #1 was treated and released by whitewater township fire department",20213185101,2021,C,10/1/2021 0:00,8,SHAMIR00074**N,S,HAM,8.437,39.210168,-84.697227,49364,16885.0,10/3/2021 0:00,13,1,N,2.0,Y,Y,1.0,22,0,,,,Y,8.442,SHAMIR00074**C,N,4,CR-2021-002304,1,10,N,0,0,1,MIAMI TOWNSHIP,1,,Y,N,6.0,Y,0.0,,N,,N,WHITEWATER TOWNSHIP,N,,0,,,,74,IR,,8.4,N,,,8 4,2,,,,,N,N,Y,0,0,N,1.0,1,2,2,,91068.0,N,8.437,29,Y,5,3,4,1,M,N,N,N,0,3,29,1,2,65,1,8,29,0,0,0,0,1,6,NT,1,65,,,,,,,,,,,,,,,,,,,,,,,,,,,,,,,,,,0,4,,"unit1 traveling center travel . driver unit1 states drove puddle water , caused unit1 hydroplane . unit1 traveled side roadway striking bridge wall . damage bridge wall . unit1 began spin counterclockwise came final rest facing center travel.ÃÂÃÂ¨ÃÂÃÂ¨driver unit1 treated released whitewater township fire department",C,"[1.742223929568354e-07, 0.9999997615814209, 9.375980170034381e-08]",C,"[2.9415682547551114e-06, 0.9999969005584717, 9.943047984961595e-08]",C,"[0.00036263465881347656, 1.0, 2.282857894897461e-05]"
1290,1290,213187709,"unit #1, while westbound on calvert st to s i71/562w entrance, hydroplaned and failed to control vehicle striking the guardrail. unit #1 responded to district 4 to file report.",20213187709,2021,C,10/1/2021 0:00,8,MHAMMR00648**C,M,HAM,0.195,39.164487,-84.421867,15000,16885.0,10/3/2021 0:00,13,1,N,,Y,N,7.0,15,0,,69fed642-c1c2-4370-b702-ff366eaa295b,9cef1adc-de48-4c89-b77b-d1fa19894484,N,0.195,MHAMMR00648**C,N,1,215013234,4,10,,0,0,1,CINCINNATI,1,,N,N,2.0,N,0.0,,N,5012,N,CINCINNATI,N,,0,,CALVERT,ST,,,,,N,,,5012TH,3,,,,,N,N,N,0,0,N,,1,2,4,,116157.0,N,0.195,35,Y,99,3,4,1,F,N,N,N,0,1,34,1,2,35,1,34,0,0,0,0,0,1,6,NT,1,0,,,,,,,,,,,,,,,,,,,,,,,,,,,,,,,,,,0,4,,"unit1 , calvert 562w entrance , hydroplaned failed control vehicle striking guardrail . unit1 responded district file report .",O,"[0.9999998807907104, 7.167346183223344e-08, 1.2986205000231621e-08]",O,"[0.9999963045120239, 3.7513500501518138e-06, 2.391305287119394e-08]",O,"[0.7255859375, 0.2734375, 0.0007357597351074219]"
1291,1291,213188498,"unit 1 was traveling northbound on i75 when he hydroplaned due to the excessive rain, causing him to hit the left wall causing damage to the vehicle only.report made for insurance purposes only.",20213188498,2021,O,10/1/2021 0:00,8,SHAMIR00075**C,S,HAM,10.411,39.205465,-84.465545,15000,16885.0,10/7/2021 0:00,13,5,N,2.0,Y,Y,1.0,1,0,41600.0,,,Y,10.411,SHAMIR00075**C,N,3,215013381,1,10,N,1,0,1,CINCINNATI,1,,Y,N,6.0,Y,0.0,,Y,,N,CINCINNATI,N,,0,,,,75,IR,,10.4,N,,,,2,,,,,N,N,N,0,0,N,1.0,0,2,1,,45354.0,N,10.411,21,Y,99,2,1,1,M,N,N,N,0,3,51,1,2,55,1,51,0,0,0,0,0,1,6,NT,1,0,,,,,,,,,,,,,,,,,,,,,,,,,,,,,,,,,,0,4,,"unit1 traveling hydroplaned due excessive rain , causing hit left wall causing damage vehicle only.report made insurance purposes .",O,"[0.9999998807907104, 8.088245095905222e-08, 1.422457707178637e-08]",O,"[1.0, 5.704131056383233e-10, 9.008239439762741e-14]",O,"[1.0, 0.0, 0.0]"
1292,1292,213188580,u-1 was traveling southbound on us rt 23 just south of north court st in heavy rain. u-1 hydroplaned and ran off the right side of the roadway. u-1 struck the road ditch and then an old farm wire fence.,20213188580,2021,O,10/1/2021 0:00,6,SPICUS00023**N,S,PIC,12.668,39.658158,-82.959441,15077,99999.0,10/6/2021 0:00,13,4,N,2.0,Y,N,3.0,15,0,,,,N,12.641,SPICUS00023**C,N,1,AC10210009,1,10,H,1,0,1,CIRCLEVILLE TOWNSHIP,1,S,Y,N,4.0,Y,0.114,,N,,N,CIRCLEVILLE TOWNSHIP,N,,0,,US ROUTE 23 S,,23,US,,,N,,N,COURT,1,,,,ST,N,N,N,0,0,N,2.0,0,2,3,,284831.0,N,67.828,28,Y,11,1,2,1,M,N,N,N,0,2,44,1,0,60,1,8,44,46,0,0,0,1,6,NT,3,60,,,,,,,,,,,,,,,,,,,,,,,,,,,,,,,,,,0,4,,u traveling us heavy rain . u hydroplaned ran side roadway . u struck ditch old farm wire fence .,O,"[0.9999338388442993, 6.3549836340826e-05, 2.585564743640134e-06]",O,"[0.9335646033287048, 0.06623081862926483, 0.00020453479373827577]",O,"[1.0, 1.9371509552001953e-05, 1.6093254089355469e-06]"
1293,1293,213189244,"unit #1 was traveling westbound on us 50 in the left lane of travel, approaching 350 three rivers parkway. unit #1 traveled through standing water causing the unit #1 to hydroplane, due to worn tires. unit #1 began to spin counter clockwise, crossing the left of center and off the right side of the roadway. unit #1 continued spinning counter clockwise striking a tree and coming to final rest facing southbound.there were no injuries reported at time of report.",20213189244,2021,O,10/1/2021 0:00,8,SHAMUS00050**C,S,HAM,6.111,39.147486,-84.736023,56182,16885.0,10/7/2021 0:00,13,5,N,2.0,Y,N,3.0,23,0,,,,N,6.111,SHAMUS00050**C,N,4,CR-2021-002336,4,10,3,1,0,1,NORTH BEND,1,,N,N,2.0,N,0.0,,Y,350,N,NORTH BEND,N,,0,,THREE RIVERS,PKWY,50,,,,N,,,,3,,,,,N,N,Y,0,0,N,3.0,0,2,2,,266069.0,N,6.111,25,Y,5,3,4,1,M,N,N,N,0,4,48,1,2,50,1,11,9,43,48,0,0,1,6,NT,1,0,,,,,,,,,,,,,,,,,,,,,,,,,,,,,,,,,,0,4,,"unit1 traveling us left travel , approaching three rivers . unit1 traveled standing water causing unit1 hydroplane , due worn tires . unit1 began spin counter clockwise , crossing left center side roadway . unit1 continued spinning counter clockwise striking tree coming final rest facing .there injuries reported time report .",O,"[0.9999996423721313, 3.1618074558537046e-07, 5.859899943061464e-08]",O,"[1.0, 3.3497951634764433e-10, 2.6636752157270516e-13]",O,"[1.0, 1.1861324310302734e-05, 1.430511474609375e-06]"
1294,1294,213189338,unit 1 while traveling east on us 62 ( himrod ave expressway) was caught in a downpour of heavy rain. standing pools of water developed on the road surface. as unit 1 attempted to slow down the unit hydroplaned and struck the barrier median 50 yards east of the himrod ave exit. the unit flipped on its side. no injuries reported.,20213189338,2021,O,10/1/2021 0:00,4,SMAHIR00680**C,S,MAH,6.143,41.092418,-80.654497,88000,97831.0,10/7/2021 0:00,13,5,N,2.0,Y,Y,1.0,16,0,63800.0,,,Y,6.143,SMAHIR00680**C,N,1,21Y044479,1,10,N,3,0,1,YOUNGSTOWN,1,E,Y,N,6.0,Y,0.028,RA,N,,N,YOUNGSTOWN,N,,0,,US ROUTE 62 E,,62,US,,,N,,,HIMROD,1,,,,AVE,N,N,N,0,0,N,1.0,0,6,4,,35208.0,N,6.143,43,Y,15,4,3,1,F,N,N,N,0,4,35,1,0,50,1,35,0,0,0,0,0,1,6,NT,3,50,,,,,,,,,,,,,,,,,,,,,,,,,,,,,,,,,,0,4,,unit1 traveling us caught downpour heavy rain . standing pools water developed surface . unit1 attempted slow unit hydroplaned struck barrier median yards himrod exit . unit flipped side . injuries reported .,O,"[0.9999650716781616, 3.271854075137526e-05, 2.265386456201668e-06]",O,"[0.9999487400054932, 5.080436676507816e-05, 5.233749789113062e-07]",O,"[1.0, 5.960464477539063e-08, 0.0]"
1295,1295,213189678,"unit #1 was traveling southbound on ir 77 in the left most lane when unit #1 drove over high standing water, hydroplaned, and lost control striking the center median.",20213189678,2021,O,5/1/2021 0:00,12,SCUYIR00077**N,S,CUY,10.57,41.426646,-81.645946,19806,17668.0,5/28/2021 0:00,17,6,N,2.0,N,Y,1.0,13,0,,ae19f7cf-352d-44cc-9e67-44dee5ff5841,f2748f3f-7848-4dc9-8be9-8e8efc0dbbd4,Y,10.574,SCUYIR00077**C,N,1,202100099,1,5,N,1,0,1,CUYAHOGA HEIGHTS,1,S,Y,N,6.0,Y,0.019,,N,,N,CUYAHOGA HEIGHTS,N,,0,,,HWY,77,IR,,157.6,N,,,157 6,2,,,,,N,N,N,0,0,N,1.0,0,6,1,,39597.0,N,157.712,36,Y,15,1,2,1,M,N,N,N,0,3,0,1,2,60,1,13,0,0,0,0,0,1,6,NT,3,60,,,,,,,,,,,,,,,,,,,,,,,,,,,,,,,,,,0,4,,"unit1 traveling left unit1 drove high standing water , hydroplaned , lost control striking center median .",O,"[0.9975188970565796, 0.0023229841608554125, 0.00015813691425137222]",C,"[0.13717122375965118, 0.8538452982902527, 0.008983449079096317]",O,"[1.0, 1.8656253814697266e-05, 1.1324882507324219e-06]"
1296,1296,213191761,"unit 2 traveling on ir-77 s/b approaching m.p. 157 in the center lane. unit 1 also traveling on ir-77 s/b but in the left lane next to unit 2 also approaching m.p. 157. unit 1 drove into standing water on the interstate which caused her to hydroplane, subsequently side-swiping the left side of unit 2 before crashing into the center median.",20213191761,2021,C,7/1/2021 0:00,12,SCUYSR00021**N,S,CUY,10.402,41.424788,-81.645468,19806,17668.0,7/24/2021 0:00,5,7,N,2.0,N,N,4.0,10,0,15100.0,,,N,10.356,SCUYSR00021**C,Y,1,202100143,4,7,,1,0,2,CUYAHOGA HEIGHTS,1,S,Y,N,4.0,N,0.057,,N,,N,CUYAHOGA HEIGHTS,N,,0,S,INTERSTATE 77,HWY,77,IR,,157.0,N,,,157,2,,,,,N,N,Y,0,0,N,3.0,1,2,2,,183206.0,N,59.937,52,Y,5,1,2,1,F,N,N,N,0,3,0,1,2,60,1,20,0,0,0,0,0,1,6,NT,3,50,54.0,1.0,1.0,2.0,1.0,M,,2.0,60.0,1.0,20.0,,,,,,99.0,6.0,NT,15.0,50.0,,,,,,,,,,,,,0,4,,"unit2 traveling ir approaching m.p . center . unit1 also traveling ir left next unit2 also approaching m.p . . unit1 drove standing water interstate caused hydroplane , subsequently sideswiping left side unit2 crashing center median .",O,"[0.9993516802787781, 0.0006284929695539176, 1.9732558939722367e-05]",C,"[0.10493713617324829, 0.8915497660636902, 0.0035131422337144613]",O,"[1.0, 0.0, 0.0]"
1297,1297,213194167,"driver of unit 1 states he was traveling east on sr 126 going home when his car began to hydroplane, due to rain and wet conditions, he went off the road left, striking the guard cables and then crossed over the lanes of traffic and ran into the wall on the right shoulder.",20213194167,2021,O,9/1/2021 0:00,8,SHAMSR00126**C,S,HAM,11.764,39.216261,-84.501044,74121,16885.0,9/5/2021 0:00,13,1,N,2.0,Y,Y,2.0,1,0,,,,N,11.764,SHAMSR00126**C,N,3,202104006,1,9,N,1,0,1,SPRINGFIELD TOWNSHIP,1,,Y,N,4.0,Y,0.0,,N,,N,SPRINGFIELD TOWNSHIP,N,,0,,,,126,SR,,248.0,N,,,,2,,,,,N,N,N,0,0,N,1.0,0,2,1,,155414.0,N,24.904,48,Y,1,4,3,1,M,N,N,N,0,2,33,1,2,55,1,9,33,54,0,0,0,1,6,NT,3,50,,,,,,,,,,,,,,,,,,,,,,,,,,,,,,,,,,0,4,,"driver unit1 states traveling going home car began hydroplane , due rain wet conditions , went left , striking guard cables crossed lanes traffic ran wall shoulder .",O,"[0.9999998807907104, 1.1418759271464296e-07, 2.2650091580089793e-08]",O,"[1.0, 3.3991236492170174e-09, 2.4953149355827486e-12]",O,"[1.0, 5.960464477539063e-08, 0.0]"
1298,1298,213196043,"on 10/15/2021 at ir 75 north, north of south ramp. this unit responded to a traffic crash on the interstate. this officer made contact with lorenzo pope who was the driver of the grey chevy malibu. lorenzo pope stated he was traveling north on 75 and hydroplaned, losing control of his vehicle crashing into the concrete barrier. victims stated they did not need medical attention.",20213196043,2021,O,10/1/2021 0:00,2,SLUCRA48081**C,S,LUC,0.129,41.63347,-83.542091,77000,99999.0,10/15/2021 0:00,13,6,N,4.0,Y,Y,1.0,8,0,59300.0,,,Y,0.129,SLUCRA48081**C,N,2,1.01521E+13,1,10,,5,0,1,TOLEDO,1,N,N,N,,Y,0.141,IR,N,,N,TOLEDO,N,,4,,I 75 N,,75,IR,,,N,,,SOUTH,1,,,,AVE,N,N,N,0,3,Y,1.0,0,2,3,,,N,0.129,27,Y,99,2,1,1,M,N,N,N,0,2,25,1,0,55,1,25,0,0,0,0,0,1,6,NT,1,55,,,,,,,,,,,,,,,,,,,,,,,,,,,,,,,,,,0,4,,", ramp . unit responded traffic crash interstate . officer made contact lorenzo pope driver grey chevy malibu . lorenzo pope stated traveling hydroplaned , losing control vehicle crashing concrete barrier . victims stated need medical attention .",O,"[0.9999998807907104, 7.936404244901496e-08, 2.046320091153575e-08]",O,"[0.9992408752441406, 0.0007480874774046242, 1.1093266039097216e-05]",O,"[1.0, 0.0, 0.0]"