,id,OBJECTID,Narrative,DOCUMENT_NBR,CRASH_YR,CRASH_SEVERITY_CD,CRASH_MONTH_YEAR,DISTRICT_NBR,NLFID,NLF_JUR_CD,NLF_COUNTY_CD,COUNTY_LOG_NBR,ODOT_LATITUDE_NBR,ODOT_LONGITUDE_NBR,ODOT_FIPS_CD,AREA_CODE,CRASH_DATE,CRASH_TYPE_CD,DAY_IN_WEEK_CD,DISTRACTED_DRIVER_IND,FACILITY_TYPE_CD,FHWA_RDWY_DEPARTURE_IND,FREEWAY_IND,FUNCTIONAL_CLASS_CD,HOUR_OF_CRASH,INCAPAC_INJURIES_NBR,INTERCHANGE_ID,INTERSECTION_ID_CURRENT,INTERSECTION_LEG_ID,INTERSTATE_IND,INV_LOG_NBR,INV_NLFID,IS_COMMERCIAL_RELATED,LIGHT_COND_PRIMARY_CD,LOCAL_REPORT_NUMBER_ID,MAINTENANCE_AUTHORITY_CD,MONTH_OF_CRASH,NHS_CD,NO_INJURY_REPORTED_NBR,NON_INCAPAC_INJURIES_NBR,NUMBER_OF_UNITS_NBR,ODOT_CITY_VILLAGE_TWP_NME,ODOT_CRASH_LOCATION_CD,ODOT_DIR_FROM_REF_CD,ODOT_DIV_UNDIV_IND,ODOT_INTERSECTION_REL_IND,ODOT_LANES_NBR,ODOT_MAINTAINED_HWY_IND,ODOT_MILES_FROM_REF_NBR,ODOT_REF_ROUTE_PREFIX_CD,ODOT_YOUNG_DRIVER_IND,ODPS_ADDRESS_REFERENCE,ODPS_ALCOHOL_IND,ODPS_CITY_VILLAGE_TWP_NME,ODPS_DRUG_IND,ODPS_LOC_DIR_SUFFIX_CD,ODPS_LOC_IN_WORK_ZONE_CD,ODPS_LOC_ROAD_DIRECTION_CD,ODPS_LOC_ROAD_NME,ODPS_LOC_ROAD_SUFFIX_CD,ODPS_LOC_ROUTE_ID,ODPS_LOC_ROUTE_PREFIX_CD,ODPS_LOC_ROUTE_SUFFIX_CD,ODPS_MILEPOST_REFERENCE,ODPS_MOTORCYCLE_IND,ODPS_REF_DIR_SUFFIX_CD,ODPS_REF_DIRECTION_CD,ODPS_REF_GIVEN,ODPS_REF_POINT_USED_CD,ODPS_REF_ROUTE_ID,ODPS_REF_ROUTE_PREFIX_CD,ODPS_REF_ROUTE_SUFFIX_CD,ODPS_REF_SUFFIX_CD,ODPS_SCHOOL_ZONE_IND,ODPS_SENIOR_DRIVER_IND,ODPS_SPEED_IND,ODPS_TOTAL_FATALITIES_NBR,ODPS_TYPE_OF_WORK_ZONE_CD,ODPS_WORK_ZONE_IND,OPER_ACCESS_CONTROL_CD,POSSIBLE_INJURIES_NBR,ROAD_COND_PRIMARY_CD,ROAD_CONTOUR_CD,SA_RAMP_ID,SA_SEGMENT_ID,SECONDARY_CRASH,STATE_TRUE_LOG_NBR,U1_AGE_NBR,U1_AT_FAULT_IND,U1_CONT_CIR_PRIMARY_CD,U1_DIRECTION_FROM_CD,U1_DIRECTION_TO_CD,U1_DISTRACTED_BY_1_CD,U1_GENDER_CD,U1_IS_ALCOHOL_SUSPECTED,U1_IS_MARIJUANA_SUSPECTED,U1_IS_OTHER_DRUG_SUSPECTED,U1_NON_MOTORIST_LOC_CD,U1_NUMBER_OF_THRU_LANES,U1_OBJECT_STRUCK,U1_ODPS_UNIT_NBR,U1_OPERATINGIN_AUTONOMOUS_MODE,U1_POSTED_SPEED_NBR,U1_PRECRASH_ACTION_CD,U1_SEQ_OF_EVENTS_1_CD,U1_SEQ_OF_EVENTS_2_CD,U1_SEQ_OF_EVENTS_3_CD,U1_SEQ_OF_EVENTS_4_CD,U1_SEQ_OF_EVENTS_5_CD,U1_SEQ_OF_EVENTS_6_CD,U1_SPECIAL_FUNCTION_CD,U1_TRAFFIC_CONTROL_CD,U1_TURN_CD,U1_TYPE_OF_UNIT_CD,U1_UNIT_SPEED_NBR,U2_AGE_NBR,U2_CONT_CIR_PRIMARY_CD,U2_DIRECTION_FROM_CD,U2_DIRECTION_TO_CD,U2_DISTRACTED_BY_1_CD,U2_GENDER_CD,U2_NON_MOTORIST_LOC_CD,U2_ODPS_UNIT_NBR,U2_POSTED_SPEED_NBR,U2_PRECRASH_ACTION_CD,U2_SEQ_OF_EVENTS_1_CD,U2_SEQ_OF_EVENTS_2_CD,U2_SEQ_OF_EVENTS_3_CD,U2_SEQ_OF_EVENTS_4_CD,U2_SEQ_OF_EVENTS_5_CD,U2_SEQ_OF_EVENTS_6_CD,U2_SPECIAL_FUNCTION_CD,U2_TRAFFIC_CONTROL_CD,U2_TURN_CD,U2_TYPE_OF_UNIT_CD,U2_UNIT_SPEED_NBR,U3_CONT_CIR_PRIMARY_CD,U3_ODPS_UNIT_NBR,U3_PRECRASH_ACTION_CD,U3_SEQ_OF_EVENTS_1_CD,U3_SEQ_OF_EVENTS_2_CD,U3_SEQ_OF_EVENTS_3_CD,U3_SEQ_OF_EVENTS_4_CD,U3_SEQ_OF_EVENTS_5_CD,U3_SEQ_OF_EVENTS_6_CD,U3_SPECIAL_FUNCTION_CD,U3_TRAFFIC_CONTROL_CD,U3_TYPE_OF_UNIT_CD,UNRESTRAIN_OCCUPANTS,WEATHER_COND_CD,V1,clean_Narrative,BERT_predictions,BERT_prediction_probabilities,RoBERTa_predictions,RoBERTa_predictions_probabilities,distilBERT_predictions,distilBERT_predictions_probabilities
1299,1299,213196234,"unit 1 was traveling westbound on i-90 and began exiting toward columbia road south (exit 159). while on the exit ramp, unit 1 traveled off the right side of the road striking a sign and an embankment. unit 1 admitted to hydroplaning but claimed another unit cut him off on the ramp. there were no witnesses.",20213196234,2021,O,10/1/2021 0:00,12,SCUYIR00090**N,S,CUY,3.593,41.472797,-81.901227,83622,17668.0,10/7/2021 0:00,13,5,N,2.0,Y,Y,1.0,16,0,15900.0,,,Y,3.597,SCUYIR00090**C,N,1,2123939,1,10,N,1,0,1,WESTLAKE,1,E,Y,N,6.0,Y,0.006,SR,N,,N,WESTLAKE,N,,0,,I 90 W,,90,IR,,,N,,,STATE ROUTE 252 W,1,252,SR,,,N,N,Y,0,0,N,1.0,0,2,1,,56880.0,N,159.412,26,Y,5,3,4,1,M,N,N,N,0,1,45,1,0,60,1,8,37,45,0,0,0,1,6,NT,1,60,,,,,,,,,,,,,,,,,,,,,,,,,,,,,,,,,,0,4,,"unit1 traveling began exiting toward columbia . exit ramp , unit1 traveled side striking sign embankment . unit1 admitted hydroplaning claimed another unit cut ramp . witnesses .",O,"[1.0, 4.590489055544822e-08, 1.603111599024487e-08]",O,"[0.999998927116394, 1.0525620837142924e-06, 1.539503458047875e-08]",O,"[1.0, 0.0, 0.0]"
1300,1300,213196324,"unit 1 was traveling south in the second from the left lane and attempted to switch lanes into the far left lane. unit 1 then hydroplaned due to heavy rain and struck the concrete median barrier and rolled over to come to rest on its top. the driver of unit 1 sustained a minor cut below her right knee but denied medical treatment, the passenger of unit 1 complained of right hip soreness and was taken to bethesda north hospital.ÃÂÃÂ¨ÃÂÃÂ¨odot is the owner of the concrete median barrier. no visible damage to the barrier at the time of report. ohio department of transportation. 1400 e seymour ave. cincinnati, ohio 45237",20213196324,2021,C,10/1/2021 0:00,8,SHAMIR00071**N,S,HAM,18.502,39.278672,-84.338686,75973,16885.0,10/16/2021 0:00,13,7,N,2.0,Y,Y,1.0,0,0,,,,Y,18.37,SHAMIR00071**C,N,3,CR-2021-002431,1,10,N,0,0,1,SYCAMORE TOWNSHIP,1,,Y,N,8.0,Y,0.0,,Y,,N,SYCAMORE TOWNSHIP,N,,0,,,HWY,71,IR,,18.4,N,,,18 4,2,,,,,N,N,N,0,0,N,2.0,2,2,1,,56693.0,N,18.502,22,Y,22,1,2,1,F,N,N,N,0,4,35,1,2,65,3,35,1,0,0,0,0,1,6,NT,1,0,,,,,,,,,,,,,,,,,,,,,,,,,,,,,,,,,,0,4,,"unit1 traveling second left attempted switch lanes far left . unit1 hydroplaned due heavy rain struck concrete median barrier rolled come rest top . driver unit1 sustained minor cut knee denied medical treatment , passenger unit1 complained hip soreness taken bethesda hospital.ÃÂÃÂ¨ÃÂÃÂ¨odot owner concrete median barrier . visible damage barrier time report . ohio department transportation . seymour . cincinnati , ohio",C,"[3.728852959739015e-07, 0.9999994039535522, 1.975112979835103e-07]",C,"[2.1830000207501143e-07, 0.9999037981033325, 9.590748231858015e-05]",C,"[1.7762184143066406e-05, 1.0, 2.384185791015625e-07]"
1301,1301,213196552,unit 1 was traveling eastbound on us 30. unit 1 was passing a semi when the driver began to lose control. unit 1 went off the left side of the roadway and struck the metal gaurdrail. the vehicle followed the gaurdrail until coming to a stop approximatly 75 yards from where it originally struck the gaurdrail. during the time of the accident it was raining heavily and the driver stated she hydroplaned and lost control. the vehicle suffered disabling damage and was towed by 2a's towing. both the driver and passenger did not appear to have any physical injuries. middle point ems responded but both occupants did not request any medical treatment.,20213196552,2021,O,10/1/2021 0:00,1,SVANUS00030**C,S,VAN,19.976,40.869646,-84.456681,66978,99999.0,10/15/2021 0:00,13,6,N,2.0,Y,N,3.0,15,0,,,,N,19.976,SVANUS00030**C,N,1,21-10-003430,1,10,N,2,0,1,RIDGE TOWNSHIP,1,W,Y,N,4.0,Y,0.028,,N,,N,RIDGE TOWNSHIP,N,,0,,US ROUTE 30 E,,30,US,,,N,,,DOG CREEK,1,,,,RD,N,N,Y,0,0,N,2.0,0,2,4,,284947.0,N,21.15,30,Y,11,4,3,1,F,N,N,N,0,2,30,1,2,70,1,9,30,0,0,0,0,1,6,NT,4,75,,,,,,,,,,,,,,,,,,,,,,,,,,,,,,,,,,0,4,,unit1 traveling us . unit1 passing semi driver began lose control . unit1 went left side roadway struck metal gaurdrail . vehicle followed gaurdrail coming stop approximatly yards originally struck gaurdrail . time accident raining heavily driver stated hydroplaned lost control . vehicle suffered disabling damage towed 2a 's towing . driver passenger appear physical injuries . middle point ems responded occupants request medical treatment .,C,"[8.110488852253184e-05, 0.999853253364563, 6.564605428138748e-05]",C,"[3.434939799262793e-06, 0.9999955892562866, 9.653571169110364e-07]",C,"[0.0012903213500976562, 0.9990234375, 6.973743438720703e-05]"
1302,1302,213196773,unit 1 was traveling eastbound on ronald reagan when unit 1 failed to maintain control and hydroplaned into the south wall just past the fog line.,20213196773,2021,O,9/1/2021 0:00,8,SHAMSR00126**C,S,HAM,9.401,39.224533,-84.542697,56322,16885.0,9/21/2021 0:00,13,3,N,2.0,Y,Y,2.0,22,0,,d422b17e-1f77-4220-829e-37586f1ba31a,8e8a6712-afab-45a2-81c4-8f335e1c036c,N,9.401,SHAMSR00126**C,N,3,2021C0000458,4,9,N,1,0,1,NORTH COLLEGE HILL,1,W,Y,N,4.0,N,0.002,,N,,N,NORTH COLLEGE HILL,N,,0,,Ronald Reagan,HWY,126,SR,,22.4,N,,,22 4,2,,,,,N,N,Y,0,0,N,1.0,0,2,1,,328434.0,N,22.541,35,Y,99,4,3,1,M,N,N,N,0,2,51,1,0,60,1,51,0,0,0,0,0,1,6,NT,1,70,,,,,,,,,,,,,,,,,,,,,,,,,,,,,,,,,,0,4,,unit1 traveling ronald reagan unit1 failed maintain control hydroplaned wall past fog line .,C,"[0.3059483766555786, 0.6550800800323486, 0.03897157683968544]",O,"[0.8654045462608337, 0.1340928077697754, 0.0005026154685765505]",O,"[0.9013671875, 0.09783935546875, 0.00083160400390625]"
1303,1303,213197720,unit 1 was traveling over the posted speed limit and hydroplaned through the intersection failing to yield to unit 2. unit 1 struck unit 2 in the passenger side causing minor damage.,20213197720,2021,O,10/1/2021 0:00,9,MBROMR00142**C,M,BRO,0.375,38.871369,-83.902915,29778,99999.0,10/15/2021 0:00,0,6,N,,N,N,7.0,14,0,,86bc59f0-414a-4769-8350-43c57d1c93cf,0609dbea-a996-4feb-ab5f-23b068589a26,N,0.375,MBROMR00142**C,N,1,2.021E+13,4,10,,2,0,2,GEORGETOWN,1,,N,Y,2.0,N,0.0,CR,Y,,N,GEORGETOWN,N,,0,N,APPLE,ST,,,,,N,,,OHIO,1,,,,ST,N,N,Y,0,0,N,,0,2,2,,288403.0,N,0.375,18,Y,4,2,9,1,M,N,N,N,0,2,0,1,0,25,99,20,99,0,0,0,0,1,4,NT,1,35,42.0,1.0,4.0,,1.0,F,,2.0,25.0,1.0,20.0,,,,,,1.0,6.0,,1.0,25.0,,,,,,,,,,,,,0,4,,unit1 traveling posted speed limit hydroplaned intersection failing yield unit2 . unit1 struck unit2 passenger side causing minor damage .,O,"[0.9751986265182495, 0.023379763588309288, 0.0014215573901310563]",O,"[0.9675186276435852, 0.03186601400375366, 0.0006153523572720587]",O,"[0.99609375, 0.003734588623046875, 0.0004496574401855469]"
1304,1304,213197774,"unit 1 entering the traffic lanes southbound on i-77 hydroplaned across multiple lanes of traffic, failed to control her vehicle and struck the concrete median.",20213197774,2021,AB,10/1/2021 0:00,4,SSTAIR00077**C,S,STA,12.295,40.825132,-81.396577,12000,13375.0,10/16/2021 0:00,13,7,N,2.0,Y,Y,1.0,9,0,81500.0,9fad68de-4598-4df7-a191-a455d46acc46,07b4d51b-bf12-4eab-bd67-391e4fe8b2ca,Y,12.295,SSTAIR00077**C,N,1,2114786,1,10,N,0,1,1,CANTON,1,,Y,N,6.0,Y,0.0,,N,,N,CANTON,N,,0,,,HWY,77,IR,,107.6,N,,,107 6,2,,,,,N,N,N,0,0,N,1.0,0,6,2,,118366.0,N,107.277,59,Y,99,1,2,1,M,N,N,N,0,3,35,1,2,65,8,9,35,0,0,0,0,1,6,NT,4,0,,,,,,,,,,,,,,,,,,,,,,,,,,,,,,,,,,0,4,,"unit1 entering traffic lanes hydroplaned across multiple lanes traffic , failed control vehicle struck concrete median .",O,"[0.8904131650924683, 0.1014249250292778, 0.008161909878253937]",C,"[0.1942123919725418, 0.802070140838623, 0.003717498853802681]",O,"[1.0, 7.140636444091797e-05, 1.9073486328125e-06]"
1305,1305,213199213,unit 1 was traveling on i 76 w. unit 1 took the exit ramp to i 77 s. unit 1 hydroplaned and went off the roadway. unit 1 went down a embankment and hit a guardrail.,20213199213,2021,O,10/1/2021 0:00,4,SSUMIR00076**C,S,SUM,8.14,41.057135,-81.567163,1000,766.0,10/16/2021 0:00,13,7,N,2.0,Y,Y,1.0,2,0,84500.0,,,Y,8.14,SSUMIR00076**C,N,3,2021-00133072,1,10,N,1,0,1,AKRON,1,,Y,N,6.0,Y,0.0,IR,Y,,N,AKRON,N,,0,,,,76,IR,,,N,,,,1,77,IR,,,N,N,N,0,0,N,1.0,0,2,4,,118354.0,N,20.288,24,Y,99,3,2,1,F,N,N,N,0,1,45,1,0,55,13,9,45,30,0,0,0,1,6,LT,1,0,,,,,,,,,,,,,,,,,,,,,,,,,,,,,,,,,,0,4,,unit1 traveling unit1 took exit ramp unit1 hydroplaned went roadway . unit1 went embankment hit guardrail .,O,"[0.9624776840209961, 0.032606445252895355, 0.004915860015898943]",O,"[0.976219117641449, 0.02323782444000244, 0.0005430185119621456]",O,"[1.0, 5.739927291870117e-05, 8.165836334228516e-06]"
1306,1306,213200591,unit 1 was driving north on interstate 77 when it hydroplaned. unit 1 went off the road to the right and hit a guard rail.,20213200591,2021,O,10/1/2021 0:00,4,SSUMIR00077**C,S,SUM,22.972,41.132248,-81.651415,18658,766.0,10/15/2021 0:00,13,6,N,2.0,Y,Y,1.0,22,0,,522f02c9-9ee4-496d-9f67-76a4abd3c82c,ad28efd9-2ead-438b-bb82-7aac20467016,Y,22.972,SSUMIR00077**C,N,3,22110064,1,10,N,3,0,1,COPLEY TOWNSHIP,1,S,Y,N,6.0,Y,0.303,RA,N,,N,COPLEY TOWNSHIP,N,,0,,,,77,IR,,,N,,,Medina,1,18,SR,,RD,N,N,Y,0,0,N,1.0,0,2,2,,91298.0,N,136.494,29,Y,11,2,1,1,M,N,N,N,0,2,30,1,2,65,1,8,30,0,0,0,0,1,6,NT,1,68,,,,,,,,,,,,,,,,,,,,,,,,,,,,,,,,,,0,4,,unit1 driving interstate hydroplaned . unit1 went hit guard rail .,O,"[0.9999967813491821, 2.9587949939013924e-06, 2.335293913802161e-07]",O,"[0.9998262524604797, 0.00017201596347149462, 1.7835644712249632e-06]",O,"[1.0, 1.1920928955078125e-07, 0.0]"
1307,1307,213202351,unit #1 was traveling northbound on i-77 north near the 115.4 mile post in the number 1 lane when the driver of unit #1 lost control due to hydroplane. unit #1 slid across the highway and off the right side of the roadway and struck a tree.,20213202351,2021,C,7/1/2021 0:00,4,SSUMIR00077**C,S,SUM,1.893,40.93227,-81.435458,31860,766.0,7/11/2021 0:00,13,1,N,2.0,Y,Y,1.0,16,0,,,,Y,1.893,SSUMIR00077**C,N,1,2021-00040020,1,7,N,0,0,1,GREEN,1,S,Y,N,6.0,Y,0.057,,Y,,N,GREEN,N,,0,,,,77,IR,,115.4,N,,,115 4,2,,,,,N,N,Y,0,0,N,1.0,1,2,1,,39613.0,N,115.415,21,Y,5,2,1,1,M,N,N,N,0,3,48,1,0,65,1,8,48,0,0,0,0,1,6,NT,1,0,,,,,,,,,,,,,,,,,,,,,,,,,,,,,,,,,,0,4,,unit1 traveling near . mile post number driver unit1 lost control due hydroplane . unit1 slid across side roadway struck tree .,C,"[0.043980732560157776, 0.950843095779419, 0.005176256876438856]",O,"[0.9502501487731934, 0.04125704988837242, 0.008492780849337578]",C,"[0.418212890625, 0.560546875, 0.021026611328125]"
1308,1308,213203202,"unit 1 was traveling s/b st. rt. 7. unit 1 then hydroplaned, left the roadway to the right causing unit one to go into a ditch, strike a tree and come to a rest on the roadway.",20213203202,2021,AB,10/1/2021 0:00,4,SATBSR00007**N,S,ATB,30.338,41.936502,-80.563975,18350,99805.0,10/22/2021 0:00,13,6,N,2.0,Y,N,4.0,22,0,,,,N,30.335,SATBSR00007**C,N,4,21-171,4,10,,0,1,1,CONNEAUT,1,S,Y,N,4.0,N,0.135,,Y,,N,CONNEAUT,N,,0,,STATE ROUTE 7 S,,7,SR,,,N,,,WELTON,1,,,,RD,N,N,Y,0,0,N,2.0,1,2,2,,326783.0,N,334.165,16,Y,5,1,2,1,F,N,N,N,0,2,48,1,0,50,1,8,44,48,0,0,0,1,6,NT,1,50,,,,,,,,,,,,,,,,,,,,,,,,,,,,,,,,,,0,4,,"unit1 traveling . . unit1 hydroplaned , left roadway causing unit1 go ditch , strike tree come rest roadway .",C,"[0.3967783749103546, 0.5646126866340637, 0.03860893100500107]",C,"[0.19399318099021912, 0.739816427230835, 0.06619046628475189]",O,"[0.9580078125, 0.0308990478515625, 0.01076507568359375]"
1309,1309,213203427,unit 1 was traveling north on interstate 77 near the 145.4 mile marker. unit 1 was traveling in the left lane. the driver of unit 1 stated he hydroplaned and lost control of his vehicle. unit 1 exited the roadway left and into the median. unit 1 struck a guardrail face causing disabling damage. unit 1 then spun and came to rest in the median facing south.,20213203427,2021,O,10/1/2021 0:00,4,SSUMIR00077**C,S,SUM,31.732,41.251012,-81.629588,66544,17668.0,10/21/2021 0:00,13,5,N,2.0,Y,Y,1.0,12,0,,,,Y,31.732,SSUMIR00077**C,N,1,2021142,1,10,N,1,0,1,RICHFIELD TOWNSHIP,1,S,Y,N,4.0,Y,0.028,,N,,N,RICHFIELD,N,,0,N,77,HWY,77,IR,,145.4,N,,,145 4,2,,,,,N,N,Y,0,0,N,1.0,0,2,1,,39620.0,N,145.254,35,Y,5,2,1,1,M,N,N,N,0,2,30,1,0,65,1,9,30,0,0,0,0,1,6,NT,1,70,,,,,,,,,,,,,,,,,,,,,,,,,,,,,,,,,,0,4,,unit1 traveling interstate near . mile marker . unit1 traveling left . driver unit1 stated hydroplaned lost control vehicle . unit1 exited roadway left median . unit1 struck guardrail face causing disabling damage . unit1 spun came rest median facing .,O,"[0.8487939834594727, 0.13343527913093567, 0.017770737409591675]",C,"[0.4012782871723175, 0.5956184267997742, 0.0031032401602715254]",O,"[0.876953125, 0.10638427734375, 0.017059326171875]"
1310,1310,213203988,"unit #01 was travelling east bound on i-480, near stearns rd., in the center lane. unit #01 hydroplaned, losing control and striking the guard rail at mile post 4 4. r n r n no reported injuries. r n r n unit #01 suffered disabling damage and was towed by pro automotive.",20213203988,2021,O,10/1/2021 0:00,4,SSUMIR00480**C,S,SUM,4.43,41.308249,-81.44727,78050,17668.0,10/24/2021 0:00,13,1,N,2.0,Y,Y,1.0,22,0,,,,Y,4.43,SSUMIR00480**C,N,3,2100786,1,10,N,1,0,1,TWINSBURG,1,,Y,N,4.0,Y,0.0,,N,,N,NORTH OLMSTED,N,,0,E,I 480 EB,HWY,480,IR,,4.4,N,,,4 4,2,,,,,N,N,N,0,0,N,1.0,0,2,1,,57021.0,N,36.767,39,Y,22,4,3,1,F,N,N,N,0,3,30,1,0,60,1,8,30,0,0,0,0,1,6,NT,1,57,,,,,,,,,,,,,,,,,,,,,,,,,,,,,,,,,,0,4,,"unit1 travelling , near stearns . , center . unit1 hydroplaned , losing control striking guard rail mile post . r reported injuries . r unit1 suffered disabling damage towed pro automotive .",O,"[0.9999998807907104, 1.2457124398679298e-07, 2.137411492242336e-08]",O,"[1.0, 4.791098628942336e-10, 1.8773100207616217e-13]",O,"[1.0, 0.0, 0.0]"
1311,1311,213203991,on the listed date and time the operator of unit 1 stated he was traveling east on i475 just pass the corey rd exit when a semi passed him and unit 1 started to hydroplane. unit 1 then struck the cement barrier on the right rear end. unit 1 then swerved and hit on the front end on the same barrier.unit 1 called his own tow. operator of unit 1 was cited for failing to control.,20213203991,2021,O,10/1/2021 0:00,2,SLUCIR00475**N,S,LUC,4.044,41.603015,-83.691507,74123,87868.0,10/25/2021 0:00,13,2,N,2.0,Y,Y,1.0,4,0,,,,Y,4.029,SLUCIR00475**C,N,3,2.11025E+13,1,10,N,1,0,1,SPRINGFIELD TOWNSHIP,1,,Y,N,4.0,Y,0.0,,Y,,N,TOLEDO,N,,0,,I475,HWY,475,IR,,8.0,N,,,8,2,,,,,N,N,Y,0,0,N,1.0,0,2,1,,39762.0,N,8.058,23,Y,5,4,3,1,M,N,N,N,0,2,35,1,0,60,1,8,35,0,0,0,0,1,6,NT,1,60,,,,,,,,,,,,,,,,,,,,,,,,,,,,,,,,,,0,4,,listed date time operator unit1 stated traveling pass corey exit semi passed unit1 started hydroplane . unit1 struck cement barrier rear end . unit1 swerved hit front end barrier.unit1 called tow . operator unit1 cited failing control .,O,"[0.9999998807907104, 1.0461836552622117e-07, 1.2637032753559652e-08]",O,"[0.999998927116394, 1.090572709472326e-06, 2.1725756749191305e-09]",O,"[1.0, 0.0, 0.0]"
1312,1312,213204273,"unit #1 hydroplaned in front of unit #2, clipping her front end and causing unit #2 to go off the roadway to the right, striking a lamp post base and coming to rest in the woodline.unit #1 then continued sb on i75.",20213204273,2021,O,10/1/2021 0:00,8,SHAMIR00075**N,S,HAM,7.936,39.175676,-84.488491,15000,16885.0,10/23/2021 0:00,5,7,N,2.0,N,Y,1.0,0,0,,,,Y,7.983,SHAMIR00075**C,N,3,215014178,1,10,N,2,0,2,CINCINNATI,1,,Y,N,6.0,Y,0.0,,Y,,N,CINCINNATI,N,,0,,,,75,IR,,8.0,N,,,,2,,,,,N,N,N,0,0,N,1.0,0,2,3,,56737.0,N,7.936,0,Y,99,1,2,9,U,N,N,N,0,3,0,1,2,55,99,20,0,0,0,0,0,1,6,NT,1,0,19.0,1.0,1.0,2.0,1.0,F,,2.0,55.0,1.0,20.0,41.0,48.0,,,,1.0,6.0,NT,1.0,50.0,,,,,,,,,,,,,0,4,,"unit1 hydroplaned front unit2 , clipping front end causing unit2 go roadway , striking lamp post base coming rest woodline.unit1 continued .",O,"[1.0, 3.445811813662658e-08, 1.25103598591636e-08]",C,"[0.003163312328979373, 0.9955883026123047, 0.0012484467588365078]",O,"[1.0, 7.987022399902344e-06, 4.76837158203125e-07]"
1313,1313,213204461,unit #1 was traveling sb on i-75 approaching mm 203. unit #1 was in the right lane. unit #1 hit a patch of water which caused unit #1 to hydroplane and strike the center median wall.,20213204461,2021,O,10/1/2021 0:00,2,SLUCIR00075**N,S,LUC,3.349,41.659366,-83.563517,77000,87868.0,10/25/2021 0:00,13,2,N,2.0,Y,Y,1.0,12,0,59600.0,,,Y,3.349,SLUCIR00075**C,N,1,2.11025E+13,1,10,N,1,0,1,TOLEDO,1,,Y,N,8.0,Y,0.0,,Y,,N,TOLEDO,N,S,0,,I 75,HWY,75,IR,,203.0,N,,,203,2,,,,,N,N,N,0,0,N,1.0,0,2,1,,81211.0,N,202.931,23,Y,11,1,2,1,F,N,N,N,0,4,35,1,0,60,1,9,35,0,0,0,0,1,6,NT,1,60,,,,,,,,,,,,,,,,,,,,,,,,,,,,,,,,,,0,4,,unit1 traveling approaching mm . unit1 . unit1 hit patch water caused unit1 hydroplane strike center median wall .,C,"[0.061622731387615204, 0.9366638660430908, 0.001713358098641038]",O,"[0.9049471020698547, 0.09407779574394226, 0.0009751399629749358]",C,"[0.28466796875, 0.70849609375, 0.006275177001953125]"
1314,1314,213205075,"unit #1 was traveling eastbound on i-480 near tiedeman road in the #2 lane. unit #1 hydroplaned, lost control and struck the center median.",20213205075,2021,O,10/1/2021 0:00,12,SCUYIR00480**C,S,CUY,11.659,41.425928,-81.760712,9246,17668.0,10/21/2021 0:00,13,5,N,2.0,Y,Y,1.0,16,0,19800.0,,,Y,11.659,SCUYIR00480**C,N,1,2120147318,1,10,N,2,0,1,BROOKLYN,1,E,Y,N,8.0,Y,0.028,,Y,,N,BROOKLYN,N,,0,,,,480,IR,,13.8,N,,,13 8,2,,,,,N,N,Y,0,0,N,1.0,0,2,1,,56982.0,N,13.963,17,Y,5,4,3,1,M,N,N,N,0,4,35,1,0,60,1,9,35,0,0,0,0,1,6,NT,1,65,,,,,,,,,,,,,,,,,,,,,,,,,,,,,,,,,,0,4,,"unit1 traveling near tiedeman . unit1 hydroplaned , lost control struck center median .",C,"[0.033887557685375214, 0.9444286823272705, 0.021683765575289726]",C,"[0.054758790880441666, 0.8189545273780823, 0.12628665566444397]",O,"[0.9951171875, 0.00494384765625, 0.0002701282501220703]"
1315,1315,213205619,unit 1 was traveling eastbound on i-90 approaching the off ramp (exit) to sr 57. unit 1 began to drive the off ramp and hydroplaned. unit 1 ran off road right and went into a ditch on the north side of the off ramp. no injuries reported. minor property damage. the driver of unit 1 was issued a citation for orc 4511.202.,20213205619,2021,O,10/1/2021 0:00,3,SLORIR00090**N,S,LOR,13.382,41.405053,-82.112775,25256,51364.0,10/24/2021 0:00,17,1,N,2.0,Y,Y,1.0,23,0,57600.0,,,Y,13.443,SLORIR00090**C,N,3,2021-00027807,1,10,N,1,0,1,ELYRIA,1,E,Y,N,4.0,Y,0.057,,Y,,N,ELYRIA,N,,0,E,2,HWY,90,IR,,146.0,N,,,146,2,,,,,N,N,N,0,0,N,1.0,0,2,1,,34856.0,N,145.87,19,Y,11,3,4,1,M,N,N,N,0,1,0,1,0,35,1,8,0,0,0,0,0,1,6,NT,1,35,,,,,,,,,,,,,,,,,,,,,,,,,,,,,,,,,,0,4,,unit1 traveling approaching ramp . unit1 began ramp hydroplaned . unit1 ran went ditch side ramp . injuries reported . minor property damage . driver unit1 issued citation orc ..,O,"[0.9999998807907104, 8.039641841151024e-08, 2.202494187031334e-08]",O,"[1.0, 6.375076161413418e-11, 3.687488140356743e-14]",O,"[1.0, 0.0, 0.0]"