,id,OBJECTID,Narrative,DOCUMENT_NBR,CRASH_YR,CRASH_SEVERITY_CD,CRASH_MONTH_YEAR,DISTRICT_NBR,NLFID,NLF_JUR_CD,NLF_COUNTY_CD,COUNTY_LOG_NBR,ODOT_LATITUDE_NBR,ODOT_LONGITUDE_NBR,ODOT_FIPS_CD,AREA_CODE,CRASH_DATE,CRASH_TYPE_CD,DAY_IN_WEEK_CD,DISTRACTED_DRIVER_IND,FACILITY_TYPE_CD,FHWA_RDWY_DEPARTURE_IND,FREEWAY_IND,FUNCTIONAL_CLASS_CD,HOUR_OF_CRASH,INCAPAC_INJURIES_NBR,INTERCHANGE_ID,INTERSECTION_ID_CURRENT,INTERSECTION_LEG_ID,INTERSTATE_IND,INV_LOG_NBR,INV_NLFID,IS_COMMERCIAL_RELATED,LIGHT_COND_PRIMARY_CD,LOCAL_REPORT_NUMBER_ID,MAINTENANCE_AUTHORITY_CD,MONTH_OF_CRASH,NHS_CD,NO_INJURY_REPORTED_NBR,NON_INCAPAC_INJURIES_NBR,NUMBER_OF_UNITS_NBR,ODOT_CITY_VILLAGE_TWP_NME,ODOT_CRASH_LOCATION_CD,ODOT_DIR_FROM_REF_CD,ODOT_DIV_UNDIV_IND,ODOT_INTERSECTION_REL_IND,ODOT_LANES_NBR,ODOT_MAINTAINED_HWY_IND,ODOT_MILES_FROM_REF_NBR,ODOT_REF_ROUTE_PREFIX_CD,ODOT_YOUNG_DRIVER_IND,ODPS_ADDRESS_REFERENCE,ODPS_ALCOHOL_IND,ODPS_CITY_VILLAGE_TWP_NME,ODPS_DRUG_IND,ODPS_LOC_DIR_SUFFIX_CD,ODPS_LOC_IN_WORK_ZONE_CD,ODPS_LOC_ROAD_DIRECTION_CD,ODPS_LOC_ROAD_NME,ODPS_LOC_ROAD_SUFFIX_CD,ODPS_LOC_ROUTE_ID,ODPS_LOC_ROUTE_PREFIX_CD,ODPS_LOC_ROUTE_SUFFIX_CD,ODPS_MILEPOST_REFERENCE,ODPS_MOTORCYCLE_IND,ODPS_REF_DIR_SUFFIX_CD,ODPS_REF_DIRECTION_CD,ODPS_REF_GIVEN,ODPS_REF_POINT_USED_CD,ODPS_REF_ROUTE_ID,ODPS_REF_ROUTE_PREFIX_CD,ODPS_REF_ROUTE_SUFFIX_CD,ODPS_REF_SUFFIX_CD,ODPS_SCHOOL_ZONE_IND,ODPS_SENIOR_DRIVER_IND,ODPS_SPEED_IND,ODPS_TOTAL_FATALITIES_NBR,ODPS_TYPE_OF_WORK_ZONE_CD,ODPS_WORK_ZONE_IND,OPER_ACCESS_CONTROL_CD,POSSIBLE_INJURIES_NBR,ROAD_COND_PRIMARY_CD,ROAD_CONTOUR_CD,SA_RAMP_ID,SA_SEGMENT_ID,SECONDARY_CRASH,STATE_TRUE_LOG_NBR,U1_AGE_NBR,U1_AT_FAULT_IND,U1_CONT_CIR_PRIMARY_CD,U1_DIRECTION_FROM_CD,U1_DIRECTION_TO_CD,U1_DISTRACTED_BY_1_CD,U1_GENDER_CD,U1_IS_ALCOHOL_SUSPECTED,U1_IS_MARIJUANA_SUSPECTED,U1_IS_OTHER_DRUG_SUSPECTED,U1_NON_MOTORIST_LOC_CD,U1_NUMBER_OF_THRU_LANES,U1_OBJECT_STRUCK,U1_ODPS_UNIT_NBR,U1_OPERATINGIN_AUTONOMOUS_MODE,U1_POSTED_SPEED_NBR,U1_PRECRASH_ACTION_CD,U1_SEQ_OF_EVENTS_1_CD,U1_SEQ_OF_EVENTS_2_CD,U1_SEQ_OF_EVENTS_3_CD,U1_SEQ_OF_EVENTS_4_CD,U1_SEQ_OF_EVENTS_5_CD,U1_SEQ_OF_EVENTS_6_CD,U1_SPECIAL_FUNCTION_CD,U1_TRAFFIC_CONTROL_CD,U1_TURN_CD,U1_TYPE_OF_UNIT_CD,U1_UNIT_SPEED_NBR,U2_AGE_NBR,U2_CONT_CIR_PRIMARY_CD,U2_DIRECTION_FROM_CD,U2_DIRECTION_TO_CD,U2_DISTRACTED_BY_1_CD,U2_GENDER_CD,U2_NON_MOTORIST_LOC_CD,U2_ODPS_UNIT_NBR,U2_POSTED_SPEED_NBR,U2_PRECRASH_ACTION_CD,U2_SEQ_OF_EVENTS_1_CD,U2_SEQ_OF_EVENTS_2_CD,U2_SEQ_OF_EVENTS_3_CD,U2_SEQ_OF_EVENTS_4_CD,U2_SEQ_OF_EVENTS_5_CD,U2_SEQ_OF_EVENTS_6_CD,U2_SPECIAL_FUNCTION_CD,U2_TRAFFIC_CONTROL_CD,U2_TURN_CD,U2_TYPE_OF_UNIT_CD,U2_UNIT_SPEED_NBR,U3_CONT_CIR_PRIMARY_CD,U3_ODPS_UNIT_NBR,U3_PRECRASH_ACTION_CD,U3_SEQ_OF_EVENTS_1_CD,U3_SEQ_OF_EVENTS_2_CD,U3_SEQ_OF_EVENTS_3_CD,U3_SEQ_OF_EVENTS_4_CD,U3_SEQ_OF_EVENTS_5_CD,U3_SEQ_OF_EVENTS_6_CD,U3_SPECIAL_FUNCTION_CD,U3_TRAFFIC_CONTROL_CD,U3_TYPE_OF_UNIT_CD,UNRESTRAIN_OCCUPANTS,WEATHER_COND_CD,V1,clean_Narrative,BERT_predictions,BERT_prediction_probabilities,RoBERTa_predictions,RoBERTa_predictions_probabilities,distilBERT_predictions,distilBERT_predictions_probabilities
1316,1316,213206040,unit #1 was traveling westbound on interstate 480 in the center right lane. unit #1 approached standing water in the center right lane. unit #1 hit the standing water and began hydroplaning. unit #1 lost control and spun out. unit #1 spun into the far left lane and then hit another vehicle in the left shoulder that was not involved. unit #1 sustained disabling damage to the rear of the vehicle. see other crash report #20213036.,20213206040,2021,O,10/1/2021 0:00,12,SCUYIR00480**C,S,CUY,23.691,41.424725,-81.541102,80990,17668.0,10/24/2021 0:00,17,1,N,2.0,Y,Y,1.0,17,0,20600.0,,,Y,23.691,SCUYIR00480**C,N,1,20213037,1,10,N,1,0,1,WARRENSVILLE HEIGHTS,1,,Y,N,7.0,Y,0.0,SR,N,,N,WARRENSVILLE HEIGHTS,N,,0,,STATE ROUTE 1 W,,1,SR,,,N,,,WARRENSVILLE CENTER,1,2,SR,,RD,N,N,Y,0,0,N,1.0,0,2,1,,54083.0,N,25.995,31,Y,5,3,4,1,M,N,N,N,0,4,0,1,2,60,1,9,0,0,0,0,0,1,6,NT,1,60,,,,,,,,,,,,,,,,,,,,,,,,,,,,,,,,,,0,4,,unit1 traveling interstate center . unit1 approached standing water center . unit1 hit standing water began hydroplaning . unit1 lost control spun . unit1 spun far left hit another vehicle left shoulder involved . unit1 sustained disabling damage rear vehicle . see crash report .,O,"[0.9490891695022583, 0.04543108493089676, 0.005479723680764437]",C,"[0.16319578886032104, 0.8336961269378662, 0.003108077682554722]",O,"[0.9970703125, 0.00254058837890625, 6.437301635742188e-05]"
1317,1317,213206200,"unit #1 and unit #2 were traveling east bound, under the overpass on us 6 w erie ave near sr 611 w 21st st. there was deep flooding that was not apparent until vehicles were under the bridge. both units hydroplaned. unit #1 hydroplaned into the guardrail and into the right passenger side tire of unit #2. after both units collided, both units pulled off the side of the road and when they exited their vehicles, unit #3 hydroplaned into unit #1. unit #3 then struck the median, spun around and came to a final stop on the opposite side of the median, facing westbound.",20213206200,2021,C,10/1/2021 0:00,3,SLORUS00006**C,S,LOR,7.042,41.449599,-82.220598,44856,51364.0,10/8/2021 0:00,5,6,N,2.0,N,N,3.0,17,0,,69445261-d2d8-4335-ac7c-7ef5447d13ba,e40c4f44-c304-4c2b-ba4e-80a2e0e8b2da,N,7.042,SLORUS00006**C,N,1,2021-00034359,4,10,N,3,0,3,LORAIN,1,,Y,N,4.0,N,0.0,MR,Y,,N,LORAIN,N,,0,W,ERIE,AVE,6,US,,,N,,,STATE ROUTE 611 E,1,611,SR,,,N,N,N,0,0,N,3.0,1,6,1,,345656.0,Y,146.694,56,N,1,4,3,1,M,N,N,N,0,2,31,1,0,45,1,20,9,31,13,0,0,1,6,NT,1,40,56.0,1.0,4.0,3.0,1.0,M,,2.0,45.0,1.0,20.0,,,,,,1.0,6.0,NT,4.0,40.0,1.0,3.0,1.0,20.0,9.0,43.0,36.0,,,1.0,6.0,3.0,0,1,,"unit1 unit2 traveling , overpass us erie near deep flooding apparent vehicles bridge . units hydroplaned . unit1 hydroplaned guardrail passenger side tire unit2 . units collided , units pulled side exited vehicles , unit3 hydroplaned unit1 . unit3 struck median , spun around came final stop opposite side median , facing .",C,"[0.05100209638476372, 0.9266999959945679, 0.022297879680991173]",C,"[0.007676086854189634, 0.9833753705024719, 0.008948552422225475]",C,"[0.022735595703125, 0.890625, 0.08660888671875]"
1318,1318,213206229,"unit #1 was traveling west on ir 275. at the 31.0 mp, unit #1 hydroplaned on wet asphalt, ran off the road to the left and struck the median cable barrier.",20213206229,2021,O,10/1/2021 0:00,8,SHAMIR00275**N,S,HAM,27.939,39.286428,-84.406949,71892,16885.0,10/24/2021 0:00,13,1,N,2.0,Y,Y,1.0,12,0,,,,Y,27.714,SHAMIR00275**C,N,1,1024210488,1,10,N,1,0,1,SHARONVILLE,1,,Y,N,8.0,Y,0.0,,N,,N,COLERAIN TOWNSHIP,N,,0,W,IR 275,HWY,275,IR,,28.0,N,,,28,2,,,,,N,N,N,0,0,N,1.0,0,2,1,,45551.0,N,45.539,52,Y,11,3,4,1,M,N,N,N,0,3,33,1,0,65,1,9,33,0,0,0,0,1,6,NT,3,60,,,,,,,,,,,,,,,,,,,,,,,,,,,,,,,,,,0,4,,"unit1 traveling . . mp , unit1 hydroplaned wet asphalt , ran left struck median cable barrier .",O,"[0.9460089802742004, 0.046764519065618515, 0.0072265262715518475]",O,"[0.9937468767166138, 0.006073041819036007, 0.00018003268633037806]",O,"[1.0, 9.03010368347168e-05, 4.887580871582031e-06]"
1319,1319,213206829,unit #1 was traveling westbound on interstate 480 in the center right lane. unit #1 approached standing water in the center right lane. unit #1 hit the standing water and began hydroplaning. unit #1 lost control and spun out. unit #1 spun through all lanes and then into the left shoulder hitting the center concrete median. the rear passenger side fender sustained damage another vehicle hit the same standing water and spun out of control hitting the front of unit #1. unit #1 sustained disabling damage at that point.,20213206829,2021,AB,10/1/2021 0:00,12,SCUYIR00480**C,S,CUY,23.691,41.424725,-81.541102,80990,17668.0,10/24/2021 0:00,17,1,N,2.0,Y,Y,1.0,17,0,20600.0,,,Y,23.691,SCUYIR00480**C,N,1,20213036,1,10,N,0,1,1,WARRENSVILLE HEIGHTS,1,,Y,N,7.0,Y,0.0,SR,N,,N,WARRENSVILLE HEIGHTS,N,,0,,STATE ROUTE 1 W,,1,SR,,,N,,,WARRENSVILLE CENTER,1,2,SR,,RD,N,N,Y,0,0,N,1.0,2,2,1,,54083.0,N,25.995,30,Y,5,3,4,1,M,N,N,N,0,4,0,1,2,60,1,9,0,0,0,0,0,1,6,NT,2,60,,,,,,,,,,,,,,,,,,,,,,,,,,,,,,,,,,1,4,,unit1 traveling interstate center . unit1 approached standing water center . unit1 hit standing water began hydroplaning . unit1 lost control spun . unit1 spun lanes left shoulder hitting center concrete median . rear passenger side fender sustained damage another vehicle hit standing water spun control hitting front unit1 . unit1 sustained disabling damage point .,C,"[0.021377544850111008, 0.9622712135314941, 0.016351277008652687]",O,"[0.9929012060165405, 0.00700921518728137, 8.957111276686192e-05]",O,"[1.0, 8.887052536010742e-05, 5.364418029785156e-06]"
1320,1320,213207093,unit 1 and unit 2 were both traveling west on e. main st. (e sr 41) when unit 2 slowed to turn left onto dye mill rd. unit 1 failed to maintain assured clear distance and struck unit 2 in the rear-end. driver of unit 1 stated they hydroplaned and could not stop in time.,20213207093,2021,O,10/1/2021 0:00,7,CMIACR00227**C,C,MIA,1.397,40.029541,-84.187852,77588,22528.0,10/25/2021 0:00,2,2,N,,N,N,7.0,13,0,,,,N,1.397,CMIACR00227**C,Y,1,21TR19886,4,10,,3,0,2,TROY,1,,N,N,2.0,N,0.0,,Y,,N,TROY,N,,0,E,MAIN,ST,41,SR,,,N,,,DYE MILL,1,,,,RD,N,N,N,0,0,N,,0,2,1,,33255.0,N,1.397,22,Y,8,3,4,1,F,N,N,N,0,2,0,1,0,35,1,20,0,0,0,0,0,1,6,NT,1,25,32.0,1.0,3.0,4.0,1.0,M,,2.0,35.0,11.0,20.0,,,,,,1.0,6.0,NT,15.0,0.0,,,,,,,,,,,,,0,4,,unit1 unit2 traveling main unit2 slowed turn left onto dye mill unit1 failed maintain assured clear distance struck unit2 rearend . driver unit1 stated hydroplaned could stop time .,C,"[0.01575636677443981, 0.9816853404045105, 0.002558348700404167]",O,"[0.7235545516014099, 0.26956048607826233, 0.0068849665112793446]",O,"[0.9990234375, 0.0009851455688476562, 5.91278076171875e-05]"
1321,1321,213207128,"driver of unit #1 was traveling east on winchester pike when unit #1 hydroplaned from the road being wet and crashed. the vehicle flipped numerous times and came to rest in the front yard of 4885 winchester pike, causing damage to the lawn.",20213207128,2021,AB,9/1/2021 0:00,6,CFRACR00376**C,C,FRA,3.691,39.893641,-82.869613,46410,19234.0,9/22/2021 0:00,13,4,N,,Y,N,4.0,10,1,,,,N,3.691,CFRACR00376**C,N,1,08-21023424,2,9,,0,0,1,MADISON TOWNSHIP,1,E,N,N,2.0,N,0.019,,N,4885,N,MADISON TOWNSHIP,N,,0,,WINCHESTER,PIKE,,,,,N,,,4885TH,3,,,,,N,N,N,0,0,N,,0,2,1,,37731.0,N,3.691,55,Y,1,4,3,9,F,N,N,N,0,2,44,1,0,55,1,8,44,1,0,0,0,1,6,NT,3,55,,,,,,,,,,,,,,,,,,,,,,,,,,,,,,,,,,0,4,,"driver unit1 traveling winchester pike unit1 hydroplaned wet crashed . vehicle flipped numerous times came rest front yard winchester pike , causing damage lawn .",AB,"[3.9439846943878365e-09, 8.921999494759802e-08, 0.9999998807907104]",AB,"[1.6134551970026223e-06, 0.00010057890904136002, 0.999897837638855]",AB,"[0.0, 5.960464477539063e-08, 1.0]"
1322,1322,213207903,"unit 1 was traveling west on ir 275 around the 30 mile post in the #3 lane and was changing lanes to the #4 lane when the vehicle hydroplaned on the wet pavement. unit 1 rotated counter-clockwise, left the left side of the highway and struck the median cable barrier causing disabling damage.",20213207903,2021,O,10/1/2021 0:00,8,SHAMIR00275**N,S,HAM,12.337,39.225388,-84.658095,16616,16885.0,10/24/2021 0:00,13,1,N,2.0,Y,Y,1.0,11,0,,7d0aff9b-e4ea-45f3-8d54-de48eab04254,e90e2132-5f39-4fe8-9131-8fc3978a1ad2,Y,12.115,SHAMIR00275**C,N,1,1024210401,1,10,N,1,0,1,COLERAIN TOWNSHIP,1,,Y,N,6.0,Y,0.0,,N,,N,COLERAIN TOWNSHIP,N,,0,,IR 275,HWY,275,IR,,30.0,N,,,30 0,2,,,,,N,N,N,0,0,N,1.0,0,2,1,,39742.0,N,29.937,32,Y,11,3,4,1,M,N,N,N,0,4,33,1,0,65,3,9,33,0,0,0,0,1,6,NT,1,60,,,,,,,,,,,,,,,,,,,,,,,,,,,,,,,,,,0,4,,"unit1 traveling around mile post changing lanes vehicle hydroplaned wet pavement . unit1 rotated counterclockwise , left left side struck median cable barrier causing disabling damage .",O,"[0.9999899864196777, 9.418286936124787e-06, 6.106679393269587e-07]",O,"[1.0, 5.0983790522707295e-09, 1.2184836473139171e-11]",O,"[0.9990234375, 0.0006437301635742188, 4.029273986816406e-05]"
1323,1323,213208159,"unit 1 was traveling southbound on i-75 in the right hand lane when the vehicle started to hydroplane from the right lane to the outer most left hand lane. unit 1 then struck the concrete median. when unit 1 struck the median, the trailer jack-knifed the semi and caused it to go back across three lanes of traffic, hitting the metal guard right in the right hand lane. unit 1 was cited for failure to control and the vehicle was towed by piasecki's and stored at 198 dura.",20213208159,2021,O,10/1/2021 0:00,2,SLUCIR00075**N,S,LUC,8.384,41.690839,-83.51361,77000,87868.0,10/28/2021 0:00,13,5,N,2.0,Y,Y,1.0,21,0,,,,Y,8.331,SLUCIR00075**C,Y,3,2.11028E+13,1,10,N,1,0,1,TOLEDO,1,,Y,N,4.0,Y,0.0,,N,,N,TOLEDO,N,,0,,,,75,IR,,208.0,N,,,,2,,,,,N,N,N,0,0,N,1.0,0,2,4,,81212.0,N,207.966,36,Y,1,1,2,1,M,N,N,N,0,3,35,1,0,65,1,35,34,0,0,0,0,99,6,NT,15,65,,,,,,,,,,,,,,,,,,,,,,,,,,,,,,,,,,0,4,,"unit1 traveling vehicle started hydroplane outer left . unit1 struck concrete median . unit1 struck median , trailer jackknifed semi caused go back across three lanes traffic , hitting metal guard . unit1 cited failure control vehicle towed piasecki 's stored dura .",O,"[0.9999994039535522, 4.7329868380074913e-07, 9.992331939656651e-08]",O,"[0.9999988079071045, 1.181298330266145e-06, 1.4177809148918641e-08]",O,"[1.0, 1.895427703857422e-05, 2.0265579223632812e-06]"
1324,1324,213208207,unit 02 was travelling southbound on i75 in the middle lane when they were side swiped by unit 01 who was travelling in the same direction in the left lane. unit 01 hydroplaned causing them to lose control of their vehicle. no fault determined.,20213208207,2021,O,6/1/2021 0:00,8,SHAMIR00075**N,S,HAM,9.604,39.196365,-84.473368,15000,16885.0,6/30/2021 0:00,5,4,N,2.0,N,Y,1.0,22,0,,,,Y,9.649,SHAMIR00075**C,Y,3,215008437,1,6,N,3,0,2,CINCINNATI,1,,Y,N,6.0,Y,0.0,IR,Y,,N,CINCINNATI,N,,0,,,,75,IR,,9.7,N,,,9 7,2,,IR,,,N,N,N,0,0,N,1.0,0,2,1,,42886.0,N,9.604,19,Y,1,1,2,1,M,N,N,N,0,3,0,1,2,65,1,20,0,0,0,0,0,1,6,NT,1,65,44.0,1.0,1.0,2.0,1.0,M,,2.0,65.0,1.0,20.0,,,,,,1.0,6.0,NT,15.0,45.0,,,,,,,,,,,,,0,4,,unit2 travelling middle side swiped unit1 travelling direction left . unit1 hydroplaned causing lose control vehicle . fault determined .,O,"[0.9983761310577393, 0.001538446405902505, 8.547832840122283e-05]",O,"[0.9802164435386658, 0.019683225080370903, 0.00010041210043709725]",O,"[0.9931640625, 0.005840301513671875, 0.0005578994750976562]"
1325,1325,213208435,"unit 02 was slowing in the leftmost lane of ir 71 n. unit 01 was in the leftmost lane approaching unit 02. unit 01 attempted to slow, but hydroplaned, striking unit 02.",20213208435,2021,O,10/1/2021 0:00,3,SMEDIR00071**C,S,MED,7.265,41.026012,-81.901804,83426,99803.0,10/28/2021 0:00,2,5,N,2.0,N,Y,1.0,14,0,,,,Y,7.265,SMEDIR00071**C,N,1,2021C0000090,1,10,N,2,0,2,WESTFIELD TOWNSHIP,1,,Y,N,6.0,Y,0.0,,N,,N,NORWOOD,N,,0,,,,71,IR,,7.4,N,,,7 4,2,,,,,N,N,N,0,0,N,1.0,0,2,1,,56699.0,N,209.269,29,Y,8,2,1,8,F,N,N,N,0,4,0,1,0,55,11,20,99,0,0,0,0,1,6,NT,1,0,61.0,1.0,2.0,1.0,1.0,M,,2.0,55.0,11.0,20.0,99.0,,,,,1.0,6.0,NT,1.0,,,,,,,,,,,,,,0,4,,"unit2 slowing leftmost unit1 leftmost approaching unit2 . unit1 attempted slow , hydroplaned , striking unit2 .",O,"[0.9822001457214355, 0.017163705080747604, 0.0006361103733070195]",C,"[0.19815808534622192, 0.7880094647407532, 0.013832489028573036]",O,"[0.994140625, 0.00513458251953125, 0.0004813671112060547]"
1326,1326,213208714,unit 1 and unit 2 were traveling east on 224 e near s main st. unit 1 started to hydroplane on the wet ground. unit 1 stated he was rear ended by unit 2 and then hit the guardrail on the southside of the highway. unit 2 stated unit 1 hit the guardrail and came back into the lane of travel. unit 2 then hit unit 1. witness stated he saw the crash but was unsure if unit 1 hit the guardrail first or was rear ended first. no cite issued due to conflicting statements.,20213208714,2021,O,10/1/2021 0:00,4,SSUMIR00277**C,S,SUM,2.137,41.025836,-81.53303,1000,766.0,10/29/2021 0:00,5,6,N,2.0,Y,Y,1.0,3,0,,,,Y,2.137,SSUMIR00277**C,Y,3,2021-00139058,1,10,N,2,0,2,AKRON,1,,Y,N,6.0,Y,0.0,,N,,N,AKRON,N,,0,,,,277,IR,,,N,,,MAIN,1,,,,ST,N,Y,N,0,0,N,1.0,0,2,1,,81518.0,N,2.137,50,N,22,4,3,1,M,N,N,N,0,3,30,1,0,60,1,8,30,0,0,0,0,1,6,NT,4,0,74.0,22.0,4.0,3.0,1.0,M,,2.0,60.0,1.0,20.0,,,,,,99.0,6.0,NT,15.0,,,,,,,,,,,,,,0,4,,unit1 unit2 traveling near main unit1 started hydroplane wet ground . unit1 stated rear ended unit2 hit guardrail southside . unit2 stated unit1 hit guardrail came back travel . unit2 hit unit1 . witness stated saw crash unsure unit1 hit guardrail first rear ended first . cite issued due conflicting statements .,O,"[0.9969388246536255, 0.002995734568685293, 6.544883217429742e-05]",O,"[0.9425054788589478, 0.056542009115219116, 0.0009525786736048758]",O,"[1.0, 1.1563301086425781e-05, 5.960464477539062e-07]"
1327,1327,213208776,"on the listed date and time, the juvenile driver of unit 1 advised she believes she hydroplaned as she was approaching a turn in the roadway which caused her to lose control of her vehicle and run off the left side of the road. the vehicle struck a utility pole causing heavy damage to the pole and disabling damage to the vehicle. the driver reported no injuries. photos and measurements were taken. driver of unit 1 was cited.",20213208776,2021,O,10/1/2021 0:00,8,CCLECR00123**C,C,CLE,1.882,39.11529,-84.234279,78288,16885.0,10/29/2021 0:00,17,6,N,,Y,N,5.0,7,0,,,,N,1.882,CCLECR00123**C,N,1,2.021E+13,2,10,,1,0,1,UNION TOWNSHIP,1,E,N,N,2.0,N,0.002,,Y,4753,N,UNION TOWNSHIP,N,,0,,TEALTOWN,RD,123,,,,N,,,,3,,,,,N,N,N,0,0,N,,0,2,3,,26798.0,N,1.882,16,Y,11,7,9,1,F,N,N,N,0,1,0,1,0,45,1,9,0,0,0,0,0,1,6,NT,1,35,,,,,,,,,,,,,,,,,,,,,,,,,,,,,,,,,,0,4,,"listed date time , juvenile driver unit1 advised believes hydroplaned approaching turn roadway caused lose control vehicle run left side . vehicle struck utility pole causing heavy damage pole disabling damage vehicle . driver reported injuries . photos measurements taken . driver unit1 cited .",O,"[0.9999991655349731, 7.544897471234435e-07, 9.539895984289615e-08]",O,"[0.9999326467514038, 6.668181595159695e-05, 7.504125960622332e-07]",O,"[1.0, 9.5367431640625e-07, 5.960464477539063e-08]"
1328,1328,213210106,"unit 1 was traveling southbound, approaching the 800 block of s washington st. unit 2 was traveling northbound in the 800 block of s washington st. unit 1 was attempting to negotiate the curve in the southbound lane, but began to hydroplane and the operator overcorrected the vehicle. unit 1 then entered the northbound lane and was struck by unit 2. unit 1 then struck a curb on the east side of the road and entered the yard at 800 s washington st., where it came to a final rest. both units received functional damage.",20213210106,2021,AB,10/1/2021 0:00,1,SVANUS00127**C,S,VAN,9.258,40.86081,-84.583151,79562,99777.0,10/29/2021 0:00,19,6,N,2.0,Y,N,4.0,16,0,,524f574f-55ea-405c-aec5-0225b8c2d3e6,ab80037f-cf96-4765-9444-a6e0e513a59a,N,9.258,SVANUS00127**C,N,1,21-1858,4,10,,0,2,2,VAN WERT,1,,N,N,2.0,N,0.0,,Y,800,N,VAN WERT,N,,0,S,WASHINGTON,ST,127,US,,,N,,,800TH,3,,,,,N,N,Y,0,0,N,3.0,1,2,3,,346616.0,N,128.725,22,Y,5,1,8,1,F,N,N,N,0,2,43,1,0,35,13,11,20,43,9,0,0,1,6,RT,3,25,54.0,1.0,8.0,5.0,1.0,F,,2.0,35.0,1.0,20.0,,,,,,1.0,6.0,NT,4.0,35.0,,,,,,,,,,,,,0,4,,"unit1 traveling , approaching washington unit2 traveling washington unit1 attempting negotiate curve , began hydroplane operator overcorrected vehicle . unit1 entered struck unit2 . unit1 struck curb side entered yard washington . , came final rest . units received functional damage .",O,"[0.9874106049537659, 0.012138432823121548, 0.0004509099235292524]",O,"[0.9997541308403015, 0.00024263214436359704, 3.203911774107837e-06]",O,"[1.0, 0.0002613067626953125, 2.3543834686279297e-05]"
1329,1329,213210196,"unit 1, traveling westbound on sr 29, stopped and waited for oncoming traffic to clear in order to turn left (south) onto fleetfoot road. unit 2, also traveling westbound on sr 29, braked as it approached unit 1 from behind, but was unable to stop in time and hydroplaned into the rear of unit 1 due to the wet/rainy road conditions.",20213210196,2021,AB,10/1/2021 0:00,7,SMERSR00029**C,S,MER,10.184,40.545438,-84.609246,38724,99712.0,10/29/2021 0:00,2,6,N,2.0,N,N,4.0,18,0,,9706b404-acce-4a5c-b399-d243c6c480f9,98525ff0-6907-4a2f-a810-9460ebbf0e1c,N,10.184,SMERSR00029**C,N,4,21MS03172,1,10,,3,1,2,JEFFERSON TOWNSHIP,2,,N,Y,2.0,Y,0.0,TR,Y,,N,JEFFERSON TOWNSHIP,N,,0,,,,29,SR,,,N,,,FLEETFOOT,1,101,TR,A,RD,N,Y,N,0,0,N,3.0,0,2,1,,183527.0,N,10.184,16,Y,8,3,4,1,M,N,N,N,0,2,0,2,0,55,1,20,0,0,0,0,0,1,6,NT,1,50,65.0,1.0,3.0,4.0,1.0,F,,1.0,55.0,11.0,20.0,,,,,,1.0,6.0,NT,1.0,0.0,,,,,,,,,,,,,1,4,,"unit1 , traveling , stopped waited oncoming traffic clear order turn left onto fleetfoot . unit2 , also traveling , braked approached unit1 behind , unable stop time hydroplaned rear unit1 due wet rainy conditions .",O,"[0.999998927116394, 9.452415952182491e-07, 9.423320790347134e-08]",O,"[0.999942421913147, 5.57360181119293e-05, 1.8449355820848723e-06]",O,"[0.9326171875, 0.06597900390625, 0.0014581680297851562]"
1330,1330,213210239,"unit 1 was in the left lane traveling southbound on state route 11 and encountered a large amount of water on the roadway. this caused unit 1 to hydroplane across the right lane, spinning multiple times, run off the right side of the roadway, and crash into an embankment. this caused disabling damage to unit 1 and the vehicle was towed by calcutta towing.",20213210239,2021,O,9/1/2021 0:00,11,SCOLUS00030**C,S,COL,29.032,40.677958,-80.627644,69512,99724.0,9/22/2021 0:00,13,4,N,2.0,Y,Y,2.0,17,0,,,,N,29.032,SCOLUS00030**C,N,1,202101028,1,9,N,1,0,1,SAINT CLAIR TOWNSHIP,1,S,Y,N,4.0,Y,0.511,SR,N,,N,SAINT CLAIR TOWNSHIP,N,,0,,STATE ROUTE 11 S,,11,SR,,,N,,,STATE ROUTE 267 S,1,267,SR,,,N,N,N,0,0,N,1.0,0,2,2,,240832.0,N,240.128,31,Y,1,1,2,1,M,N,N,N,0,2,45,1,2,70,1,8,45,0,0,0,0,1,6,NT,1,60,,,,,,,,,,,,,,,,,,,,,,,,,,,,,,,,,,0,4,,"unit1 left traveling state encountered large amount water roadway . caused unit1 hydroplane across , spinning multiple times , run side roadway , crash embankment . caused disabling damage unit1 vehicle towed calcutta towing .",O,"[0.9960850477218628, 0.0036587927024811506, 0.0002561210421845317]",O,"[0.9900311231613159, 0.00990691315382719, 6.193901936057955e-05]",O,"[0.9990234375, 0.0005092620849609375, 0.00010061264038085938]"