,id,OBJECTID,Narrative,DOCUMENT_NBR,CRASH_YR,CRASH_SEVERITY_CD,CRASH_MONTH_YEAR,DISTRICT_NBR,NLFID,NLF_JUR_CD,NLF_COUNTY_CD,COUNTY_LOG_NBR,ODOT_LATITUDE_NBR,ODOT_LONGITUDE_NBR,ODOT_FIPS_CD,AREA_CODE,CRASH_DATE,CRASH_TYPE_CD,DAY_IN_WEEK_CD,DISTRACTED_DRIVER_IND,FACILITY_TYPE_CD,FHWA_RDWY_DEPARTURE_IND,FREEWAY_IND,FUNCTIONAL_CLASS_CD,HOUR_OF_CRASH,INCAPAC_INJURIES_NBR,INTERCHANGE_ID,INTERSECTION_ID_CURRENT,INTERSECTION_LEG_ID,INTERSTATE_IND,INV_LOG_NBR,INV_NLFID,IS_COMMERCIAL_RELATED,LIGHT_COND_PRIMARY_CD,LOCAL_REPORT_NUMBER_ID,MAINTENANCE_AUTHORITY_CD,MONTH_OF_CRASH,NHS_CD,NO_INJURY_REPORTED_NBR,NON_INCAPAC_INJURIES_NBR,NUMBER_OF_UNITS_NBR,ODOT_CITY_VILLAGE_TWP_NME,ODOT_CRASH_LOCATION_CD,ODOT_DIR_FROM_REF_CD,ODOT_DIV_UNDIV_IND,ODOT_INTERSECTION_REL_IND,ODOT_LANES_NBR,ODOT_MAINTAINED_HWY_IND,ODOT_MILES_FROM_REF_NBR,ODOT_REF_ROUTE_PREFIX_CD,ODOT_YOUNG_DRIVER_IND,ODPS_ADDRESS_REFERENCE,ODPS_ALCOHOL_IND,ODPS_CITY_VILLAGE_TWP_NME,ODPS_DRUG_IND,ODPS_LOC_DIR_SUFFIX_CD,ODPS_LOC_IN_WORK_ZONE_CD,ODPS_LOC_ROAD_DIRECTION_CD,ODPS_LOC_ROAD_NME,ODPS_LOC_ROAD_SUFFIX_CD,ODPS_LOC_ROUTE_ID,ODPS_LOC_ROUTE_PREFIX_CD,ODPS_LOC_ROUTE_SUFFIX_CD,ODPS_MILEPOST_REFERENCE,ODPS_MOTORCYCLE_IND,ODPS_REF_DIR_SUFFIX_CD,ODPS_REF_DIRECTION_CD,ODPS_REF_GIVEN,ODPS_REF_POINT_USED_CD,ODPS_REF_ROUTE_ID,ODPS_REF_ROUTE_PREFIX_CD,ODPS_REF_ROUTE_SUFFIX_CD,ODPS_REF_SUFFIX_CD,ODPS_SCHOOL_ZONE_IND,ODPS_SENIOR_DRIVER_IND,ODPS_SPEED_IND,ODPS_TOTAL_FATALITIES_NBR,ODPS_TYPE_OF_WORK_ZONE_CD,ODPS_WORK_ZONE_IND,OPER_ACCESS_CONTROL_CD,POSSIBLE_INJURIES_NBR,ROAD_COND_PRIMARY_CD,ROAD_CONTOUR_CD,SA_RAMP_ID,SA_SEGMENT_ID,SECONDARY_CRASH,STATE_TRUE_LOG_NBR,U1_AGE_NBR,U1_AT_FAULT_IND,U1_CONT_CIR_PRIMARY_CD,U1_DIRECTION_FROM_CD,U1_DIRECTION_TO_CD,U1_DISTRACTED_BY_1_CD,U1_GENDER_CD,U1_IS_ALCOHOL_SUSPECTED,U1_IS_MARIJUANA_SUSPECTED,U1_IS_OTHER_DRUG_SUSPECTED,U1_NON_MOTORIST_LOC_CD,U1_NUMBER_OF_THRU_LANES,U1_OBJECT_STRUCK,U1_ODPS_UNIT_NBR,U1_OPERATINGIN_AUTONOMOUS_MODE,U1_POSTED_SPEED_NBR,U1_PRECRASH_ACTION_CD,U1_SEQ_OF_EVENTS_1_CD,U1_SEQ_OF_EVENTS_2_CD,U1_SEQ_OF_EVENTS_3_CD,U1_SEQ_OF_EVENTS_4_CD,U1_SEQ_OF_EVENTS_5_CD,U1_SEQ_OF_EVENTS_6_CD,U1_SPECIAL_FUNCTION_CD,U1_TRAFFIC_CONTROL_CD,U1_TURN_CD,U1_TYPE_OF_UNIT_CD,U1_UNIT_SPEED_NBR,U2_AGE_NBR,U2_CONT_CIR_PRIMARY_CD,U2_DIRECTION_FROM_CD,U2_DIRECTION_TO_CD,U2_DISTRACTED_BY_1_CD,U2_GENDER_CD,U2_NON_MOTORIST_LOC_CD,U2_ODPS_UNIT_NBR,U2_POSTED_SPEED_NBR,U2_PRECRASH_ACTION_CD,U2_SEQ_OF_EVENTS_1_CD,U2_SEQ_OF_EVENTS_2_CD,U2_SEQ_OF_EVENTS_3_CD,U2_SEQ_OF_EVENTS_4_CD,U2_SEQ_OF_EVENTS_5_CD,U2_SEQ_OF_EVENTS_6_CD,U2_SPECIAL_FUNCTION_CD,U2_TRAFFIC_CONTROL_CD,U2_TURN_CD,U2_TYPE_OF_UNIT_CD,U2_UNIT_SPEED_NBR,U3_CONT_CIR_PRIMARY_CD,U3_ODPS_UNIT_NBR,U3_PRECRASH_ACTION_CD,U3_SEQ_OF_EVENTS_1_CD,U3_SEQ_OF_EVENTS_2_CD,U3_SEQ_OF_EVENTS_3_CD,U3_SEQ_OF_EVENTS_4_CD,U3_SEQ_OF_EVENTS_5_CD,U3_SEQ_OF_EVENTS_6_CD,U3_SPECIAL_FUNCTION_CD,U3_TRAFFIC_CONTROL_CD,U3_TYPE_OF_UNIT_CD,UNRESTRAIN_OCCUPANTS,WEATHER_COND_CD,V1,clean_Narrative,BERT_predictions,BERT_prediction_probabilities,RoBERTa_predictions,RoBERTa_predictions_probabilities,distilBERT_predictions,distilBERT_predictions_probabilities
1331,1331,213210579,unit 1 was traveling northbound on douglas towards dorr when unit 1 lost control as they hit water and hydroplaned striking unit 2 which was traveling northbound on douglas in the same direction and then swerving and striking a pole. unit 1 admitted to the above and causing the accident.,20213210579,2021,O,10/1/2021 0:00,2,SLUCSR00246**C,S,LUC,2.952,41.652868,-83.60788,77000,87868.0,10/29/2021 0:00,5,6,N,2.0,N,N,3.0,21,0,,febfbac0-615b-4987-96ac-4210da5a6842,9903c51b-e620-42d5-9208-c0bbc40d180e,N,2.952,SLUCSR00246**C,N,3,2.11029E+13,4,10,,2,0,2,TOLEDO,1,,N,N,4.0,N,0.0,MR,Y,,N,TOLEDO,N,,0,,DOUGLAS,RD,,,,,N,,,DORR,1,,,,ST,N,N,N,0,0,N,3.0,0,2,1,,297777.0,N,2.952,20,Y,99,2,1,1,M,N,N,N,0,4,40,1,0,40,1,20,43,40,0,0,0,1,6,NT,1,0,29.0,1.0,2.0,1.0,1.0,M,,2.0,40.0,1.0,20.0,,,,,,1.0,6.0,NT,1.0,,,,,,,,,,,,,,0,4,,unit1 traveling douglas towards dorr unit1 lost control hit water hydroplaned striking unit2 traveling douglas direction swerving striking pole . unit1 admitted causing accident .,O,"[0.9992208480834961, 0.0007538907811976969, 2.5307279429398477e-05]",C,"[0.4147735834121704, 0.5846766829490662, 0.0005497145466506481]",O,"[1.0, 2.3245811462402344e-06, 1.7881393432617188e-07]"
1332,1332,213211284,"units 1 and 2 were both north bound on ir 77. unit 1 was in the passing lane and unit 2 was in the center lane. unit 2 failed to maintain reasonable control, states she hydroplaned in some water crossing into unit 1 lane where they struck. both units were then moved out of the roadway.",20213211284,2021,O,10/1/2021 0:00,4,SSUMIR00077**C,S,SUM,7.75,41.00198,-81.493804,19036,766.0,10/21/2021 0:00,5,5,N,2.0,N,Y,1.0,22,0,,,,Y,7.75,SSUMIR00077**C,N,1,2021-00059622,1,10,N,2,0,2,COVENTRY TOWNSHIP,1,,Y,N,6.0,Y,0.0,,N,,N,COVENTRY TOWNSHIP,N,,4,,,,77,IR,,121.2,N,,,121 2,2,,,,,N,Y,N,0,3,Y,1.0,0,2,1,,91294.0,N,121.272,26,Y,99,2,1,1,F,N,N,N,0,3,0,2,0,55,1,20,0,0,0,0,0,1,6,NT,1,55,65.0,1.0,2.0,1.0,1.0,F,,1.0,55.0,1.0,20.0,,,,,,1.0,6.0,NT,1.0,45.0,,,,,,,,,,,,,0,4,,"unit1 unit2 . unit1 passing unit2 center . unit2 failed maintain reasonable control , states hydroplaned water crossing unit1 struck . units moved roadway .",O,"[0.9999977350234985, 2.103593487845501e-06, 1.566976663980313e-07]",O,"[0.9998499155044556, 0.00014904227282386273, 1.09640609480266e-06]",O,"[1.0, 0.0, 0.0]"
1333,1333,213211767,unit 01 was traveling southbound on i77 when the vehicle lost traction in the heavy rainfall. the vehicle began to hydroplane causing the drivers side front and rear to strike the concrete barriers. there was no damage to anything but unit 01.,20213211767,2021,C,10/1/2021 0:00,10,SWASIR00077**N,S,WAS,0.808,39.415088,-81.421246,47628,99745.0,10/3/2021 0:00,13,1,N,2.0,Y,Y,1.0,18,0,,,,Y,0.811,SWASIR00077**C,N,4,21-012348,1,10,N,2,0,1,MARIETTA,1,S,Y,N,4.0,Y,0.189,,N,,N,MARIETTA,N,,0,,,,77,IR,,1.0,N,,,,2,,,,,N,Y,N,0,0,N,1.0,1,2,1,,45463.0,N,0.808,77,Y,1,1,2,1,M,N,N,N,0,2,35,1,0,70,1,30,35,0,0,0,0,1,6,NT,3,65,,,,,,,,,,,,,,,,,,,,,,,,,,,,,,,,,,0,4,,unit1 traveling vehicle lost traction heavy rainfall . vehicle began hydroplane causing drivers side front rear strike concrete barriers . damage anything unit1 .,O,"[0.9971985816955566, 0.0026803549844771624, 0.0001210381233249791]",O,"[1.0, 2.5212150145392798e-09, 3.412435048075202e-12]",O,"[0.9990234375, 0.0007519721984863281, 3.9696693420410156e-05]"
1334,1334,213211908,unit 1 was traveling west bound on ir 275 near the 30.4 milepost when she failed to control her vehicle and hydroplaned. unit 1 then went off the left side of the roadway before striking the median cable barrier where her vehicle came to a final rest.,20213211908,2021,O,10/1/2021 0:00,8,SHAMIR00275**N,S,HAM,30.34,39.282558,-84.366544,71892,16885.0,10/24/2021 0:00,13,1,N,2.0,Y,Y,1.0,11,0,,,,Y,30.098,SHAMIR00275**C,N,1,1024210644,1,10,N,1,0,1,SHARONVILLE,1,,Y,N,8.0,Y,0.0,,Y,,N,COLERAIN TOWNSHIP,N,,0,,,,275,IR,,30.4,N,,,30 4,2,,,,,N,N,N,0,0,N,1.0,0,2,1,,91421.0,N,47.94,22,Y,11,3,4,1,F,N,N,N,0,4,33,1,0,65,1,9,33,0,0,0,0,1,6,NT,1,60,,,,,,,,,,,,,,,,,,,,,,,,,,,,,,,,,,0,4,,unit1 traveling near . milepost failed control vehicle hydroplaned . unit1 went left side roadway striking median cable barrier vehicle came final rest .,O,"[0.9924330711364746, 0.006873248144984245, 0.0006936080171726644]",O,"[0.9999610185623169, 3.8017773476894945e-05, 9.301949717155367e-07]",O,"[1.0, 4.398822784423828e-05, 3.337860107421875e-06]"
1335,1335,213211935,unit #1 was traveling n b on ir 271 express lanes when the vehicle hydroplaned due to a large amount of water on roadway from heavy rainfall. unit # 1 struck the concrete wall three times along with rolling over several times. unit #1 came to final rest right side up at 506 ft. south of highland road bridge in the grass median.,20213211935,2021,AB,10/1/2021 0:00,12,SCUYIR00271**C,S,CUY,15.344,41.550916,-81.448078,48468,17668.0,10/24/2021 0:00,13,1,N,2.0,Y,Y,1.0,23,0,,,,Y,15.344,SCUYIR00271**C,N,3,2105236,1,10,N,0,1,1,MAYFIELD,1,S,Y,N,10.0,Y,0.164,,N,,N,MAYFIELD,N,,0,,,,271,IR,,,N,,,HIGHLAND,1,,,,RD,N,N,N,0,0,N,1.0,0,2,1,,91404.0,N,37.308,47,Y,99,2,1,1,F,N,N,N,0,2,35,1,2,60,1,9,35,1,35,1,8,1,6,NT,3,60,,,,,,,,,,,,,,,,,,,,,,,,,,,,,,,,,,0,4,,unit1 traveling b express lanes vehicle hydroplaned due large amount water roadway heavy rainfall . unit1 struck concrete wall three times along rolling several times . unit1 came final rest side ft. highland bridge grass median .,AB,"[3.0695181862938625e-07, 8.073144272202626e-06, 0.9999916553497314]",AB,"[8.842502575134858e-05, 0.003968416713178158, 0.9959431290626526]",C,"[0.00409698486328125, 0.92333984375, 0.07257080078125]"
1336,1336,213212752,unit #1 was traveling southbound on us 250. there was a sudden hard rain and unit # 1 lost control due to hydroplaning. unit # 1 entered the ditch to the west sideways and traveled the ditch for 75 feet before coming to it's final resting point.,20213212752,2021,O,10/1/2021 0:00,3,SERIUS00250**C,S,ERI,6.325,41.36807,-82.639723,37030,99999.0,10/4/2021 0:00,13,2,N,2.0,Y,N,3.0,10,0,,,,N,6.325,SERIUS00250**C,N,1,2.021E+13,1,10,N,1,0,1,HURON TOWNSHIP,1,N,N,N,4.0,Y,0.004,,N,8315,N,HURON TOWNSHIP,N,,0,,,,250,,,,N,,,,3,,,,,N,N,N,0,0,N,3.0,0,2,1,,245314.0,N,6.325,62,Y,11,1,9,1,F,N,N,N,0,5,44,1,0,55,1,8,44,0,0,0,0,1,6,NT,3,55,,,,,,,,,,,,,,,,,,,,,,,,,,,,,,,,,,0,4,,unit1 traveling us . sudden hard rain unit1 lost control due hydroplaning . unit1 entered ditch sideways traveled ditch feet coming 's final resting point .,O,"[0.9755471348762512, 0.02167271077632904, 0.0027801261749118567]",O,"[0.9908547401428223, 0.008925319649279118, 0.0002199160517193377]",O,"[0.998046875, 0.0022716522216796875, 3.641843795776367e-05]"
1337,1337,213213794,the driver of unit #1 was traveling eastbound on ronald reagan highway. unit #1 began to hydroplane due to the rain and drove off the left side of the road striking the median cable wire barrier.,20213213794,2021,O,10/1/2021 0:00,8,SHAMSR00126**C,S,HAM,10.314,39.218898,-84.52777,74121,16885.0,10/16/2021 0:00,13,7,N,2.0,Y,Y,2.0,1,0,,85f120dc-cae0-4265-8fb9-80b730080cee,2ad4cb43-6679-4e28-a47e-7347a2cf27df,N,10.314,SHAMSR00126**C,N,3,202104719,1,10,N,1,0,1,SPRINGFIELD TOWNSHIP,1,,Y,N,4.0,Y,0.0,,N,,N,SPRINGFIELD TOWNSHIP,N,,0,,,,126,SR,,232.0,N,,,,2,,,,,N,N,Y,0,0,N,1.0,0,2,1,,328435.0,N,23.454,54,Y,11,4,3,1,M,N,N,N,0,2,33,1,2,55,1,9,33,0,0,0,0,1,6,NT,1,62,,,,,,,,,,,,,,,,,,,,,,,,,,,,,,,,,,0,4,,driver unit1 traveling ronald reagan . unit1 began hydroplane due rain drove left side striking median cable wire barrier .,O,"[0.9999998807907104, 1.2905000801310962e-07, 1.9494901692951316e-08]",O,"[0.9999994039535522, 6.042110953785595e-07, 1.0726781685121978e-09]",O,"[1.0, 0.00015604496002197266, 4.0531158447265625e-06]"
1338,1338,213215272,"unit #1 was west on triplett blvd, near 2157 triplett blvd. unit #1 stated he hydroplaned, went off the right side of the road and struck the utility pole. utility pole was marked #38130. unit #1 was cited for fail to control.",20213215272,2021,O,10/1/2021 0:00,4,CSUMCR00677**C,C,SUM,0.22,41.043235,-81.449651,1000,766.0,10/31/2021 0:00,13,1,N,,Y,N,4.0,13,0,,2fd61dec-8774-49e0-bd7f-6ec0a5e17ddb,928c3dcb-b7ec-4524-8b38-92a537f3d038,N,0.22,CSUMCR00677**C,N,1,2021-00140103,4,10,,1,0,1,AKRON,1,,N,N,2.0,N,0.0,,Y,2157,N,AKRON,N,,0,,TRIPLETT,BLVD,,,,,N,,,2157TH,3,,,,,N,N,N,0,0,N,,0,2,1,,57280.0,N,0.22,21,Y,99,3,4,1,M,N,N,N,0,2,40,1,0,35,1,8,40,0,0,0,0,1,6,NT,1,28,,,,,,,,,,,,,,,,,,,,,,,,,,,,,,,,,,0,4,,"unit1 triplett , near triplett . unit1 stated hydroplaned , went side struck utility pole . utility pole marked . unit1 cited fail control .",O,"[0.8993164300918579, 0.0979880765080452, 0.0026955483481287956]",C,"[0.1867612898349762, 0.8080630302429199, 0.005175705533474684]",C,"[0.00439453125, 0.9951171875, 0.0002579689025878906]"
1339,1339,213217109,"unit #1 was entering the on ramp to 271 south. while negotiating the curve on the on ramp, unit #1 hydroplaned on the wet roadway and struck the wall with the right front and skidded along the wall with the cener front of unit #1.",20213217109,2021,O,10/1/2021 0:00,4,SSUMRA77210**C,S,SUM,0.076,41.302891,-81.519152,56490,56926.0,10/24/2021 0:00,13,1,N,4.0,Y,Y,1.0,21,0,87000.0,,,Y,0.076,SSUMRA77210**C,N,1,2021-00060177,1,10,,1,0,1,NORTHFIELD CENTER TOWNSHIP,7,S,N,N,,Y,0.095,SR,Y,,N,NORTHFIELD CENTER TOWNSHIP,N,,0,,,,271,IR,,,N,,,,1,8,SR,,,N,N,Y,0,0,N,1.0,0,2,4,,,N,0.076,19,Y,5,3,2,1,M,N,N,N,0,1,35,1,0,70,13,8,35,0,0,0,0,1,6,LT,3,55,,,,,,,,,,,,,,,,,,,,,,,,,,,,,,,,,,0,2,,"unit1 entering ramp . negotiating curve ramp , unit1 hydroplaned wet roadway struck wall front skidded along wall cener front unit1 .",C,"[0.0013856497826054692, 0.9962673783302307, 0.0023470742162317038]",C,"[0.3574710190296173, 0.6414282917976379, 0.00110066425986588]",C,"[0.1361083984375, 0.86181640625, 0.0019378662109375]"
1340,1340,213219408,"unit #1 was negotiating a curve and hydroplaned on the wet road. unit #1 went off the right side of the road, striking the concrete wall with the center front of unit #1. unit #1 then slid down the wall turning backward and striking the wall with the back left of unit #1.",20213219408,2021,AB,10/1/2021 0:00,4,SSUMSR00008**N,S,SUM,17.572,41.299187,-81.51507,45976,17668.0,10/29/2021 0:00,13,6,N,2.0,Y,Y,2.0,13,0,87000.0,67640a6f-931e-4858-b657-d8dbda4f58b1,e5aed824-f936-43c9-aa7b-9a6f53356a4e,N,17.572,SSUMSR00008**C,N,1,2021-00061117,4,10,N,0,1,1,MACEDONIA,7,,Y,N,4.0,N,0.0,CR,Y,,N,MACEDONIA,N,,0,,STATE ROUTE 8 S,,8,SR,,,N,,,I 271 S,1,271,IR,,,N,N,N,0,0,N,1.0,0,2,3,,149010.0,N,17.572,18,Y,99,1,2,1,F,N,N,N,0,3,51,1,0,65,13,8,51,0,0,0,0,1,6,NT,1,50,,,,,,,,,,,,,,,,,,,,,,,,,,,,,,,,,,0,4,,"unit1 negotiating curve hydroplaned wet . unit1 went side , striking concrete wall center front unit1 . unit1 slid wall turning backward striking wall back left unit1 .",O,"[0.9992700219154358, 0.0006850830977782607, 4.4917342165717855e-05]",C,"[0.047317467629909515, 0.9505220651626587, 0.002160468837246299]",O,"[1.0, 1.1920928955078125e-07, 0.0]"
1341,1341,213219429,unit#1 was traveling on rainbow dr and stated he hydroplaned and went into the yard of 980 rainbow dr. in doing so he struck the house and then a camper.,20213219429,2021,O,10/1/2021 0:00,5,CFAICR00079**C,C,FAI,0.212,39.752387,-82.579609,63240,99741.0,10/29/2021 0:00,7,6,N,,Y,N,7.0,17,0,,1dc85231-ca82-4a45-9bd0-3b01b5c551d4,5e47f6b4-71c1-4b45-a970-0f5e5ebc4ef5,N,0.212,CFAICR00079**C,N,3,A21-0687,2,10,,2,0,2,PLEASANT TOWNSHIP,1,,N,Y,2.0,N,0.0,,N,980,N,PLEASANT TOWNSHIP,N,NE,0,,RAINBOW,RD,,,,,N,,,980TH,3,,,,,N,N,N,0,0,N,,0,2,3,,19772.0,N,0.212,29,Y,1,3,4,1,M,N,N,N,0,2,52,1,0,35,1,8,43,52,21,0,0,1,3,NT,1,35,,1.0,9.0,9.0,,,,2.0,35.0,10.0,99.0,,,,,,1.0,2.0,NT,17.0,0.0,,,,,,,,,,,,,0,4,,unit1 traveling rainbow stated hydroplaned went yard rainbow . struck house camper .,O,"[0.9999998807907104, 6.600753721386354e-08, 1.7489654169366986e-08]",O,"[0.9999997615814209, 1.9033214471164683e-07, 5.822737847438475e-10]",O,"[1.0, 0.0, 0.0]"
1342,1342,213219749,unit 1 was e/b on sr 2 over the e. 305 bridge. the driver of unit 1 stated he started to hydroplane on the wet road causing unit 1 to run off the right side of the road into the tall grass where it turned around before coming to final rest. the driver of unit 1 stated he is epileptic and was having chest pains prior to the accident. he was transported to lake west by eastlake fire department. he was issued a citation for failure to control and failure to reinstate his driver's license. unit 1 was towed by vitalones.,20213219749,2021,C,10/1/2021 0:00,12,SLAKSR00002**C,S,LAK,2.116,41.626721,-81.455008,85638,17668.0,10/31/2021 0:00,17,1,N,2.0,Y,Y,2.0,0,0,,33d8c35d-fb3b-450f-b5d1-8f157739e9ff,bae6d2b3-025f-4626-8cfb-6826f502cbee,N,2.116,SLAKSR00002**C,N,3,AR21215,4,10,N,0,0,1,WILLOWICK,1,E,Y,N,6.0,N,0.17,RA,N,,N,WILLOWICK,N,,0,,STATE ROUTE 2 E,,2,SR,,,N,,E,305TH,1,,,,ST,N,N,N,0,0,N,1.0,1,2,1,,326618.0,N,210.448,40,Y,11,4,3,1,M,N,N,N,0,3,0,1,2,60,1,8,0,0,0,0,0,1,6,NT,1,60,,,,,,,,,,,,,,,,,,,,,,,,,,,,,,,,,,0,4,,unit1 bridge . driver unit1 stated started hydroplane wet causing unit1 run side tall grass turned around coming final rest . driver unit1 stated epileptic chest pains prior accident . transported lake eastlake fire department . issued citation failure control failure reinstate driver 's license . unit1 towed vitalones .,C,"[0.0010878891916945577, 0.9849410653114319, 0.01397110614925623]",C,"[0.0009967287769541144, 0.9989261031150818, 7.714988169027492e-05]",C,"[0.0003597736358642578, 0.9990234375, 0.00030040740966796875]"
1343,1343,213220829,"unit #1 was eastbound on i-277, east of the manchester rd entrance ramp. richardson stated the vehicle hydroplaned and spun. the left front corner and the left rear corner of the vehicle struck the guard rail along the south side of the roadway.",20213220829,2021,O,11/1/2021 0:00,4,SSUMIR00277**C,S,SUM,1.715,41.026861,-81.540811,1000,766.0,11/11/2021 0:00,13,5,N,2.0,Y,Y,1.0,20,0,,,,Y,1.715,SSUMIR00277**C,N,3,2021-00145352,1,11,N,1,0,1,AKRON,1,E,Y,N,6.0,Y,0.25,,Y,,N,AKRON,N,,0,,,,277,IR,,,N,E,,MANCHESTER,1,,,,RD,N,N,N,0,0,N,1.0,0,2,2,,47372.0,N,1.715,23,Y,99,4,3,1,M,N,N,N,0,3,30,1,0,60,1,8,30,0,0,0,0,1,6,NT,1,55,,,,,,,,,,,,,,,,,,,,,,,,,,,,,,,,,,0,4,,"unit1 , manchester entrance ramp . richardson stated vehicle hydroplaned spun . left front corner left rear corner vehicle struck guard rail along side roadway .",O,"[0.9997829794883728, 0.00020716871949844062, 9.854327799985185e-06]",O,"[0.9997560381889343, 0.00024330992891918868, 6.42185057131428e-07]",O,"[1.0, 0.0, 0.0]"
1344,1344,213224350,unit #1 was north on i77n. the driver of unit #1 stated that he hydroplaned. unit #1 went across the lanes and off the right side of the road. unit #1 went down a slight embankment and struck the sound barrier wall. the driver of unit #1 was cited with fail to control 4511.202 on citation a615624,20213224350,2021,O,11/1/2021 0:00,4,SSUMIR00077**C,S,SUM,16.55,41.075975,-81.573933,1000,766.0,11/14/2021 0:00,13,1,N,2.0,Y,Y,1.0,14,0,,,,Y,16.55,SSUMIR00077**C,N,1,2021-00146578,1,11,N,1,0,1,AKRON,1,,Y,N,6.0,Y,0.0,,Y,,N,AKRON,N,,0,,,,77,IR,,130.0,N,,,130 0,2,,,,,N,N,N,0,0,N,1.0,0,2,1,,47076.0,N,130.072,17,Y,99,2,1,1,M,N,N,N,0,4,51,1,0,55,1,8,51,0,0,0,0,1,6,NT,1,0,,,,,,,,,,,,,,,,,,,,,,,,,,,,,,,,,,0,6,,unit1 . driver unit1 stated hydroplaned . unit1 went across lanes side . unit1 went slight embankment struck sound barrier wall . driver unit1 cited fail control . citation,C,"[0.01981515809893608, 0.9790676832199097, 0.001117204548791051]",O,"[0.572145402431488, 0.42705050110816956, 0.0008041214896366]",O,"[0.9931640625, 0.006336212158203125, 6.461143493652344e-05]"
1345,1345,213225555,unit #1 was traveling south on wooster rd n in the curb lane. unit #1 hydroplaned and lost control. unit #1 went over the curb and struck a light pole. the driver of unit #1 was cited for failure to control.,20213225555,2021,C,10/1/2021 0:00,4,MSUMMR05428**C,M,SUM,3.798,41.011994,-81.606554,3828,766.0,10/15/2021 0:00,13,6,N,,Y,N,3.0,21,0,,89d23fa2-0d54-4b4c-8a99-dc93ffcedf17,9fa6c25b-de42-41ec-8fb7-5a9aff0dfef8,N,3.798,MSUMMR05428**C,N,3,202104255,4,10,,0,0,1,BARBERTON,3,,N,Y,4.0,N,0.0,CR,Y,,N,BARBERTON,N,N,0,,WOOSTER,RD,,,,,N,W,,WOOSTER,1,,,,RD,N,N,N,0,0,N,,2,2,2,,290670.0,N,3.798,23,Y,99,1,2,1,F,N,N,N,0,4,40,1,2,35,1,8,40,0,0,0,0,1,2,NT,3,25,,,,,,,,,,,,,,,,,,,,,,,,,,,,,,,,,,0,4,,unit1 traveling wooster curb . unit1 hydroplaned lost control . unit1 went curb struck light pole . driver unit1 cited failure control .,C,"[0.015069251880049706, 0.9815789461135864, 0.0033518874552100897]",C,"[0.16248053312301636, 0.8171555995941162, 0.020363857969641685]",O,"[0.759765625, 0.23388671875, 0.00675201416015625]"
1346,1346,213232110,unit # 1 was traveling on 480 w near sr 21. the driver of unit #1 stated that while attempting to make a lane change he hit some water on the roadway. he hydroplaned and ran off the left side of the roadway. the front driver side of his vehicle struck the concrete barrier. he then struck a construction sign with the front passenger side of his vehicle.,20213232110,2021,O,11/1/2021 0:00,12,SCUYIR00480**N,S,CUY,18.29,41.407682,-81.639556,37240,17668.0,11/25/2021 0:00,13,5,N,2.0,Y,Y,1.0,15,0,15000.0,,,Y,18.308,SCUYIR00480**C,N,1,20211044,1,11,N,1,0,1,INDEPENDENCE,1,E,Y,N,6.0,Y,0.019,SR,N,,N,INDEPENDENCE,N,,0,,I 480 W,,480,IR,,,N,,,STATE ROUTE 21 W,1,21,SR,,,N,N,Y,0,0,N,1.0,0,2,1,,128876.0,N,20.594,37,Y,11,3,4,1,M,N,N,N,0,3,35,1,2,55,3,9,35,37,0,0,0,1,6,NT,1,60,,,,,,,,,,,,,,,,,,,,,,,,,,,,,,,,,,0,4,,unit1 traveling near . driver unit1 stated attempting make change hit water roadway . hydroplaned ran left side roadway . front driver side vehicle struck concrete barrier . struck construction sign front passenger side vehicle .,O,"[0.9999997615814209, 2.3011288874386082e-07, 2.9242876564694598e-08]",O,"[0.9999986886978149, 1.2811551641789265e-06, 1.824908446579343e-09]",O,"[1.0, 0.0, 0.0]"
1347,1347,213232125,"unit #1 was traveling west in the center lane. at the 31 mp, the operator of unit #1 failed to maintain reasonable control, hydroplaned on the wet asphalt, entered the high speed lane, ran off the road to the left and then struck the guard rail.",20213232125,2021,O,11/1/2021 0:00,8,SHAMIR00275**N,S,HAM,13.34,39.228661,-84.6402,16616,16885.0,11/25/2021 0:00,13,5,N,2.0,Y,Y,1.0,9,0,,,,Y,13.115,SHAMIR00275**C,N,1,1125210293,1,11,N,3,0,1,COLERAIN TOWNSHIP,1,,Y,N,6.0,Y,0.0,,N,,N,COLERAIN TOWNSHIP,N,,0,,,,275,IR,,31.0,N,,,31,2,,,,,N,N,Y,0,0,N,1.0,0,2,1,,39743.0,N,30.94,32,Y,5,3,4,1,M,N,N,N,0,3,34,1,0,65,1,9,34,0,0,0,0,1,6,NT,1,75,,,,,,,,,,,,,,,,,,,,,,,,,,,,,,,,,,1,4,,"unit1 traveling center . mp , operator unit1 failed maintain reasonable control , hydroplaned wet asphalt , entered high speed , ran left struck guard rail .",O,"[0.9999699592590332, 2.7630216209217906e-05, 2.3758375391480513e-06]",C,"[0.23446522653102875, 0.7397767305374146, 0.02575802616775036]",O,"[0.9970703125, 0.0022335052490234375, 0.00020444393157958984]"
1348,1348,213232273,unit 1 was traveling west on i-480 near warrensville center rd. when they hydroplaned and struck the concrete median. they were able to drive the vehicle away and no injuries were reported. they were provided with a report number for insurance.,20213232273,2021,O,11/1/2021 0:00,12,SCUYIR00480**N,S,CUY,23.778,41.424929,-81.539072,80990,17668.0,11/25/2021 0:00,13,5,N,2.0,Y,Y,1.0,20,0,20600.0,,,Y,23.797,SCUYIR00480**C,N,3,20213375,1,11,N,1,0,1,WARRENSVILLE HEIGHTS,1,W,Y,N,7.0,Y,0.087,,Y,,N,WARRENSVILLE HEIGHTS,N,,0,,I 480 W,,480,IR,,,N,,,WARRENSVILLE CENTER,1,,,,RD,N,N,Y,0,0,N,1.0,0,2,1,,54083.0,N,26.082,22,Y,5,3,4,1,M,N,N,N,0,4,35,1,2,60,1,35,0,0,0,0,0,1,6,NT,1,60,,,,,,,,,,,,,,,,,,,,,,,,,,,,,,,,,,0,4,,unit1 traveling near warrensville center hydroplaned struck concrete median . able vehicle away injuries reported . provided report number insurance .,O,"[0.9999998807907104, 1.6695184967829846e-07, 2.850685021371646e-08]",O,"[0.9999998807907104, 6.91448320822019e-08, 8.973389392652464e-11]",O,"[1.0, 0.0, 0.0]"