,id,OBJECTID,Narrative,DOCUMENT_NBR,CRASH_YR,CRASH_SEVERITY_CD,CRASH_MONTH_YEAR,DISTRICT_NBR,NLFID,NLF_JUR_CD,NLF_COUNTY_CD,COUNTY_LOG_NBR,ODOT_LATITUDE_NBR,ODOT_LONGITUDE_NBR,ODOT_FIPS_CD,AREA_CODE,CRASH_DATE,CRASH_TYPE_CD,DAY_IN_WEEK_CD,DISTRACTED_DRIVER_IND,FACILITY_TYPE_CD,FHWA_RDWY_DEPARTURE_IND,FREEWAY_IND,FUNCTIONAL_CLASS_CD,HOUR_OF_CRASH,INCAPAC_INJURIES_NBR,INTERCHANGE_ID,INTERSECTION_ID_CURRENT,INTERSECTION_LEG_ID,INTERSTATE_IND,INV_LOG_NBR,INV_NLFID,IS_COMMERCIAL_RELATED,LIGHT_COND_PRIMARY_CD,LOCAL_REPORT_NUMBER_ID,MAINTENANCE_AUTHORITY_CD,MONTH_OF_CRASH,NHS_CD,NO_INJURY_REPORTED_NBR,NON_INCAPAC_INJURIES_NBR,NUMBER_OF_UNITS_NBR,ODOT_CITY_VILLAGE_TWP_NME,ODOT_CRASH_LOCATION_CD,ODOT_DIR_FROM_REF_CD,ODOT_DIV_UNDIV_IND,ODOT_INTERSECTION_REL_IND,ODOT_LANES_NBR,ODOT_MAINTAINED_HWY_IND,ODOT_MILES_FROM_REF_NBR,ODOT_REF_ROUTE_PREFIX_CD,ODOT_YOUNG_DRIVER_IND,ODPS_ADDRESS_REFERENCE,ODPS_ALCOHOL_IND,ODPS_CITY_VILLAGE_TWP_NME,ODPS_DRUG_IND,ODPS_LOC_DIR_SUFFIX_CD,ODPS_LOC_IN_WORK_ZONE_CD,ODPS_LOC_ROAD_DIRECTION_CD,ODPS_LOC_ROAD_NME,ODPS_LOC_ROAD_SUFFIX_CD,ODPS_LOC_ROUTE_ID,ODPS_LOC_ROUTE_PREFIX_CD,ODPS_LOC_ROUTE_SUFFIX_CD,ODPS_MILEPOST_REFERENCE,ODPS_MOTORCYCLE_IND,ODPS_REF_DIR_SUFFIX_CD,ODPS_REF_DIRECTION_CD,ODPS_REF_GIVEN,ODPS_REF_POINT_USED_CD,ODPS_REF_ROUTE_ID,ODPS_REF_ROUTE_PREFIX_CD,ODPS_REF_ROUTE_SUFFIX_CD,ODPS_REF_SUFFIX_CD,ODPS_SCHOOL_ZONE_IND,ODPS_SENIOR_DRIVER_IND,ODPS_SPEED_IND,ODPS_TOTAL_FATALITIES_NBR,ODPS_TYPE_OF_WORK_ZONE_CD,ODPS_WORK_ZONE_IND,OPER_ACCESS_CONTROL_CD,POSSIBLE_INJURIES_NBR,ROAD_COND_PRIMARY_CD,ROAD_CONTOUR_CD,SA_RAMP_ID,SA_SEGMENT_ID,SECONDARY_CRASH,STATE_TRUE_LOG_NBR,U1_AGE_NBR,U1_AT_FAULT_IND,U1_CONT_CIR_PRIMARY_CD,U1_DIRECTION_FROM_CD,U1_DIRECTION_TO_CD,U1_DISTRACTED_BY_1_CD,U1_GENDER_CD,U1_IS_ALCOHOL_SUSPECTED,U1_IS_MARIJUANA_SUSPECTED,U1_IS_OTHER_DRUG_SUSPECTED,U1_NON_MOTORIST_LOC_CD,U1_NUMBER_OF_THRU_LANES,U1_OBJECT_STRUCK,U1_ODPS_UNIT_NBR,U1_OPERATINGIN_AUTONOMOUS_MODE,U1_POSTED_SPEED_NBR,U1_PRECRASH_ACTION_CD,U1_SEQ_OF_EVENTS_1_CD,U1_SEQ_OF_EVENTS_2_CD,U1_SEQ_OF_EVENTS_3_CD,U1_SEQ_OF_EVENTS_4_CD,U1_SEQ_OF_EVENTS_5_CD,U1_SEQ_OF_EVENTS_6_CD,U1_SPECIAL_FUNCTION_CD,U1_TRAFFIC_CONTROL_CD,U1_TURN_CD,U1_TYPE_OF_UNIT_CD,U1_UNIT_SPEED_NBR,U2_AGE_NBR,U2_CONT_CIR_PRIMARY_CD,U2_DIRECTION_FROM_CD,U2_DIRECTION_TO_CD,U2_DISTRACTED_BY_1_CD,U2_GENDER_CD,U2_NON_MOTORIST_LOC_CD,U2_ODPS_UNIT_NBR,U2_POSTED_SPEED_NBR,U2_PRECRASH_ACTION_CD,U2_SEQ_OF_EVENTS_1_CD,U2_SEQ_OF_EVENTS_2_CD,U2_SEQ_OF_EVENTS_3_CD,U2_SEQ_OF_EVENTS_4_CD,U2_SEQ_OF_EVENTS_5_CD,U2_SEQ_OF_EVENTS_6_CD,U2_SPECIAL_FUNCTION_CD,U2_TRAFFIC_CONTROL_CD,U2_TURN_CD,U2_TYPE_OF_UNIT_CD,U2_UNIT_SPEED_NBR,U3_CONT_CIR_PRIMARY_CD,U3_ODPS_UNIT_NBR,U3_PRECRASH_ACTION_CD,U3_SEQ_OF_EVENTS_1_CD,U3_SEQ_OF_EVENTS_2_CD,U3_SEQ_OF_EVENTS_3_CD,U3_SEQ_OF_EVENTS_4_CD,U3_SEQ_OF_EVENTS_5_CD,U3_SEQ_OF_EVENTS_6_CD,U3_SPECIAL_FUNCTION_CD,U3_TRAFFIC_CONTROL_CD,U3_TYPE_OF_UNIT_CD,UNRESTRAIN_OCCUPANTS,WEATHER_COND_CD,V1,clean_Narrative,BERT_predictions,BERT_prediction_probabilities,RoBERTa_predictions,RoBERTa_predictions_probabilities,distilBERT_predictions,distilBERT_predictions_probabilities
1349,1349,213235190,"unit #1 north on 75 states he hydroplaned on wet road, lost control striking concrete wall at location.",20213235190,2021,O,11/1/2021 0:00,1,SHANIR00075**C,S,HAN,1.211,40.895632,-83.862817,58632,99999.0,11/25/2021 0:00,13,5,N,2.0,Y,Y,1.0,13,0,46000.0,822f234f-515b-48f9-bcbf-9af1282a33a7,bc2bb450-6e93-44c9-9d0f-c95c1cad7af5,Y,1.211,SHANIR00075**C,N,1,215015877,1,11,N,1,0,1,ORANGE TOWNSHIP,1,,Y,N,4.0,Y,0.0,,N,,N,CINCINNATI,N,,0,,,,75,IR,,1.2,N,,,1 2,2,,,,,N,N,N,0,0,N,1.0,0,2,4,,45360.0,N,142.688,30,Y,99,2,1,1,M,N,N,N,0,4,51,1,2,55,1,51,0,0,0,0,0,1,6,NT,3,50,,,,,,,,,,,,,,,,,,,,,,,,,,,,,,,,,,0,4,,"unit1 states hydroplaned wet , lost control striking concrete wall location .",O,"[0.9964345693588257, 0.003456994192674756, 0.00010846873192349449]",O,"[0.9962813258171082, 0.003701532958075404, 1.7126420061686076e-05]",O,"[1.0, 3.820657730102539e-05, 5.364418029785156e-07]"
1350,1350,213239499,"unit #1 was entering i 76 west from the e market st entrance ramp. unit #1 hydroplaned, struck the cement median with the right rear corner and then with the right front corner of the vehicle. unit #1 was cited for fail to control.",20213239499,2021,O,11/1/2021 0:00,4,SSUMIR00076**N,S,SUM,13.635,41.061514,-81.4656,1000,766.0,11/21/2021 0:00,13,1,N,2.0,Y,Y,1.0,15,0,84800.0,,,Y,13.64,SSUMIR00076**C,N,1,2021-00149660,1,11,N,1,0,1,AKRON,1,,Y,N,6.0,Y,0.0,,N,,N,AKRON,N,,0,,,,76,IR,,25.4,N,,,,2,,,,,N,N,N,0,0,N,1.0,0,2,1,,91231.0,N,25.783,30,Y,99,3,4,1,M,N,N,N,0,3,35,1,0,60,8,8,35,0,0,0,0,1,6,NT,1,0,,,,,,,,,,,,,,,,,,,,,,,,,,,,,,,,,,0,4,,"unit1 entering market entrance ramp . unit1 hydroplaned , struck cement median rear corner front corner vehicle . unit1 cited fail control .",O,"[0.8830896615982056, 0.11300244927406311, 0.003907924983650446]",O,"[0.9999665021896362, 3.3094791433541104e-05, 3.4321956832172873e-07]",O,"[0.95263671875, 0.04779052734375, 6.860494613647461e-05]"
1351,1351,213240336,unit #1 was northbound on i-77 in lane 4. the driver stated her vehicle hydroplaned. she lost control of the car. the front end struck the concrete median wall. the driver complained of a right ankle injury.,20213240336,2021,AB,12/1/2021 0:00,4,SSUMIR00077**C,S,SUM,16.879,41.080534,-81.575452,1000,766.0,12/6/2021 0:00,13,2,N,2.0,Y,Y,1.0,6,0,,,,Y,16.879,SSUMIR00077**C,N,3,2021-00155594,1,12,N,0,1,1,AKRON,1,S,Y,N,6.0,Y,0.057,,Y,,N,AKRON,N,,0,,,,77,IR,,,N,,,STONE,1,,,,ST,N,N,N,0,0,N,1.0,0,2,1,,56830.0,N,130.401,20,Y,99,2,1,1,F,N,N,N,0,4,35,1,0,65,1,9,35,0,0,0,0,1,6,NT,1,65,,,,,,,,,,,,,,,,,,,,,,,,,,,,,,,,,,0,4,,unit1 . driver stated vehicle hydroplaned . lost control car . front end struck concrete median wall . driver complained ankle injury .,C,"[0.00023579523258376867, 0.9997281432151794, 3.6025474400958046e-05]",C,"[3.3229289897462877e-07, 0.9999969005584717, 2.6956224701280007e-06]",C,"[3.516674041748047e-06, 1.0, 1.8477439880371094e-06]"
1352,1352,213240622,"unit 1 was traveling north on 77 in the right most lane. unit 1 stated they hydroplaned then the vehicle went left, striking the concrete barrier",20213240622,2021,O,12/1/2021 0:00,12,SCUYIR00077**C,S,CUY,6.963,41.376029,-81.652496,37240,17668.0,12/6/2021 0:00,13,2,N,2.0,Y,Y,1.0,3,0,,,,Y,6.963,SCUYIR00077**C,N,3,20211080,1,12,N,4,0,1,INDEPENDENCE,1,N,Y,N,8.0,Y,0.014,,N,,N,INDEPENDENCE,N,,0,,,,77,IR,,154.0,N,,,154,2,,,,,N,N,N,0,0,N,1.0,0,2,1,,91242.0,N,154.105,45,Y,99,2,1,1,M,N,N,N,0,4,35,1,2,60,1,35,0,0,0,0,0,1,6,NT,3,60,,,,,,,,,,,,,,,,,,,,,,,,,,,,,,,,,,0,4,,"unit1 traveling . unit1 stated hydroplaned vehicle went left , striking concrete barrier",O,"[0.6764016151428223, 0.3093344569206238, 0.01426391676068306]",O,"[0.8692938089370728, 0.12997795641422272, 0.0007281569414772093]",O,"[0.97412109375, 0.0246734619140625, 0.0010976791381835938]"
1353,1353,213241317,unit #1 and unit #2 were traveling southbound on i75. unit #1 hydroplaned and struck the middle median/wall then caused unit #2 to strike him.,20213241317,2021,AB,12/1/2021 0:00,8,SHAMIR00075**N,S,HAM,7.936,39.175676,-84.488491,15000,16885.0,12/6/2021 0:00,5,2,N,2.0,Y,Y,1.0,4,0,,,,Y,7.983,SHAMIR00075**C,Y,3,215016380,1,12,N,1,1,2,CINCINNATI,1,,Y,N,6.0,Y,0.0,,N,,N,CINCINNATI,N,,0,,,,75,IR,,8.0,N,,,8,2,,,,,N,N,N,0,0,N,1.0,0,2,3,,56737.0,N,7.936,58,Y,99,1,2,1,M,N,N,N,0,3,51,1,2,55,1,51,20,0,0,0,0,1,6,NT,4,0,60.0,1.0,1.0,2.0,1.0,M,,2.0,55.0,1.0,20.0,,,,,,1.0,6.0,NT,15.0,,,,,,,,,,,,,,0,4,,unit1 unit2 traveling . unit1 hydroplaned struck middle median wall caused unit2 strike .,C,"[0.01982906088232994, 0.9628614783287048, 0.017309486865997314]",C,"[0.0235887598246336, 0.9735942482948303, 0.0028169250581413507]",O,"[0.67529296875, 0.290283203125, 0.034149169921875]"
1354,1354,213241513,"unit #1 was traveling north on i75 and lost control on the rain soaked highway, hydroplaned and ran off of the road to the right hitting a traffic sign while sliding sideways. the side airbags deployed.",20213241513,2021,O,12/1/2021 0:00,8,SHAMIR00075**N,S,HAM,3.498,39.138439,-84.534369,15000,16885.0,12/6/2021 0:00,13,2,N,2.0,Y,Y,1.0,5,0,41100.0,,,Y,3.549,SHAMIR00075**C,N,3,215016382,1,12,N,1,0,1,CINCINNATI,1,,Y,N,8.0,Y,0.0,,N,,N,CINCINNATI,N,,0,,,,75,IR,,3.4,N,,,3 4,2,,,,,N,N,Y,0,0,N,1.0,0,2,1,,91163.0,N,3.498,33,Y,5,2,1,1,F,N,N,N,0,5,37,1,2,0,1,8,37,0,0,0,0,1,6,NT,1,0,,,,,,,,,,,,,,,,,,,,,,,,,,,,,,,,,,0,4,,"unit1 traveling lost control rain soaked , hydroplaned ran hitting traffic sign sliding sideways . side airbags deployed .",O,"[0.9999957084655762, 3.879682026308728e-06, 4.0681038626644295e-07]",O,"[0.9991496801376343, 0.0008481359691359103, 2.090337375193485e-06]",O,"[1.0, 1.6093254089355469e-06, 5.960464477539063e-08]"
1355,1355,213245218,"on the listed date and time unit 1 was traveling south on i270 driving towards the i70 split. unit one hydroplaned from the rain and the driver lost control and th vehicle spun, hitting the guardrail. unit 2 saw unit 1 lost control and stopped in the roadway to avoid a collision with unit 1, causing unit 3 to rearend unit 2. unit 2 driver was treated the scene by medic 26. unit 2 and unit 3 vehicles were driveable. unit 1 was towed by protow and transported home by cruiser 154.",20213245218,2021,AB,12/1/2021 0:00,6,SFRAIR00270**N,S,FRA,7.958,39.965632,-83.119496,64570,19234.0,12/6/2021 0:00,5,2,N,2.0,N,Y,1.0,5,0,27900.0,,,Y,7.943,SFRAIR00270**C,N,3,210920922,1,12,N,2,1,3,PRAIRIE TOWNSHIP,1,S,Y,N,8.0,Y,0.057,,N,,N,COLUMBUS,N,,0,,,,270,IR,,8.0,N,,,8,2,,,,,N,Y,Y,0,0,N,1.0,0,2,1,,47251.0,N,7.958,49,Y,1,1,2,1,M,N,N,N,0,2,0,1,9,65,1,20,0,0,0,0,0,1,6,NT,1,55,67.0,1.0,1.0,2.0,1.0,M,,2.0,5.0,1.0,20.0,,,,,,1.0,6.0,NT,1.0,65.0,99.0,3.0,99.0,20.0,,,,,,1.0,6.0,1.0,1,4,,"listed date time unit1 traveling driving towards split . unit1 hydroplaned rain driver lost control vehicle spun , hitting guardrail . unit2 saw unit1 lost control stopped roadway avoid collision unit1 , causing unit3 rearend unit2 . unit2 driver treated scene medic . unit2 unit3 vehicles driveable . unit1 towed protow transported home cruiser .",C,"[7.18844894436188e-05, 0.9998674392700195, 6.069373193895444e-05]",C,"[6.259291239985032e-06, 0.9999568462371826, 3.682573515106924e-05]",C,"[8.153915405273438e-05, 1.0, 3.0219554901123047e-05]"
1356,1356,213245220,"unit 2 was traveling eastbound on business park drive approaching twin creeks drive. unit 1 was in the parking lot of applied industrial technologies (3855 business park drive) , facing northbound. unit 1 (2021 frt semi truck ) was driving up to the end of the driveway for applied industrial technologies and proceeded to apply its brakes in order to stop before turning onto business park drive. unit 1's, due to a large amount of ice on the driveway, brakes locked up and unit 1 slid, at about 2 mph, onto business park drive. unit 1 proceeded to slide into the right side of unit 2 as it was passing the driveway , traveling eastbound. there were no injuries reported. no citation was issued to unit 1 due to him attempting to stop his vehicle at a appropriate distance from the main road (based on where he showed officer spann he started to brake) and the ice causing his vehicle to began to hydroplane and slide into the main road causing the accident.",20213245220,2021,O,12/1/2021 0:00,6,,M,FRA,,39.976816,-83.104111,18000,,12/8/2021 0:00,6,4,N,2.0,N,N,,5,0,,,,N,,,Y,3,210926400,80,12,,2,0,2,COLUMBUS,1,W,N,N,1.0,N,0.019,,N,,N,COLUMBUS,N,,0,,Business Park,DR,,,,,N,,,Twin Creeks,1,,,,DR,N,N,N,0,0,N,,0,4,1,,,N,,42,Y,22,2,1,1,M,N,N,N,0,1,0,1,0,25,11,20,0,0,0,0,0,1,6,NT,15,2,52.0,1.0,4.0,3.0,1.0,M,,2.0,25.0,1.0,20.0,,,,,,13.0,6.0,NT,3.0,5.0,,,,,,,,,,,,,0,6,,"unit2 traveling business park approaching twin creeks . unit1 parking lot applied industrial technologies , facing . unit1 driving end driveway applied industrial technologies proceeded apply brakes order stop turning onto business park . unit1 's , due large amount ice driveway , brakes locked unit1 slid , mph , onto business park . unit1 proceeded slide side unit2 passing driveway , traveling . injuries reported . citation issued unit1 due attempting stop vehicle appropriate distance main ice causing vehicle began hydroplane slide main causing accident .",O,"[1.0, 5.12620097481431e-08, 1.675937078005063e-08]",O,"[1.0, 1.1732272098274876e-10, 4.6791570455523984e-14]",O,"[1.0, 0.0, 0.0]"
1357,1357,213246019,"unit 02 exited interstated 75 at exit 207 stickney hydroplaned in a puddle on the passenger side of the vehicle. the driver of unit 02 lost control of his vehicle and struck the concrete wall with the front of his vehicle, causing his vehicle to spin. unit 02 struck the opposite side concrete wall with rear end of the vehicle. unit 02 came to rest in the middle of the off-ramp for exit 207 with the passenger side of the vehicle facing on-coming traffic. unit 01 exited interstate 75, failed to stop for the road obstruction caused by unit 02 and struck unit 02 in the passenger side of the vehicle. the drivers of unit 01 and unit 02 were both cited.",20213246019,2021,O,12/1/2021 0:00,2,SLUCIR00075**C,S,LUC,7.523,41.689631,-83.529105,77000,87868.0,12/11/2021 0:00,5,7,N,2.0,N,Y,1.0,3,0,,,,Y,7.523,SLUCIR00075**C,N,4,2.11211E+13,1,12,N,2,0,2,TOLEDO,1,,Y,N,4.0,Y,0.0,,N,,N,TOLEDO,N,,0,,,,75,IR,,,N,,N,STICKNEY,1,,,,RD,N,N,N,0,0,N,1.0,0,2,1,,42901.0,N,207.105,45,Y,2,2,1,1,M,N,N,N,0,1,0,1,0,25,1,20,0,0,0,0,0,1,6,NT,3,0,38.0,99.0,2.0,1.0,1.0,M,,2.0,25.0,1.0,20.0,51.0,,,,,1.0,6.0,NT,1.0,,,,,,,,,,,,,,0,4,,"unit2 exited interstated exit stickney hydroplaned puddle passenger side vehicle . driver unit2 lost control vehicle struck concrete wall front vehicle , causing vehicle spin . unit2 struck opposite side concrete wall rear end vehicle . unit2 came rest middle offramp exit passenger side vehicle facing oncoming traffic . unit1 exited interstate , failed stop obstruction caused unit2 struck unit2 passenger side vehicle . drivers unit1 unit2 cited .",C,"[0.011228895746171474, 0.9855420589447021, 0.0032289696391671896]",C,"[0.09554046392440796, 0.8161675930023193, 0.08829198032617569]",C,"[0.196533203125, 0.794921875, 0.00876617431640625]"
1358,1358,213247885,"unit 1 was traveling west bound in the number 2 (middle) lane, when he attempted to change lanes. while doing so, he hydroplaned and lost control eventually spinning out and striking the raised median. unit 1 suffered disabling damage. no injuries to report. unit 1 towed to rocky river impound lot by kufner's. wcs in use.",20213247885,2021,O,12/1/2021 0:00,12,SCUYIR00090**N,S,CUY,5.516,41.475542,-81.86488,68056,17668.0,12/6/2021 0:00,13,2,N,2.0,Y,Y,1.0,5,0,,,,Y,5.51,SCUYIR00090**C,N,3,202101591,1,12,N,1,0,1,ROCKY RIVER,1,W,Y,N,6.0,Y,0.142,SR,Y,,N,ROCKY RIVER,N,,0,,I 90 W,,90,IR,,,N,,,STATE ROUTE 254 W,1,254,SR,,,N,N,Y,0,0,N,1.0,0,2,1,,47199.0,N,161.335,21,Y,11,3,4,1,M,N,N,N,0,3,35,1,2,60,3,9,35,0,0,0,0,1,6,NT,1,61,,,,,,,,,,,,,,,,,,,,,,,,,,,,,,,,,,0,4,,"unit1 traveling number , attempted change lanes . , hydroplaned lost control eventually spinning striking raised median . unit1 suffered disabling damage . injuries report . unit1 towed rocky river impound lot kufner 's . wcs use .",O,"[0.9999998807907104, 1.0208949419165947e-07, 3.1565704716740584e-08]",O,"[0.9999995231628418, 4.99304690038116e-07, 3.795257885741421e-09]",O,"[1.0, 0.0, 0.0]"
1359,1359,213250818,"driver of unit 1 stated he was traveling towards i77s from i480w when his vehicle began to hydroplane and spun across all lanes of traffic and struck the median. ems on scene, driver refused transport.",20213250818,2021,C,12/1/2021 0:00,12,SCUYIR00077**N,S,CUY,7.943,41.390249,-81.653152,37240,17668.0,12/18/2021 0:00,13,7,N,2.0,Y,Y,1.0,14,0,,,,Y,7.945,SCUYIR00077**C,N,1,20211125,1,12,N,0,0,1,INDEPENDENCE,1,N,Y,N,8.0,Y,0.019,,N,,N,INDEPENDENCE,N,,0,,,HWY,77,IR,,155.0,N,,,155,2,,,,,N,N,N,0,0,N,1.0,1,2,1,,47024.0,N,155.085,63,Y,1,4,2,1,M,N,N,N,0,4,35,1,2,60,3,35,0,0,0,0,0,1,6,RT,1,60,,,,,,,,,,,,,,,,,,,,,,,,,,,,,,,,,,0,4,,"driver unit1 stated traveling towards 8w vehicle began hydroplane spun across lanes traffic struck median . ems scene , driver refused transport .",C,"[0.0012659371132031083, 0.998683512210846, 5.0558806833578274e-05]",O,"[0.5236932039260864, 0.47630244493484497, 4.3858658500539605e-06]",C,"[0.00014650821685791016, 1.0, 2.682209014892578e-06]"
1360,1360,213251627,"unit 1 was traveling northbound on the anthony wayne trail when they lost control of their vehicle, hydroplaned jumped the curb and struck a pole.",20213251627,2021,O,12/1/2021 0:00,2,SLUCSR00025**C,S,LUC,5.322,41.612388,-83.593759,77000,87868.0,12/18/2021 0:00,13,7,N,2.0,Y,N,3.0,19,0,,aecb6b29-ee1f-4c21-8455-21e6bd92ffb2,80e5f5d5-b5ad-4e75-a9f2-146c7b19020e,N,5.322,SLUCSR00025**C,N,3,2.11218E+13,4,12,H,1,0,1,TOLEDO,1,,Y,N,6.0,N,0.0,MR,Y,,N,TOLEDO,N,,0,,ANTHONY WAYNE,TRL,,,,,N,,,GLENDALE,1,,,,AVE,N,N,N,0,0,N,2.0,0,2,1,,295919.0,N,28.561,21,Y,99,2,1,1,F,N,N,N,0,3,40,1,0,50,1,43,40,0,0,0,0,1,6,NT,1,0,,,,,,,,,,,,,,,,,,,,,,,,,,,,,,,,,,0,4,,"unit1 traveling anthony wayne trail lost control vehicle , hydroplaned jumped curb struck pole .",O,"[0.8633487224578857, 0.12290556728839874, 0.013745639473199844]",O,"[0.5203562378883362, 0.4721013605594635, 0.007542426697909832]",O,"[1.0, 4.76837158203125e-07, 5.960464477539063e-08]"
1361,1361,213252827,"unit#1 was driving west bound on 224w, between main st and waterloo rd. unit#1 began to hydroplane and lost control. unit#1 stuck the median right at mile marker #2. the driver had minor injuries and was transported to akron city hospital by afd. there was no damage to the median. unit#1 was towed by johnny's towing.",20213252827,2021,AB,12/1/2021 0:00,4,SSUMIR00277**N,S,SUM,2.527,41.024927,-81.525122,1000,766.0,12/18/2021 0:00,13,7,N,2.0,Y,Y,1.0,20,0,,,,Y,2.556,SSUMIR00277**C,N,3,2021-00161389,1,12,N,0,1,1,AKRON,1,,Y,N,6.0,Y,0.0,,N,,N,AKRON,N,,0,,,,277,IR,,,N,,S,MAIN,1,,,,ST,N,N,N,0,0,N,1.0,0,2,1,,81518.0,N,2.527,36,Y,99,3,4,1,M,N,N,N,0,3,35,1,0,55,1,9,35,0,0,0,0,1,6,NT,3,40,,,,,,,,,,,,,,,,,,,,,,,,,,,,,,,,,,0,4,,"unit1 driving 224w , main waterloo unit1 began hydroplane lost control . unit1 stuck median mile marker . driver minor injuries transported akron city hospital afd . damage median . unit1 towed johnny 's towing .",C,"[8.337943313563301e-08, 0.9999996423721313, 2.0883251750092313e-07]",C,"[2.1510524561563216e-07, 0.9999982118606567, 1.5708699265815085e-06]",C,"[5.960464477539063e-08, 1.0, 1.1920928955078125e-07]"
1362,1362,213256408,unit #1 was southbound on fulton rd nw turning left onto 21st st nw when it hydroplaned and ran off the right side of the roadway and struck the sign for the business at 2026 fulton rd nw.,20213256408,2021,O,12/1/2021 0:00,4,TSTATR00211**C,T,STA,2.642,40.81978,-81.39122,12000,13375.0,12/25/2021 0:00,13,7,N,,Y,N,4.0,15,0,,6290db10-7f33-4123-baae-c83172effbc4,7413b27f-9bdf-427a-b1b2-c4c2ad2ef844,N,2.642,TSTATR00211**C,N,1,2118103,4,12,,1,0,1,CANTON,1,,N,N,4.0,N,0.0,MR,Y,,N,CANTON,N,N,0,,FULTON,RD,,,,,N,N,,21ST,1,,,,ST,N,N,N,0,0,N,3.0,0,2,1,,334526.0,N,2.642,21,Y,6,1,3,1,M,N,N,N,0,2,41,1,0,0,6,8,41,0,0,0,0,1,6,LT,1,0,,,,,,,,,,,,,,,,,,,,,,,,,,,,,,,,,,0,4,,unit1 fulton turning left onto hydroplaned ran side roadway struck sign business fulton nw .,O,"[0.9999998807907104, 1.2520105485691602e-07, 2.0897749308801394e-08]",O,"[0.9999992847442627, 6.598927484446904e-07, 1.112226843957842e-08]",O,"[1.0, 4.76837158203125e-07, 5.960464477539063e-08]"
1363,1363,213256999,unit 1 was s/b on i71 s/o polaris pkwy. the driver stated that as he was driving his vehicle began to hydroplane causing him to lose control and strike the guard rail causing damage to the guard rail and his vehicle.,20213256999,2021,O,12/1/2021 0:00,6,SDELIR00071**N,S,DEL,0.34,40.139871,-82.971273,18000,19234.0,12/25/2021 0:00,13,7,N,2.0,Y,Y,1.0,12,0,22900.0,,,Y,0.34,SDELIR00071**C,N,1,210971033,1,12,N,1,0,1,COLUMBUS,1,S,Y,N,7.0,Y,0.152,,Y,,N,COLUMBUS,N,,0,,,,71,IR,,,N,,,POLARIS,1,,,,PKWY,N,N,N,0,0,N,1.0,0,2,1,,56661.0,N,121.284,25,Y,11,1,2,1,M,N,N,N,0,5,30,1,2,65,1,8,30,0,0,0,0,1,6,NT,1,65,,,,,,,,,,,,,,,,,,,,,,,,,,,,,,,,,,0,4,,unit1 polaris . driver stated driving vehicle began hydroplane causing lose control strike guard rail causing damage guard rail vehicle .,O,"[0.9986586570739746, 0.0012866425095126033, 5.468190647661686e-05]",O,"[0.9999985694885254, 1.4263830507843522e-06, 1.5737644076807555e-08]",O,"[1.0, 0.0, 0.0]"
1364,1364,213258189,unit was traveling southbound on i-675 when they lost control during a hydroplane causing them to strike the median. on 12/28/2021 i was dispatched to a crash on i-675 southbound located at mile marker 13.4. i arrived and spoke with luke farrish. he explained that his vehicle hydroplaned into the concrete wall separating the southbound lanes from the 35 westbound exit onto i-675 south. i observed the concrete wall and could not find any damage done to it. the vehicle did sustain significant damage. farris was not issued a citation due to the weather involved and the fact that no property damage was evident other than what was done to his vehicle.,20213258189,2021,O,12/1/2021 0:00,8,SGREIR00675**N,S,GRE,5.887,39.735756,-84.092866,4720,22528.0,12/28/2021 0:00,13,3,N,2.0,Y,Y,1.0,15,0,35800.0,,,Y,5.925,SGREIR00675**C,N,1,2021-00039920,1,12,N,1,0,1,BEAVERCREEK,1,N,Y,N,6.0,Y,0.0,,Y,,N,BEAVERCREEK,N,,0,,,,675,IR,,13.4,N,,,13 4,2,,,,,N,N,N,0,0,N,1.0,0,2,1,,54099.0,N,13.491,23,Y,99,1,2,1,M,N,N,N,0,3,35,1,0,55,1,8,35,0,0,0,0,1,6,NT,1,55,,,,,,,,,,,,,,,,,,,,,,,,,,,,,,,,,,0,4,,unit traveling lost control hydroplane causing strike median . dispatched crash located mile marker .. arrived spoke luke farrish . explained vehicle hydroplaned concrete wall separating lanes exit onto . observed concrete wall could find damage done . vehicle sustain significant damage . farris issued citation due weather involved fact property damage evident done vehicle .,O,"[0.9999998807907104, 7.524448619733448e-08, 2.0617207496798073e-08]",O,"[1.0, 1.7229050186529093e-08, 5.2140642498033074e-11]",O,"[1.0, 0.0, 0.0]"
1365,1365,213258647,unit 1 was travelling east on i-480 when he hydroplaned and lost control of the vehicle. the vehicle left the roadway and flipped on its side before coming to rest.,20213258647,2021,O,12/1/2021 0:00,12,SCUYIR00480**C,S,CUY,12.04,41.425004,-81.753517,9246,17668.0,12/27/2021 0:00,17,2,N,2.0,N,Y,1.0,6,0,,0556c014-751f-4644-b406-8cdd4a55d8b5,dc60e062-5bb7-4943-a531-875a8c24e103,Y,12.04,SCUYIR00480**C,N,3,2120182085,1,12,N,1,0,1,BROOKLYN,1,E,Y,N,8.0,Y,0.002,,N,,N,BROOKLYN,N,,0,,,,480,IR,,142.0,N,,,,2,,,,,N,N,N,0,0,N,1.0,0,2,1,,35024.0,N,14.344,34,Y,1,4,3,1,M,N,N,N,0,4,0,1,0,60,1,13,0,0,0,0,0,1,6,NT,4,50,,,,,,,,,,,,,,,,,,,,,,,,,,,,,,,,,,0,4,,unit1 travelling hydroplaned lost control vehicle . vehicle left roadway flipped side coming rest .,C,"[0.07296803593635559, 0.8504884243011475, 0.07654353976249695]",C,"[0.020193887874484062, 0.9778755903244019, 0.0019305598689243197]",C,"[0.050445556640625, 0.93701171875, 0.01255035400390625]"