,id,OBJECTID,Narrative,DOCUMENT_NBR,CRASH_YR,CRASH_SEVERITY_CD,CRASH_MONTH_YEAR,DISTRICT_NBR,NLFID,NLF_JUR_CD,NLF_COUNTY_CD,COUNTY_LOG_NBR,ODOT_LATITUDE_NBR,ODOT_LONGITUDE_NBR,ODOT_FIPS_CD,AREA_CODE,CRASH_DATE,CRASH_TYPE_CD,DAY_IN_WEEK_CD,DISTRACTED_DRIVER_IND,FACILITY_TYPE_CD,FHWA_RDWY_DEPARTURE_IND,FREEWAY_IND,FUNCTIONAL_CLASS_CD,HOUR_OF_CRASH,INCAPAC_INJURIES_NBR,INTERCHANGE_ID,INTERSECTION_ID_CURRENT,INTERSECTION_LEG_ID,INTERSTATE_IND,INV_LOG_NBR,INV_NLFID,IS_COMMERCIAL_RELATED,LIGHT_COND_PRIMARY_CD,LOCAL_REPORT_NUMBER_ID,MAINTENANCE_AUTHORITY_CD,MONTH_OF_CRASH,NHS_CD,NO_INJURY_REPORTED_NBR,NON_INCAPAC_INJURIES_NBR,NUMBER_OF_UNITS_NBR,ODOT_CITY_VILLAGE_TWP_NME,ODOT_CRASH_LOCATION_CD,ODOT_DIR_FROM_REF_CD,ODOT_DIV_UNDIV_IND,ODOT_INTERSECTION_REL_IND,ODOT_LANES_NBR,ODOT_MAINTAINED_HWY_IND,ODOT_MILES_FROM_REF_NBR,ODOT_REF_ROUTE_PREFIX_CD,ODOT_YOUNG_DRIVER_IND,ODPS_ADDRESS_REFERENCE,ODPS_ALCOHOL_IND,ODPS_CITY_VILLAGE_TWP_NME,ODPS_DRUG_IND,ODPS_LOC_DIR_SUFFIX_CD,ODPS_LOC_IN_WORK_ZONE_CD,ODPS_LOC_ROAD_DIRECTION_CD,ODPS_LOC_ROAD_NME,ODPS_LOC_ROAD_SUFFIX_CD,ODPS_LOC_ROUTE_ID,ODPS_LOC_ROUTE_PREFIX_CD,ODPS_LOC_ROUTE_SUFFIX_CD,ODPS_MILEPOST_REFERENCE,ODPS_MOTORCYCLE_IND,ODPS_REF_DIR_SUFFIX_CD,ODPS_REF_DIRECTION_CD,ODPS_REF_GIVEN,ODPS_REF_POINT_USED_CD,ODPS_REF_ROUTE_ID,ODPS_REF_ROUTE_PREFIX_CD,ODPS_REF_ROUTE_SUFFIX_CD,ODPS_REF_SUFFIX_CD,ODPS_SCHOOL_ZONE_IND,ODPS_SENIOR_DRIVER_IND,ODPS_SPEED_IND,ODPS_TOTAL_FATALITIES_NBR,ODPS_TYPE_OF_WORK_ZONE_CD,ODPS_WORK_ZONE_IND,OPER_ACCESS_CONTROL_CD,POSSIBLE_INJURIES_NBR,ROAD_COND_PRIMARY_CD,ROAD_CONTOUR_CD,SA_RAMP_ID,SA_SEGMENT_ID,SECONDARY_CRASH,STATE_TRUE_LOG_NBR,U1_AGE_NBR,U1_AT_FAULT_IND,U1_CONT_CIR_PRIMARY_CD,U1_DIRECTION_FROM_CD,U1_DIRECTION_TO_CD,U1_DISTRACTED_BY_1_CD,U1_GENDER_CD,U1_IS_ALCOHOL_SUSPECTED,U1_IS_MARIJUANA_SUSPECTED,U1_IS_OTHER_DRUG_SUSPECTED,U1_NON_MOTORIST_LOC_CD,U1_NUMBER_OF_THRU_LANES,U1_OBJECT_STRUCK,U1_ODPS_UNIT_NBR,U1_OPERATINGIN_AUTONOMOUS_MODE,U1_POSTED_SPEED_NBR,U1_PRECRASH_ACTION_CD,U1_SEQ_OF_EVENTS_1_CD,U1_SEQ_OF_EVENTS_2_CD,U1_SEQ_OF_EVENTS_3_CD,U1_SEQ_OF_EVENTS_4_CD,U1_SEQ_OF_EVENTS_5_CD,U1_SEQ_OF_EVENTS_6_CD,U1_SPECIAL_FUNCTION_CD,U1_TRAFFIC_CONTROL_CD,U1_TURN_CD,U1_TYPE_OF_UNIT_CD,U1_UNIT_SPEED_NBR,U2_AGE_NBR,U2_CONT_CIR_PRIMARY_CD,U2_DIRECTION_FROM_CD,U2_DIRECTION_TO_CD,U2_DISTRACTED_BY_1_CD,U2_GENDER_CD,U2_NON_MOTORIST_LOC_CD,U2_ODPS_UNIT_NBR,U2_POSTED_SPEED_NBR,U2_PRECRASH_ACTION_CD,U2_SEQ_OF_EVENTS_1_CD,U2_SEQ_OF_EVENTS_2_CD,U2_SEQ_OF_EVENTS_3_CD,U2_SEQ_OF_EVENTS_4_CD,U2_SEQ_OF_EVENTS_5_CD,U2_SEQ_OF_EVENTS_6_CD,U2_SPECIAL_FUNCTION_CD,U2_TRAFFIC_CONTROL_CD,U2_TURN_CD,U2_TYPE_OF_UNIT_CD,U2_UNIT_SPEED_NBR,U3_CONT_CIR_PRIMARY_CD,U3_ODPS_UNIT_NBR,U3_PRECRASH_ACTION_CD,U3_SEQ_OF_EVENTS_1_CD,U3_SEQ_OF_EVENTS_2_CD,U3_SEQ_OF_EVENTS_3_CD,U3_SEQ_OF_EVENTS_4_CD,U3_SEQ_OF_EVENTS_5_CD,U3_SEQ_OF_EVENTS_6_CD,U3_SPECIAL_FUNCTION_CD,U3_TRAFFIC_CONTROL_CD,U3_TYPE_OF_UNIT_CD,UNRESTRAIN_OCCUPANTS,WEATHER_COND_CD,V1,clean_Narrative,BERT_predictions,BERT_prediction_probabilities,RoBERTa_predictions,RoBERTa_predictions_probabilities,distilBERT_predictions,distilBERT_predictions_probabilities
1366,1366,213260544,"the crash occurred on the 17th avenue exit offramp on i-71 southbound. unit #1 was travelling southbound on i-71 when the driver claims he his car hydroplaned, causing him to lose control and crash into the guardrail. the driver did not suffer any injuries. a tow truck towed the driver's vehicle to a private tow lot at the owner's request. the driver was driven from the scene by the tow truck driver. the guardrail suffered some damage from the crash. odot was notified.",20213260544,2021,O,12/1/2021 0:00,6,SFRAIR00071**C,S,FRA,20.26,40.003106,-82.984428,18000,19234.0,12/27/2021 0:00,13,2,N,2.0,Y,Y,1.0,5,0,28400.0,3e48dbf8-134c-460e-be66-e69df1ca9bde,65e4b2a8-a669-4765-87ae-b55f792db598,Y,20.26,SFRAIR00071**C,N,3,210974683,1,12,N,1,0,1,COLUMBUS,1,S,Y,N,6.0,Y,0.038,,N,,N,COLUMBUS,N,,0,,,,71,IR,,111.0,N,,,111,2,,,,,N,N,N,0,0,N,1.0,0,2,1,,42826.0,N,111.304,37,Y,1,1,2,1,M,N,N,N,0,4,30,1,0,65,1,30,0,0,0,0,0,1,6,NT,1,55,,,,,,,,,,,,,,,,,,,,,,,,,,,,,,,,,,0,4,,"crash occurred exit offramp . unit1 travelling driver claims car hydroplaned , causing lose control crash guardrail . driver suffer injuries . tow truck towed driver 's vehicle private tow lot owner 's request . driver driven scene tow truck driver . guardrail suffered damage crash . odot notified .",O,"[0.9999998807907104, 6.209509706422978e-08, 1.6867312879753626e-08]",O,"[1.0, 4.00609156958609e-10, 9.822916406058285e-14]",O,"[1.0, 0.0, 0.0]"
1367,1367,213262086,unit 1 was northbound on interstate 77. unit 1 hydroplaned and ran of the road left hitting the median cable barriers.,20213262086,2021,O,12/1/2021 0:00,4,SSUMIR00077**C,S,SUM,3.55,40.952359,-81.452838,31860,766.0,12/28/2021 0:00,13,3,N,2.0,Y,Y,1.0,18,0,,,,Y,3.55,SSUMIR00077**C,N,4,2021-00073156,1,12,N,1,0,1,GREEN,1,,Y,N,6.0,Y,0.0,,N,,N,GREEN,N,,0,,,,77,IR,,117.0,N,,,117,2,,,,,N,N,N,0,0,N,1.0,0,3,1,,39613.0,N,117.072,35,Y,11,2,1,1,F,N,N,N,0,3,33,1,0,65,1,9,33,0,0,0,0,1,6,NT,1,55,,,,,,,,,,,,,,,,,,,,,,,,,,,,,,,,,,0,5,,unit1 interstate . unit1 hydroplaned ran left hitting median cable barriers .,C,"[0.14166516065597534, 0.834696352481842, 0.023638464510440826]",C,"[0.21364741027355194, 0.7856194376945496, 0.0007331526721827686]",O,"[0.9912109375, 0.0087127685546875, 0.0002779960632324219]"
1368,1368,213263446,"unit#1 was traveling eastbound on smith rd near budd ave. unit#1 driver explained that she was going approximately 20 mph and hydroplaned, then traveled off the left side of the roadway, striking a fire hydrant in front of 702 smith rd.",20213263446,2021,O,12/1/2021 0:00,3,TASDTR01426**C,T,ASD,3.147,40.857939,-82.324312,2568,99703.0,12/6/2021 0:00,13,2,N,,Y,N,5.0,7,0,,,,N,3.147,TASDTR01426**C,N,1,21-72845,4,12,,1,0,1,ASHLAND,1,,N,N,2.0,N,0.0,,Y,702,N,ASHLAND,N,,0,,SMITH,RD,,,,,N,,,702ND,3,,,,,N,N,N,0,0,N,,0,2,3,,240811.0,N,3.147,20,Y,99,4,3,1,F,N,N,N,0,2,49,1,2,25,9,9,49,0,0,0,0,1,6,NT,1,20,,,,,,,,,,,,,,,,,,,,,,,,,,,,,,,,,,0,4,,"unit1 traveling smith near budd . unit1 driver explained going approximately mph hydroplaned , traveled left side roadway , striking fire hydrant front smith .",O,"[0.9999996423721313, 3.0304181564133614e-07, 3.6305848993833933e-08]",O,"[0.9999480247497559, 5.0547132559586316e-05, 1.4030149486643495e-06]",O,"[1.0, 0.0, 0.0]"
1369,1369,213263620,"on 11-25-2021, r/o was dispatched to 9303 e. kemper rd for a single vehicle auto crash. the driver of unit #1 was traveling east bound going down the hill at an unsafe speed. the driver of unit #1 hydroplaned and struck a guardrail faceÃÂÃÂ¨ÃÂÃÂ¨ to the right and continued across the opposite lane of travel and struck a wall. the driver of unit #1 and the occupants stated no injuries on scene and refused medical treatment. loveland/ symmes fire medic #60 on scene. the guardrail and wall showed no signs of damage. the wall and guardrail belong to symmes township 9323 union cemetery rd. symmes township, oh 45140",20213263620,2021,O,11/1/2021 0:00,8,CHAMCR00280**C,C,HAM,1.709,39.257451,-84.304459,76028,16885.0,11/25/2021 0:00,13,5,N,,Y,N,5.0,19,0,,,,N,1.709,CHAMCR00280**C,N,4,CR-2021-002894,2,11,,3,0,1,SYMMES TOWNSHIP,1,,N,N,2.0,N,0.0,,Y,9303,N,SYMMES TOWNSHIP,N,,0,,KEMPER,RD,,,,,N,,,,3,,,,,N,N,Y,0,0,N,,0,2,4,,83433.0,N,1.709,16,Y,5,4,3,1,F,N,N,N,0,2,51,1,2,15,1,8,30,11,9,51,0,1,6,NT,3,40,,,,,,,,,,,,,,,,,,,,,,,,,,,,,,,,,,0,1,,", r dispatched kemper single vehicle auto crash . driver unit1 traveling going hill unsafe speed . driver unit1 hydroplaned struck guardrail faceÃÂÃÂ¨ÃÂÃÂ¨ continued across opposite travel struck wall . driver unit1 occupants stated injuries scene refused medical treatment . loveland symmes fire medic scene . guardrail wall showed signs damage . wall guardrail belong symmes township union cemetery symmes township , oh",C,"[0.15083009004592896, 0.8471758365631104, 0.001994088524952531]",O,"[0.999993085861206, 6.8094000198470894e-06, 1.0815909945449675e-07]",C,"[0.016143798828125, 0.97607421875, 0.007843017578125]"
1370,1370,213264831,"unit #1 was west bound on i-76 when she hydroplaned and crashed into the wire guardrail in the median.reference point grandview road overpassa 123' metal guardrail post brokenb 176' 6'0"""" bumperc 176' metal guardrail post brokend 182' metal guardrail post brokene 182"""" metal guardrail post brokenf 198' metal guardrail post brokeng 213' metal guardrail post brokenh 228' metal guardrail post brokeni 243' metal guardrail post brokenj 258' metal guardrail post brokenk 263' 3'11"""" driver front tirel 272' 2'10"""" driver rear tireno airbag deploymentrear tires slickdrivers seatbelt not locked out.",20213264831,2021,O,7/1/2021 0:00,4,CMAHCR00033**C,C,MAH,0.369,41.101133,-80.989518,50638,99999.0,7/8/2021 0:00,13,5,N,,N,N,7.0,15,0,,,,N,0.369,CMAHCR00033**C,N,1,21MT01178,2,7,,1,0,1,MILTON TOWNSHIP,1,W,N,N,2.0,N,0.05,TR,Y,,N,MILTON TOWNSHIP,N,,0,,I 76 W,,76,IR,,,N,,,GRANDVIEW,1,33,CR,,RD,N,N,Y,0,0,N,,0,2,2,,52347.0,N,0.369,21,Y,5,3,4,1,F,N,N,N,0,2,34,1,0,65,1,13,9,34,0,0,0,1,6,NT,1,65,,,,,,,,,,,,,,,,,,,,,,,,,,,,,,,,,,1,4,,unit1 hydroplaned crashed wire guardrail median.reference point grandview overpassa ' metal guardrail post brokenb ' ' '' '' bumperc ' metal guardrail post brokend ' metal guardrail post brokene `` '' metal guardrail post brokenf ' metal guardrail post brokeng ' metal guardrail post brokenh ' metal guardrail post brokeni ' metal guardrail post brokenj ' metal guardrail post brokenk ' ' '' '' driver front tirel ' ' '' '' driver rear tireno airbag deploymentrear tires slickdrivers seatbelt locked .,O,"[0.7703327536582947, 0.19203831255435944, 0.03762894868850708]",O,"[0.9643905162811279, 0.035608384758234024, 1.1372618473615148e-06]",O,"[0.9990234375, 0.0008897781372070312, 9.59634780883789e-05]"
1371,1371,213264961,unit 1 was traveling northbound on fallis rd when negotiating a curve failed to maintain reasonable control and hydroplaned turning 180 degrees facing the opposite direction. unit 1 went off the roadway to the left sliding down the embankment striking the bottom of the embankment / creek bed with the right rear bumper and then rolling over on its top. the driver of unit 1 denied any injuries and refused medical treatment.,20213264961,2021,O,12/1/2021 0:00,8,CHAMCR00295**C,C,HAM,0.446,39.278136,-84.264663,76028,16885.0,12/30/2021 0:00,13,5,N,,Y,N,7.0,11,0,,,,N,0.446,CHAMCR00295**C,N,1,CR-2021-003239,2,12,,1,0,1,SYMMES TOWNSHIP,1,,N,N,2.0,N,0.0,,Y,10554,N,SYMMES TOWNSHIP,N,,0,,FALLIS,RD,,,,,N,,,,3,,,,,N,N,N,0,0,N,,0,2,4,,84114.0,N,0.446,19,Y,11,2,1,1,M,N,N,N,0,2,45,1,2,35,13,9,45,1,0,0,0,1,6,NT,1,0,,,,,,,,,,,,,,,,,,,,,,,,,,,,,,,,,,0,2,,unit1 traveling fallis negotiating curve failed maintain reasonable control hydroplaned turning degrees facing opposite direction . unit1 went roadway left sliding embankment striking bottom embankment creek bed rear bumper rolling top . driver unit1 denied injuries refused medical treatment .,O,"[0.999992847442627, 6.773329459974775e-06, 4.1185586496794713e-07]",O,"[0.9999957084655762, 4.268366865289863e-06, 5.5698166079309885e-09]",O,"[1.0, 5.960464477539062e-07, 0.0]"
1372,1372,213266403,"the driver of unit #1 was unresponsive and could not be questioned. the driver of unit #2 stated that unit #1 struck his vehicle before striking the right concrete wall. the witness stated that unit #1 was trying to pass unit #2 when he possibly hydroplaned before striking unit #2 and then striking the right concrete wall. the driver of unit #1 was transported to grant in critical condition, but it was not known what his injuries were.",20213266403,2021,AB,9/1/2021 0:00,6,SFRAIR00071**C,S,FRA,17.952,39.96959,-82.983561,18000,19234.0,9/15/2021 0:00,5,4,N,2.0,N,Y,1.0,14,1,28200.0,,,Y,17.952,SFRAIR00071**C,N,1,210699633,1,9,N,1,0,2,COLUMBUS,1,N,Y,N,6.0,Y,0.038,,N,,N,COLUMBUS,N,,0,,I 71 N,,71,IR,,,N,,,SPRING,1,,,,ST,N,N,Y,0,0,N,1.0,0,2,1,,91002.0,N,108.996,62,Y,9,2,1,1,M,N,N,N,0,3,0,1,0,55,3,20,0,0,0,0,0,1,6,NT,1,0,37.0,1.0,2.0,1.0,1.0,M,,2.0,55.0,1.0,20.0,,,,,,1.0,6.0,NT,1.0,70.0,,,,,,,,,,,,,0,4,,"driver unit1 unresponsive could questioned . driver unit2 stated unit1 struck vehicle striking concrete wall . witness stated unit1 trying pass unit2 possibly hydroplaned striking unit2 striking concrete wall . driver unit1 transported grant critical condition , known injuries .",AB,"[3.96164341509575e-06, 5.810978564113611e-06, 0.9999902248382568]",AB,"[7.790815175212629e-07, 4.7936591727193445e-06, 0.9999943971633911]",AB,"[9.5367431640625e-07, 4.172325134277344e-07, 1.0]"
1373,1373,213267231,unit #1 was south on i71 in the left lane and hydroplaned due to the wet conditions and struck unit #2 in the lane to the right of him also going south,20213267231,2021,O,10/1/2021 0:00,8,SHAMIR00071**N,S,HAM,3.051,39.122823,-84.497961,15000,16885.0,10/24/2021 0:00,5,1,N,2.0,N,Y,1.0,11,0,,,,Y,2.949,SHAMIR00071**C,N,1,215014252,1,10,N,2,0,2,CINCINNATI,1,,Y,N,9.0,Y,0.0,,Y,,N,CINCINNATI,N,,0,,,,71,IR,,3.0,N,,,3 0,2,,,,,N,N,N,0,0,N,2.0,0,2,1,,56682.0,N,3.051,21,Y,99,1,2,1,M,N,N,N,0,4,0,1,2,55,1,20,0,0,0,0,0,1,6,NT,1,55,44.0,1.0,1.0,2.0,1.0,F,,2.0,55.0,1.0,20.0,,,,,,1.0,6.0,NT,3.0,55.0,,,,,,,,,,,,,0,4,,unit1 left hydroplaned due wet conditions struck unit2 also going,O,"[0.9999997615814209, 2.3592328091126546e-07, 3.473227749850594e-08]",O,"[0.9999676942825317, 3.217492485418916e-05, 1.111700385081349e-07]",O,"[1.0, 9.459257125854492e-05, 7.212162017822266e-06]"
1374,1374,213270278,unit #1 northbound 75 right lane. unit #2 northbound 75 in 2nd right lane. unit #1 hydroplaned into the path of unit #2 causing crash. no injuries. no vehicles towed from scene.,20213270278,2021,O,5/1/2021 0:00,2,SLUCIR00075**C,S,LUC,2.084,41.646563,-83.548478,77000,87868.0,5/9/2021 0:00,5,1,N,2.0,N,Y,1.0,11,0,,,,Y,2.084,SLUCIR00075**C,N,1,215005742,1,5,N,2,0,2,TOLEDO,1,,Y,N,4.0,Y,0.0,,N,,N,CINCINNATI,N,,0,,,,75,IR,,2.1,N,,,2 1,2,,,,,N,N,Y,0,0,N,1.0,0,2,2,,45365.0,N,201.666,53,Y,5,2,1,1,M,N,N,N,0,4,0,1,2,55,1,20,0,0,0,0,0,1,6,NT,1,55,56.0,1.0,2.0,1.0,1.0,M,,2.0,55.0,1.0,20.0,,,,,,1.0,6.0,NT,3.0,50.0,,,,,,,,,,,,,0,4,,unit1 . unit2 . unit1 hydroplaned path unit2 causing crash . injuries . vehicles towed scene .,O,"[0.999674916267395, 0.00030124554177746177, 2.3783790311426856e-05]",O,"[0.8477782607078552, 0.07740230113267899, 0.07481952011585236]",O,"[1.0, 4.172325134277344e-07, 3.5762786865234375e-07]"
1375,1375,213270293,unit #1 was west on i 277 west in the middle lane. unit #2 was west on i 277 west in the right lane. unit #1 hydroplaned and struck unit #2. the impact sent unit #2 into the cement median on the right side of the road. unit #1 was cited for fail to control.,20213270293,2021,C,7/1/2021 0:00,4,SSUMIR00277**N,S,SUM,2.971,41.024641,-81.516533,1000,766.0,7/11/2021 0:00,5,1,N,2.0,Y,Y,1.0,14,0,,,,Y,2.99,SSUMIR00277**C,N,1,2021-00087254,1,7,N,1,0,2,AKRON,1,,Y,N,6.0,Y,0.0,,N,,N,AKRON,N,,0,,,,277,IR,,,N,,,GLENMOUNT,1,,,,AVE,N,Y,N,0,0,N,1.0,4,2,1,,56954.0,N,2.971,70,Y,99,3,4,1,M,N,N,N,0,3,0,1,0,60,99,20,0,0,0,0,0,1,6,NT,4,60,70.0,1.0,3.0,4.0,1.0,M,,2.0,60.0,1.0,8.0,35.0,35.0,,,,1.0,6.0,NT,2.0,50.0,,,,,,,,,,,,,0,4,,unit1 middle . unit2 . unit1 hydroplaned struck unit2 . impact sent unit2 cement median side . unit1 cited fail control .,C,"[0.002350988332182169, 0.9965071082115173, 0.0011418000794947147]",C,"[0.01825311779975891, 0.8209300637245178, 0.16081683337688446]",C,"[0.0015268325805664062, 0.97705078125, 0.021240234375]"
1376,1376,215000157,unit #1 was traveling southbound on ir 275 and hydroplaned on the wet pavement. unit #1 continued off the right side of the road and struck a guardrail.,20215000157,2021,O,1/1/2021 0:00,8,SCLEIR00275**C,S,CLE,3.01,39.204906,-84.263166,49322,16885.0,1/1/2021 0:00,13,6,N,2.0,Y,Y,1.0,9,0,,,,Y,3.01,SCLEIR00275**C,N,1,13-0003-13,1,1,N,1,0,1,MIAMI TOWNSHIP,1,N,Y,N,6.0,Y,0.02,,N,,N,MIAMI TOWNSHIP,N,,0,,,,275,IR,,56.0,N,,,56,2,,,,,N,N,Y,0,0,N,1.0,0,2,2,,45545.0,N,55.677,41,Y,5,1,2,1,M,N,N,N,0,3,30,1,0,65,1,30,30,8,0,0,0,1,6,NT,4,65,,,,,,,,,,,,,,,,,,,,,,,,,,,,,,,,,,0,4,,unit1 traveling hydroplaned wet pavement . unit1 continued side struck guardrail .,O,"[0.9999994039535522, 5.815081181026471e-07, 5.642282374651586e-08]",O,"[0.9999959468841553, 4.067653208039701e-06, 3.322715258491371e-08]",O,"[1.0, 0.00012934207916259766, 6.020069122314453e-06]"
1377,1377,215000158,unit #1 was traveling northbound on ir 275 and hydroplaned on the wet pavement. unit #1 continued off the right side of the road striking the guardrail twice before coming to rest in the grass.,20215000158,2021,O,1/1/2021 0:00,8,SCLEIR00275**N,S,CLE,9.117,39.119148,-84.276364,78288,16885.0,1/1/2021 0:00,13,6,N,2.0,Y,Y,1.0,11,0,,,,Y,9.115,SCLEIR00275**C,N,1,13-0005-13,1,1,N,1,0,1,UNION TOWNSHIP,1,S,Y,N,6.0,Y,0.095,,Y,,N,UNION TOWNSHIP,N,,0,,,,275,IR,,62.0,N,,,62,2,,,,,N,N,N,0,0,N,1.0,0,2,1,,91412.0,N,61.784,19,Y,18,2,1,1,F,N,N,N,0,3,30,1,0,65,1,8,30,8,30,0,0,1,6,NT,1,50,,,,,,,,,,,,,,,,,,,,,,,,,,,,,,,,,,0,4,,unit1 traveling hydroplaned wet pavement . unit1 continued side striking guardrail twice coming rest grass .,O,"[0.8965518474578857, 0.09675274044275284, 0.0066953981295228004]",O,"[0.999992847442627, 7.211107003968209e-06, 5.1775757015093404e-08]",C,"[0.0222930908203125, 0.97412109375, 0.003326416015625]"
1378,1378,215000159,unit #1 was traveling eastbound on ir-275 and hydroplaned on standing water on a bridge. unit #1 continued off the right side of the road striking the concrete wall before coming to rest in the roadway.,20215000159,2021,O,1/1/2021 0:00,8,SCLEIR00275**C,S,CLE,0.02,39.238018,-84.296783,49322,16885.0,1/1/2021 0:00,13,6,N,2.0,Y,Y,1.0,12,0,,,,Y,0.02,SCLEIR00275**C,N,1,13-0006-13,1,1,N,1,0,1,MIAMI TOWNSHIP,1,W,Y,N,6.0,Y,0.01,,N,,N,MIAMI TOWNSHIP,N,,0,,,,275,IR,,53.0,N,,,53,2,,,,,N,N,Y,0,0,N,1.0,0,2,2,,121908.0,N,52.687,44,Y,18,4,3,1,M,N,N,N,0,3,51,1,0,65,1,8,51,0,0,0,0,1,6,NT,3,68,,,,,,,,,,,,,,,,,,,,,,,,,,,,,,,,,,0,4,,unit1 traveling ir hydroplaned standing water bridge . unit1 continued side striking concrete wall coming rest roadway .,O,"[0.9601470828056335, 0.034421712160110474, 0.005431311670690775]",O,"[0.991309642791748, 0.00855446606874466, 0.000135940543259494]",O,"[1.0, 0.0, 0.0]"
1379,1379,215000501,unit 1 was traveling west on us 20 and hydroplaned causing the vehicle to travel off the left side of the road and strike a raised concrete median.,20215000501,2021,O,1/1/2021 0:00,3,SLORUS00020**N,S,LOR,14.541,41.325252,-82.089441,12140,51364.0,1/1/2021 0:00,13,6,N,2.0,Y,Y,2.0,15,0,,,,N,14.537,SLORUS00020**C,N,1,47-0003-47,1,1,N,1,0,1,CARLISLE TOWNSHIP,1,E,Y,N,4.0,Y,0.5,,Y,,N,CARLISLE TOWNSHIP,N,,0,,,,20,US,,14.0,N,,,14,2,,,,,N,N,N,0,0,N,1.0,0,2,1,,260695.0,N,160.4,21,Y,11,3,4,1,F,N,N,N,0,2,35,1,0,65,1,35,9,0,0,0,0,1,6,NT,1,65,,,,,,,,,,,,,,,,,,,,,,,,,,,,,,,,,,0,4,,unit1 traveling us hydroplaned causing vehicle travel left side strike raised concrete median .,O,"[0.6619666814804077, 0.33047807216644287, 0.007555244490504265]",O,"[0.9759382605552673, 0.023761697113513947, 0.0003000550495926291]",O,"[1.0, 8.52346420288086e-06, 8.940696716308594e-07]"
1380,1380,215005827,"unit# 1 was eastbound on the ohio turnpike at the 119.1 milepost in the left lane. unit# 1 hydroplaned on the wet roadway, jackknifed and traveled off the right side of the roadway. unit# 1 struck a delineator post and then the ditch.",20215005827,2021,O,1/1/2021 0:00,3,SERIIR00080*KC,S,ERI,12.998,41.324429,-82.598075,50148,99999.0,1/15/2021 0:00,13,6,N,2.0,N,Y,1.0,12,0,,,,Y,12.998,SERIIR00080*KC,N,1,90-0021-22,31,1,N,2,0,1,MILAN TOWNSHIP,1,E,Y,N,6.0,N,0.1,,N,,N,MILAN TOWNSHIP,N,,0,,,,80,IR,K,119.0,N,,,119,2,,,,,N,N,N,0,0,N,1.0,0,2,3,,34687.0,N,119.114,50,Y,18,4,3,1,M,N,N,N,0,3,44,1,0,70,1,4,8,41,44,0,0,1,6,NT,3,70,,,,,,,,,,,,,,,,,,,,,,,,,,,,,,,,,,0,4,,"unit ohio turnpike . milepost left . unit hydroplaned wet roadway , jackknifed traveled side roadway . unit struck delineator post ditch .",O,"[0.9999997615814209, 2.278272859257413e-07, 3.882217924910947e-08]",O,"[1.0, 1.7637658444868975e-08, 3.008421983752285e-11]",O,"[1.0, 0.0, 0.0]"
1381,1381,215011311,unit #1 was traveling northbound on ir 275 and hydroplaned on the wet pavement. unit #1 spun around and traveled off the right side of the road through a ditch before coming to rest on an embankment.,20215011311,2021,O,1/1/2021 0:00,8,SCLEIR00275**N,S,CLE,8.057,39.132556,-84.266875,78288,16885.0,1/25/2021 0:00,13,2,N,2.0,Y,Y,1.0,12,0,,,,Y,8.05,SCLEIR00275**C,N,1,13-0113-13,1,1,N,1,0,1,UNION TOWNSHIP,1,S,Y,N,6.0,Y,0.02,,N,,N,UNION TOWNSHIP,N,,0,,,,275,IR,,61.0,N,,,61,2,,,,,N,N,Y,0,0,N,1.0,0,2,1,,91412.0,N,60.724,58,Y,5,2,1,1,M,N,N,N,0,3,44,1,0,65,1,8,44,45,0,0,0,1,6,NT,1,0,,,,,,,,,,,,,,,,,,,,,,,,,,,,,,,,,,0,4,,unit1 traveling hydroplaned wet pavement . unit1 spun around traveled side ditch coming rest embankment .,O,"[0.9992368221282959, 0.0007201379630714655, 4.298938438296318e-05]",O,"[0.9999954700469971, 4.577663730742643e-06, 2.4553763466883538e-08]",O,"[1.0, 1.7881393432617188e-07, 0.0]"
1382,1382,215030740,"unit 1 was driving northbound on garner road. unit 1 drove through high water, hydroplaned, drove off the left side of the road, struck a embankment, a tree and then overturned.",20215030740,2021,O,2/1/2021 0:00,9,TBROTR00100**C,T,BRO,0.699,39.24955,-83.981277,61770,99999.0,2/23/2021 0:00,13,3,N,,N,N,7.0,15,0,,,,N,0.699,TBROTR00100**C,N,1,08-0176-08,3,2,,1,0,1,PERRY TOWNSHIP,1,S,N,N,2.0,N,0.2,,Y,,N,PERRY TOWNSHIP,N,,0,,GARNER,RD,,,,,N,,,FAYETTEVILLE BLANCHESTER,1,,,,RD,N,N,Y,0,0,N,,0,6,1,,209752.0,N,0.699,25,Y,5,2,1,1,M,N,N,N,0,2,48,1,0,55,1,99,9,45,48,1,0,1,6,NT,1,45,,,,,,,,,,,,,,,,,,,,,,,,,,,,,,,,,,1,1,,"unit1 driving garner . unit1 drove high water , hydroplaned , drove left side , struck embankment , tree overturned .",C,"[0.05731404572725296, 0.902130663394928, 0.04055524989962578]",C,"[0.013225630857050419, 0.8874020576477051, 0.09937231987714767]",O,"[0.78369140625, 0.20556640625, 0.01104736328125]"
1383,1383,215030869,"unit #1 was traveling southbound on ir-275 and hydroplaned on the wet roadway. unit #1 traveled off the left side of the road striking the cable barrier, before going back across and off the right side of the road striking a guardrail.",20215030869,2021,O,2/1/2021 0:00,8,SHAMIR00275**C,S,HAM,35.057,39.238367,-84.297117,76028,16885.0,2/28/2021 0:00,13,1,N,2.0,Y,Y,1.0,10,0,,,,Y,35.057,SHAMIR00275**C,N,1,13-0288-13,1,2,N,1,0,1,SYMMES TOWNSHIP,1,N,Y,N,6.0,Y,0.04,,N,,N,MIAMI TOWNSHIP,N,,0,,,,275,IR,,53.0,N,,,53,2,,,,,N,Y,Y,0,0,N,1.0,0,2,1,,47366.0,N,52.657,69,Y,5,1,2,1,M,N,N,N,0,3,30,1,0,65,1,9,33,8,30,0,0,1,6,NT,3,65,,,,,,,,,,,,,,,,,,,,,,,,,,,,,,,,,,0,4,,"unit1 traveling ir hydroplaned wet roadway . unit1 traveled left side striking cable barrier , going back across side striking guardrail .",O,"[0.9999818801879883, 1.7057980585377663e-05, 1.084949303731264e-06]",O,"[0.9997568726539612, 0.00023977772798389196, 3.298544470453635e-06]",O,"[1.0, 1.0967254638671875e-05, 5.364418029785156e-07]"