,id,OBJECTID,Narrative,DOCUMENT_NBR,CRASH_YR,CRASH_SEVERITY_CD,CRASH_MONTH_YEAR,DISTRICT_NBR,NLFID,NLF_JUR_CD,NLF_COUNTY_CD,COUNTY_LOG_NBR,ODOT_LATITUDE_NBR,ODOT_LONGITUDE_NBR,ODOT_FIPS_CD,AREA_CODE,CRASH_DATE,CRASH_TYPE_CD,DAY_IN_WEEK_CD,DISTRACTED_DRIVER_IND,FACILITY_TYPE_CD,FHWA_RDWY_DEPARTURE_IND,FREEWAY_IND,FUNCTIONAL_CLASS_CD,HOUR_OF_CRASH,INCAPAC_INJURIES_NBR,INTERCHANGE_ID,INTERSECTION_ID_CURRENT,INTERSECTION_LEG_ID,INTERSTATE_IND,INV_LOG_NBR,INV_NLFID,IS_COMMERCIAL_RELATED,LIGHT_COND_PRIMARY_CD,LOCAL_REPORT_NUMBER_ID,MAINTENANCE_AUTHORITY_CD,MONTH_OF_CRASH,NHS_CD,NO_INJURY_REPORTED_NBR,NON_INCAPAC_INJURIES_NBR,NUMBER_OF_UNITS_NBR,ODOT_CITY_VILLAGE_TWP_NME,ODOT_CRASH_LOCATION_CD,ODOT_DIR_FROM_REF_CD,ODOT_DIV_UNDIV_IND,ODOT_INTERSECTION_REL_IND,ODOT_LANES_NBR,ODOT_MAINTAINED_HWY_IND,ODOT_MILES_FROM_REF_NBR,ODOT_REF_ROUTE_PREFIX_CD,ODOT_YOUNG_DRIVER_IND,ODPS_ADDRESS_REFERENCE,ODPS_ALCOHOL_IND,ODPS_CITY_VILLAGE_TWP_NME,ODPS_DRUG_IND,ODPS_LOC_DIR_SUFFIX_CD,ODPS_LOC_IN_WORK_ZONE_CD,ODPS_LOC_ROAD_DIRECTION_CD,ODPS_LOC_ROAD_NME,ODPS_LOC_ROAD_SUFFIX_CD,ODPS_LOC_ROUTE_ID,ODPS_LOC_ROUTE_PREFIX_CD,ODPS_LOC_ROUTE_SUFFIX_CD,ODPS_MILEPOST_REFERENCE,ODPS_MOTORCYCLE_IND,ODPS_REF_DIR_SUFFIX_CD,ODPS_REF_DIRECTION_CD,ODPS_REF_GIVEN,ODPS_REF_POINT_USED_CD,ODPS_REF_ROUTE_ID,ODPS_REF_ROUTE_PREFIX_CD,ODPS_REF_ROUTE_SUFFIX_CD,ODPS_REF_SUFFIX_CD,ODPS_SCHOOL_ZONE_IND,ODPS_SENIOR_DRIVER_IND,ODPS_SPEED_IND,ODPS_TOTAL_FATALITIES_NBR,ODPS_TYPE_OF_WORK_ZONE_CD,ODPS_WORK_ZONE_IND,OPER_ACCESS_CONTROL_CD,POSSIBLE_INJURIES_NBR,ROAD_COND_PRIMARY_CD,ROAD_CONTOUR_CD,SA_RAMP_ID,SA_SEGMENT_ID,SECONDARY_CRASH,STATE_TRUE_LOG_NBR,U1_AGE_NBR,U1_AT_FAULT_IND,U1_CONT_CIR_PRIMARY_CD,U1_DIRECTION_FROM_CD,U1_DIRECTION_TO_CD,U1_DISTRACTED_BY_1_CD,U1_GENDER_CD,U1_IS_ALCOHOL_SUSPECTED,U1_IS_MARIJUANA_SUSPECTED,U1_IS_OTHER_DRUG_SUSPECTED,U1_NON_MOTORIST_LOC_CD,U1_NUMBER_OF_THRU_LANES,U1_OBJECT_STRUCK,U1_ODPS_UNIT_NBR,U1_OPERATINGIN_AUTONOMOUS_MODE,U1_POSTED_SPEED_NBR,U1_PRECRASH_ACTION_CD,U1_SEQ_OF_EVENTS_1_CD,U1_SEQ_OF_EVENTS_2_CD,U1_SEQ_OF_EVENTS_3_CD,U1_SEQ_OF_EVENTS_4_CD,U1_SEQ_OF_EVENTS_5_CD,U1_SEQ_OF_EVENTS_6_CD,U1_SPECIAL_FUNCTION_CD,U1_TRAFFIC_CONTROL_CD,U1_TURN_CD,U1_TYPE_OF_UNIT_CD,U1_UNIT_SPEED_NBR,U2_AGE_NBR,U2_CONT_CIR_PRIMARY_CD,U2_DIRECTION_FROM_CD,U2_DIRECTION_TO_CD,U2_DISTRACTED_BY_1_CD,U2_GENDER_CD,U2_NON_MOTORIST_LOC_CD,U2_ODPS_UNIT_NBR,U2_POSTED_SPEED_NBR,U2_PRECRASH_ACTION_CD,U2_SEQ_OF_EVENTS_1_CD,U2_SEQ_OF_EVENTS_2_CD,U2_SEQ_OF_EVENTS_3_CD,U2_SEQ_OF_EVENTS_4_CD,U2_SEQ_OF_EVENTS_5_CD,U2_SEQ_OF_EVENTS_6_CD,U2_SPECIAL_FUNCTION_CD,U2_TRAFFIC_CONTROL_CD,U2_TURN_CD,U2_TYPE_OF_UNIT_CD,U2_UNIT_SPEED_NBR,U3_CONT_CIR_PRIMARY_CD,U3_ODPS_UNIT_NBR,U3_PRECRASH_ACTION_CD,U3_SEQ_OF_EVENTS_1_CD,U3_SEQ_OF_EVENTS_2_CD,U3_SEQ_OF_EVENTS_3_CD,U3_SEQ_OF_EVENTS_4_CD,U3_SEQ_OF_EVENTS_5_CD,U3_SEQ_OF_EVENTS_6_CD,U3_SPECIAL_FUNCTION_CD,U3_TRAFFIC_CONTROL_CD,U3_TYPE_OF_UNIT_CD,UNRESTRAIN_OCCUPANTS,WEATHER_COND_CD,V1,clean_Narrative,BERT_predictions,BERT_prediction_probabilities,RoBERTa_predictions,RoBERTa_predictions_probabilities,distilBERT_predictions,distilBERT_predictions_probabilities
1384,1384,215031270,unit 1 was southbound on sr 823 in the right lane. unit 1 hydroplaned and drove off the left side of the road. unit 1 struck the concrete barrier.,20215031270,2021,AB,2/1/2021 0:00,9,SSCISR00823**C,S,SCI,11.0,38.868108,-82.918587,64206,99999.0,2/28/2021 0:00,13,1,N,2.0,Y,N,3.0,9,0,,,,N,11.0,SSCISR00823**C,N,1,73-0220-73,1,2,N,0,1,1,PORTER TOWNSHIP,1,,Y,N,4.0,Y,0.0,,N,,N,MADISON TOWNSHIP,N,,0,,,,823,SR,,11.0,N,,,11,2,,,,,N,N,Y,0,0,N,1.0,0,2,1,,200732.0,N,11.0,49,Y,5,1,2,1,F,N,N,N,0,2,35,1,0,70,1,9,35,0,0,0,0,1,6,NT,1,60,,,,,,,,,,,,,,,,,,,,,,,,,,,,,,,,,,0,4,,unit1 . unit1 hydroplaned drove left side . unit1 struck concrete barrier .,O,"[0.7967050075531006, 0.18068623542785645, 0.022608790546655655]",C,"[0.3406580090522766, 0.6515270471572876, 0.007814962416887283]",O,"[0.88134765625, 0.111328125, 0.007389068603515625]"
1385,1385,215032598,unit 1 was traveling northbound on sr-335. unit 1 hydroplaned traveling off the left side of the roadway and overturned.,20215032598,2021,AB,2/1/2021 0:00,9,SPIKSR00335**C,S,PIK,4.9,39.011157,-82.847189,47824,99999.0,2/28/2021 0:00,16,1,N,2.0,Y,N,5.0,15,0,,,,N,4.9,SPIKSR00335**C,N,1,73-0222-66,1,2,,0,1,1,MARION TOWNSHIP,1,S,N,N,2.0,Y,0.1,,N,,N,MARION TOWNSHIP,N,,0,,,,335,SR,,5.0,N,,,5,2,,,,,N,N,Y,0,0,N,3.0,0,2,2,,195207.0,N,20.9,40,Y,5,2,1,1,M,N,N,N,0,2,0,1,0,55,1,11,9,1,0,0,0,1,6,NT,1,45,,,,,,,,,,,,,,,,,,,,,,,,,,,,,,,,,,0,2,,unit1 traveling sr. unit1 hydroplaned traveling left side roadway overturned .,C,"[0.010744127444922924, 0.969383180141449, 0.01987265981733799]",AB,"[0.02247510850429535, 0.3922010064125061, 0.5853238701820374]",C,"[0.13720703125, 0.73681640625, 0.1258544921875]"
1386,1386,215042131,unit #1 was on ir-71 northbound and disabled in the left lane from a prior crash. unit #2 was traveling northbound on ir-71. unit #2 attempted to make a lane change and began to hydroplane. unit #2 lost control of the vehicle and struck unit #1.,20215042131,2021,O,3/1/2021 0:00,8,SWARIR00071**C,S,WAR,1.469,39.308229,-84.298187,21238,16885.0,3/11/2021 0:00,7,5,N,2.0,Y,Y,1.0,19,0,,,,Y,1.469,SWARIR00071**C,N,4,31-0069-83,1,3,N,1,0,2,DEERFIELD TOWNSHIP,1,N,Y,N,8.0,Y,0.3,,Y,,N,DEERFIELD TOWNSHIP,N,,0,,,,71,IR,,21.0,N,,,21,2,,,,,N,N,Y,0,0,N,1.0,0,2,1,,56706.0,Y,21.369,22,Y,5,2,1,1,F,N,N,N,0,4,0,2,0,65,3,21,0,0,0,0,0,1,6,NT,3,70,,14.0,8.0,5.0,,,,1.0,65.0,10.0,20.0,,,,,,1.0,6.0,NT,1.0,0.0,,,,,,,,,,,,,0,4,,unit1 ir disabled left prior crash . unit2 traveling ir . unit2 attempted make change began hydroplane . unit2 lost control vehicle struck unit1 .,O,"[0.9701066017150879, 0.02855292335152626, 0.001340408343821764]",O,"[0.9877675771713257, 0.011868780478835106, 0.0003636537294369191]",O,"[0.9970703125, 0.0022430419921875, 0.00021600723266601562]"
1387,1387,215042667,"unit #1 was traveling east on interstate 70. unit #1 hydroplaned, slid off the left side of the roadway into the median striking a ditch.",20215042667,2021,C,3/1/2021 0:00,5,SMUSIR00070**C,S,MUS,4.76,39.946407,-82.137501,36372,99999.0,3/18/2021 0:00,13,5,N,2.0,Y,Y,1.0,8,0,,,,Y,4.76,SMUSIR00070**C,N,1,60-0221-60,1,3,N,0,0,1,HOPEWELL TOWNSHIP,1,W,Y,N,4.0,Y,0.4,,N,,N,HOPEWELL TOWNSHIP,N,,0,,,,70,IR,,148.0,N,,,148,2,,,,,N,N,Y,0,0,N,1.0,1,2,2,,39441.0,N,147.545,33,Y,5,4,3,1,F,N,N,N,0,2,44,1,0,70,1,9,44,0,0,0,0,1,6,NT,1,69,,,,,,,,,,,,,,,,,,,,,,,,,,,,,,,,,,0,4,,"unit1 traveling interstate . unit1 hydroplaned , slid left side roadway median striking ditch .",O,"[0.8676507472991943, 0.12518373131752014, 0.007165450137108564]",O,"[0.8083274960517883, 0.1853472739458084, 0.006325223948806524]",O,"[0.92236328125, 0.0740966796875, 0.0038280487060546875]"
1388,1388,215042879,unit 1 was west on ir 70 and advised he hydroplaned as he drove off the left side of the roadway and struck a concrete wall.,20215042879,2021,AB,3/1/2021 0:00,5,SLICIR00070**N,S,LIC,17.076,39.946706,-82.452781,43456,61705.0,3/18/2021 0:00,13,5,N,2.0,Y,Y,1.0,8,0,,,,Y,17.09,SLICIR00070**C,N,1,45-0147-45,1,3,N,0,1,1,LICKING TOWNSHIP,1,E,Y,N,6.0,Y,0.5,,Y,,N,LICKING TOWNSHIP,N,,0,,,,70,IR,,130.0,N,,,130,2,,,,,N,N,Y,0,0,N,1.0,0,2,1,,107458.0,N,130.441,25,Y,5,3,4,1,M,N,N,N,0,3,35,1,0,70,1,9,35,0,0,0,0,1,6,NT,1,70,,,,,,,,,,,,,,,,,,,,,,,,,,,,,,,,,,0,4,,unit1 advised hydroplaned drove left side roadway struck concrete wall .,O,"[0.9298398494720459, 0.05974918231368065, 0.010410971939563751]",O,"[0.6868991851806641, 0.3108641803264618, 0.0022365672048181295]",O,"[1.0, 1.0788440704345703e-05, 4.76837158203125e-07]"
1389,1389,215047635,unit 1 was westbound on ir 70 when it hydroplaned and drove off the right side of the roadway striking the guardrail face.,20215047635,2021,AB,3/1/2021 0:00,7,SCLAIR00070**N,S,CLA,4.961,39.878033,-83.96314,46788,99999.0,3/18/2021 0:00,13,5,N,2.0,Y,Y,1.0,6,0,,,,Y,4.968,SCLAIR00070**C,N,4,12-0271-12,1,3,N,0,1,1,MAD RIVER TOWNSHIP,1,E,Y,N,6.0,Y,0.3,,N,,N,MAD RIVER TOWNSHIP,N,,0,,,,70,IR,,46.0,N,,,46,2,,,,,N,N,Y,0,0,N,1.0,0,2,1,,33455.0,N,46.165,32,Y,5,3,4,1,F,N,N,N,0,3,30,1,0,70,1,8,30,0,0,0,0,1,6,NT,1,73,,,,,,,,,,,,,,,,,,,,,,,,,,,,,,,,,,0,4,,unit1 hydroplaned drove side roadway striking guardrail face .,O,"[0.9982012510299683, 0.0016997974598780274, 9.884911560220644e-05]",O,"[0.9925253391265869, 0.007409641519188881, 6.495862180599943e-05]",O,"[0.87060546875, 0.1260986328125, 0.00360107421875]"
1390,1390,215057916,"unit #1 was travelling southbound on interstate 275 when it hydroplaned, drove off of the left side of the roadway, and struck a cable barrier.",20215057916,2021,O,4/1/2021 0:00,8,SCLEIR00275**N,S,CLE,10.961,39.094508,-84.288177,78288,16885.0,4/10/2021 0:00,13,7,N,2.0,Y,Y,1.0,18,0,10500.0,,,Y,10.945,SCLEIR00275**C,N,1,13-0467-13,1,4,N,1,0,1,UNION TOWNSHIP,1,N,Y,N,6.0,Y,0.028,,N,,N,UNION TOWNSHIP,N,,0,,,,275,IR,,64.0,N,,,64,2,,,,,N,N,Y,0,0,N,1.0,0,2,1,,45547.0,N,63.628,43,Y,5,1,2,1,F,N,N,N,0,3,33,1,0,65,1,9,33,0,0,0,0,1,6,NT,1,50,,,,,,,,,,,,,,,,,,,,,,,,,,,,,,,,,,0,4,,"unit1 travelling interstate hydroplaned , drove left side roadway , struck cable barrier .",O,"[0.9818449020385742, 0.01642949879169464, 0.001725586480461061]",O,"[0.9982530474662781, 0.0017209569923579693, 2.595702972030267e-05]",O,"[0.9990234375, 0.001049041748046875, 7.963180541992188e-05]"
1391,1391,215061549,unit #1 was traveling northbound on ir 71 when it hydroplaned causing it to lose control. unit #1 traveled off the right side of the roadway onto the entrance ramp and struck the guardrail.,20215061549,2021,O,4/1/2021 0:00,3,SRICIR00071**C,S,RIC,7.446,40.653974,-82.542713,62050,99999.0,4/9/2021 0:00,13,6,N,2.0,Y,Y,1.0,18,0,75800.0,,,Y,7.446,SRICIR00071**C,N,1,70-0422-70,1,4,N,1,0,1,PERRY TOWNSHIP,7,N,Y,N,6.0,Y,0.5,,N,,N,WASHINGTON TOWNSHIP,N,,0,,,,71,IR,,165.0,N,,,165,2,,,,,N,N,Y,0,0,N,1.0,0,2,1,,42852.0,N,165.537,50,Y,5,2,1,9,M,N,N,N,0,3,30,1,0,70,1,8,30,0,0,0,0,1,6,NT,1,0,,,,,,,,,,,,,,,,,,,,,,,,,,,,,,,,,,0,4,,unit1 traveling hydroplaned causing lose control . unit1 traveled side roadway onto entrance ramp struck guardrail .,O,"[0.8468088507652283, 0.14869235455989838, 0.004498858470469713]",C,"[0.22761081159114838, 0.7629782557487488, 0.009410923346877098]",O,"[0.96142578125, 0.03472900390625, 0.0037784576416015625]"
1392,1392,215061643,unit 1 was westbound on interstate route 70 when it hydroplaned running off the left side of the roadway striking the median wall.,20215061643,2021,AB,4/1/2021 0:00,5,SLICIR00070**N,S,LIC,16.877,39.946904,-82.456577,43456,61705.0,4/8/2021 0:00,13,5,N,2.0,Y,Y,1.0,21,0,,,,Y,16.89,SLICIR00070**C,N,3,45-0192-45,1,4,N,0,1,1,LICKING TOWNSHIP,1,E,Y,N,6.0,Y,0.3,,N,,N,UNION TOWNSHIP,N,,0,,,,70,IR,,130.0,N,,,130,2,,,,,N,N,Y,0,0,N,1.0,0,2,1,,107458.0,N,130.242,26,Y,5,3,4,1,M,N,N,N,0,3,35,1,0,70,1,9,35,0,0,0,0,1,6,NT,1,70,,,,,,,,,,,,,,,,,,,,,,,,,,,,,,,,,,0,4,,unit1 interstate hydroplaned running left side roadway striking median wall .,C,"[0.4202306568622589, 0.5056043863296509, 0.07416493445634842]",C,"[0.29157793521881104, 0.6989884972572327, 0.009433591738343239]",O,"[0.90771484375, 0.088134765625, 0.003681182861328125]"
1393,1393,215063458,"unit #1 was traveling southwest on ir 71. unit#1 hydroplaned, lost control, traveled off the left side of the roadway and struck the cable median.",20215063458,2021,O,4/1/2021 0:00,3,SRICIR00071**N,S,RIC,19.784,40.794096,-82.401405,50092,99999.0,4/15/2021 0:00,13,5,N,2.0,Y,Y,1.0,16,0,,,,Y,19.801,SRICIR00071**C,N,1,70-0432-70,1,4,N,2,0,1,MIFFLIN TOWNSHIP,1,S,Y,N,6.0,Y,0.1,,Y,,N,MIFFLIN TOWNSHIP,N,,0,,,,71,IR,,178.0,N,,,178,2,,,,,N,N,Y,0,0,N,1.0,0,2,1,,81169.0,N,177.875,22,Y,5,5,8,1,M,N,N,N,0,3,33,1,0,70,1,9,33,0,0,0,0,1,6,NT,3,70,,,,,,,,,,,,,,,,,,,,,,,,,,,,,,,,,,0,4,,"unit1 traveling . unit1 hydroplaned , lost control , traveled left side roadway struck cable median .",O,"[0.9996598958969116, 0.0003214679309166968, 1.8550239474279806e-05]",O,"[0.9965029954910278, 0.003305410034954548, 0.00019159486691933125]",O,"[0.9990234375, 0.0008831024169921875, 5.7756900787353516e-05]"
1394,1394,215070303,unit #1 was southbound on ir-71. unit #1 hydroplaned and went off the left side and struck a median barrier fence.,20215070303,2021,O,4/1/2021 0:00,3,SASDIR00071**N,S,ASD,9.961,40.872056,-82.224859,61756,99999.0,4/29/2021 0:00,13,5,N,2.0,Y,Y,1.0,11,0,,,,Y,9.949,SASDIR00071**C,N,1,03-0249-03,1,4,N,1,0,1,PERRY TOWNSHIP,1,S,Y,N,6.0,Y,0.3,,N,,N,MONTGOMERY TOWNSHIP,N,,0,,,,71,IR,,189.0,N,,,189,2,,,,,N,N,Y,0,0,N,1.0,0,2,1,,81125.0,N,188.688,54,Y,5,5,8,1,M,N,N,N,0,3,33,1,0,70,1,9,33,0,0,0,0,1,6,NT,3,65,,,,,,,,,,,,,,,,,,,,,,,,,,,,,,,,,,0,4,,unit1 ir . unit1 hydroplaned went left side struck median barrier fence .,O,"[0.8606715202331543, 0.12567384541034698, 0.013654622249305248]",O,"[0.8021286725997925, 0.19667021930217743, 0.0012011349899694324]",O,"[0.98193359375, 0.017913818359375, 0.0006127357482910156]"
1395,1395,215070788,"unit # 1 was traveling north on ir 71 in the center lane. unit # 2 was traveling north on ir 71 in the left lane. unit # 2 hydroplaned, traveled into the center lane and struck unit # 1.",20215070788,2021,O,4/1/2021 0:00,3,SWAYIR00071**C,S,WAY,6.543,40.984409,-82.037805,18322,99999.0,4/30/2021 0:00,5,6,N,2.0,N,Y,1.0,12,0,,,,Y,6.543,SWAYIR00071**C,Y,1,03-0253-85,1,4,N,2,0,2,CONGRESS TOWNSHIP,1,N,Y,N,6.0,Y,0.4,,N,,N,CONGRESS TOWNSHIP,N,,0,,,,71,IR,,201.0,N,,,201,2,,,,,N,N,Y,0,0,N,1.0,0,2,1,,34008.0,N,201.424,38,Y,5,2,1,1,F,N,N,N,0,3,0,2,2,70,1,20,0,0,0,0,0,1,6,NT,3,70,48.0,1.0,2.0,1.0,1.0,M,,1.0,70.0,1.0,20.0,,,,,,1.0,6.0,NT,15.0,70.0,,,,,,,,,,,,,0,4,,"unit1 traveling center . unit2 traveling left . unit2 hydroplaned , traveled center struck unit1 .",C,"[0.17880035936832428, 0.8087266087532043, 0.01247301883995533]",C,"[0.09910672158002853, 0.8668021559715271, 0.034091077744960785]",O,"[0.96875, 0.02874755859375, 0.0022296905517578125]"
1396,1396,215071398,"unit #1 and #2 were traveling westbound on ir 80 (ohio turnpike). unit #2 hydroplaned and ran off the left side of the roadway, striking the concrete median wall. unit #2 then entered back onto the roadway and was struck by unit #1 before coming to final rest between the left and middle lanes at the 168.9 m.p.",20215071398,2021,C,4/1/2021 0:00,12,SCUYIR00080*KN,S,CUY,14.723,41.303148,-81.711866,57008,17668.0,4/29/2021 0:00,5,5,N,2.0,Y,Y,1.0,3,0,,,,Y,14.72,SCUYIR00080*KC,Y,3,91-0169-18,31,4,N,1,0,2,NORTH ROYALTON,1,W,Y,N,6.0,N,1.0,,N,,N,BROADVIEW HEIGHTS,N,,0,,,,80,IR,K,169.0,N,,,169,2,,,,,N,N,Y,0,0,N,1.0,1,2,2,,39640.0,N,168.014,36,Y,5,3,4,1,M,N,N,N,0,3,35,2,0,70,1,9,35,20,0,0,0,1,6,NT,1,60,37.0,1.0,3.0,4.0,1.0,M,,1.0,70.0,1.0,20.0,,,,,,1.0,6.0,NT,15.0,55.0,,,,,,,,,,,,,0,4,,"unit1 traveling . unit2 hydroplaned ran left side roadway , striking concrete median wall . unit2 entered back onto roadway struck unit1 coming final rest left middle lanes . m.p .",O,"[0.9936536550521851, 0.005709765944629908, 0.0006365984445437789]",C,"[0.10971765965223312, 0.8458537459373474, 0.04442857578396797]",O,"[1.0, 6.735324859619141e-06, 4.172325134277344e-07]"
1397,1397,215076631,unit # 1 was westbound on us 33 in the left lane. unit # 1 hydroplaned and lost control on the wet roadway and struck a sign.,20215076631,2021,O,5/1/2021 0:00,7,SAUGUS00033**N,S,AUG,4.589,40.557151,-84.383732,55986,99764.0,5/9/2021 0:00,13,1,N,2.0,Y,Y,2.0,11,0,,,,N,4.75,SAUGUS00033**C,N,1,06-0246-06,1,5,N,1,0,1,NOBLE TOWNSHIP,1,W,Y,N,4.0,Y,0.2,,Y,,N,NOBLE TOWNSHIP,N,,0,,,,33,US,,5.0,N,,,5,2,,,,,N,N,Y,0,0,N,2.0,0,2,1,,346035.0,N,26.901,21,Y,5,3,4,1,F,N,N,N,0,2,37,1,0,70,1,8,37,0,0,0,0,1,6,NT,1,70,,,,,,,,,,,,,,,,,,,,,,,,,,,,,,,,,,0,4,,unit1 us left . unit1 hydroplaned lost control wet roadway struck sign .,O,"[0.9796187877655029, 0.019752349704504013, 0.0006288299337029457]",O,"[0.9950592517852783, 0.004888414405286312, 5.231655450188555e-05]",O,"[0.9990234375, 0.000514984130859375, 4.9054622650146484e-05]"
1398,1398,215077004,"unit 1 was traveling south on interstate 75. unit 1 started to hydroplan, spun out, ran off the right side of the roadway, struck a ditch, and struck a tree.",20215077004,2021,O,5/1/2021 0:00,2,SWOOIR00075**N,S,WOO,13.991,41.365822,-83.618713,7972,99708.0,5/9/2021 0:00,13,1,N,2.0,Y,Y,1.0,8,0,,,,Y,13.988,SWOOIR00075**C,N,1,87-0145-87,1,5,N,2,0,1,BOWLING GREEN,1,S,Y,N,6.0,Y,0.2,,N,,N,BOWLING GREEN,N,,0,,,,75,IR,,181.0,N,,,181,2,,,,,N,N,Y,0,0,N,1.0,0,2,1,,45399.0,N,180.696,31,Y,5,1,2,1,F,N,N,N,0,3,48,1,0,70,1,8,44,48,0,0,0,1,6,NT,3,70,,,,,,,,,,,,,,,,,,,,,,,,,,,,,,,,,,0,4,,"unit1 traveling interstate . unit1 started hydroplan , spun , ran side roadway , struck ditch , struck tree .",C,"[0.45086023211479187, 0.4574016034603119, 0.09173815697431564]",O,"[0.8495622873306274, 0.13105107843875885, 0.019386613741517067]",O,"[0.94970703125, 0.039642333984375, 0.01088714599609375]"
1399,1399,215078221,unit #1 and unit #2 were in the left lane of ir-70 near milepost 176 eastbound. unit #1 hydroplaned because of worn tires and lost control. unit #2 struck unit #1 and caused it to go into the right lane of travel. unit #1 slowed and was struck by unit #3 that was in the right lane of ir-70.,20215078221,2021,O,5/1/2021 0:00,5,SGUEIR00070**N,S,GUE,6.306,40.007886,-81.620274,11003,99711.0,5/9/2021 0:00,5,1,N,2.0,N,Y,1.0,13,0,,,,Y,6.313,SGUEIR00070**C,N,1,30-0344-30,1,5,N,3,0,3,CAMBRIDGE TOWNSHIP,1,E,Y,N,4.0,Y,0.2,,N,,N,CAMBRIDGE TOWNSHIP,N,,0,,,,70,IR,,176.0,N,,,176,2,,,,,N,N,N,0,0,N,1.0,0,2,1,,33548.0,N,176.443,27,Y,18,4,3,1,F,N,N,N,0,2,0,1,0,70,1,20,20,0,0,0,0,1,6,NT,1,60,46.0,1.0,4.0,3.0,1.0,M,,2.0,70.0,1.0,20.0,9.0,,,,,1.0,6.0,NT,4.0,60.0,1.0,3.0,1.0,20.0,,,,,,1.0,6.0,4.0,0,4,,unit1 unit2 left ir near milepost . unit1 hydroplaned worn tires lost control . unit2 struck unit1 caused go travel . unit1 slowed struck unit3 ir .,C,"[0.004615433048456907, 0.9820702075958252, 0.013314293697476387]",C,"[0.02711334079504013, 0.9606103897094727, 0.012276285327970982]",C,"[0.033294677734375, 0.9580078125, 0.0084228515625]"
1400,1400,215078967,unit #1 was traveling northbound on sr 222 and hydroplaned on the wet roadway. unit #1 traveled off the left side of the roadway and struck a utility pole.,20215078967,2021,O,5/1/2021 0:00,8,SCLESR00222**C,S,CLE,16.99,38.989416,-84.159541,51338,16885.0,5/9/2021 0:00,13,1,N,2.0,Y,N,5.0,12,0,,,,N,16.99,SCLESR00222**C,N,1,13-0626-13,1,5,,2,0,1,MONROE TOWNSHIP,1,S,N,N,2.0,Y,0.01,,N,,N,MONROE TOWNSHIP,N,,0,,,,222,SR,,17.0,N,,,17,2,,,,,N,N,Y,0,0,N,3.0,0,2,2,,145410.0,N,16.99,28,Y,5,2,1,1,F,N,N,N,0,2,40,1,0,55,13,9,40,0,0,0,0,1,6,NT,1,40,,,,,,,,,,,,,,,,,,,,,,,,,,,,,,,,,,0,4,,unit1 traveling hydroplaned wet roadway . unit1 traveled left side roadway struck utility pole .,O,"[0.8779861330986023, 0.11126117408275604, 0.010752649046480656]",O,"[0.6937850713729858, 0.3027612268924713, 0.003453733865171671]",O,"[1.0, 0.0003151893615722656, 2.8848648071289062e-05]"
1401,1401,215078972,unit one was traveling northwest on us route 35 when it hydroplaned on standing water on the roadway. unit one went off the right side of the roadway rotating counter clockwise striking a tree backwards then struck a second tree on the right side of the vehicle.,20215078972,2021,O,5/1/2021 0:00,9,SJACUS00035**N,S,JAC,15.096,39.029813,-82.592149,43442,99999.0,5/9/2021 0:00,13,1,N,2.0,Y,N,3.0,19,0,,,,N,15.1,SJACUS00035**C,N,1,40-0308-40,1,5,N,1,0,1,LICK TOWNSHIP,1,E,Y,N,4.0,Y,0.1,,N,,N,LICK TOWNSHIP,N,,0,,,,35,US,,15.0,N,,,15,2,,,,,N,N,N,0,0,N,2.0,0,2,1,,262422.0,N,144.387,35,Y,99,7,6,1,M,N,N,N,0,2,48,1,0,60,1,8,48,0,0,0,0,1,6,NT,1,40,,,,,,,,,,,,,,,,,,,,,,,,,,,,,,,,,,0,4,,unit1 traveling us hydroplaned standing water roadway . unit1 went side roadway rotating counter clockwise striking tree backwards struck second tree side vehicle .,O,"[0.9984456896781921, 0.001420765183866024, 0.00013349189248401672]",O,"[0.9998995065689087, 9.573782881489024e-05, 4.814231942873448e-06]",O,"[1.0, 6.318092346191406e-06, 6.556510925292969e-07]"
1402,1402,215079008,unit #1 and unit #3 were both traveling southbound on interstate 275. unit #2 was traveling northbound on interstate 275. unit #3 lost control and hydroplanned. unit #1 swerved to avoid striking unit #3 and lost control. unit #1 then traveled off the left side of the roadway striking the median cable barrier. unit #1 then traveled into the northbound lanes before traveling back off the right side of the roadway into the median cable barrier. a piece of debris from the cable barrier struck unit #2. unit #3 then left the scene.,20215079008,2021,C,5/1/2021 0:00,8,SCLEIR00275**C,S,CLE,4.78,39.17965,-84.266302,49322,16885.0,5/9/2021 0:00,1,1,N,2.0,Y,Y,1.0,16,0,,,,Y,4.78,SCLEIR00275**C,N,1,13-0629-13,1,5,N,2,0,3,MIAMI TOWNSHIP,1,N,Y,N,6.0,Y,0.25,,N,,N,MILFORD,N,,0,,,,275,IR,,58.0,N,,,58,2,,,,,N,Y,N,0,0,N,1.0,1,2,4,,47302.0,N,57.447,0,Y,99,1,2,9,U,N,N,N,0,3,0,3,0,65,1,13,0,0,0,0,0,1,6,NT,4,0,73.0,1.0,2.0,1.0,1.0,M,,2.0,65.0,1.0,23.0,,,,,,1.0,6.0,NT,4.0,65.0,15.0,1.0,1.0,9.0,33.0,10.0,8.0,33.0,,1.0,6.0,2.0,0,4,,unit1 unit3 traveling interstate . unit2 traveling interstate . unit3 lost control hydroplanned . unit1 swerved avoid striking unit3 lost control . unit1 traveled left side roadway striking median cable barrier . unit1 traveled lanes traveling back side roadway median cable barrier . piece debris cable barrier struck unit2 . unit3 left scene .,C,"[0.005406159907579422, 0.9800940155982971, 0.014499851502478123]",C,"[0.09978406131267548, 0.8904154896736145, 0.00980039220303297]",C,"[0.056884765625, 0.9267578125, 0.0161895751953125]"
1403,1403,215079278,unit 1 was traveling west on county road 504 when it came upon standing water in the roadway. unit 1 failed to maintain proper control of the vehicle and hydroplaned off the right side of the roadway into a ditch.,20215079278,2021,O,5/1/2021 0:00,3,CWAYCR00504**C,C,WAY,2.685,40.960281,-81.847735,50666,99999.0,5/9/2021 0:00,13,1,N,,Y,N,7.0,23,0,,,,N,2.685,CWAYCR00504**C,N,4,85-0413-85,2,5,,1,0,1,MILTON TOWNSHIP,1,E,N,N,2.0,N,0.2,TR,N,,N,MILTON TOWNSHIP,N,,0,,,,504,CR,,,N,,,,1,50,TR,,,N,N,Y,0,0,N,,0,6,1,,38342.0,N,2.685,35,Y,5,3,4,1,F,N,N,N,0,2,44,1,0,55,1,8,44,0,0,0,0,1,6,NT,1,45,,,,,,,,,,,,,,,,,,,,,,,,,,,,,,,,,,1,4,,unit1 traveling county came upon standing water roadway . unit1 failed maintain proper control vehicle hydroplaned side roadway ditch .,O,"[0.9998121857643127, 0.0001816931035136804, 6.2363947108678985e-06]",O,"[0.9997774958610535, 0.00021332061442080885, 9.231947842636146e-06]",O,"[1.0, 2.3245811462402344e-06, 2.384185791015625e-07]"