,id,OBJECTID,Narrative,DOCUMENT_NBR,CRASH_YR,CRASH_SEVERITY_CD,CRASH_MONTH_YEAR,DISTRICT_NBR,NLFID,NLF_JUR_CD,NLF_COUNTY_CD,COUNTY_LOG_NBR,ODOT_LATITUDE_NBR,ODOT_LONGITUDE_NBR,ODOT_FIPS_CD,AREA_CODE,CRASH_DATE,CRASH_TYPE_CD,DAY_IN_WEEK_CD,DISTRACTED_DRIVER_IND,FACILITY_TYPE_CD,FHWA_RDWY_DEPARTURE_IND,FREEWAY_IND,FUNCTIONAL_CLASS_CD,HOUR_OF_CRASH,INCAPAC_INJURIES_NBR,INTERCHANGE_ID,INTERSECTION_ID_CURRENT,INTERSECTION_LEG_ID,INTERSTATE_IND,INV_LOG_NBR,INV_NLFID,IS_COMMERCIAL_RELATED,LIGHT_COND_PRIMARY_CD,LOCAL_REPORT_NUMBER_ID,MAINTENANCE_AUTHORITY_CD,MONTH_OF_CRASH,NHS_CD,NO_INJURY_REPORTED_NBR,NON_INCAPAC_INJURIES_NBR,NUMBER_OF_UNITS_NBR,ODOT_CITY_VILLAGE_TWP_NME,ODOT_CRASH_LOCATION_CD,ODOT_DIR_FROM_REF_CD,ODOT_DIV_UNDIV_IND,ODOT_INTERSECTION_REL_IND,ODOT_LANES_NBR,ODOT_MAINTAINED_HWY_IND,ODOT_MILES_FROM_REF_NBR,ODOT_REF_ROUTE_PREFIX_CD,ODOT_YOUNG_DRIVER_IND,ODPS_ADDRESS_REFERENCE,ODPS_ALCOHOL_IND,ODPS_CITY_VILLAGE_TWP_NME,ODPS_DRUG_IND,ODPS_LOC_DIR_SUFFIX_CD,ODPS_LOC_IN_WORK_ZONE_CD,ODPS_LOC_ROAD_DIRECTION_CD,ODPS_LOC_ROAD_NME,ODPS_LOC_ROAD_SUFFIX_CD,ODPS_LOC_ROUTE_ID,ODPS_LOC_ROUTE_PREFIX_CD,ODPS_LOC_ROUTE_SUFFIX_CD,ODPS_MILEPOST_REFERENCE,ODPS_MOTORCYCLE_IND,ODPS_REF_DIR_SUFFIX_CD,ODPS_REF_DIRECTION_CD,ODPS_REF_GIVEN,ODPS_REF_POINT_USED_CD,ODPS_REF_ROUTE_ID,ODPS_REF_ROUTE_PREFIX_CD,ODPS_REF_ROUTE_SUFFIX_CD,ODPS_REF_SUFFIX_CD,ODPS_SCHOOL_ZONE_IND,ODPS_SENIOR_DRIVER_IND,ODPS_SPEED_IND,ODPS_TOTAL_FATALITIES_NBR,ODPS_TYPE_OF_WORK_ZONE_CD,ODPS_WORK_ZONE_IND,OPER_ACCESS_CONTROL_CD,POSSIBLE_INJURIES_NBR,ROAD_COND_PRIMARY_CD,ROAD_CONTOUR_CD,SA_RAMP_ID,SA_SEGMENT_ID,SECONDARY_CRASH,STATE_TRUE_LOG_NBR,U1_AGE_NBR,U1_AT_FAULT_IND,U1_CONT_CIR_PRIMARY_CD,U1_DIRECTION_FROM_CD,U1_DIRECTION_TO_CD,U1_DISTRACTED_BY_1_CD,U1_GENDER_CD,U1_IS_ALCOHOL_SUSPECTED,U1_IS_MARIJUANA_SUSPECTED,U1_IS_OTHER_DRUG_SUSPECTED,U1_NON_MOTORIST_LOC_CD,U1_NUMBER_OF_THRU_LANES,U1_OBJECT_STRUCK,U1_ODPS_UNIT_NBR,U1_OPERATINGIN_AUTONOMOUS_MODE,U1_POSTED_SPEED_NBR,U1_PRECRASH_ACTION_CD,U1_SEQ_OF_EVENTS_1_CD,U1_SEQ_OF_EVENTS_2_CD,U1_SEQ_OF_EVENTS_3_CD,U1_SEQ_OF_EVENTS_4_CD,U1_SEQ_OF_EVENTS_5_CD,U1_SEQ_OF_EVENTS_6_CD,U1_SPECIAL_FUNCTION_CD,U1_TRAFFIC_CONTROL_CD,U1_TURN_CD,U1_TYPE_OF_UNIT_CD,U1_UNIT_SPEED_NBR,U2_AGE_NBR,U2_CONT_CIR_PRIMARY_CD,U2_DIRECTION_FROM_CD,U2_DIRECTION_TO_CD,U2_DISTRACTED_BY_1_CD,U2_GENDER_CD,U2_NON_MOTORIST_LOC_CD,U2_ODPS_UNIT_NBR,U2_POSTED_SPEED_NBR,U2_PRECRASH_ACTION_CD,U2_SEQ_OF_EVENTS_1_CD,U2_SEQ_OF_EVENTS_2_CD,U2_SEQ_OF_EVENTS_3_CD,U2_SEQ_OF_EVENTS_4_CD,U2_SEQ_OF_EVENTS_5_CD,U2_SEQ_OF_EVENTS_6_CD,U2_SPECIAL_FUNCTION_CD,U2_TRAFFIC_CONTROL_CD,U2_TURN_CD,U2_TYPE_OF_UNIT_CD,U2_UNIT_SPEED_NBR,U3_CONT_CIR_PRIMARY_CD,U3_ODPS_UNIT_NBR,U3_PRECRASH_ACTION_CD,U3_SEQ_OF_EVENTS_1_CD,U3_SEQ_OF_EVENTS_2_CD,U3_SEQ_OF_EVENTS_3_CD,U3_SEQ_OF_EVENTS_4_CD,U3_SEQ_OF_EVENTS_5_CD,U3_SEQ_OF_EVENTS_6_CD,U3_SPECIAL_FUNCTION_CD,U3_TRAFFIC_CONTROL_CD,U3_TYPE_OF_UNIT_CD,UNRESTRAIN_OCCUPANTS,WEATHER_COND_CD,V1,clean_Narrative,BERT_predictions,BERT_prediction_probabilities,RoBERTa_predictions,RoBERTa_predictions_probabilities,distilBERT_predictions,distilBERT_predictions_probabilities
1404,1404,215079391,"unit 1 was east on interstate route 70 and hydroplaned off the left side of the roadway, striking a concrete wall.",20215079391,2021,O,5/1/2021 0:00,5,SLICIR00070**C,S,LIC,16.89,39.946739,-82.456579,43456,61705.0,5/4/2021 0:00,13,3,N,2.0,Y,Y,1.0,16,0,,,,Y,16.89,SLICIR00070**C,N,1,45-0252-45,1,5,N,1,0,1,LICKING TOWNSHIP,1,E,Y,N,6.0,Y,0.3,,N,,N,LICKING TOWNSHIP,N,,0,,,,70,IR,,130.0,N,,,130,2,,,,,N,N,Y,0,0,N,1.0,0,2,1,,107458.0,N,130.255,34,Y,5,4,3,1,F,N,N,N,0,3,35,1,0,70,3,9,35,0,0,0,0,1,6,NT,3,69,,,,,,,,,,,,,,,,,,,,,,,,,,,,,,,,,,0,4,,"unit1 interstate hydroplaned left side roadway , striking concrete wall .",O,"[0.9094099402427673, 0.08529794216156006, 0.005292201414704323]",O,"[0.6895356774330139, 0.3036246597766876, 0.006839686539024115]",O,"[0.9951171875, 0.004360198974609375, 0.0001842975616455078]"
1405,1405,215079505,unit 1 was traveling east on us 250 hydroplaned and went off the left side of the road.,20215079505,2021,O,5/1/2021 0:00,3,SASDUS00250**C,S,ASD,23.824,40.858009,-82.139519,61756,99999.0,5/9/2021 0:00,13,1,N,2.0,Y,N,3.0,19,0,,65977de4-79fb-42e9-9802-9ef932f9a98f,7aa12323-88e5-46dd-84a6-1bd8b5ed5543,N,23.824,SASDUS00250**C,N,1,03-0273-03,1,5,N,2,0,1,PERRY TOWNSHIP,1,E,N,N,2.0,Y,0.3,,N,,N,PERRY TOWNSHIP,N,,0,,,,250,US,,24.0,N,,,24,2,,,,,N,N,Y,0,0,N,3.0,0,2,2,,346678.0,N,56.131,40,Y,5,4,3,1,M,N,N,N,0,2,44,1,2,55,1,9,44,3,0,0,0,1,6,NT,1,55,,,,,,,,,,,,,,,,,,,,,,,,,,,,,,,,,,0,4,,unit1 traveling us hydroplaned went left side .,O,"[0.7737560868263245, 0.20843742787837982, 0.017806414514780045]",O,"[0.9982604384422302, 0.0016845129430294037, 5.505933950189501e-05]",O,"[0.96044921875, 0.035400390625, 0.003559112548828125]"
1406,1406,215080376,"all units were east on interstate route 70. unit 1 was disabled from a previous crash and unit 2 stopped on the roadway. unit 3 was slowing when unit 4 hydroplaned into the side of unit 3. unit 4 then struck unit 2 in the right rear, causing unit 2 to strike unit 1 in the rear. unit 4 traveled off the right side of the roadway.",20215080376,2021,O,5/1/2021 0:00,5,SLICIR00070**C,S,LIC,16.89,39.946739,-82.456579,43456,61705.0,5/4/2021 0:00,5,3,N,2.0,N,Y,1.0,16,0,,,,Y,16.89,SLICIR00070**C,N,1,45-0277-45,1,5,N,2,0,4,LICKING TOWNSHIP,1,E,Y,N,6.0,Y,0.3,,Y,,N,LICKING TOWNSHIP,N,,0,,,,70,IR,,130.0,N,,,130,2,,,,,N,Y,Y,0,0,N,1.0,0,2,1,,107458.0,Y,130.255,22,Y,5,4,3,1,M,N,N,N,0,3,0,4,0,70,1,20,21,8,0,0,0,1,6,NT,4,51,68.0,1.0,4.0,3.0,1.0,F,,3.0,70.0,11.0,20.0,,,,,,1.0,6.0,NT,4.0,50.0,14.0,2.0,10.0,20.0,21.0,,,,,1.0,6.0,3.0,1,4,,"units interstate . unit1 disabled previous crash unit2 stopped roadway . unit3 slowing unit4 hydroplaned side unit3 . unit4 struck unit2 rear , causing unit2 strike unit1 rear . unit4 traveled side roadway .",C,"[0.021774303168058395, 0.9341155290603638, 0.04411011561751366]",C,"[0.09536807239055634, 0.8582578301429749, 0.046374041587114334]",C,"[0.07177734375, 0.869140625, 0.0589599609375]"
1407,1407,215085061,unit #1 was merging onto northbound ir 275 from westbound sr 32 and hydroplaned on the wet roadway. unit #1 traveled off the right side of the road and struck the right of way fence.,20215085061,2021,O,5/1/2021 0:00,8,SCLEIR00275**N,S,CLE,10.146,39.105155,-84.281523,78288,16885.0,5/17/2021 0:00,13,2,N,2.0,Y,Y,1.0,7,0,,679cf1e2-19bd-4219-bcea-36bf359dc1a0,70701339-96d5-4c10-8bd8-a9a6b54db3bc,Y,10.123,SCLEIR00275**C,N,1,13-0667-13,1,5,N,1,0,1,UNION TOWNSHIP,1,S,Y,N,6.0,Y,0.01,,N,,N,UNION TOWNSHIP,N,,0,,,,275,IR,,63.0,N,,,63,2,,,,,N,N,Y,0,0,N,1.0,0,2,4,,56940.0,N,62.813,32,Y,5,3,1,1,M,N,N,N,0,1,46,1,0,65,13,8,46,0,0,0,0,1,6,RT,1,40,,,,,,,,,,,,,,,,,,,,,,,,,,,,,,,,,,0,4,,unit1 merging onto hydroplaned wet roadway . unit1 traveled side struck fence .,O,"[0.9997679591178894, 0.0002181302261305973, 1.3904017578170169e-05]",O,"[0.9999998807907104, 7.723748041144063e-08, 6.895918835958526e-10]",O,"[1.0, 1.5497207641601562e-06, 1.1920928955078125e-07]"
1408,1408,215085086,unit #1 was traveling southbound on ir 275 and hydroplaned on the wet pavement. unit #1 continued off the left side of the road and struck the median cable.,20215085086,2021,O,5/1/2021 0:00,8,SCLEIR00275**C,S,CLE,5.04,39.176035,-84.267652,49322,16885.0,5/17/2021 0:00,13,2,N,2.0,Y,Y,1.0,11,0,,,,Y,5.04,SCLEIR00275**C,N,1,13-0671-13,1,5,N,1,0,1,MIAMI TOWNSHIP,1,S,Y,N,6.0,Y,0.01,,N,,N,MIAMI TOWNSHIP,N,,0,,,,275,IR,,58.0,N,,,58,2,,,,,N,N,Y,0,0,N,1.0,0,2,2,,39734.0,N,57.707,42,Y,5,1,2,1,F,N,N,N,0,3,33,1,0,65,1,9,33,0,0,0,0,1,6,NT,1,68,,,,,,,,,,,,,,,,,,,,,,,,,,,,,,,,,,0,4,,unit1 traveling hydroplaned wet pavement . unit1 continued left side struck median cable .,O,"[0.9925233721733093, 0.006975685246288776, 0.0005009006708860397]",O,"[0.9999997615814209, 2.729311461280304e-07, 7.89987797400471e-10]",O,"[1.0, 6.812810897827148e-05, 4.410743713378906e-06]"
1409,1409,215090201,"unit 1 was eastbound on ir70 pulling double trailers, when the rear trailer hydroplaned on the wet pavement. unit 1 lost control and went off the right side of the road, across the gore, and into the lane of the eastbound entrance ramp. unit 1 then struck the guardrail causing the front trailer to jack- knife and make contact with the cab. the rear trailer then overtiurned and struck the guardrail.",20215090201,2021,O,5/1/2021 0:00,5,SMUSIR00070**C,S,MUS,21.68,39.972471,-81.830187,61994,99999.0,5/26/2021 0:00,13,4,N,2.0,Y,Y,1.0,8,0,73100.0,,,Y,21.68,SMUSIR00070**C,Y,1,60-0444-60,1,5,N,1,0,1,PERRY TOWNSHIP,1,E,Y,N,4.0,Y,0.4,,N,,N,UNION TOWNSHIP,N,,0,,,,70,IR,,164.0,N,,,164,2,,,,,N,N,Y,0,0,N,1.0,0,2,3,,39454.0,N,164.465,32,Y,5,4,3,1,M,N,N,N,0,4,30,1,0,70,1,8,30,4,1,0,0,1,6,NT,15,65,,,,,,,,,,,,,,,,,,,,,,,,,,,,,,,,,,0,4,,"unit1 pulling double trailers , rear trailer hydroplaned wet pavement . unit1 lost control went side , across gore , entrance ramp . unit1 struck guardrail causing front trailer jack knife make contact cab . rear trailer overtiurned struck guardrail .",C,"[0.0002264090726384893, 0.9996428489685059, 0.00013076812319923192]",O,"[0.8658871054649353, 0.12865610420703888, 0.005456858780235052]",O,"[1.0, 2.3543834686279297e-05, 2.682209014892578e-06]"
1410,1410,215092987,unit #1 was eastbound on ir-70 and hydroplaned. unit #1 lost control and went off of the right side of the roadway striking a guardrail. unit #1 went back across the roadway and into the median to final rest.,20215092987,2021,O,5/1/2021 0:00,5,SGUEIR00070**C,S,GUE,11.928,40.003784,-81.520181,12938,99999.0,5/28/2021 0:00,13,6,N,2.0,Y,Y,1.0,11,0,,,,Y,11.928,SGUEIR00070**C,N,1,30-0393-30,1,5,N,2,0,1,CENTER TOWNSHIP,1,E,Y,N,4.0,Y,0.1,,Y,,N,CENTER TOWNSHIP,N,,0,,,,70,IR,,182.0,N,,,182,2,,,,,N,N,N,0,0,N,1.0,0,3,2,,56435.0,N,182.065,21,Y,18,4,3,1,F,N,N,N,0,2,30,1,0,70,1,8,30,9,0,0,0,1,6,NT,3,65,,,,,,,,,,,,,,,,,,,,,,,,,,,,,,,,,,0,4,,unit1 ir hydroplaned . unit1 lost control went side roadway striking guardrail . unit1 went back across roadway median final rest .,O,"[0.9962564706802368, 0.0035280275624245405, 0.00021550229575950652]",C,"[0.21571171283721924, 0.779345691204071, 0.004942626226693392]",O,"[0.66064453125, 0.3017578125, 0.037872314453125]"
1411,1411,215093941,"unit#1 was traveling south on cr-72. unit#1 hydroplaned and drove off the right side of the road, overturning in a ditch and striking a tree.",20215093941,2021,C,6/1/2021 0:00,3,CWAYCR00072**C,C,WAY,1.083,40.873347,-82.108499,14044,99999.0,6/2/2021 0:00,13,4,N,,Y,N,5.0,20,0,,,,N,1.083,CWAYCR00072**C,N,2,85-0503-85,2,6,,0,0,1,CHESTER TOWNSHIP,1,S,N,N,2.0,N,0.5,SR,Y,,N,CHESTER TOWNSHIP,N,,0,,,,72,CR,,,N,,,,1,302,SR,,,N,N,Y,0,0,N,,1,2,1,,17288.0,N,1.083,23,Y,5,1,2,1,M,N,N,N,0,2,48,1,0,55,1,8,44,1,48,0,0,1,6,NT,4,40,,,,,,,,,,,,,,,,,,,,,,,,,,,,,,,,,,0,4,,"unit1 traveling cr . unit1 hydroplaned drove side , overturning ditch striking tree .",C,"[0.1512823849916458, 0.7351160049438477, 0.11360161006450653]",C,"[0.060764387249946594, 0.8930113315582275, 0.04622425511479378]",C,"[0.2344970703125, 0.7080078125, 0.057098388671875]"
1412,1412,215098303,"unit #1 was traveling southbound on interstate 75 in the middle lane. unit #1 changed lanes into the right lane, hydroplaned, traveled off the left side of the roadway and struck the median concrete barrier.",20215098303,2021,O,6/1/2021 0:00,2,SWOOIR00075**N,S,WOO,0.194,41.170597,-83.64948,34986,99999.0,6/7/2021 0:00,13,2,N,2.0,Y,Y,1.0,15,0,97700.0,,,Y,0.194,SWOOIR00075**C,N,1,87-0193-87,1,6,N,2,0,1,HENRY TOWNSHIP,1,,Y,N,6.0,Y,0.0,,Y,,N,HENRY TOWNSHIP,N,,0,,,,75,IR,,167.0,N,,,167,2,,,,,N,N,Y,0,0,N,1.0,0,2,1,,42927.0,N,166.899,16,Y,5,1,2,1,M,N,N,N,0,3,35,1,0,70,3,9,35,0,0,0,0,1,6,NT,1,72,,,,,,,,,,,,,,,,,,,,,,,,,,,,,,,,,,0,4,,"unit1 traveling interstate middle . unit1 changed lanes , hydroplaned , traveled left side roadway struck median concrete barrier .",O,"[0.9911149740219116, 0.008480536751449108, 0.00040445601916871965]",O,"[0.8982774615287781, 0.09750500321388245, 0.004217622336000204]",O,"[1.0, 9.244680404663086e-05, 5.602836608886719e-06]"
1413,1413,215098488,unit #1 was traveling south on sr 823 when it hydroplaned striking the center concrete divider wall.,20215098488,2021,O,6/1/2021 0:00,9,SSCISR00823**N,S,SCI,9.548,38.860766,-82.892248,64206,99999.0,6/8/2021 0:00,13,3,N,2.0,Y,N,3.0,18,0,,6dde234a-3b34-4ab9-9b2f-51ade8fad7e4,26fc0cc1-a0a7-4034-9484-1dd4cf1e8eb6,N,9.4,SSCISR00823**C,N,1,73-0524-73,1,6,N,2,0,1,PORTER TOWNSHIP,1,N,Y,N,4.0,Y,0.4,,Y,,N,JEFFERSON TOWNSHIP,N,,0,,,,823,SR,,9.0,N,,,9,2,,,,,N,N,Y,0,0,N,1.0,0,2,2,,200732.0,N,9.548,24,Y,5,1,2,1,F,N,N,N,0,2,35,1,0,70,1,35,0,0,0,0,0,1,6,NT,1,60,,,,,,,,,,,,,,,,,,,,,,,,,,,,,,,,,,0,4,,unit1 traveling hydroplaned striking center concrete divider wall .,O,"[0.5600335597991943, 0.4168270528316498, 0.023139430209994316]",C,"[0.39880862832069397, 0.6002098917961121, 0.0009814559016376734]",O,"[0.970703125, 0.0286865234375, 0.00041985511779785156]"
1414,1414,215098986,unit 1 was westbound on ir 70 when it hydroplaned and ran off the road right striking the guardrail.,20215098986,2021,O,6/1/2021 0:00,7,SCLAIR00070**N,S,CLA,4.954,39.878,-83.963261,46788,99999.0,6/7/2021 0:00,13,2,N,2.0,Y,Y,1.0,8,0,,,,Y,4.961,SCLAIR00070**C,N,1,12-0562-12,1,6,N,1,0,1,MAD RIVER TOWNSHIP,1,E,Y,N,6.0,Y,0.2,,N,,N,MAD RIVER TOWNSHIP,N,,0,,,,70,IR,,46.0,N,,,46,2,,,,,N,N,Y,0,0,N,1.0,0,2,1,,33455.0,N,46.158,41,Y,5,5,8,1,M,N,N,N,0,3,30,1,0,70,1,8,30,0,0,0,0,1,6,NT,4,65,,,,,,,,,,,,,,,,,,,,,,,,,,,,,,,,,,0,4,,unit1 hydroplaned ran striking guardrail .,O,"[0.9999523162841797, 4.4796779548050836e-05, 2.8234132969373604e-06]",O,"[0.7154263854026794, 0.2843340337276459, 0.0002395327901467681]",O,"[0.998046875, 0.0016231536865234375, 8.529424667358398e-05]"
1415,1415,215099762,"unit 1 was southbound on interstate 71. unit 1 hydroplaned on the wet roadway, went off the left side of the roadway and struck the median cable barrier.",20215099762,2021,O,6/1/2021 0:00,6,SMRWIR00071**N,S,MRW,14.263,40.509335,-82.698042,28378,99999.0,6/3/2021 0:00,13,5,N,2.0,Y,Y,1.0,13,0,,,,Y,14.245,SMRWIR00071**C,N,1,59-0540-59,1,6,N,1,0,1,FRANKLIN TOWNSHIP,1,N,Y,N,6.0,Y,0.4,,Y,,N,FRANKLIN TOWNSHIP,N,,0,,,,71,IR,,152.0,N,,,152,2,,,,,N,N,Y,0,0,N,1.0,0,2,2,,33999.0,N,152.436,24,Y,5,1,2,1,M,N,N,N,0,3,33,1,0,70,1,9,33,0,0,0,0,1,6,NT,1,70,,,,,,,,,,,,,,,,,,,,,,,,,,,,,,,,,,0,4,,"unit1 interstate . unit1 hydroplaned wet roadway , went left side roadway struck median cable barrier .",O,"[0.980465292930603, 0.018133584409952164, 0.0014011290622875094]",O,"[0.9999849796295166, 1.4851758351142053e-05, 1.7065778479263827e-07]",O,"[1.0, 1.7881393432617188e-07, 0.0]"
1416,1416,215100347,unit #1 and unit #2 were traveling west on interstate 70. unit #1 began to hydroplane which made unit #1 spin. unit #1 struck unit #2. unit #2 then drove off the right side of the roadway. unit #1 drove off the right side of the roadway.,20215100347,2021,AB,6/1/2021 0:00,7,SMOTIR00070**N,S,MOT,7.725,39.854233,-84.347052,15644,22528.0,6/9/2021 0:00,5,4,N,2.0,N,Y,1.0,14,1,68700.0,,,Y,7.716,SMOTIR00070**C,N,1,57-0537-57,1,6,N,0,1,2,CLAYTON,1,,Y,N,4.0,Y,0.0,,N,,N,CLAYTON,N,,0,,,,70,IR,,25.0,N,,,25,2,,,,,N,Y,Y,0,0,N,1.0,0,2,1,,107470.0,N,25.385,38,Y,5,3,4,1,F,N,N,N,0,2,0,1,1,65,1,13,20,8,0,0,0,1,6,NT,1,65,70.0,1.0,3.0,4.0,1.0,M,,2.0,65.0,1.0,20.0,8.0,,,,,1.0,6.0,NT,1.0,60.0,,,,,,,,,,,,,1,4,,unit1 unit2 traveling interstate . unit1 began hydroplane made unit1 spin . unit1 struck unit2 . unit2 drove side roadway . unit1 drove side roadway .,O,"[0.9932392835617065, 0.006103182677179575, 0.0006574640283361077]",C,"[0.40180331468582153, 0.5615062713623047, 0.03669048100709915]",C,"[0.44140625, 0.471435546875, 0.0870361328125]"
1417,1417,215103669,unit #1 was traveling north on sr 823. unit #1 hydroplaned and drove off the right side of the roadway striking the concrete barrier. unit 1 contiued north striking the concrete barrier on the left side of the roadway..,20215103669,2021,O,6/1/2021 0:00,9,SSCISR00823**N,S,SCI,14.943,38.897706,-82.969771,64206,99999.0,6/11/2021 0:00,13,6,N,2.0,Y,N,3.0,13,0,,,,N,14.8,SSCISR00823**C,N,1,73-0533-73,1,6,N,1,0,1,PORTER TOWNSHIP,1,N,Y,N,4.0,Y,0.2,,N,,N,VALLEY TOWNSHIP,N,,0,,,,823,SR,,15.0,N,,,15,2,,,,,N,N,Y,0,0,N,1.0,0,2,2,,200732.0,N,14.943,55,Y,5,2,1,1,M,N,N,N,0,2,35,1,0,70,1,35,35,0,0,0,0,1,6,NT,1,55,,,,,,,,,,,,,,,,,,,,,,,,,,,,,,,,,,0,4,,unit1 traveling . unit1 hydroplaned drove side roadway striking concrete barrier . unit1 contiued striking concrete barrier left side roadway ..,O,"[0.6337423324584961, 0.342850923538208, 0.023406753316521645]",C,"[0.3465346693992615, 0.6513678431510925, 0.0020974427461624146]",O,"[0.990234375, 0.0090484619140625, 0.0004267692565917969]"
1418,1418,215103671,"unit #1 was traveling north on sr 823. unit #1 hydroplaned, sliding off the left side of the roadway striking the concrete barrier wall.",20215103671,2021,O,6/1/2021 0:00,9,SSCISR00823**C,S,SCI,14.8,38.897798,-82.969787,64206,99999.0,6/11/2021 0:00,13,6,N,2.0,Y,N,3.0,13,0,,,,N,14.8,SSCISR00823**C,N,1,73-0532-73,1,6,N,3,0,1,PORTER TOWNSHIP,1,N,Y,N,4.0,Y,0.2,,N,,N,VALLEY TOWNSHIP,N,,0,,,,823,SR,,15.0,N,,,15,2,,,,,N,N,Y,0,0,N,1.0,0,2,1,,200732.0,N,14.8,28,Y,5,3,4,1,M,N,N,N,0,4,35,1,0,70,1,35,0,0,0,0,0,1,6,NT,3,70,,,,,,,,,,,,,,,,,,,,,,,,,,,,,,,,,,0,4,,"unit1 traveling . unit1 hydroplaned , sliding left side roadway striking concrete barrier wall .",O,"[0.9379061460494995, 0.05809072032570839, 0.0040031843818724155]",O,"[0.9176750183105469, 0.08128552883863449, 0.0010395183926448226]",O,"[0.9990234375, 0.0011425018310546875, 5.513429641723633e-05]"
1419,1419,215109151,unit 1 was taveling southbound on interstate 75 near mile post 159 when the vehicle hydroplaned and struck the concrete barrier.,20215109151,2021,C,6/1/2021 0:00,1,SHANIR00075**N,S,HAN,17.655,41.060854,-83.667548,27048,99727.0,6/21/2021 0:00,13,2,N,2.0,Y,Y,1.0,5,0,46400.0,,,Y,17.678,SHANIR00075**C,N,3,32-0205-32,1,6,N,0,0,1,FINDLAY,1,,Y,N,6.0,Y,0.0,,N,,N,FINDLAY,N,,0,,,,75,IR,,159.0,N,,,159,2,,,,,N,N,Y,0,0,N,1.0,1,2,1,,81209.0,N,159.132,49,Y,5,1,2,1,M,N,N,N,0,3,35,1,0,70,1,9,35,0,0,0,0,1,6,NT,1,70,,,,,,,,,,,,,,,,,,,,,,,,,,,,,,,,,,0,4,,unit1 taveling interstate near mile post vehicle hydroplaned struck concrete barrier .,C,"[0.005892813205718994, 0.9906531572341919, 0.0034540491178631783]",C,"[0.1346028447151184, 0.8636218905448914, 0.0017753158463165164]",O,"[0.5283203125, 0.470947265625, 0.0012493133544921875]"
1420,1420,215112073,"unit 1 was traveling south on us 127. unit 1 hydroplaned, lost control went off the right side of the roadway and struck trees on west side of the roadway.",20215112073,2021,O,6/1/2021 0:00,8,SBUTUS00127**C,S,BUT,16.2,39.507783,-84.604171,50162,99999.0,6/19/2021 0:00,13,7,N,2.0,Y,N,4.0,7,0,,,,N,16.2,SBUTUS00127**C,N,2,09-0261-09,1,6,,2,0,1,MILFORD TOWNSHIP,1,N,N,N,2.0,Y,0.2,,N,,N,MILFORD TOWNSHIP,N,,0,,,,127,US,,16.0,N,,,16,2,,,,,N,N,Y,0,0,N,2.0,0,2,3,,273488.0,N,32.425,48,Y,5,1,2,1,M,N,N,N,0,1,48,1,0,55,1,8,48,0,0,0,0,13,6,NT,4,50,,,,,,,,,,,,,,,,,,,,,,,,,,,,,,,,,,0,4,,"unit1 traveling us . unit1 hydroplaned , lost control went side roadway struck trees side roadway .",C,"[0.037961091846227646, 0.9545854926109314, 0.0074533759616315365]",C,"[0.21487469971179962, 0.7297429442405701, 0.05538236349821091]",O,"[0.94482421875, 0.051544189453125, 0.0037555694580078125]"
1421,1421,215114056,"unit 1 was traveling north on interstate 75. unit 1 hydroplaned, traveled off the right side of the roadway, struck an embankment and struck a ditch.",20215114056,2021,O,6/1/2021 0:00,2,SWOOIR00075**C,S,WOO,11.001,41.322994,-83.626001,64122,99999.0,6/25/2021 0:00,13,6,N,2.0,Y,Y,1.0,12,0,,,,Y,11.001,SWOOIR00075**C,N,1,87-0218-87,1,6,N,1,0,1,PORTAGE TOWNSHIP,1,S,Y,N,6.0,Y,0.2,,Y,,N,PORTAGE TOWNSHIP,N,,0,,,,75,IR,,178.0,N,,,178,2,,,,,N,N,Y,0,0,N,1.0,0,2,3,,42929.0,N,177.706,18,Y,5,2,1,1,M,N,N,N,0,3,44,1,0,70,13,8,45,44,0,0,0,1,6,NT,1,70,,,,,,,,,,,,,,,,,,,,,,,,,,,,,,,,,,0,4,,"unit1 traveling interstate . unit1 hydroplaned , traveled side roadway , struck embankment struck ditch .",O,"[0.6364152431488037, 0.3304586112499237, 0.03312614932656288]",C,"[0.26340562105178833, 0.7046546936035156, 0.03193970397114754]",O,"[0.8291015625, 0.15576171875, 0.01512908935546875]"
1422,1422,215114153,"unit 1 was traveling north on interstate 75. unit 1 hydroplaned, traveled off the left side of the roadway, struck the median cable barrier and came to final rest in the left lane.",20215114153,2021,AB,6/1/2021 0:00,2,SWOOIR00075**C,S,WOO,11.001,41.322994,-83.626001,64122,99999.0,6/27/2021 0:00,13,1,N,2.0,Y,Y,1.0,13,0,,,,Y,11.001,SWOOIR00075**C,N,1,87-0222-87,1,6,N,0,2,1,PORTAGE TOWNSHIP,1,S,Y,N,6.0,Y,0.2,,N,,N,PORTAGE TOWNSHIP,N,,0,,,,75,IR,,178.0,N,,,178,2,,,,,N,N,Y,0,0,N,1.0,1,2,1,,42929.0,N,177.706,35,Y,5,2,1,1,F,N,N,N,0,3,33,1,0,70,1,9,33,0,0,0,0,1,6,NT,3,69,,,,,,,,,,,,,,,,,,,,,,,,,,,,,,,,,,1,4,,"unit1 traveling interstate . unit1 hydroplaned , traveled left side roadway , struck median cable barrier came final rest left .",O,"[0.9992159605026245, 0.0007384807686321437, 4.547995195025578e-05]",O,"[0.9936684966087341, 0.005990961566567421, 0.0003405770694371313]",O,"[1.0, 9.179115295410156e-06, 7.748603820800781e-07]"
1423,1423,215116837,"units 1, 2, 3, 4 were westbound on ir270. unit 1 drove through a flooded section of roadway covering the left two lanes, hydroplaned, traveled onto the left shoulder where it struck the cement median wall, traveled back into the lanes of travel where it was struck by unit 2 and then unit 4. after unit 2 struck unit 1, it was struck by unit 3. unit 1 was pushed onto the right shoulder where it struck a metal guardrail.",20215116837,2021,AB,6/1/2021 0:00,6,SFRAIR00270**N,S,FRA,22.787,40.112276,-83.035556,71787,19234.0,6/30/2021 0:00,5,4,N,2.0,Y,Y,1.0,6,0,27900.0,27531571-780c-44a4-a83c-2a87060ef491,bb007f30-5819-41e7-9a8a-0a8b5f9f1419,Y,22.79,SFRAIR00270**C,N,2,25-0255-25,1,6,N,4,1,4,SHARON TOWNSHIP,1,W,Y,N,8.0,Y,0.2,,N,,N,SHARON TOWNSHIP,N,,0,,,,270,IR,,23.0,N,,,23,2,,,,,N,N,Y,0,0,N,1.0,1,2,2,,91382.0,N,22.787,43,Y,1,3,4,1,M,N,N,N,0,4,0,4,0,65,1,20,0,0,0,0,0,1,6,NT,4,55,60.0,1.0,3.0,4.0,1.0,M,,3.0,65.0,1.0,20.0,,,,,,1.0,6.0,NT,1.0,52.0,1.0,2.0,1.0,20.0,20.0,,,,,1.0,6.0,1.0,1,4,,"units , , , . unit1 drove flooded section roadway covering left two lanes , hydroplaned , traveled onto left shoulder struck cement median wall , traveled back lanes travel struck unit2 unit4 . unit2 struck unit1 , struck unit3 . unit1 pushed onto shoulder struck metal guardrail .",AB,"[0.0035003216471523046, 0.10150453448295593, 0.8949951529502869]",AB,"[0.0016080145724117756, 0.030520286411046982, 0.9678717255592346]",AB,"[8.112192153930664e-05, 0.00455474853515625, 0.9951171875]"