,id,OBJECTID,Narrative,DOCUMENT_NBR,CRASH_YR,CRASH_SEVERITY_CD,CRASH_MONTH_YEAR,DISTRICT_NBR,NLFID,NLF_JUR_CD,NLF_COUNTY_CD,COUNTY_LOG_NBR,ODOT_LATITUDE_NBR,ODOT_LONGITUDE_NBR,ODOT_FIPS_CD,AREA_CODE,CRASH_DATE,CRASH_TYPE_CD,DAY_IN_WEEK_CD,DISTRACTED_DRIVER_IND,FACILITY_TYPE_CD,FHWA_RDWY_DEPARTURE_IND,FREEWAY_IND,FUNCTIONAL_CLASS_CD,HOUR_OF_CRASH,INCAPAC_INJURIES_NBR,INTERCHANGE_ID,INTERSECTION_ID_CURRENT,INTERSECTION_LEG_ID,INTERSTATE_IND,INV_LOG_NBR,INV_NLFID,IS_COMMERCIAL_RELATED,LIGHT_COND_PRIMARY_CD,LOCAL_REPORT_NUMBER_ID,MAINTENANCE_AUTHORITY_CD,MONTH_OF_CRASH,NHS_CD,NO_INJURY_REPORTED_NBR,NON_INCAPAC_INJURIES_NBR,NUMBER_OF_UNITS_NBR,ODOT_CITY_VILLAGE_TWP_NME,ODOT_CRASH_LOCATION_CD,ODOT_DIR_FROM_REF_CD,ODOT_DIV_UNDIV_IND,ODOT_INTERSECTION_REL_IND,ODOT_LANES_NBR,ODOT_MAINTAINED_HWY_IND,ODOT_MILES_FROM_REF_NBR,ODOT_REF_ROUTE_PREFIX_CD,ODOT_YOUNG_DRIVER_IND,ODPS_ADDRESS_REFERENCE,ODPS_ALCOHOL_IND,ODPS_CITY_VILLAGE_TWP_NME,ODPS_DRUG_IND,ODPS_LOC_DIR_SUFFIX_CD,ODPS_LOC_IN_WORK_ZONE_CD,ODPS_LOC_ROAD_DIRECTION_CD,ODPS_LOC_ROAD_NME,ODPS_LOC_ROAD_SUFFIX_CD,ODPS_LOC_ROUTE_ID,ODPS_LOC_ROUTE_PREFIX_CD,ODPS_LOC_ROUTE_SUFFIX_CD,ODPS_MILEPOST_REFERENCE,ODPS_MOTORCYCLE_IND,ODPS_REF_DIR_SUFFIX_CD,ODPS_REF_DIRECTION_CD,ODPS_REF_GIVEN,ODPS_REF_POINT_USED_CD,ODPS_REF_ROUTE_ID,ODPS_REF_ROUTE_PREFIX_CD,ODPS_REF_ROUTE_SUFFIX_CD,ODPS_REF_SUFFIX_CD,ODPS_SCHOOL_ZONE_IND,ODPS_SENIOR_DRIVER_IND,ODPS_SPEED_IND,ODPS_TOTAL_FATALITIES_NBR,ODPS_TYPE_OF_WORK_ZONE_CD,ODPS_WORK_ZONE_IND,OPER_ACCESS_CONTROL_CD,POSSIBLE_INJURIES_NBR,ROAD_COND_PRIMARY_CD,ROAD_CONTOUR_CD,SA_RAMP_ID,SA_SEGMENT_ID,SECONDARY_CRASH,STATE_TRUE_LOG_NBR,U1_AGE_NBR,U1_AT_FAULT_IND,U1_CONT_CIR_PRIMARY_CD,U1_DIRECTION_FROM_CD,U1_DIRECTION_TO_CD,U1_DISTRACTED_BY_1_CD,U1_GENDER_CD,U1_IS_ALCOHOL_SUSPECTED,U1_IS_MARIJUANA_SUSPECTED,U1_IS_OTHER_DRUG_SUSPECTED,U1_NON_MOTORIST_LOC_CD,U1_NUMBER_OF_THRU_LANES,U1_OBJECT_STRUCK,U1_ODPS_UNIT_NBR,U1_OPERATINGIN_AUTONOMOUS_MODE,U1_POSTED_SPEED_NBR,U1_PRECRASH_ACTION_CD,U1_SEQ_OF_EVENTS_1_CD,U1_SEQ_OF_EVENTS_2_CD,U1_SEQ_OF_EVENTS_3_CD,U1_SEQ_OF_EVENTS_4_CD,U1_SEQ_OF_EVENTS_5_CD,U1_SEQ_OF_EVENTS_6_CD,U1_SPECIAL_FUNCTION_CD,U1_TRAFFIC_CONTROL_CD,U1_TURN_CD,U1_TYPE_OF_UNIT_CD,U1_UNIT_SPEED_NBR,U2_AGE_NBR,U2_CONT_CIR_PRIMARY_CD,U2_DIRECTION_FROM_CD,U2_DIRECTION_TO_CD,U2_DISTRACTED_BY_1_CD,U2_GENDER_CD,U2_NON_MOTORIST_LOC_CD,U2_ODPS_UNIT_NBR,U2_POSTED_SPEED_NBR,U2_PRECRASH_ACTION_CD,U2_SEQ_OF_EVENTS_1_CD,U2_SEQ_OF_EVENTS_2_CD,U2_SEQ_OF_EVENTS_3_CD,U2_SEQ_OF_EVENTS_4_CD,U2_SEQ_OF_EVENTS_5_CD,U2_SEQ_OF_EVENTS_6_CD,U2_SPECIAL_FUNCTION_CD,U2_TRAFFIC_CONTROL_CD,U2_TURN_CD,U2_TYPE_OF_UNIT_CD,U2_UNIT_SPEED_NBR,U3_CONT_CIR_PRIMARY_CD,U3_ODPS_UNIT_NBR,U3_PRECRASH_ACTION_CD,U3_SEQ_OF_EVENTS_1_CD,U3_SEQ_OF_EVENTS_2_CD,U3_SEQ_OF_EVENTS_3_CD,U3_SEQ_OF_EVENTS_4_CD,U3_SEQ_OF_EVENTS_5_CD,U3_SEQ_OF_EVENTS_6_CD,U3_SPECIAL_FUNCTION_CD,U3_TRAFFIC_CONTROL_CD,U3_TYPE_OF_UNIT_CD,UNRESTRAIN_OCCUPANTS,WEATHER_COND_CD,V1,clean_Narrative,BERT_predictions,BERT_prediction_probabilities,RoBERTa_predictions,RoBERTa_predictions_probabilities,distilBERT_predictions,distilBERT_predictions_probabilities
1424,1424,215118058,"unit #1 was traveling northbound on ir 71 when it hydroplaned, traveled off the left side of the roadwat and struck the cable median barrier and a guardrail.",20215118058,2021,O,6/1/2021 0:00,3,SRICIR00071**C,S,RIC,19.031,40.785088,-82.410076,50092,54091.0,6/29/2021 0:00,13,3,N,2.0,Y,Y,1.0,16,0,76100.0,,,Y,19.031,SRICIR00071**C,N,1,70-0776-70,1,6,N,1,0,1,MIFFLIN TOWNSHIP,1,N,Y,N,6.0,Y,0.2,,N,,N,MIFFLIN TOWNSHIP,N,,0,,,,71,IR,,177.0,N,,,177 0,2,,,,,N,N,Y,0,0,N,1.0,0,2,1,,45328.0,N,177.122,45,Y,5,8,5,1,M,N,N,N,0,3,31,1,0,70,1,9,33,31,0,0,0,1,6,NT,1,70,,,,,,,,,,,,,,,,,,,,,,,,,,,,,,,,,,0,4,,"unit1 traveling hydroplaned , traveled left side roadwat struck cable median barrier guardrail .",O,"[0.9792525172233582, 0.019016621634364128, 0.0017308255191892385]",O,"[0.9802699089050293, 0.019347529858350754, 0.00038258155109360814]",O,"[1.0, 1.430511474609375e-06, 1.1920928955078125e-07]"
1425,1425,215121055,unit 1 was eastbound on ir 70. unit 1 hydroplaned traveling off the right side of the roadway and struck the guardrail.,20215121055,2021,O,7/1/2021 0:00,11,SBELIR00070**C,S,BEL,4.88,40.059255,-81.139903,40600,99999.0,7/8/2021 0:00,13,5,N,2.0,Y,Y,1.0,18,0,,,,Y,4.88,SBELIR00070**C,N,1,07-0495-07,1,7,N,1,0,1,KIRKWOOD TOWNSHIP,1,E,Y,N,4.0,Y,0.5,,N,,N,KIRKWOOD TOWNSHIP,N,,0,,,,70,IR,,203.0,N,,,203,2,,,,,N,N,Y,0,0,N,1.0,0,2,2,,33445.0,N,203.499,36,Y,5,4,3,1,F,N,N,N,0,2,30,1,0,70,1,8,30,0,0,0,0,1,6,NT,4,50,,,,,,,,,,,,,,,,,,,,,,,,,,,,,,,,,,0,4,,unit1 . unit1 hydroplaned traveling side roadway struck guardrail .,O,"[0.9986836314201355, 0.0012566447257995605, 5.978564149700105e-05]",O,"[0.9266774654388428, 0.07249976694583893, 0.0008228024817071855]",O,"[0.984375, 0.01494598388671875, 0.0008945465087890625]"
1426,1426,215121318,"unit #1 was eastbound on the ohio turnpike (ir 76). unit #2 was westbound on the ohio turnpike. unit #1 hydroplaned on the wet roadway, went through the median, rotated, and struck unit #2.",20215121318,2021,O,7/1/2021 0:00,4,SMAHIR00076*KC,S,MAH,15.784,40.948415,-80.629831,74124,99999.0,7/7/2021 0:00,6,4,N,2.0,N,Y,1.0,17,0,,,,Y,15.784,SMAHIR00076*KC,Y,1,91-0372-50,31,7,N,2,0,2,SPRINGFIELD TOWNSHIP,1,W,Y,N,4.0,N,0.2,,N,,N,SPRINGFIELD TOWNSHIP,N,,0,,,,76,IR,K,235.0,N,,,235,2,,,,,N,N,Y,0,0,N,1.0,0,2,4,,91236.0,N,234.771,47,Y,5,4,3,1,F,N,N,N,0,2,0,1,0,70,8,20,0,0,0,0,0,1,6,NT,1,60,39.0,1.0,3.0,4.0,1.0,M,,2.0,70.0,1.0,20.0,,,,,,1.0,6.0,NT,15.0,70.0,,,,,,,,,,,,,0,4,,"unit1 ohio turnpike . unit2 ohio turnpike . unit1 hydroplaned wet roadway , went median , rotated , struck unit2 .",O,"[0.9635644555091858, 0.03495621308684349, 0.001479395548813045]",O,"[0.9910963773727417, 0.008701857179403305, 0.00020181374566163868]",C,"[0.03302001953125, 0.939453125, 0.027435302734375]"
1427,1427,215121825,"unit #1 was traveling southbound on ir 71 when it hydroplaned and, travelled off the left side of the roadway and struck the cable median barrier.",20215121825,2021,O,7/1/2021 0:00,3,SRICIR00071**N,S,RIC,5.505,40.629422,-82.55929,62050,99999.0,7/8/2021 0:00,13,5,N,2.0,N,Y,1.0,19,0,,,,Y,5.525,SRICIR00071**C,N,1,70-0828-70,1,7,N,1,0,1,PERRY TOWNSHIP,1,N,Y,N,6.0,Y,0.6,,Y,,N,JEFFERSON TOWNSHIP,N,,0,,,,71,IR,,163.0,N,,,163,2,,,,,N,N,Y,0,0,N,1.0,0,2,1,,45324.0,N,163.596,18,Y,5,5,8,1,M,N,N,N,0,3,33,1,0,70,1,13,9,33,0,0,0,1,6,NT,1,70,,,,,,,,,,,,,,,,,,,,,,,,,,,,,,,,,,0,4,,"unit1 traveling hydroplaned , travelled left side roadway struck cable median barrier .",O,"[0.9962756633758545, 0.0034657029900699854, 0.000258621817920357]",O,"[0.9998658895492554, 0.00013206210860516876, 1.973615098904702e-06]",O,"[1.0, 3.534555435180664e-05, 2.384185791015625e-06]"
1428,1428,215122029,"while traveling northbound on i-75, unit #1 hydroplaned, went off the right side of the roadway and struck the ditch and a traffic sign.",20215122029,2021,AB,7/1/2021 0:00,1,SHANIR00075**C,S,HAN,24.621,41.159446,-83.653098,1308,99999.0,7/11/2021 0:00,13,1,N,2.0,Y,Y,1.0,9,0,,,,Y,24.621,SHANIR00075**C,N,1,87-0238-32,1,7,N,1,1,1,ALLEN TOWNSHIP,1,N,Y,N,6.0,Y,0.2,,Y,,N,ALLEN TOWNSHIP,N,,0,,,,75,IR,,166.0,N,,,166,2,,,,,N,N,Y,0,0,N,1.0,0,2,1,,45364.0,N,166.098,18,Y,5,2,1,1,M,N,N,N,0,3,37,1,0,70,1,8,44,37,0,0,0,1,6,NT,1,70,,,,,,,,,,,,,,,,,,,,,,,,,,,,,,,,,,0,4,,"traveling , unit1 hydroplaned , went side roadway struck ditch traffic sign .",O,"[0.9944028258323669, 0.00508521543815732, 0.0005120350397191942]",O,"[0.99967360496521, 0.00031953875441104174, 6.867867341497913e-06]",O,"[0.9990234375, 0.0010166168212890625, 9.751319885253906e-05]"
1429,1429,215123647,"unit #1 was north bound on ir 77 in the left lane and hydroplaned on the wet asphalt, driving off the left side of the roadway getting stuck on the grassy embankment.",20215123647,2021,O,7/1/2021 0:00,4,SSUMIR00077**C,S,SUM,31.31,41.24494,-81.628785,66530,17668.0,7/12/2021 0:00,13,2,N,2.0,Y,Y,1.0,11,0,,,,Y,31.31,SSUMIR00077**C,N,1,77-0221-77,1,7,N,1,0,1,RICHFIELD,1,N,Y,N,4.0,Y,0.9,,N,,N,RICHFIELD TOWNSHIP,N,,0,,,,77,IR,,144.0,N,,,144,2,,,,,N,N,Y,0,0,N,1.0,0,2,1,,56835.0,N,144.832,36,Y,5,2,1,1,M,N,N,N,0,2,45,1,0,65,1,9,45,0,0,0,0,1,6,NT,1,65,,,,,,,,,,,,,,,,,,,,,,,,,,,,,,,,,,0,2,,"unit1 left hydroplaned wet asphalt , driving left side roadway getting stuck grassy embankment .",O,"[0.9998824596405029, 0.00011107309546787292, 6.488992312370101e-06]",O,"[0.9993526339530945, 0.0006311432807706296, 1.6160587620106526e-05]",O,"[0.896484375, 0.0992431640625, 0.004039764404296875]"
1430,1430,215123761,unit #1 was eastbound on ir-80 ohio turnpike. unit #1 driver hydroplaned and struck the median wall.,20215123761,2021,AB,7/1/2021 0:00,4,SPORIR00080*KC,S,POR,13.887,41.242392,-81.127157,28742,99999.0,7/11/2021 0:00,13,1,N,2.0,Y,Y,1.0,14,0,,,,Y,13.887,SPORIR00080*KC,N,1,91-0391-67,31,7,N,0,1,1,FREEDOM TOWNSHIP,1,E,Y,N,6.0,N,0.6,,Y,,N,FREEDOM TOWNSHIP,N,,0,,,,80,IR,K,199.0,N,,,199,2,,,,,N,N,N,0,0,N,1.0,0,2,1,,118504.0,N,199.535,25,Y,1,4,3,1,M,N,N,N,0,3,35,1,0,70,1,9,35,0,0,0,0,1,6,NT,3,65,,,,,,,,,,,,,,,,,,,,,,,,,,,,,,,,,,0,4,,unit1 ir ohio turnpike . unit1 driver hydroplaned struck median wall .,O,"[0.5882543921470642, 0.3889605402946472, 0.02278502844274044]",C,"[0.11135557293891907, 0.8864748477935791, 0.002169573912397027]",O,"[0.9921875, 0.00806427001953125, 0.00015723705291748047]"
1431,1431,215123997,unit 1 was traveling westbound on ir 80 ohio turnpike. unit 1 hydroplanned and struck the concrete median barrier.,20215123997,2021,O,7/1/2021 0:00,4,SPORIR00080*KN,S,POR,7.09,41.246267,-81.257455,75014,99999.0,7/11/2021 0:00,13,1,N,2.0,Y,Y,1.0,15,0,,,,Y,7.09,SPORIR00080*KC,N,1,91-0394-67,31,7,N,3,0,1,STREETSBORO,1,W,Y,N,6.0,N,0.2,,N,,N,SHALERSVILLE TOWNSHIP,N,,0,,,,80,IR,K,193.0,N,,,193,2,,,,,N,N,Y,0,0,N,1.0,0,2,2,,91335.0,N,192.738,28,Y,5,3,4,1,M,N,N,N,0,3,35,1,0,70,1,9,35,0,0,0,0,1,6,NT,1,70,,,,,,,,,,,,,,,,,,,,,,,,,,,,,,,,,,0,4,,unit1 traveling ohio turnpike . unit1 hydroplanned struck concrete median barrier .,O,"[0.9556296467781067, 0.043096743524074554, 0.0012736138887703419]",O,"[0.747856855392456, 0.24610044062137604, 0.006042719818651676]",O,"[0.98388671875, 0.015289306640625, 0.0011339187622070312]"
1432,1432,215124003,unit 1 and 2 were traveling eastbound on ir 80 ohio turnpike. unit 1 hydroplaned and struck unit 2.,20215124003,2021,O,7/1/2021 0:00,12,SCUYIR00080*KC,S,CUY,15.957,41.296692,-81.689886,9064,17668.0,7/8/2021 0:00,5,5,N,2.0,N,Y,1.0,14,0,,,,Y,15.957,SCUYIR00080*KC,N,1,91-0379-18,31,7,N,2,0,2,BROADVIEW HEIGHTS,1,E,Y,N,6.0,N,0.3,,Y,,N,BROADVIEW HEIGHTS,N,,0,,,,80,IR,K,169.0,N,,,169,2,,,,,N,N,Y,0,0,N,1.0,0,2,2,,39641.0,N,169.248,19,Y,5,4,3,1,F,N,N,N,0,3,0,1,0,70,3,20,0,0,0,0,0,1,6,NT,1,65,52.0,1.0,4.0,3.0,1.0,M,,2.0,70.0,1.0,20.0,,,,,,1.0,6.0,NT,1.0,60.0,,,,,,,,,,,,,0,4,,unit1 traveling ohio turnpike . unit1 hydroplaned struck unit2 .,O,"[0.8567484021186829, 0.13548879325389862, 0.007762811612337828]",C,"[0.37987932562828064, 0.5986188650131226, 0.021501809358596802]",O,"[0.9541015625, 0.040618896484375, 0.00506591796875]"
1433,1433,215124741,"unit 1 was traveling south on ir 270. unit 1 hydroplaned, slid off the right side of the roadway into large area of standing water.",20215124741,2021,O,7/1/2021 0:00,6,SFRAIR00270**N,S,FRA,5.815,39.934949,-83.123861,18000,19234.0,7/11/2021 0:00,13,1,N,2.0,Y,Y,1.0,11,0,27900.0,,,Y,5.8,SFRAIR00270**C,N,1,25-0272-25,1,7,N,1,0,1,COLUMBUS,1,S,Y,N,6.0,Y,0.2,,N,,N,COLUMBUS,N,,0,,,,270,IR,,6.0,N,,,6,2,,,,,N,N,Y,0,0,N,1.0,0,2,1,,81468.0,N,5.815,48,Y,5,1,2,1,F,N,N,N,0,3,45,1,0,65,1,8,45,0,0,0,0,1,6,NT,3,65,,,,,,,,,,,,,,,,,,,,,,,,,,,,,,,,,,0,4,,"unit1 traveling . unit1 hydroplaned , slid side roadway large area standing water .",O,"[0.9995552897453308, 0.000429358595283702, 1.5367169908131473e-05]",O,"[0.9991149306297302, 0.0008794428431428969, 5.570637767959852e-06]",O,"[1.0, 1.1920928955078125e-07, 0.0]"
1434,1434,215125030,unit 1 was traveling westbound on ir 80 ohio turnpike. unit 1 hydroplaned and struck the concrete median barrier.,20215125030,2021,O,7/1/2021 0:00,12,SCUYIR00080*KN,S,CUY,15.227,41.301635,-81.702448,9064,17668.0,7/8/2021 0:00,13,5,N,2.0,Y,Y,1.0,19,0,,,,Y,15.22,SCUYIR00080*KC,N,1,91-0382-18,31,7,N,2,0,1,BROADVIEW HEIGHTS,1,E,Y,N,6.0,N,0.5,,N,,N,BROADVIEW HEIGHTS,N,,0,,,,80,IR,K,168.0,N,,,168,2,,,,,N,N,Y,0,0,N,1.0,0,2,4,,39641.0,N,168.518,52,Y,5,3,4,1,F,N,N,N,0,3,35,1,0,70,1,9,35,0,0,0,0,1,6,NT,1,55,,,,,,,,,,,,,,,,,,,,,,,,,,,,,,,,,,0,4,,unit1 traveling ohio turnpike . unit1 hydroplaned struck concrete median barrier .,O,"[0.677017867565155, 0.30407920479774475, 0.01890290156006813]",C,"[0.0796932801604271, 0.9177807569503784, 0.0025259077083319426]",O,"[0.9970703125, 0.003223419189453125, 0.00012302398681640625]"
1435,1435,215125403,"unit #1 was traveling eastbound on ir80 (ohio turnpike). unit #1 hydroplaned, traveled off the left side of the roadway, and struck the median barrier wall. unit #1 continued moving, traveled off the right side of the roadway and struck the guardrail.",20215125403,2021,O,7/1/2021 0:00,12,SCUYIR00080*KC,S,CUY,17.54,41.287331,-81.661932,8364,17668.0,7/12/2021 0:00,13,2,N,2.0,Y,Y,1.0,11,0,,,,Y,17.54,SCUYIR00080*KC,N,1,91-0396-18,31,7,N,1,0,1,BRECKSVILLE,1,W,Y,N,6.0,N,0.1,,N,,N,BRECKSVILLE,N,,0,,,,80,IR,K,171.0,N,,,171,2,,,,,N,N,N,0,0,N,1.0,0,2,2,,81404.0,N,170.831,32,Y,11,4,3,1,M,N,N,N,0,3,30,1,0,70,1,9,35,8,30,0,0,1,6,NT,1,60,,,,,,,,,,,,,,,,,,,,,,,,,,,,,,,,,,0,4,,"unit1 traveling . unit1 hydroplaned , traveled left side roadway , struck median barrier wall . unit1 continued moving , traveled side roadway struck guardrail .",O,"[0.4986817538738251, 0.47317200899124146, 0.028146198019385338]",O,"[0.6060270071029663, 0.3862631618976593, 0.00770982913672924]",O,"[0.8857421875, 0.10784912109375, 0.006061553955078125]"
1436,1436,215125409,"unit #1 was traveling northwest on us 35 in the left lane, hydroplaned and traveled off the right side of the roadway. unit #1 struck a ditch, embankment, and overturned multiple times before coming to rest on its wheels.",20215125409,2021,O,7/1/2021 0:00,9,SJACUS00035**N,S,JAC,21.497,38.969436,-82.505362,7090,99999.0,7/11/2021 0:00,13,1,N,2.0,Y,N,3.0,15,0,,,,N,21.5,SJACUS00035**C,N,1,40-0430-40,1,7,N,2,0,1,BLOOMFIELD TOWNSHIP,1,E,Y,N,4.0,Y,0.5,,N,,N,BLOOMFIELD TOWNSHIP,N,,0,,,,35,US,,21.0,N,,,21,2,,,,,N,N,Y,0,0,N,2.0,0,2,3,,262424.0,N,150.788,26,Y,5,7,6,1,F,N,N,N,0,2,45,1,0,60,13,8,44,45,1,0,0,1,6,NT,1,60,,,,,,,,,,,,,,,,,,,,,,,,,,,,,,,,,,0,4,,"unit1 traveling us left , hydroplaned traveled side roadway . unit1 struck ditch , embankment , overturned multiple times coming rest wheels .",C,"[0.00023150924243964255, 0.9956633448600769, 0.004105200059711933]",AB,"[0.0005825588596053421, 0.052695438265800476, 0.9467219710350037]",C,"[0.0033283233642578125, 0.98291015625, 0.01390838623046875]"
1437,1437,215125662,"unit #1 was traveling northbound on interstate 75 in the left lane. unit #1 began to hydroplane, spun out and drove off the right side of the roadway striking the ditch line. unit #1 continued along the ditch and struck a small tree at the creekbed and embankment before coming to rest on top of the embankment.",20215125662,2021,O,7/1/2021 0:00,7,SMIAIR00075**C,S,MIA,13.452,40.105293,-84.225585,74475,99759.0,7/11/2021 0:00,13,1,N,2.0,Y,Y,1.0,4,0,,,,Y,13.452,SMIAIR00075**C,N,4,55-0318-55,1,7,N,6,0,1,STAUNTON TOWNSHIP,1,S,Y,N,4.0,Y,0.2,,N,,N,STAUNTON TOWNSHIP,N,,0,,,,75,IR,,79.0,N,,,79,2,,,,,N,N,Y,0,0,N,1.0,0,2,2,,91185.0,N,78.786,42,Y,5,2,1,1,M,N,N,N,0,2,45,1,0,40,1,8,44,45,0,0,0,1,6,NT,1,70,,,,,,,,,,,,,,,,,,,,,,,,,,,,,,,,,,0,4,,"unit1 traveling interstate left . unit1 began hydroplane , spun drove side roadway striking ditch line . unit1 continued along ditch struck small tree creekbed embankment coming rest top embankment .",C,"[0.030562549829483032, 0.9311628937721252, 0.038274552673101425]",O,"[0.9990615248680115, 0.0008836101042106748, 5.4870433814357966e-05]",O,"[0.9873046875, 0.01131439208984375, 0.0008931159973144531]"
1438,1438,215126034,"unit #1 was traveling south on interstate 77, near mile post 99, in the left lane. unit #1 hydroplaned, traveled off roadway to the left, struck ditch, then a culvert and overturned several times.",20215126034,2021,AB,7/1/2021 0:00,4,SSTAIR00077**C,S,STA,4.326,40.72376,-81.421199,62694,13375.0,7/11/2021 0:00,13,1,N,2.0,Y,Y,1.0,19,0,,,,Y,4.326,SSTAIR00077**C,N,2,76-0887-76,1,7,N,2,2,1,PIKE TOWNSHIP,1,N,Y,N,4.0,Y,0.2,,N,,N,PIKE TOWNSHIP,N,,0,,,,77,IR,,99.0,N,,,99,2,,,,,N,N,Y,0,0,N,1.0,0,2,4,,45435.0,N,99.308,29,Y,5,1,2,1,F,N,N,N,0,2,42,1,0,65,1,9,44,42,1,0,0,1,6,NT,2,0,,,,,,,,,,,,,,,,,,,,,,,,,,,,,,,,,,0,4,,"unit1 traveling interstate , near mile post , left . unit1 hydroplaned , traveled roadway left , struck ditch , culvert overturned several times .",C,"[0.0005615161499008536, 0.9956467747688293, 0.003791658440604806]",AB,"[0.0007725426112301648, 0.035963982343673706, 0.9632635116577148]",C,"[0.016693115234375, 0.9482421875, 0.035491943359375]"
1439,1439,215126142,"unit 1 was southbound on interstate 71, hydroplaned, went off road right and struck a guard rail.",20215126142,2021,O,7/1/2021 0:00,3,SASDIR00071**N,S,ASD,10.461,40.874549,-82.215898,61756,99999.0,7/16/2021 0:00,13,6,N,2.0,Y,Y,1.0,20,0,,,,Y,10.449,SASDIR00071**C,N,2,03-0405-03,1,7,N,5,0,1,PERRY TOWNSHIP,1,N,Y,N,6.0,Y,0.2,,N,,N,MONTGOMERY TOWNSHIP,N,,0,,,,71,IR,,189.0,N,,,189,2,,,,,N,N,Y,0,0,N,1.0,0,2,2,,81125.0,N,189.188,35,Y,5,5,8,1,F,N,N,N,0,3,30,1,2,70,1,8,30,0,0,0,0,1,6,NT,3,70,,,,,,,,,,,,,,,,,,,,,,,,,,,,,,,,,,0,4,,"unit1 interstate , hydroplaned , went struck guard rail .",O,"[0.9943407773971558, 0.005264764651656151, 0.0003944770141970366]",O,"[0.9996402263641357, 0.00035582593409344554, 3.927111720258836e-06]",O,"[0.9990234375, 0.0006361007690429688, 3.36766242980957e-05]"
1440,1440,215126144,"unit 1 was traveling west on cr50, drove into high water, hydroplaned, crossed the center line and rolled several times.",20215126144,2021,AB,7/1/2021 0:00,3,CCRACR00050**C,C,CRA,2.406,40.981957,-82.807319,19134,99999.0,7/17/2021 0:00,16,7,N,,N,N,7.0,8,0,,,,N,2.406,CCRACR00050**C,N,1,17-0224-17,2,7,,0,1,1,CRANBERRY TOWNSHIP,1,W,N,N,2.0,N,0.3,CR,Y,,N,CRANBERRY TOWNSHIP,N,,0,,,,50,CR,,,N,,,,1,66,CR,,,N,N,Y,0,0,N,,0,2,1,,17788.0,N,2.406,23,Y,5,3,4,1,F,N,N,N,0,2,0,1,0,55,1,99,11,1,0,0,0,1,6,NT,3,45,,,,,,,,,,,,,,,,,,,,,,,,,,,,,,,,,,0,4,,"unit1 traveling , drove high water , hydroplaned , crossed center line rolled several times .",AB,"[3.606352834140125e-07, 1.0076369107991923e-05, 0.9999895095825195]",C,"[0.011838388629257679, 0.5091911554336548, 0.4789704382419586]",AB,"[0.027435302734375, 0.405029296875, 0.56787109375]"
1441,1441,215126439,unit 1 was traveling westbound on ir 80 ohio turnpike. unit 1 hydroplaned and went off the right side of the road and struck the ditch.,20215126439,2021,AB,7/1/2021 0:00,4,SSUMIR00080*KN,S,SUM,7.97,41.25874,-81.49977,7776,17668.0,7/12/2021 0:00,13,2,N,2.0,Y,Y,1.0,16,0,,,,Y,7.99,SSUMIR00080*KC,N,1,91-0398-77,31,7,N,0,1,1,BOSTON TOWNSHIP,1,E,Y,N,6.0,N,0.1,,N,,N,BOSTON HEIGHTS,N,,0,,,,80,IR,K,180.0,N,,,180,2,,,,,N,N,Y,0,0,N,1.0,0,2,4,,39657.0,N,180.005,45,Y,5,3,4,1,M,N,N,N,0,3,44,1,0,70,1,8,44,0,0,0,0,1,6,NT,1,60,,,,,,,,,,,,,,,,,,,,,,,,,,,,,,,,,,0,4,,unit1 traveling ohio turnpike . unit1 hydroplaned went side struck ditch .,O,"[0.8902390003204346, 0.09652809053659439, 0.013232914730906487]",O,"[0.9645962119102478, 0.03492836281657219, 0.00047550839371979237]",O,"[0.9677734375, 0.0288848876953125, 0.003574371337890625]"
1442,1442,215126442,unit 1 was eastbound on ir 80 ohio turnpike. unit 1 hydroplaned and struck the concrete median barrier.,20215126442,2021,C,7/1/2021 0:00,12,SCUYIR00080*KC,S,CUY,13.217,41.304107,-81.740623,57008,17668.0,7/12/2021 0:00,13,2,N,2.0,Y,Y,1.0,17,0,,,,Y,13.217,SCUYIR00080*KC,N,1,91-0400-18,31,7,N,0,0,1,NORTH ROYALTON,1,E,Y,N,6.0,N,0.5,,N,,N,NORTH ROYALTON,N,,0,,,,80,IR,K,166.0,N,,,166,2,,,,,N,N,Y,0,0,N,1.0,3,2,4,,39640.0,N,166.508,60,Y,5,4,3,1,M,N,N,N,0,3,35,1,0,70,1,9,35,0,0,0,0,1,6,NT,4,55,,,,,,,,,,,,,,,,,,,,,,,,,,,,,,,,,,0,4,,unit1 ohio turnpike . unit1 hydroplaned struck concrete median barrier .,C,"[0.38265538215637207, 0.6009865999221802, 0.01635799929499626]",C,"[0.0462711937725544, 0.9521534442901611, 0.0015753238694742322]",O,"[0.97802734375, 0.021728515625, 0.0004279613494873047]"
1443,1443,215127279,unit 1 was eastbound on ir 80 ohio turnpike. unit 1 hydroplaned ran off the right side of the road and struck a ditch.,20215127279,2021,AB,7/1/2021 0:00,4,STRUIR00080*KC,S,TRU,0.331,41.241123,-80.996517,8056,99999.0,7/16/2021 0:00,13,6,N,2.0,Y,Y,1.0,19,0,,,,Y,0.331,STRUIR00080*KC,N,2,91-0413-78,31,7,N,0,2,1,BRACEVILLE TOWNSHIP,1,E,Y,N,6.0,N,0.4,,N,,N,BRACEVILLE TOWNSHIP,N,,0,,,,80,IR,K,206.0,N,,,206,2,,,,,N,N,Y,0,0,N,1.0,0,2,4,,91340.0,N,206.364,58,Y,5,4,3,1,M,N,N,N,0,3,45,1,0,70,1,8,44,45,0,0,0,1,6,NT,1,60,,,,,,,,,,,,,,,,,,,,,,,,,,,,,,,,,,0,4,,unit1 ohio turnpike . unit1 hydroplaned ran side struck ditch .,O,"[0.8260493278503418, 0.14988499879837036, 0.024065619334578514]",O,"[0.9637534022331238, 0.03553266450762749, 0.000713939662091434]",O,"[0.900390625, 0.08917236328125, 0.00984954833984375]"
1444,1444,215132563,"unit #1 was traviling westbound on ir80 (ohio turnpike). unit #1 hydroplaned, traveled off the right side of the roadway, and struck the guardrail.",20215132563,2021,O,7/1/2021 0:00,4,SPORIR00080*KN,S,POR,18.088,41.241948,-81.046696,85960,99802.0,7/24/2021 0:00,13,7,N,2.0,Y,Y,1.0,12,0,,,,Y,18.093,SPORIR00080*KC,N,1,91-0436-67,31,7,N,2,0,1,WINDHAM TOWNSHIP,1,W,Y,N,6.0,N,0.2,,Y,,N,WINDHAM TOWNSHIP,N,,0,,,,80,IR,K,204.0,N,,,204,2,,,,,N,N,N,0,0,N,1.0,0,2,1,,34746.0,N,203.736,23,Y,11,3,4,1,F,N,N,N,0,3,30,1,0,70,1,8,30,0,0,0,0,1,6,NT,1,55,,,,,,,,,,,,,,,,,,,,,,,,,,,,,,,,,,0,4,,"unit1 traviling . unit1 hydroplaned , traveled side roadway , struck guardrail .",O,"[0.9973377585411072, 0.0025150803849101067, 0.0001472013973398134]",O,"[0.7561295628547668, 0.23960638046264648, 0.004264031536877155]",O,"[0.98828125, 0.0115966796875, 0.00018310546875]"
1445,1445,215133535,"unit #1 was traveling southbound on interstate 75 in the left lane. unit #1 began to hydroplane, spun out and went off the right side of the roadway striking the rest area sign and the ditch.",20215133535,2021,O,7/1/2021 0:00,7,SMIAIR00075**N,S,MIA,18.865,40.18017,-84.215933,74097,99759.0,7/25/2021 0:00,13,1,N,2.0,Y,Y,1.0,1,0,,,,Y,18.857,SMIAIR00075**C,N,4,55-0336-55,1,7,N,1,0,1,SPRINGCREEK TOWNSHIP,1,N,Y,N,4.0,Y,0.2,,N,,N,SPRINGCREEK TOWNSHIP,N,,0,,,,75,IR,,84.0,N,,,84,2,,,,,N,N,N,0,0,N,1.0,0,2,1,,39548.0,N,84.199,30,Y,18,1,2,1,M,N,N,N,0,2,37,1,0,70,1,8,37,44,0,0,0,1,6,NT,1,70,,,,,,,,,,,,,,,,,,,,,,,,,,,,,,,,,,0,4,,"unit1 traveling interstate left . unit1 began hydroplane , spun went side roadway striking rest area sign ditch .",O,"[0.9999998807907104, 1.2110656655295315e-07, 2.342115834608194e-08]",O,"[0.9997027516365051, 0.0002857616636902094, 1.1411188097554259e-05]",O,"[1.0, 0.0, 0.0]"