,id,OBJECTID,Narrative,DOCUMENT_NBR,CRASH_YR,CRASH_SEVERITY_CD,CRASH_MONTH_YEAR,DISTRICT_NBR,NLFID,NLF_JUR_CD,NLF_COUNTY_CD,COUNTY_LOG_NBR,ODOT_LATITUDE_NBR,ODOT_LONGITUDE_NBR,ODOT_FIPS_CD,AREA_CODE,CRASH_DATE,CRASH_TYPE_CD,DAY_IN_WEEK_CD,DISTRACTED_DRIVER_IND,FACILITY_TYPE_CD,FHWA_RDWY_DEPARTURE_IND,FREEWAY_IND,FUNCTIONAL_CLASS_CD,HOUR_OF_CRASH,INCAPAC_INJURIES_NBR,INTERCHANGE_ID,INTERSECTION_ID_CURRENT,INTERSECTION_LEG_ID,INTERSTATE_IND,INV_LOG_NBR,INV_NLFID,IS_COMMERCIAL_RELATED,LIGHT_COND_PRIMARY_CD,LOCAL_REPORT_NUMBER_ID,MAINTENANCE_AUTHORITY_CD,MONTH_OF_CRASH,NHS_CD,NO_INJURY_REPORTED_NBR,NON_INCAPAC_INJURIES_NBR,NUMBER_OF_UNITS_NBR,ODOT_CITY_VILLAGE_TWP_NME,ODOT_CRASH_LOCATION_CD,ODOT_DIR_FROM_REF_CD,ODOT_DIV_UNDIV_IND,ODOT_INTERSECTION_REL_IND,ODOT_LANES_NBR,ODOT_MAINTAINED_HWY_IND,ODOT_MILES_FROM_REF_NBR,ODOT_REF_ROUTE_PREFIX_CD,ODOT_YOUNG_DRIVER_IND,ODPS_ADDRESS_REFERENCE,ODPS_ALCOHOL_IND,ODPS_CITY_VILLAGE_TWP_NME,ODPS_DRUG_IND,ODPS_LOC_DIR_SUFFIX_CD,ODPS_LOC_IN_WORK_ZONE_CD,ODPS_LOC_ROAD_DIRECTION_CD,ODPS_LOC_ROAD_NME,ODPS_LOC_ROAD_SUFFIX_CD,ODPS_LOC_ROUTE_ID,ODPS_LOC_ROUTE_PREFIX_CD,ODPS_LOC_ROUTE_SUFFIX_CD,ODPS_MILEPOST_REFERENCE,ODPS_MOTORCYCLE_IND,ODPS_REF_DIR_SUFFIX_CD,ODPS_REF_DIRECTION_CD,ODPS_REF_GIVEN,ODPS_REF_POINT_USED_CD,ODPS_REF_ROUTE_ID,ODPS_REF_ROUTE_PREFIX_CD,ODPS_REF_ROUTE_SUFFIX_CD,ODPS_REF_SUFFIX_CD,ODPS_SCHOOL_ZONE_IND,ODPS_SENIOR_DRIVER_IND,ODPS_SPEED_IND,ODPS_TOTAL_FATALITIES_NBR,ODPS_TYPE_OF_WORK_ZONE_CD,ODPS_WORK_ZONE_IND,OPER_ACCESS_CONTROL_CD,POSSIBLE_INJURIES_NBR,ROAD_COND_PRIMARY_CD,ROAD_CONTOUR_CD,SA_RAMP_ID,SA_SEGMENT_ID,SECONDARY_CRASH,STATE_TRUE_LOG_NBR,U1_AGE_NBR,U1_AT_FAULT_IND,U1_CONT_CIR_PRIMARY_CD,U1_DIRECTION_FROM_CD,U1_DIRECTION_TO_CD,U1_DISTRACTED_BY_1_CD,U1_GENDER_CD,U1_IS_ALCOHOL_SUSPECTED,U1_IS_MARIJUANA_SUSPECTED,U1_IS_OTHER_DRUG_SUSPECTED,U1_NON_MOTORIST_LOC_CD,U1_NUMBER_OF_THRU_LANES,U1_OBJECT_STRUCK,U1_ODPS_UNIT_NBR,U1_OPERATINGIN_AUTONOMOUS_MODE,U1_POSTED_SPEED_NBR,U1_PRECRASH_ACTION_CD,U1_SEQ_OF_EVENTS_1_CD,U1_SEQ_OF_EVENTS_2_CD,U1_SEQ_OF_EVENTS_3_CD,U1_SEQ_OF_EVENTS_4_CD,U1_SEQ_OF_EVENTS_5_CD,U1_SEQ_OF_EVENTS_6_CD,U1_SPECIAL_FUNCTION_CD,U1_TRAFFIC_CONTROL_CD,U1_TURN_CD,U1_TYPE_OF_UNIT_CD,U1_UNIT_SPEED_NBR,U2_AGE_NBR,U2_CONT_CIR_PRIMARY_CD,U2_DIRECTION_FROM_CD,U2_DIRECTION_TO_CD,U2_DISTRACTED_BY_1_CD,U2_GENDER_CD,U2_NON_MOTORIST_LOC_CD,U2_ODPS_UNIT_NBR,U2_POSTED_SPEED_NBR,U2_PRECRASH_ACTION_CD,U2_SEQ_OF_EVENTS_1_CD,U2_SEQ_OF_EVENTS_2_CD,U2_SEQ_OF_EVENTS_3_CD,U2_SEQ_OF_EVENTS_4_CD,U2_SEQ_OF_EVENTS_5_CD,U2_SEQ_OF_EVENTS_6_CD,U2_SPECIAL_FUNCTION_CD,U2_TRAFFIC_CONTROL_CD,U2_TURN_CD,U2_TYPE_OF_UNIT_CD,U2_UNIT_SPEED_NBR,U3_CONT_CIR_PRIMARY_CD,U3_ODPS_UNIT_NBR,U3_PRECRASH_ACTION_CD,U3_SEQ_OF_EVENTS_1_CD,U3_SEQ_OF_EVENTS_2_CD,U3_SEQ_OF_EVENTS_3_CD,U3_SEQ_OF_EVENTS_4_CD,U3_SEQ_OF_EVENTS_5_CD,U3_SEQ_OF_EVENTS_6_CD,U3_SPECIAL_FUNCTION_CD,U3_TRAFFIC_CONTROL_CD,U3_TYPE_OF_UNIT_CD,UNRESTRAIN_OCCUPANTS,WEATHER_COND_CD,V1,clean_Narrative,BERT_predictions,BERT_prediction_probabilities,RoBERTa_predictions,RoBERTa_predictions_probabilities,distilBERT_predictions,distilBERT_predictions_probabilities
1446,1446,215135902,"unit 1 was south on interstate 75. after an abrupt heavy rain began, unit 1 hydroplaned, ran off road right, overturned, and struck a ditch.",20215135902,2021,AB,7/1/2021 0:00,8,SWARIR00075**N,S,WAR,1.153,39.450374,-84.329936,51310,16885.0,7/25/2021 0:00,16,1,N,2.0,Y,Y,1.0,18,0,,,,Y,1.199,SWARIR00075**C,N,1,83-0599-83,1,7,N,0,1,1,MONROE,1,S,Y,N,8.0,Y,0.1,,N,,N,TURTLECREEK TOWNSHIP,N,,0,,,,75,IR,,30.0,N,,,30,2,,,,,N,N,Y,0,0,N,1.0,0,2,1,,42921.0,N,29.883,61,Y,5,1,2,1,F,N,N,N,0,4,44,1,0,65,1,8,1,44,0,0,0,1,6,NT,3,65,,,,,,,,,,,,,,,,,,,,,,,,,,,,,,,,,,0,4,,"unit1 interstate . abrupt heavy rain began , unit1 hydroplaned , ran , overturned , struck ditch .",C,"[0.01956304721534252, 0.9763383269309998, 0.004098604433238506]",C,"[0.0063527305610477924, 0.9889642000198364, 0.004683129023760557]",C,"[0.02752685546875, 0.94970703125, 0.02264404296875]"
1447,1447,215135951,unit #1 was west on ir70. unit #1 hit some water hydroplaned off the right side of the roadway striking the cable wire.,20215135951,2021,O,7/1/2021 0:00,6,SMADIR00070**N,S,MAD,13.582,39.970598,-83.284391,38696,99999.0,7/29/2021 0:00,13,5,N,2.0,Y,Y,1.0,16,0,,,,Y,13.595,SMADIR00070**C,N,1,49-0347-49,1,7,N,1,0,1,JEFFERSON TOWNSHIP,1,E,Y,N,6.0,Y,0.057,,N,,N,JEFFERSON TOWNSHIP,N,,0,,,,70,IR,,84.0,N,,,84,2,,,,,N,N,Y,0,0,N,1.0,0,2,1,,56599.0,N,84.038,34,Y,5,3,4,1,M,N,N,N,0,3,33,1,0,70,1,9,33,0,0,0,0,1,6,NT,1,60,,,,,,,,,,,,,,,,,,,,,,,,,,,,,,,,,,0,4,,unit1 . unit1 hit water hydroplaned side roadway striking cable wire .,O,"[0.9996722936630249, 0.0003195956232957542, 8.079267900029663e-06]",O,"[0.9999998807907104, 6.88321861730401e-08, 3.599924525143905e-10]",O,"[1.0, 7.748603820800781e-07, 5.960464477539063e-08]"
1448,1448,215136151,"unit 1 was traveling north hydroplaned, spun out, ran off the left side of the roadway and struck the cable median barrier.",20215136151,2021,O,7/1/2021 0:00,2,SWOOIR00075**C,S,WOO,9.989,41.308376,-83.627137,64122,99999.0,7/29/2021 0:00,13,5,N,2.0,Y,Y,1.0,7,0,,,,Y,9.989,SWOOIR00075**C,N,1,87-0260-87,1,7,N,1,0,1,PORTAGE TOWNSHIP,1,S,Y,N,6.0,Y,0.2,,N,,N,PORTAGE TOWNSHIP,N,,0,,,,75,IR,,177.0,N,,,177,2,,,,,N,N,Y,0,0,N,1.0,0,2,3,,42929.0,N,176.694,43,Y,5,8,1,1,F,N,N,N,0,3,33,1,0,70,13,9,33,0,0,0,0,1,6,LT,1,73,,,,,,,,,,,,,,,,,,,,,,,,,,,,,,,,,,0,4,,"unit1 traveling hydroplaned , spun , ran left side roadway struck cable median barrier .",O,"[0.9992768168449402, 0.0006781078991480172, 4.509482459980063e-05]",O,"[0.9995872378349304, 0.00040763456490822136, 5.14945668328437e-06]",O,"[0.9990234375, 0.0008864402770996094, 6.651878356933594e-05]"
1449,1449,215141811,"unit 1 was merging onto i-70 westbound from sr-4. unit 1 hydroplaned, lost control and struck the concrete median.",20215141811,2021,AB,8/1/2021 0:00,7,SCLAIR00070**N,S,CLA,5.665,39.882985,-83.951547,46788,99999.0,8/7/2021 0:00,13,7,N,2.0,Y,Y,1.0,18,0,8600.0,8fb819c0-6130-449d-a845-9c80032244f8,64bb6f79-ec04-41f4-adc4-69c29d2cb21f,Y,5.673,SCLAIR00070**C,N,1,12-0790-12,1,8,N,2,1,1,MAD RIVER TOWNSHIP,1,W,Y,N,6.0,Y,0.2,,Y,,N,MAD RIVER TOWNSHIP,N,,0,,,,70,IR,,47.0,N,,,,2,,,,,N,N,Y,0,0,N,1.0,0,2,1,,33456.0,N,46.869,25,Y,5,3,4,1,M,N,N,N,0,3,35,1,0,70,1,9,35,0,0,0,0,1,6,NT,4,40,,,,,,,,,,,,,,,,,,,,,,,,,,,,,,,,,,1,4,,"unit1 merging onto sr. unit1 hydroplaned , lost control struck concrete median .",C,"[0.0004429230757523328, 0.9989601373672485, 0.0005969436606392264]",C,"[0.10293380171060562, 0.8580743670463562, 0.03899175673723221]",C,"[0.2132568359375, 0.77685546875, 0.0102081298828125]"
1450,1450,215141814,"unit#1 was traveling nothbound on interstate 75 in the left lane at mile post 107. unit#1 hydroplaned, drove off the right side of the road, struck a grassy ditch, continued and struck a wire fence.",20215141814,2021,O,8/1/2021 0:00,7,SAUGIR00075**C,S,AUG,0.96,40.496314,-84.169146,65018,99999.0,8/7/2021 0:00,13,7,N,2.0,Y,Y,1.0,15,0,910000000.0,,,Y,0.96,SAUGIR00075**C,N,1,55-0355-06,1,8,N,1,0,1,PUSHETA TOWNSHIP,1,S,Y,N,4.0,Y,0.2,,Y,,N,WAPAKONETA,N,,0,,,,75,IR,,107.0,N,,,,2,,,,,N,N,Y,0,0,N,1.0,0,2,1,,81193.0,N,106.799,18,Y,5,2,1,1,M,N,N,N,0,2,44,1,0,70,1,46,44,8,0,0,0,1,6,NT,3,75,,,,,,,,,,,,,,,,,,,,,,,,,,,,,,,,,,0,4,,"unit1 traveling nothbound interstate left mile post . unit1 hydroplaned , drove side , struck grassy ditch , continued struck wire fence .",O,"[0.999936580657959, 6.030075019225478e-05, 3.0495393730234355e-06]",O,"[0.9959568381309509, 0.003923752810806036, 0.0001194074866361916]",O,"[0.99609375, 0.00394439697265625, 0.0003612041473388672]"
1451,1451,215141815,"unit#1 was traveling northbound on interstate 75 in the left lane at mile post 83. unit#1 hydroplaned, drove off the left side of the roadway and struck the median cable barrier multiple times.",20215141815,2021,O,8/1/2021 0:00,7,SMIAIR00075**C,S,MIA,17.498,40.161999,-84.223014,62848,99759.0,8/7/2021 0:00,13,7,N,2.0,Y,Y,1.0,17,0,68500.0,,,Y,17.498,SMIAIR00075**C,N,1,55-0357-55,1,8,N,1,0,1,PIQUA,1,N,Y,N,4.0,Y,0.2,,Y,,N,SPRINGCREEK TOWNSHIP,N,,0,,,,75,IR,,83.0,N,,,,2,,,,,N,N,Y,0,0,N,1.0,0,2,1,,81218.0,N,82.832,19,Y,5,2,1,1,M,N,N,N,0,2,33,1,0,70,1,33,9,33,33,0,0,1,6,NT,1,72,,,,,,,,,,,,,,,,,,,,,,,,,,,,,,,,,,0,4,,"unit1 traveling interstate left mile post . unit1 hydroplaned , drove left side roadway struck median cable barrier multiple times .",O,"[0.9996604919433594, 0.00032324690255336463, 1.6257848983514123e-05]",O,"[0.8982246518135071, 0.09991223365068436, 0.0018631713464856148]",O,"[1.0, 8.416175842285156e-05, 4.5299530029296875e-06]"
1452,1452,215142144,unit #1 and unit #2 were traveling eastbound on interstate 70. unit #2 hydroplaned striking the left side of unit #1. unit #2 came to a controlled rest on the right berm and unit #1 left the scene.,20215142144,2021,O,8/1/2021 0:00,5,SMUSIR00070**C,S,MUS,14.98,39.952301,-81.950031,81522,99786.0,8/7/2021 0:00,5,7,N,2.0,N,Y,1.0,13,0,,,,Y,14.98,SMUSIR00070**C,N,1,60-0682-60,1,8,N,2,0,2,WASHINGTON TOWNSHIP,1,W,Y,N,4.0,Y,0.2,,N,,N,WASHINGTON TOWNSHIP,N,,0,,,,70,IR,,158.0,N,,,,2,,,,,N,N,Y,0,0,N,1.0,0,2,1,,56614.0,N,157.765,53,Y,5,4,3,1,M,N,N,N,0,2,0,2,0,70,1,20,0,0,0,0,0,1,6,NT,5,72,,1.0,4.0,3.0,,,,1.0,70.0,1.0,20.0,,,,,,,6.0,NT,15.0,,,,,,,,,,,,,,0,4,,unit1 unit2 traveling interstate . unit2 hydroplaned striking left side unit1 . unit2 came controlled rest berm unit1 left scene .,O,"[0.9947512745857239, 0.0047590467147529125, 0.0004897481412626803]",O,"[0.9163128733634949, 0.08229108154773712, 0.0013959694188088179]",O,"[0.94287109375, 0.053802490234375, 0.003635406494140625]"
1453,1453,215143494,"unit #1 was traveling westbound on pleasant valley road. when going around a curve unit #1 hydroplaned, crossed the centerline, traveled off the left side of the roadway and struck a ditch.",20215143494,2021,O,8/1/2021 0:00,3,CRICCR00303**C,C,RIC,5.007,40.655836,-82.395767,51576,99999.0,8/9/2021 0:00,13,2,N,,Y,N,5.0,16,0,,,,N,5.007,CRICCR00303**C,Y,1,70-0969-70,2,8,,2,0,1,MONROE TOWNSHIP,1,W,N,N,2.0,N,0.2,TR,N,,N,MONROE TOWNSHIP,N,,0,,Pleasant Valley,RD,,,,,N,,,Bromfield,1,,,,RD,N,N,Y,0,0,N,,0,2,4,,100767.0,N,5.007,62,Y,5,4,6,1,M,N,N,N,0,2,44,1,0,55,13,44,11,9,0,0,0,1,6,LT,14,20,,,,,,,,,,,,,,,,,,,,,,,,,,,,,,,,,,0,4,,"unit1 traveling pleasant valley . going around curve unit1 hydroplaned , crossed centerline , traveled left side roadway struck ditch .",O,"[0.9892392158508301, 0.009422441944479942, 0.0013383772457018495]",O,"[0.9813759326934814, 0.017216194421052933, 0.0014078241074457765]",O,"[1.0, 1.0848045349121094e-05, 1.2516975402832031e-06]"
1454,1454,215147003,"unit 1 was eastbound on state route 16 when it hydroplaned and ran off the road right striking a utility pole guide wire. unit 1 then struck a embankment, went airborn and struck another embankment.",20215147003,2021,O,8/1/2021 0:00,5,SLICSR00016**C,S,LIC,9.87,40.030414,-82.598989,33894,99999.0,8/7/2021 0:00,13,7,N,2.0,Y,N,3.0,18,0,,,,N,9.87,SLICSR00016**C,N,1,45-0469-45,1,8,N,1,0,1,HARRISON TOWNSHIP,1,W,N,N,2.0,Y,0.1,,N,,N,HARRISON TOWNSHIP,N,,0,,,,16,SR,,10.0,N,,,,2,,,,,N,N,Y,0,0,N,3.0,0,2,1,,295832.0,N,22.28,41,Y,5,4,3,1,F,N,N,N,0,2,45,1,0,55,1,8,45,41,45,0,0,1,6,NT,3,55,,,,,,,,,,,,,,,,,,,,,,,,,,,,,,,,,,0,4,,"unit1 state hydroplaned ran striking utility pole guide wire . unit1 struck embankment , went airborn struck another embankment .",O,"[0.9617974758148193, 0.03298620134592056, 0.0052163610234856606]",O,"[0.8212766647338867, 0.17780974507331848, 0.0009135283180512488]",O,"[0.73583984375, 0.2342529296875, 0.0298309326171875]"
1455,1455,215147271,unit 1 was traveling eastbound on ir 80 ohio turnpike. unit 1 hydroplaned and struck the concrete median barrier.,20215147271,2021,O,8/1/2021 0:00,4,SSUMIR00080*KC,S,SUM,0.729,41.273378,-81.628989,66530,17668.0,8/7/2021 0:00,13,7,N,2.0,Y,Y,1.0,19,0,,,,Y,0.729,SSUMIR00080*KC,N,2,91-0473-77,31,8,N,5,0,1,RICHFIELD,1,E,Y,N,6.0,N,0.8,,N,,N,RICHFIELD,N,,0,,,,80,IR,K,172.0,N,,,,2,,,,,N,N,Y,0,0,N,1.0,0,2,2,,118508.0,N,172.764,55,Y,5,4,3,1,M,N,N,N,0,3,35,1,0,70,1,9,35,0,0,0,0,1,6,NT,3,70,,,,,,,,,,,,,,,,,,,,,,,,,,,,,,,,,,0,4,,unit1 traveling ohio turnpike . unit1 hydroplaned struck concrete median barrier .,O,"[0.677017867565155, 0.30407920479774475, 0.01890290156006813]",C,"[0.0796932801604271, 0.9177807569503784, 0.0025259077083319426]",O,"[0.9970703125, 0.003223419189453125, 0.00012302398681640625]"
1456,1456,215149538,"unit #1 was westbound on sr-146 and hydroplaned, traveling off the left side of the roadway, striking a guardrail.",20215149538,2021,C,8/1/2021 0:00,5,SMUSSR00146**C,S,MUS,4.019,40.047592,-82.125842,43470,99999.0,8/16/2021 0:00,13,2,N,2.0,Y,N,4.0,17,0,,,,N,4.019,SMUSSR00146**C,N,1,60-0715-60,1,8,,3,0,1,LICKING TOWNSHIP,1,E,N,N,2.0,Y,0.019,,N,,N,LICKING TOWNSHIP,N,,0,,,,146,SR,,4.0,N,,,,2,,,,,N,N,Y,0,0,N,3.0,1,2,1,,188250.0,N,6.359,32,Y,5,3,4,1,F,N,N,N,0,2,30,1,0,55,1,9,30,0,0,0,0,1,6,NT,2,55,,,,,,,,,,,,,,,,,,,,,,,,,,,,,,,,,,0,4,,"unit1 sr hydroplaned , traveling left side roadway , striking guardrail .",O,"[0.9993601441383362, 0.0006207117112353444, 1.914787935675122e-05]",O,"[0.76462322473526, 0.22639250755310059, 0.008984272368252277]",O,"[0.9853515625, 0.0143890380859375, 0.0005121231079101562]"
1457,1457,215151307,"unit 1 was traveling northbound on ir 75. unit 1 hydroplanned, ran off the right side of the roadway and struck a ditch.",20215151307,2021,O,8/1/2021 0:00,2,SWOOIR00075**C,S,WOO,2.59,41.205302,-83.649619,34986,99999.0,8/18/2021 0:00,13,4,N,2.0,Y,Y,1.0,8,0,,,,Y,2.59,SWOOIR00075**C,N,1,87-0279-87,1,8,N,1,0,1,HENRY TOWNSHIP,1,N,Y,N,6.0,Y,0.4,,Y,,N,HENRY TOWNSHIP,N,,0,,,,75,IR,,169.0,N,,,,2,,,,,N,N,N,0,0,N,1.0,0,2,1,,91209.0,N,169.295,18,Y,11,2,1,1,F,N,N,N,0,3,44,1,0,70,1,8,44,0,0,0,0,1,6,NT,1,65,,,,,,,,,,,,,,,,,,,,,,,,,,,,,,,,,,0,4,,"unit1 traveling . unit1 hydroplanned , ran side roadway struck ditch .",O,"[0.9973861575126648, 0.002416578819975257, 0.0001972791360458359]",O,"[0.9991187453269958, 0.0008450642926618457, 3.624681266956031e-05]",O,"[0.994140625, 0.004825592041015625, 0.0007576942443847656]"
1458,1458,215151940,unit 1 was northbound on ir 71 in the right lane during heavy rain. unit 1 began to hydroplane and slid off the right side of the roadway striking a small tree and ditch embankment.,20215151940,2021,O,8/1/2021 0:00,8,SWARIR00071**C,S,WAR,14.532,39.415408,-84.117603,77868,99999.0,8/19/2021 0:00,13,5,N,2.0,Y,Y,1.0,7,0,,,,Y,14.532,SWARIR00071**C,N,1,83-0680-83,1,8,N,1,0,1,TURTLECREEK TOWNSHIP,1,N,Y,N,4.0,Y,0.4,,N,,N,TURTLECREEK TOWNSHIP,N,,0,,,,71,IR,,34.0,N,,,,2,,,,,N,Y,N,0,0,N,1.0,0,2,2,,45332.0,N,34.432,67,Y,18,8,5,1,M,N,N,N,0,2,45,1,0,70,1,8,48,45,0,0,0,1,6,NT,1,68,,,,,,,,,,,,,,,,,,,,,,,,,,,,,,,,,,0,4,,unit1 heavy rain . unit1 began hydroplane slid side roadway striking small tree ditch embankment .,O,"[0.9999752044677734, 2.349345595575869e-05, 1.2632974630832905e-06]",O,"[0.9999995231628418, 5.075009426036559e-07, 8.417140873184792e-10]",O,"[1.0, 0.0, 0.0]"
1459,1459,215152257,unit 1 was westbound on ir 80 ohio turnpike in the construction zone at the 209. unit 1 hydroplaned and stuck the concrete barriers.,20215152257,2021,O,8/1/2021 0:00,4,STRUIR00080*KC,S,TRU,3.325,41.215732,-80.951413,55650,97831.0,8/12/2021 0:00,14,5,N,2.0,N,Y,1.0,17,0,90300.0,b1106e74-24b1-4802-a871-2b221ad504d3,a02e405e-aabe-4b32-9bd9-d11e67ea0d06,Y,3.325,STRUIR00080*KC,N,1,91-0493-78,31,8,N,2,0,1,NEWTON FALLS,1,E,Y,N,6.0,N,0.4,,N,,N,BRACEVILLE TOWNSHIP,N,,4,,,,80,IR,K,209.0,N,,,,2,,,,,N,N,Y,0,1,Y,1.0,0,2,4,,56873.0,N,209.358,28,Y,5,4,3,1,F,N,N,N,0,1,0,1,0,60,1,22,22,0,0,0,0,1,6,NT,1,45,,,,,,,,,,,,,,,,,,,,,,,,,,,,,,,,,,0,4,,unit1 ohio turnpike construction zone . unit1 hydroplaned stuck concrete barriers .,O,"[0.8888397216796875, 0.10818985849618912, 0.002970454515889287]",C,"[0.1445225030183792, 0.8509203791618347, 0.00455709220841527]",O,"[1.0, 2.282857894897461e-05, 8.344650268554688e-07]"
1460,1460,215152866,"unit #1 was traveling eastbound on interstate 70. unit #1 hydroplaned, slid off the right side of the roadway striking a guardrail.",20215152866,2021,O,8/1/2021 0:00,5,SMUSIR00070**C,S,MUS,14.08,39.949416,-81.966133,81522,99786.0,8/18/2021 0:00,13,4,N,2.0,Y,Y,1.0,7,0,,,,Y,14.08,SMUSIR00070**C,N,1,60-0723-60,1,8,N,1,0,1,WASHINGTON TOWNSHIP,1,W,Y,N,4.0,Y,0.1,,N,,N,WASHINGTON TOWNSHIP,N,,0,,,,70,IR,,157.0,N,,,,2,,,,,N,N,Y,0,0,N,1.0,0,2,1,,81111.0,N,156.865,46,Y,5,4,3,1,F,N,N,N,0,2,30,1,0,70,1,8,30,0,0,0,0,1,6,NT,1,50,,,,,,,,,,,,,,,,,,,,,,,,,,,,,,,,,,0,4,,"unit1 traveling interstate . unit1 hydroplaned , slid side roadway striking guardrail .",O,"[0.9989200830459595, 0.0010275582317262888, 5.243886334937997e-05]",O,"[0.990341067314148, 0.009438992477953434, 0.00021997840667609125]",O,"[0.998046875, 0.0020198822021484375, 0.00011211633682250977]"
1461,1461,215155378,unit 1 was traveling west on i-80 (ohio turnpike). the vehicle hydroplaned and struck the ditch twice.,20215155378,2021,O,8/1/2021 0:00,12,SCUYIR00080*KN,S,CUY,18.05,41.282975,-81.654758,8364,17668.0,8/16/2021 0:00,13,2,N,2.0,Y,Y,1.0,9,0,,,,Y,18.002,SCUYIR00080*KC,N,1,91-0504-18,31,8,N,1,0,1,BRECKSVILLE,1,E,Y,N,6.0,N,0.3,,N,,N,BROADVIEW HEIGHTS,N,,0,,,,80,IR,K,171.0,N,,,171,2,,,,,N,N,Y,0,0,N,1.0,0,2,1,,81404.0,N,171.341,55,Y,5,3,4,1,M,N,N,N,0,3,44,1,0,70,1,44,44,0,0,0,0,1,6,NT,1,74,,,,,,,,,,,,,,,,,,,,,,,,,,,,,,,,,,1,4,,unit1 traveling . vehicle hydroplaned struck ditch twice .,O,"[0.9790982007980347, 0.01862148754298687, 0.002280272776260972]",O,"[0.9996237754821777, 0.0003744078567251563, 1.8107475625583902e-06]",O,"[0.9462890625, 0.050750732421875, 0.0024204254150390625]"
1462,1462,215158174,unit 1 was traveling eastbound on i70 in the left lane. unit 2 was traveling eastbound on i70 in the right lane. unit 1 hydroplaned and struck unit 2.,20215158174,2021,O,8/1/2021 0:00,7,SCLAIR00070**C,S,CLA,14.58,39.890278,-83.787239,74119,83980.0,8/19/2021 0:00,5,5,N,2.0,N,Y,1.0,3,0,,,,Y,14.58,SCLAIR00070**C,Y,4,12-0829-12,1,8,N,2,0,2,SPRINGFIELD TOWNSHIP,1,W,Y,N,6.0,Y,0.2,,Y,,N,SPRINGFIELD TOWNSHIP,N,,0,,,,70,IR,,56.0,N,,,56,2,,,,,N,N,Y,0,0,N,1.0,0,2,1,,39403.0,N,55.784,24,Y,5,4,3,1,M,N,N,N,0,3,0,1,0,70,1,20,0,0,0,0,0,1,6,NT,1,60,38.0,1.0,4.0,3.0,1.0,M,,2.0,70.0,1.0,20.0,,,,,,1.0,6.0,NT,15.0,50.0,,,,,,,,,,,,,0,4,,unit1 traveling left . unit2 traveling . unit1 hydroplaned struck unit2 .,O,"[0.9508458971977234, 0.045103300362825394, 0.004050772171467543]",C,"[0.4255838394165039, 0.5540146231651306, 0.02040158025920391]",O,"[0.9404296875, 0.05169677734375, 0.0080718994140625]"
1463,1463,215158758,unit #1 was east bound on lexington road. unit #1 made a left turn onto wysong road. unit #1 started to hydroplane and drove off the right side of the road and struck a ditch.,20215158758,2021,O,8/1/2021 0:00,8,TPRETR00425**C,T,PRE,1.335,39.758929,-84.575969,77994,99999.0,8/26/2021 0:00,13,5,N,,Y,N,7.0,13,0,,fc0e982f-0605-4a31-913f-35dfd85f6b90,d30152f4-90bb-41f7-aadf-39c5a55c24df,N,1.335,TPRETR00425**C,N,1,57-0814-68,3,8,,1,0,1,TWIN TOWNSHIP,1,W,N,N,2.0,N,0.004,CR,N,,N,TWIN TOWNSHIP,N,,0,,WYSONG,RD,,,,,N,,E,LEXINGTON,1,,,,RD,N,N,N,0,0,N,,0,2,3,,221978.0,N,1.335,56,Y,6,4,1,1,F,N,N,N,0,2,44,1,1,55,6,8,44,0,0,0,0,1,6,LT,1,20,,,,,,,,,,,,,,,,,,,,,,,,,,,,,,,,,,0,2,,unit1 lexington . unit1 made left turn onto wysong . unit1 started hydroplane drove side struck ditch .,O,"[0.9999998807907104, 1.216700127315562e-07, 2.0932375832671823e-08]",O,"[0.9999967813491821, 3.1704962566436734e-06, 5.5826092193456134e-08]",O,"[1.0, 0.0002200603485107422, 2.9325485229492188e-05]"
1464,1464,215159041,unit 1 was eastbound on ir 80 ohio turnpike. unit 1 hydroplaned and drove off the road.,20215159041,2021,O,8/1/2021 0:00,4,STRUIR00080*KC,S,TRU,0.331,41.241123,-80.996517,8056,99999.0,8/19/2021 0:00,13,5,N,2.0,Y,Y,1.0,14,0,,,,Y,0.331,STRUIR00080*KC,N,1,91-0514-78,31,8,N,4,0,1,BRACEVILLE TOWNSHIP,1,E,Y,N,6.0,N,0.4,,N,,N,BRACEVILLE TOWNSHIP,N,,0,,,,80,IR,K,206.0,N,,,206,2,,,,,N,N,Y,0,0,N,1.0,0,2,2,,91340.0,N,206.364,52,Y,5,4,3,1,M,N,N,N,0,3,44,1,0,70,1,8,37,44,0,0,0,1,6,NT,1,70,,,,,,,,,,,,,,,,,,,,,,,,,,,,,,,,,,0,4,,unit1 ohio turnpike . unit1 hydroplaned drove .,C,"[0.3912046551704407, 0.58180171251297, 0.026993656530976295]",O,"[0.9615767598152161, 0.03666805848479271, 0.0017551613273099065]",O,"[0.99609375, 0.003662109375, 0.00024628639221191406]"
1465,1465,215160254,unit 1 was eastbound on ir 70 and hydroplaned. unit 1 drove off the left side of the road striking an embankment.,20215160254,2021,O,8/1/2021 0:00,5,SMUSIR00070**C,S,MUS,25.83,39.978221,-81.753802,78498,99999.0,8/30/2021 0:00,13,2,N,2.0,Y,Y,1.0,0,0,,,,Y,25.83,SMUSIR00070**C,N,4,60-0754-60,1,8,N,1,0,1,UNION TOWNSHIP,1,W,Y,N,4.0,Y,0.4,,Y,,N,UNION TOWNSHIP,N,,0,,,,70,IR,,169.0,N,,,169,2,,,,,N,N,Y,0,0,N,1.0,0,2,2,,56616.0,N,168.615,24,Y,5,4,3,1,F,N,N,N,0,2,45,1,0,70,1,9,45,0,0,0,0,1,6,NT,1,60,,,,,,,,,,,,,,,,,,,,,,,,,,,,,,,,,,0,4,,unit1 hydroplaned . unit1 drove left side striking embankment .,O,"[0.6124492287635803, 0.3678341209888458, 0.019716687500476837]",O,"[0.6217749118804932, 0.3734174072742462, 0.004807644058018923]",O,"[0.5048828125, 0.464599609375, 0.031036376953125]"
1466,1466,215160790,unit 1 was soutbound on sr 661. unit 1 hydroplaned and lost control of his vehicle. unit 1 traveled off the east side of the roadway and struck a ditch and a pole.,20215160790,2021,AB,8/1/2021 0:00,5,SLICSR00661**C,S,LIC,6.5,40.147214,-82.520874,46116,99999.0,8/31/2021 0:00,13,3,N,2.0,Y,N,5.0,13,0,,,,N,6.5,SLICSR00661**C,N,1,45-0518-45,1,8,,0,1,1,MCKEAN TOWNSHIP,1,N,N,N,2.0,Y,0.5,,N,,N,MCKEAN TOWNSHIP,N,,0,,,,661,SR,,6.0,N,,,6,2,,,,,N,Y,Y,0,0,N,3.0,0,2,2,,182796.0,N,6.5,74,Y,5,1,2,1,M,N,N,N,0,2,44,1,0,45,1,41,44,11,9,0,0,1,6,NT,4,45,,,,,,,,,,,,,,,,,,,,,,,,,,,,,,,,,,0,4,,unit1 soutbound . unit1 hydroplaned lost control vehicle . unit1 traveled side roadway struck ditch pole .,O,"[0.6799183487892151, 0.26585596799850464, 0.05422568321228027]",O,"[0.8359935879707336, 0.15917153656482697, 0.004834946244955063]",O,"[0.576171875, 0.413330078125, 0.010223388671875]"
1467,1467,215160825,"unit 1 was westbound on i-70. unit 1 swerved to avoid a car facing eastbound in the westbound lanes, hydroplaned and struck the median wall.",20215160825,2021,O,8/1/2021 0:00,7,SCLAIR00070**N,S,CLA,4.993,39.878273,-83.962616,46788,99999.0,8/31/2021 0:00,13,3,N,2.0,Y,Y,1.0,22,0,,,,Y,5.0,SCLAIR00070**C,N,4,12-0882-12,1,8,N,1,0,1,MAD RIVER TOWNSHIP,1,E,Y,N,6.0,Y,0.2,,N,,N,MAD RIVER TOWNSHIP,N,,0,,,,70,IR,,46.0,N,,,46,2,,,,,N,N,N,0,0,N,1.0,0,2,1,,33455.0,Y,46.197,30,Y,15,5,8,1,M,N,N,N,0,3,35,1,0,70,1,35,0,0,0,0,0,13,6,NT,3,70,,,,,,,,,,,,,,,,,,,,,,,,,,,,,,,,,,1,4,,"unit1 i. unit1 swerved avoid car facing lanes , hydroplaned struck median wall .",O,"[0.657029390335083, 0.3040349781513214, 0.038935594260692596]",C,"[0.083218514919281, 0.9104506969451904, 0.006330786272883415]",O,"[0.9951171875, 0.004413604736328125, 0.0001786947250366211]"