,id,OBJECTID,Narrative,DOCUMENT_NBR,CRASH_YR,CRASH_SEVERITY_CD,CRASH_MONTH_YEAR,DISTRICT_NBR,NLFID,NLF_JUR_CD,NLF_COUNTY_CD,COUNTY_LOG_NBR,ODOT_LATITUDE_NBR,ODOT_LONGITUDE_NBR,ODOT_FIPS_CD,AREA_CODE,CRASH_DATE,CRASH_TYPE_CD,DAY_IN_WEEK_CD,DISTRACTED_DRIVER_IND,FACILITY_TYPE_CD,FHWA_RDWY_DEPARTURE_IND,FREEWAY_IND,FUNCTIONAL_CLASS_CD,HOUR_OF_CRASH,INCAPAC_INJURIES_NBR,INTERCHANGE_ID,INTERSECTION_ID_CURRENT,INTERSECTION_LEG_ID,INTERSTATE_IND,INV_LOG_NBR,INV_NLFID,IS_COMMERCIAL_RELATED,LIGHT_COND_PRIMARY_CD,LOCAL_REPORT_NUMBER_ID,MAINTENANCE_AUTHORITY_CD,MONTH_OF_CRASH,NHS_CD,NO_INJURY_REPORTED_NBR,NON_INCAPAC_INJURIES_NBR,NUMBER_OF_UNITS_NBR,ODOT_CITY_VILLAGE_TWP_NME,ODOT_CRASH_LOCATION_CD,ODOT_DIR_FROM_REF_CD,ODOT_DIV_UNDIV_IND,ODOT_INTERSECTION_REL_IND,ODOT_LANES_NBR,ODOT_MAINTAINED_HWY_IND,ODOT_MILES_FROM_REF_NBR,ODOT_REF_ROUTE_PREFIX_CD,ODOT_YOUNG_DRIVER_IND,ODPS_ADDRESS_REFERENCE,ODPS_ALCOHOL_IND,ODPS_CITY_VILLAGE_TWP_NME,ODPS_DRUG_IND,ODPS_LOC_DIR_SUFFIX_CD,ODPS_LOC_IN_WORK_ZONE_CD,ODPS_LOC_ROAD_DIRECTION_CD,ODPS_LOC_ROAD_NME,ODPS_LOC_ROAD_SUFFIX_CD,ODPS_LOC_ROUTE_ID,ODPS_LOC_ROUTE_PREFIX_CD,ODPS_LOC_ROUTE_SUFFIX_CD,ODPS_MILEPOST_REFERENCE,ODPS_MOTORCYCLE_IND,ODPS_REF_DIR_SUFFIX_CD,ODPS_REF_DIRECTION_CD,ODPS_REF_GIVEN,ODPS_REF_POINT_USED_CD,ODPS_REF_ROUTE_ID,ODPS_REF_ROUTE_PREFIX_CD,ODPS_REF_ROUTE_SUFFIX_CD,ODPS_REF_SUFFIX_CD,ODPS_SCHOOL_ZONE_IND,ODPS_SENIOR_DRIVER_IND,ODPS_SPEED_IND,ODPS_TOTAL_FATALITIES_NBR,ODPS_TYPE_OF_WORK_ZONE_CD,ODPS_WORK_ZONE_IND,OPER_ACCESS_CONTROL_CD,POSSIBLE_INJURIES_NBR,ROAD_COND_PRIMARY_CD,ROAD_CONTOUR_CD,SA_RAMP_ID,SA_SEGMENT_ID,SECONDARY_CRASH,STATE_TRUE_LOG_NBR,U1_AGE_NBR,U1_AT_FAULT_IND,U1_CONT_CIR_PRIMARY_CD,U1_DIRECTION_FROM_CD,U1_DIRECTION_TO_CD,U1_DISTRACTED_BY_1_CD,U1_GENDER_CD,U1_IS_ALCOHOL_SUSPECTED,U1_IS_MARIJUANA_SUSPECTED,U1_IS_OTHER_DRUG_SUSPECTED,U1_NON_MOTORIST_LOC_CD,U1_NUMBER_OF_THRU_LANES,U1_OBJECT_STRUCK,U1_ODPS_UNIT_NBR,U1_OPERATINGIN_AUTONOMOUS_MODE,U1_POSTED_SPEED_NBR,U1_PRECRASH_ACTION_CD,U1_SEQ_OF_EVENTS_1_CD,U1_SEQ_OF_EVENTS_2_CD,U1_SEQ_OF_EVENTS_3_CD,U1_SEQ_OF_EVENTS_4_CD,U1_SEQ_OF_EVENTS_5_CD,U1_SEQ_OF_EVENTS_6_CD,U1_SPECIAL_FUNCTION_CD,U1_TRAFFIC_CONTROL_CD,U1_TURN_CD,U1_TYPE_OF_UNIT_CD,U1_UNIT_SPEED_NBR,U2_AGE_NBR,U2_CONT_CIR_PRIMARY_CD,U2_DIRECTION_FROM_CD,U2_DIRECTION_TO_CD,U2_DISTRACTED_BY_1_CD,U2_GENDER_CD,U2_NON_MOTORIST_LOC_CD,U2_ODPS_UNIT_NBR,U2_POSTED_SPEED_NBR,U2_PRECRASH_ACTION_CD,U2_SEQ_OF_EVENTS_1_CD,U2_SEQ_OF_EVENTS_2_CD,U2_SEQ_OF_EVENTS_3_CD,U2_SEQ_OF_EVENTS_4_CD,U2_SEQ_OF_EVENTS_5_CD,U2_SEQ_OF_EVENTS_6_CD,U2_SPECIAL_FUNCTION_CD,U2_TRAFFIC_CONTROL_CD,U2_TURN_CD,U2_TYPE_OF_UNIT_CD,U2_UNIT_SPEED_NBR,U3_CONT_CIR_PRIMARY_CD,U3_ODPS_UNIT_NBR,U3_PRECRASH_ACTION_CD,U3_SEQ_OF_EVENTS_1_CD,U3_SEQ_OF_EVENTS_2_CD,U3_SEQ_OF_EVENTS_3_CD,U3_SEQ_OF_EVENTS_4_CD,U3_SEQ_OF_EVENTS_5_CD,U3_SEQ_OF_EVENTS_6_CD,U3_SPECIAL_FUNCTION_CD,U3_TRAFFIC_CONTROL_CD,U3_TYPE_OF_UNIT_CD,UNRESTRAIN_OCCUPANTS,WEATHER_COND_CD,V1,clean_Narrative,BERT_predictions,BERT_prediction_probabilities,RoBERTa_predictions,RoBERTa_predictions_probabilities,distilBERT_predictions,distilBERT_predictions_probabilities
1468,1468,215163180,"unit #1 was traveling north on cr 1. unit #1 hydroplaned, drove off the right side of the roadway striking a utitly pole.",20215163180,2021,O,9/1/2021 0:00,9,CSCICR00001A*C,C,SCI,1.029,38.62723,-82.845081,31836,99999.0,9/1/2021 0:00,13,4,N,,Y,N,5.0,7,0,,81a8486e-7010-41b3-9441-9baf77d86127,f6a8061e-66b9-4aca-adbf-13074819a0f3,N,1.029,CSCICR00001A*C,N,1,73-0786-73,2,9,,1,0,1,GREEN TOWNSHIP,1,E,N,N,2.0,N,1.0,TR,Y,,N,GREEN TOWNSHIP,N,,0,,,,1,CR,,,N,,,,1,52,US,,,N,N,Y,0,0,N,,0,2,1,,695.0,N,1.029,18,Y,5,3,4,1,F,N,N,N,0,2,40,1,0,45,1,8,40,0,0,0,0,1,6,NT,1,45,,,,,,,,,,,,,,,,,,,,,,,,,,,,,,,,,,0,4,,"unit1 traveling cr . unit1 hydroplaned , drove side roadway striking utitly pole .",O,"[0.9503582715988159, 0.04134185612201691, 0.008299862034618855]",C,"[0.4269814193248749, 0.5412044525146484, 0.03181419521570206]",O,"[0.9541015625, 0.042938232421875, 0.0024585723876953125]"
1469,1469,215164036,"the driver of unit 2 stated that both units were traveling southwest on interstate 70. unit 1 was in the middle lane. unit 2 was in the left lane. unit 1 made an improper lane change in front of unit 2. the driver of unit 2 took evasive action, slammed on the brakes and started hydroplaning. unit 2 spun, striking the cement median barrier, and came to final rest in the left lane facing eastbound.",20215164036,2021,O,8/1/2021 0:00,7,SCLAIR00070**N,S,CLA,4.943,39.877923,-83.96344,46788,99999.0,8/31/2021 0:00,0,3,N,2.0,N,Y,1.0,22,0,,,,Y,4.95,SCLAIR00070**C,N,4,12-0881-12,1,8,N,2,0,2,MAD RIVER TOWNSHIP,1,E,Y,N,6.0,Y,0.15,,N,,N,MAD RIVER TOWNSHIP,N,,0,,,,70,IR,,46.0,N,,,46,2,,,,,N,N,N,0,0,N,1.0,0,2,1,,33455.0,N,46.147,0,Y,9,9,9,0,U,N,N,N,0,3,0,1,2,0,3,13,0,0,0,0,0,1,6,NT,1,0,27.0,1.0,5.0,8.0,1.0,F,,2.0,70.0,1.0,99.0,35.0,35.0,,,,1.0,6.0,NT,1.0,70.0,,,,,,,,,,,,,0,4,,"driver unit2 stated units traveling interstate . unit1 middle . unit2 left . unit1 made improper change front unit2 . driver unit2 took evasive action , slammed brakes started hydroplaning . unit2 spun , striking cement median barrier , came final rest left facing .",O,"[0.9895784258842468, 0.009637240320444107, 0.0007844100473448634]",O,"[0.8538250923156738, 0.14332060515880585, 0.002854341408237815]",O,"[0.95947265625, 0.040069580078125, 0.0004055500030517578]"
1470,1470,215168281,"unit 1 was traveling northeast on ir 75 in the right lane, hydroplaned going off the right side of the roadway, striking a fence and getting stuck.",20215168281,2021,O,9/1/2021 0:00,7,SAUGIR00075**N,S,AUG,8.435,40.602747,-84.156354,22722,99999.0,9/4/2021 0:00,13,7,N,2.0,Y,Y,1.0,19,0,,,,Y,8.429,SAUGIR00075**C,N,1,06-0448-06,1,9,N,4,0,1,DUCHOUQUET TOWNSHIP,1,N,Y,N,4.0,Y,0.1,,N,,N,DUCHOUQUET TOWNSHIP,N,,0,,,,75,IR,,114.0,N,,,114,2,,,,,N,N,N,0,0,N,1.0,0,2,1,,56727.0,N,114.274,36,Y,11,8,5,1,F,N,N,N,0,3,46,1,0,70,1,8,46,0,0,0,0,1,6,NT,3,65,,,,,,,,,,,,,,,,,,,,,,,,,,,,,,,,,,0,4,,"unit1 traveling , hydroplaned going side roadway , striking fence getting stuck .",O,"[0.9999896287918091, 9.736741048982367e-06, 6.500586096080951e-07]",O,"[0.9999909400939941, 8.78477112564724e-06, 2.4380369723076e-07]",O,"[1.0, 0.0, 0.0]"
1471,1471,215173360,"unit #1 was northbound on ir-75. unit #1 hydroplaned, struck unit #2. unit #1 then drove off the right side of the roadway, up on embankment before coming to final rest.",20215173360,2021,O,9/1/2021 0:00,2,SWOOIR00075**C,S,WOO,27.255,41.552214,-83.600419,62148,87868.0,9/15/2021 0:00,5,4,N,2.0,N,Y,1.0,5,0,,,,Y,27.255,SWOOIR00075**C,Y,3,09-0404-83,1,9,N,2,0,2,PERRYSBURG,1,S,Y,N,8.0,Y,0.7,,N,,N,TURTLECREEK TOWNSHIP,N,,0,,,,75,IR,,28.0,N,,,28,2,,,,,N,N,Y,0,0,N,1.0,0,2,1,,56783.0,N,193.96,64,Y,5,8,5,1,M,N,N,N,0,4,35,1,0,65,1,20,9,35,8,45,0,1,6,NT,1,70,,99.0,8.0,5.0,1.0,,,2.0,65.0,1.0,20.0,,,,,,1.0,6.0,NT,15.0,,,,,,,,,,,,,,1,4,,"unit1 ir . unit1 hydroplaned , struck unit2 . unit1 drove side roadway , embankment coming final rest .",O,"[0.9443030953407288, 0.048090267926454544, 0.007606623228639364]",O,"[0.6135479211807251, 0.3613451421260834, 0.025106919929385185]",O,"[0.9970703125, 0.00269317626953125, 0.0002772808074951172]"
1472,1472,215177878,unit 1 was eastbound on ir 70 when it hydroplaned and ran off the road left striking the median cable barrier.,20215177878,2021,O,9/1/2021 0:00,7,SCLAIR00070**N,S,CLA,23.123,39.935306,-83.649647,33586,99999.0,9/22/2021 0:00,13,4,N,2.0,Y,Y,1.0,7,0,,,,Y,23.109,SCLAIR00070**C,N,1,12-0972-12,1,9,N,1,0,1,HARMONY TOWNSHIP,1,E,Y,N,6.0,Y,0.1,,Y,,N,HARMONY TOWNSHIP,N,,0,,,,70,IR,,64.0,N,,,64,2,,,,,N,N,Y,0,0,N,1.0,0,2,1,,39404.0,N,64.327,24,Y,5,4,3,1,F,N,N,N,0,3,33,1,0,70,1,9,33,0,0,0,0,1,6,NT,1,60,,,,,,,,,,,,,,,,,,,,,,,,,,,,,,,,,,0,4,,unit1 hydroplaned ran left striking median cable barrier .,O,"[0.914765477180481, 0.07872487604618073, 0.006509702652692795]",O,"[0.949162483215332, 0.0506046786904335, 0.00023286606301553547]",O,"[1.0, 0.0002472400665283203, 7.271766662597656e-06]"
1473,1473,215178202,unit #1 was westbound on ir-80 when the driver hydroplaned and drove off the left side of the roadway and into the median ditch.,20215178202,2021,O,9/1/2021 0:00,2,SWILIR00080*KN,S,WIL,8.2,41.617082,-84.649745,75819,99999.0,9/22/2021 0:00,13,4,N,2.0,Y,Y,1.0,1,0,,,,Y,8.2,SWILIR00080*KC,N,4,89-0469-86,31,9,N,1,0,1,SUPERIOR TOWNSHIP,1,E,Y,N,4.0,N,0.2,,N,,N,SUPERIOR TOWNSHIP,N,,3,,,,80,IR,K,8.0,N,,,8,2,,,,,N,N,Y,0,1,Y,1.0,0,2,1,,45485.0,N,8.2,59,Y,5,3,4,1,M,N,N,N,0,1,44,1,0,70,1,9,44,0,0,0,0,1,6,NT,1,70,,,,,,,,,,,,,,,,,,,,,,,,,,,,,,,,,,0,1,,unit1 ir driver hydroplaned drove left side roadway median ditch .,O,"[0.996826708316803, 0.0029370933771133423, 0.0002361585502512753]",O,"[0.9949192404747009, 0.005031927023082972, 4.884334703092463e-05]",O,"[0.98291015625, 0.0166473388671875, 0.0002608299255371094]"
1474,1474,215180761,unit#1 was travelling south on i77. unit#1 hydroplaned and struck a median wall.,20215180761,2021,O,9/1/2021 0:00,4,SSTAIR00077**N,S,STA,17.084,40.885952,-81.432054,38094,13375.0,9/22/2021 0:00,13,4,N,2.0,Y,Y,1.0,16,0,,,,Y,17.086,SSTAIR00077**C,N,1,76-1185-76,1,9,N,1,0,1,JACKSON TOWNSHIP,1,S,Y,N,6.0,Y,0.004,,N,,N,JACKSON TOWNSHIP,N,,0,,,,77,IR,,112.0,N,,,112,2,,,,,N,Y,N,0,0,N,1.0,0,2,1,,47068.0,N,112.066,71,Y,18,1,2,1,M,N,N,N,0,3,35,1,0,65,1,9,35,0,0,0,0,1,6,NT,3,55,,,,,,,,,,,,,,,,,,,,,,,,,,,,,,,,,,0,4,,unit1 travelling . unit1 hydroplaned struck median wall .,C,"[0.3909704387187958, 0.5508164763450623, 0.05821308493614197]",C,"[0.04312179610133171, 0.9544561505317688, 0.0024220827035605907]",O,"[0.88720703125, 0.107421875, 0.004840850830078125]"
1475,1475,215190677,"unit #1 was eastbound in the left lane on interstate 80. unit #1 hydroplaned, went off the right side of the road and struck a guardrail face.",20215190677,2021,O,10/1/2021 0:00,2,SSANIR00080*KC,S,SAN,4.34,41.449619,-83.264049,81592,99999.0,10/8/2021 0:00,13,6,N,2.0,Y,Y,1.0,20,0,,,,Y,4.34,SSANIR00080*KC,N,4,90-0622-72,31,10,N,1,0,1,WASHINGTON TOWNSHIP,1,E,Y,N,6.0,N,0.1,,Y,,N,WASHINGTON TOWNSHIP,N,,0,,,,80,IR,K,83.0,N,,,83,2,,,,,N,N,Y,0,0,N,1.0,0,2,2,,56867.0,N,83.091,16,Y,5,4,3,1,M,N,N,N,0,3,30,1,0,70,1,8,30,0,0,0,0,1,6,NT,1,60,,,,,,,,,,,,,,,,,,,,,,,,,,,,,,,,,,0,4,,"unit1 left interstate . unit1 hydroplaned , went side struck guardrail face .",O,"[0.9982490539550781, 0.0016339289722964168, 0.00011711240222211927]",O,"[0.9804707765579224, 0.019055789336562157, 0.0004733347159344703]",O,"[0.90625, 0.08905029296875, 0.004573822021484375]"
1476,1476,215190681,unit #1 was traveling northbound on interstate 75 in the middle lane. unit #1 began to hydroplane and went off the right side of the roadway. unit #1 then struck a sign and a fence.,20215190681,2021,O,10/1/2021 0:00,7,SMIAIR00075**C,S,MIA,6.343,40.004051,-84.225832,77588,22528.0,10/8/2021 0:00,13,6,N,2.0,Y,Y,1.0,0,0,,,,Y,6.343,SMIAIR00075**C,N,4,55-0461-55,1,10,N,2,0,1,TROY,1,S,Y,N,6.0,Y,0.3,,N,,N,CONCORD TOWNSHIP,N,,0,,,,75,IR,,72.0,N,,,72,2,,,,,N,N,Y,0,0,N,1.0,0,2,1,,45373.0,N,71.677,31,Y,5,2,1,1,M,N,N,N,0,3,37,1,0,70,1,8,37,46,0,0,0,1,6,NT,3,75,,,,,,,,,,,,,,,,,,,,,,,,,,,,,,,,,,0,4,,unit1 traveling interstate middle . unit1 began hydroplane went side roadway . unit1 struck sign fence .,O,"[0.9999998807907104, 1.2991004894047364e-07, 2.389768205546261e-08]",O,"[0.9912810921669006, 0.008324400521814823, 0.0003946231445297599]",O,"[1.0, 4.172325134277344e-07, 5.960464477539063e-08]"
1477,1477,215191183,unit 1 was westbound on ir 80 ohio turnpike. unit 1 hydroplanned and struck the concrete median barrier and the guardrail.,20215191183,2021,C,10/1/2021 0:00,4,SPORIR00080*KN,S,POR,2.599,41.252839,-81.34308,75014,17668.0,10/7/2021 0:00,13,5,N,2.0,Y,Y,1.0,17,0,,,,Y,2.598,SPORIR00080*KC,N,1,91-0636-67,31,10,N,0,0,1,STREETSBORO,1,E,Y,N,6.0,N,0.3,,N,,N,STREETSBORO,N,,0,,,,80,IR,K,188.0,N,,,188,2,,,,,N,Y,Y,0,0,N,1.0,2,2,2,,118503.0,N,188.247,73,Y,5,3,4,1,F,N,N,N,0,3,35,1,0,70,1,9,35,8,30,0,0,1,6,NT,1,70,,,,,,,,,,,,,,,,,,,,,,,,,,,,,,,,,,0,4,,unit1 ohio turnpike . unit1 hydroplanned struck concrete median barrier guardrail .,O,"[0.638092577457428, 0.3602762520313263, 0.0016311730723828077]",C,"[0.3094523251056671, 0.6804447174072266, 0.010103008709847927]",O,"[0.955078125, 0.043365478515625, 0.001033782958984375]"
1478,1478,215191260,unit #1 was westbound on ir80 ohio turnpike. unit #1 hydroplaned and the vehicle struck the concrete median wall.,20215191260,2021,AB,10/1/2021 0:00,12,SCUYIR00080*KN,S,CUY,13.322,41.303881,-81.738722,57008,17668.0,10/8/2021 0:00,13,6,N,2.0,Y,Y,1.0,18,0,,,,Y,13.317,SCUYIR00080*KC,N,2,91-0642-18,31,10,N,0,1,1,NORTH ROYALTON,1,E,Y,N,6.0,N,0.6,,N,,N,NORTH ROYALTON,N,,0,,,,80,IR,K,166.0,N,,,166,2,,,,,N,N,Y,0,0,N,1.0,0,2,3,,39640.0,N,166.613,37,Y,5,3,4,1,M,N,N,N,0,3,35,1,0,70,13,9,35,0,0,0,0,1,6,NT,1,55,,,,,,,,,,,,,,,,,,,,,,,,,,,,,,,,,,0,4,,unit1 ohio turnpike . unit1 hydroplaned vehicle struck concrete median wall .,C,"[0.2567216753959656, 0.6959032416343689, 0.047375135123729706]",C,"[0.16316765546798706, 0.8346280455589294, 0.002204217715188861]",O,"[0.9150390625, 0.08343505859375, 0.0015583038330078125]"
1479,1479,215192474,unit #1 was southbound on ir 71 in the left lane. unit #1 hydroplaned and lost control. unit #1 traveled off the left side of the roadway stiking a cable median.,20215192474,2021,O,10/1/2021 0:00,3,SMEDIR00071**N,S,MED,8.473,41.034925,-81.882538,83426,99803.0,10/8/2021 0:00,13,6,N,2.0,Y,Y,1.0,17,0,,,,Y,8.452,SMEDIR00071**C,N,1,52-0854-52,1,10,N,1,0,1,WESTFIELD TOWNSHIP,1,N,Y,N,6.0,Y,0.4,,Y,,N,GUILFORD TOWNSHIP,N,,0,,,,71,IR,,210.0,N,,,210,2,,,,,N,N,N,0,0,N,1.0,0,2,1,,33993.0,N,210.477,24,Y,11,1,2,1,F,N,N,N,0,3,34,1,0,70,1,9,34,0,0,0,0,1,6,NT,1,60,,,,,,,,,,,,,,,,,,,,,,,,,,,,,,,,,,0,4,,unit1 left . unit1 hydroplaned lost control . unit1 traveled left side roadway stiking cable median .,O,"[0.9990955591201782, 0.0008548336918465793, 4.964911568094976e-05]",O,"[0.9107086062431335, 0.08753405511379242, 0.0017573201330378652]",O,"[0.9404296875, 0.05670166015625, 0.0028553009033203125]"
1480,1480,215195800,unit 1 was eastbound on ir 80 ohio turnpike. unit 1 hydroplanned and stuck the concrete barrier.,20215195800,2021,O,10/1/2021 0:00,12,SCUYIR00080*KC,S,CUY,12.917,41.306053,-81.745755,57008,17668.0,10/8/2021 0:00,13,6,N,2.0,Y,Y,1.0,19,0,,,,Y,12.917,SCUYIR00080*KC,N,2,91-0643-18,31,10,N,1,0,1,NORTH ROYALTON,1,E,Y,N,6.0,N,0.2,,N,,N,NORTH ROYALTON,N,,0,,,,80,IR,K,166.0,N,,,166,2,,,,,N,N,Y,0,0,N,1.0,0,2,2,,39640.0,N,166.208,30,Y,5,4,3,1,M,N,N,N,0,3,35,1,0,70,1,9,35,0,0,0,0,1,6,NT,1,65,,,,,,,,,,,,,,,,,,,,,,,,,,,,,,,,,,0,4,,unit1 ohio turnpike . unit1 hydroplanned stuck concrete barrier .,C,"[0.03791838884353638, 0.9616778492927551, 0.00040378401172347367]",O,"[0.8232561349868774, 0.17464466392993927, 0.0020992099307477474]",O,"[1.0, 0.00023233890533447266, 8.404254913330078e-06]"
1481,1481,215195802,unit 1 was eastbound on ir 76 ohio turnpike. unit 1 hydroplaned and struck the median ditch.,20215195802,2021,O,10/1/2021 0:00,4,SMAHIR00076*KC,S,MAH,16.085,40.94624,-80.624868,74124,99999.0,10/9/2021 0:00,13,7,N,2.0,Y,Y,1.0,17,0,,,,Y,16.085,SMAHIR00076*KC,N,1,91-0650-50,31,10,N,1,0,1,SPRINGFIELD TOWNSHIP,1,E,Y,N,4.0,N,0.1,,Y,,N,SPRINGFIELD TOWNSHIP,N,,0,,,,76,IR,K,235.0,N,,,235,2,,,,,N,N,Y,0,0,N,1.0,0,2,4,,91236.0,N,235.072,23,Y,5,4,3,1,F,N,N,N,0,2,44,1,0,70,3,9,44,0,0,0,0,1,6,NT,1,65,,,,,,,,,,,,,,,,,,,,,,,,,,,,,,,,,,0,4,,unit1 ohio turnpike . unit1 hydroplaned struck median ditch .,C,"[0.42398935556411743, 0.5576099157333374, 0.01840074174106121]",O,"[0.7769296169281006, 0.21934105455875397, 0.003729338524863124]",O,"[0.85498046875, 0.1419677734375, 0.003231048583984375]"
1482,1482,215202775,"unit #1 was eastbound on ir 80 ohio turnpike, lost control, hydroplaned and struck the concrete median barrier.",20215202775,2021,AB,10/1/2021 0:00,4,SPORIR00080*KC,S,POR,18.29,41.241713,-81.04293,85946,99802.0,10/21/2021 0:00,13,5,N,2.0,Y,Y,1.0,14,0,,,,Y,18.29,SPORIR00080*KC,N,1,91-0694-67,31,10,N,0,1,1,WINDHAM,1,E,Y,N,6.0,N,1.0,,N,,N,WINDHAM,N,,0,,,,80,IR,K,203.0,N,,,203,2,,,,,N,N,Y,0,0,N,1.0,0,2,1,,34746.0,N,203.938,37,Y,5,4,3,1,M,N,N,N,0,3,35,1,0,70,1,9,35,0,0,0,0,1,6,NT,5,60,,,,,,,,,,,,,,,,,,,,,,,,,,,,,,,,,,0,4,,"unit1 ohio turnpike , lost control , hydroplaned struck concrete median barrier .",O,"[0.6773380041122437, 0.30164697766304016, 0.021015048027038574]",C,"[0.45183417201042175, 0.5306590795516968, 0.01750672049820423]",O,"[1.0, 0.00015234947204589844, 5.364418029785156e-06]"
1483,1483,215203089,"unit#1 was traveling northbound on interstate 75 in the left lane at mile post 82. unit#1 hydroplaned, drove off the left side of the roadway and struck the median cable barrier.",20215203089,2021,O,10/1/2021 0:00,7,SMIAIR00075**C,S,MIA,16.595,40.149201,-84.219476,62848,99759.0,10/15/2021 0:00,13,6,N,2.0,Y,Y,1.0,18,0,68400.0,,,Y,16.595,SMIAIR00075**C,N,1,55-0475-55,1,10,N,1,0,1,PIQUA,1,S,Y,N,4.0,Y,0.2,,N,,N,SPRINGCREEK TOWNSHIP,N,,0,,,,75,IR,,82.0,N,,,82,2,,,,,N,N,N,0,0,N,1.0,0,2,1,,45376.0,N,81.929,28,Y,11,2,1,1,M,N,N,N,0,2,33,1,0,70,1,9,33,0,0,0,0,1,6,NT,1,55,,,,,,,,,,,,,,,,,,,,,,,,,,,,,,,,,,0,4,,"unit1 traveling interstate left mile post . unit1 hydroplaned , drove left side roadway struck median cable barrier .",O,"[0.9999134540557861, 8.233617700170726e-05, 4.201910542178666e-06]",O,"[0.9903209805488586, 0.009281479753553867, 0.00039746452239342034]",O,"[1.0, 2.6285648345947266e-05, 1.7881393432617188e-06]"
1484,1484,215204710,unit 1 was eastbound on ir 80 ohio turnpike. unit 1 hydroplaned and struck the concrete barrierl.,20215204710,2021,C,10/1/2021 0:00,12,SCUYIR00080*KC,S,CUY,13.217,41.304107,-81.740623,57008,17668.0,10/21/2021 0:00,13,5,N,2.0,Y,Y,1.0,16,0,,,,Y,13.217,SCUYIR00080*KC,N,1,91-0698-18,31,10,N,0,0,1,NORTH ROYALTON,1,E,Y,N,6.0,N,0.5,,N,,N,NORTH ROYALTON,N,,0,,,,80,IR,K,166.0,N,,,166,2,,,,,N,Y,Y,0,0,N,1.0,1,2,4,,39640.0,N,166.508,66,Y,5,4,3,1,F,N,N,N,0,3,35,1,0,70,1,8,35,0,0,0,0,1,6,NT,1,70,,,,,,,,,,,,,,,,,,,,,,,,,,,,,,,,,,0,4,,unit1 ohio turnpike . unit1 hydroplaned struck concrete barrierl .,C,"[0.26971980929374695, 0.7157501578330994, 0.014530050568282604]",C,"[0.08358584344387054, 0.9153186678886414, 0.001095525803975761]",O,"[0.96875, 0.030487060546875, 0.00045299530029296875]"
1485,1485,215204728,"unit #1 was eastbound on ir80 ohio turnpike. unit #1 failed to control the vehicle, hydroplaned, drove off the road striking the concrete median wall.",20215204728,2021,O,10/1/2021 0:00,4,SSUMIR00080*KC,S,SUM,4.59,41.253586,-81.563647,7776,99999.0,10/25/2021 0:00,13,2,N,2.0,Y,Y,1.0,17,0,,,,Y,4.59,SSUMIR00080*KC,N,2,91-0719-77,31,10,N,2,0,1,BOSTON TOWNSHIP,1,E,Y,N,6.0,N,0.7,,Y,,N,BOSTON TOWNSHIP,N,,0,,,,80,IR,K,176.0,N,,,176,2,,,,,N,N,Y,0,0,N,1.0,0,2,1,,45481.0,N,176.625,23,Y,5,4,3,9,M,N,N,N,0,3,35,1,0,70,1,9,35,0,0,0,0,1,6,NT,1,0,,,,,,,,,,,,,,,,,,,,,,,,,,,,,,,,,,0,4,,"unit1 ohio turnpike . unit1 failed control vehicle , hydroplaned , drove striking concrete median wall .",O,"[0.8178560733795166, 0.16035965085029602, 0.02178429812192917]",O,"[0.5212555527687073, 0.47082245349884033, 0.007922036573290825]",O,"[0.9541015625, 0.044921875, 0.0008769035339355469]"
1486,1486,215204972,"unit 1 was traveling northbound on ir 71. unit 1 failed to hydroplaned, failed to maintain reasonable control, drove off the left side of the roadway and struck a guardrail.",20215204972,2021,O,10/1/2021 0:00,6,SDELIR00071**C,S,DEL,3.08,40.176315,-82.954458,58618,19234.0,10/24/2021 0:00,13,1,N,2.0,Y,Y,1.0,19,0,,,,Y,3.08,SDELIR00071**C,N,4,21-1392-21,1,10,N,1,0,1,ORANGE TOWNSHIP,1,,Y,N,6.0,Y,0.0,,Y,,N,ORANGE TOWNSHIP,N,,0,,,,71,IR,,124.0,N,,,124,2,,,,,N,N,N,0,0,N,1.0,0,2,1,,42812.0,N,124.024,23,Y,11,2,1,1,F,N,N,N,0,3,30,1,0,70,1,9,30,0,0,0,0,1,6,NT,1,65,,,,,,,,,,,,,,,,,,,,,,,,,,,,,,,,,,0,3,,"unit1 traveling . unit1 failed hydroplaned , failed maintain reasonable control , drove left side roadway struck guardrail .",O,"[0.998477041721344, 0.0014448037836700678, 7.81439448473975e-05]",O,"[0.7848874926567078, 0.20523908734321594, 0.009873432107269764]",O,"[0.94482421875, 0.0496826171875, 0.005237579345703125]"
1487,1487,215204984,"unit 1 was westbound on interstate 70, hydroplaned, and struck a ditch.",20215204984,2021,AB,10/1/2021 0:00,5,SLICIR00070**N,S,LIC,15.812,39.945607,-82.476824,78400,61705.0,10/24/2021 0:00,13,1,N,2.0,Y,Y,1.0,19,0,55400.0,,,Y,15.82,SLICIR00070**C,N,2,45-0675-45,1,10,N,0,1,1,UNION TOWNSHIP,1,E,Y,N,4.0,Y,0.2,,N,,N,UNION TOWNSHIP,N,,0,,,,70,IR,,129.0,N,,,129,2,,,,,N,N,Y,0,0,N,1.0,0,2,1,,107457.0,N,129.177,37,Y,5,3,4,1,M,N,N,N,0,3,44,1,1,70,1,8,44,0,0,0,0,1,6,NT,1,70,,,,,,,,,,,,,,,,,,,,,,,,,,,,,,,,,,0,4,,"unit1 interstate , hydroplaned , struck ditch .",O,"[0.8418763279914856, 0.14837652444839478, 0.00974722858518362]",O,"[0.9907671213150024, 0.009067868813872337, 0.00016494140436407179]",O,"[0.98193359375, 0.017425537109375, 0.0006251335144042969]"
1488,1488,215205219,"unit 1 was traveling northbound on ir71 and hydroplaned, striking a guardrail on the right side of the roadway.",20215205219,2021,O,10/1/2021 0:00,3,SASDIR00071**C,S,ASD,15.091,40.910668,-82.142609,61756,99999.0,10/24/2021 0:00,13,1,N,2.0,Y,Y,1.0,21,0,,,,Y,15.091,SASDIR00071**C,N,4,03-0607-03,1,10,N,1,0,1,PERRY TOWNSHIP,1,S,Y,N,6.0,Y,0.2,,N,,N,JACKSON TOWNSHIP,N,,0,,,,71,IR,,194.0,N,,,194,2,,,,,N,N,Y,0,0,N,1.0,0,2,1,,81125.0,N,193.818,31,Y,5,8,5,1,M,N,N,N,0,3,30,1,2,70,1,30,0,0,0,0,0,1,6,NT,1,65,,,,,,,,,,,,,,,,,,,,,,,,,,,,,,,,,,0,4,,"unit1 traveling hydroplaned , striking guardrail side roadway .",O,"[0.9995740056037903, 0.0004094482574146241, 1.6617927030893043e-05]",O,"[0.9990296363830566, 0.0009459861903451383, 2.4364993805647828e-05]",O,"[0.94189453125, 0.05615234375, 0.0016040802001953125]"
1489,1489,215205773,"unit #1 was traveling westbound on i70 and hydroplaned. unit #1 struck the concrete barrier to the left, spun to the right and struck the guardrail.",20215205773,2021,O,10/1/2021 0:00,7,SCLAIR00070**N,S,CLA,5.393,39.881075,-83.956031,46788,99999.0,10/16/2021 0:00,13,7,N,2.0,Y,Y,1.0,0,0,,,,Y,5.4,SCLAIR00070**C,N,4,12-1085-12,1,10,N,1,0,1,MAD RIVER TOWNSHIP,1,E,Y,N,6.0,Y,0.6,,Y,,N,BETHEL TOWNSHIP,N,,0,,,,70,IR,,46.0,N,,,46,2,,,,,N,N,Y,0,0,N,1.0,0,2,1,,33455.0,N,46.597,21,Y,5,3,4,1,M,N,N,N,0,3,35,1,0,70,1,35,31,0,0,0,0,1,6,NT,1,75,,,,,,,,,,,,,,,,,,,,,,,,,,,,,,,,,,0,4,,"unit1 traveling hydroplaned . unit1 struck concrete barrier left , spun struck guardrail .",O,"[0.6209473013877869, 0.34527915716171265, 0.03377361595630646]",O,"[0.5294491052627563, 0.468283474445343, 0.002267426112666726]",O,"[0.9052734375, 0.08489990234375, 0.010101318359375]"
1490,1490,215207811,"unit 1 was traveling southbound on interstate 275 when he hydroplaned, ran off the road left, and struck the cable barrier.",20215207811,2021,O,10/1/2021 0:00,8,SCLEIR00275**C,S,CLE,5.78,39.165157,-84.267826,78288,16885.0,10/24/2021 0:00,13,1,N,2.0,Y,Y,1.0,14,0,10400.0,aca513b3-14ad-4db3-beb7-4fd7925e0a06,d43c4cdc-346c-4756-85e8-ca2e5d227700,Y,5.78,SCLEIR00275**C,N,1,13-1442-13,1,10,N,1,0,1,UNION TOWNSHIP,1,N,Y,N,6.0,Y,0.25,,N,,N,MILFORD,N,,0,,,,275,IR,,59.0,N,,,59,2,,,,,N,N,Y,0,0,N,1.0,0,2,4,,45546.0,N,58.447,45,Y,5,1,2,1,M,N,N,N,0,3,33,1,0,65,13,9,33,0,0,0,0,1,6,NT,1,66,,,,,,,,,,,,,,,,,,,,,,,,,,,,,,,,,,0,4,,"unit1 traveling interstate hydroplaned , ran left , struck cable barrier .",C,"[0.4528454542160034, 0.5087963938713074, 0.03835812956094742]",O,"[0.9882149696350098, 0.011482367292046547, 0.0003026328922715038]",O,"[0.998046875, 0.0020503997802734375, 0.0002015829086303711]"