,id,OBJECTID,Narrative,DOCUMENT_NBR,CRASH_YR,CRASH_SEVERITY_CD,CRASH_MONTH_YEAR,DISTRICT_NBR,NLFID,NLF_JUR_CD,NLF_COUNTY_CD,COUNTY_LOG_NBR,ODOT_LATITUDE_NBR,ODOT_LONGITUDE_NBR,ODOT_FIPS_CD,AREA_CODE,CRASH_DATE,CRASH_TYPE_CD,DAY_IN_WEEK_CD,DISTRACTED_DRIVER_IND,FACILITY_TYPE_CD,FHWA_RDWY_DEPARTURE_IND,FREEWAY_IND,FUNCTIONAL_CLASS_CD,HOUR_OF_CRASH,INCAPAC_INJURIES_NBR,INTERCHANGE_ID,INTERSECTION_ID_CURRENT,INTERSECTION_LEG_ID,INTERSTATE_IND,INV_LOG_NBR,INV_NLFID,IS_COMMERCIAL_RELATED,LIGHT_COND_PRIMARY_CD,LOCAL_REPORT_NUMBER_ID,MAINTENANCE_AUTHORITY_CD,MONTH_OF_CRASH,NHS_CD,NO_INJURY_REPORTED_NBR,NON_INCAPAC_INJURIES_NBR,NUMBER_OF_UNITS_NBR,ODOT_CITY_VILLAGE_TWP_NME,ODOT_CRASH_LOCATION_CD,ODOT_DIR_FROM_REF_CD,ODOT_DIV_UNDIV_IND,ODOT_INTERSECTION_REL_IND,ODOT_LANES_NBR,ODOT_MAINTAINED_HWY_IND,ODOT_MILES_FROM_REF_NBR,ODOT_REF_ROUTE_PREFIX_CD,ODOT_YOUNG_DRIVER_IND,ODPS_ADDRESS_REFERENCE,ODPS_ALCOHOL_IND,ODPS_CITY_VILLAGE_TWP_NME,ODPS_DRUG_IND,ODPS_LOC_DIR_SUFFIX_CD,ODPS_LOC_IN_WORK_ZONE_CD,ODPS_LOC_ROAD_DIRECTION_CD,ODPS_LOC_ROAD_NME,ODPS_LOC_ROAD_SUFFIX_CD,ODPS_LOC_ROUTE_ID,ODPS_LOC_ROUTE_PREFIX_CD,ODPS_LOC_ROUTE_SUFFIX_CD,ODPS_MILEPOST_REFERENCE,ODPS_MOTORCYCLE_IND,ODPS_REF_DIR_SUFFIX_CD,ODPS_REF_DIRECTION_CD,ODPS_REF_GIVEN,ODPS_REF_POINT_USED_CD,ODPS_REF_ROUTE_ID,ODPS_REF_ROUTE_PREFIX_CD,ODPS_REF_ROUTE_SUFFIX_CD,ODPS_REF_SUFFIX_CD,ODPS_SCHOOL_ZONE_IND,ODPS_SENIOR_DRIVER_IND,ODPS_SPEED_IND,ODPS_TOTAL_FATALITIES_NBR,ODPS_TYPE_OF_WORK_ZONE_CD,ODPS_WORK_ZONE_IND,OPER_ACCESS_CONTROL_CD,POSSIBLE_INJURIES_NBR,ROAD_COND_PRIMARY_CD,ROAD_CONTOUR_CD,SA_RAMP_ID,SA_SEGMENT_ID,SECONDARY_CRASH,STATE_TRUE_LOG_NBR,U1_AGE_NBR,U1_AT_FAULT_IND,U1_CONT_CIR_PRIMARY_CD,U1_DIRECTION_FROM_CD,U1_DIRECTION_TO_CD,U1_DISTRACTED_BY_1_CD,U1_GENDER_CD,U1_IS_ALCOHOL_SUSPECTED,U1_IS_MARIJUANA_SUSPECTED,U1_IS_OTHER_DRUG_SUSPECTED,U1_NON_MOTORIST_LOC_CD,U1_NUMBER_OF_THRU_LANES,U1_OBJECT_STRUCK,U1_ODPS_UNIT_NBR,U1_OPERATINGIN_AUTONOMOUS_MODE,U1_POSTED_SPEED_NBR,U1_PRECRASH_ACTION_CD,U1_SEQ_OF_EVENTS_1_CD,U1_SEQ_OF_EVENTS_2_CD,U1_SEQ_OF_EVENTS_3_CD,U1_SEQ_OF_EVENTS_4_CD,U1_SEQ_OF_EVENTS_5_CD,U1_SEQ_OF_EVENTS_6_CD,U1_SPECIAL_FUNCTION_CD,U1_TRAFFIC_CONTROL_CD,U1_TURN_CD,U1_TYPE_OF_UNIT_CD,U1_UNIT_SPEED_NBR,U2_AGE_NBR,U2_CONT_CIR_PRIMARY_CD,U2_DIRECTION_FROM_CD,U2_DIRECTION_TO_CD,U2_DISTRACTED_BY_1_CD,U2_GENDER_CD,U2_NON_MOTORIST_LOC_CD,U2_ODPS_UNIT_NBR,U2_POSTED_SPEED_NBR,U2_PRECRASH_ACTION_CD,U2_SEQ_OF_EVENTS_1_CD,U2_SEQ_OF_EVENTS_2_CD,U2_SEQ_OF_EVENTS_3_CD,U2_SEQ_OF_EVENTS_4_CD,U2_SEQ_OF_EVENTS_5_CD,U2_SEQ_OF_EVENTS_6_CD,U2_SPECIAL_FUNCTION_CD,U2_TRAFFIC_CONTROL_CD,U2_TURN_CD,U2_TYPE_OF_UNIT_CD,U2_UNIT_SPEED_NBR,U3_CONT_CIR_PRIMARY_CD,U3_ODPS_UNIT_NBR,U3_PRECRASH_ACTION_CD,U3_SEQ_OF_EVENTS_1_CD,U3_SEQ_OF_EVENTS_2_CD,U3_SEQ_OF_EVENTS_3_CD,U3_SEQ_OF_EVENTS_4_CD,U3_SEQ_OF_EVENTS_5_CD,U3_SEQ_OF_EVENTS_6_CD,U3_SPECIAL_FUNCTION_CD,U3_TRAFFIC_CONTROL_CD,U3_TYPE_OF_UNIT_CD,UNRESTRAIN_OCCUPANTS,WEATHER_COND_CD,V1,clean_Narrative,BERT_predictions,BERT_prediction_probabilities,RoBERTa_predictions,RoBERTa_predictions_probabilities,distilBERT_predictions,distilBERT_predictions_probabilities
1491,1491,215209654,"unit #1 was traveling eastbound on us 33, hydroplaned and traveled off the left side of the roadway down a hill.",20215209654,2021,O,10/1/2021 0:00,7,SAUGUS00033**C,S,AUG,15.785,40.555605,-84.177116,22722,99778.0,10/25/2021 0:00,13,2,N,2.0,Y,Y,2.0,0,0,,25a5ea3c-27df-46d0-ad80-a24106100475,c35c1238-a2da-40de-bccd-ac4a88b52e37,N,15.785,SAUGUS00033**C,N,4,06-0555-06,1,10,N,1,0,1,DUCHOUQUET TOWNSHIP,1,W,Y,N,4.0,Y,0.2,,N,,N,WAPAKONETA,N,,0,,,,33,US,,16.0,N,,,16,2,,,,,N,N,Y,0,0,N,1.0,0,2,4,,264299.0,N,38.097,31,Y,5,4,3,1,M,N,N,N,0,2,44,1,0,55,13,9,44,0,0,0,0,1,6,NT,1,40,,,,,,,,,,,,,,,,,,,,,,,,,,,,,,,,,,0,4,,"unit1 traveling us , hydroplaned traveled left side roadway hill .",O,"[0.9794074296951294, 0.019730251282453537, 0.0008623055182397366]",O,"[0.5741661787033081, 0.40330642461776733, 0.02252739854156971]",O,"[0.9990234375, 0.0006361007690429688, 5.263090133666992e-05]"
1492,1492,215209750,unit #1 was eastbound on tr 108. unit #1 hydroplanned and slid off the right side of the roadway and struck the ditch. unit #1 drove out of the ditch and back up onto the roadway.,20215209750,2021,O,10/1/2021 0:00,3,TWAYTR00108**C,T,WAY,4.226,40.930457,-81.907929,11276,99999.0,10/29/2021 0:00,13,6,N,,Y,N,7.0,8,0,,,,N,4.226,TWAYTR00108**C,N,1,85-1004-85,3,10,,3,0,1,CANAAN TOWNSHIP,1,W,N,N,2.0,N,0.1,SR,N,,N,CANAAN TOWNSHIP,N,,0,,,,108,TR,,,N,,,,1,3,SR,,,N,N,Y,0,0,N,,0,2,1,,206668.0,N,4.226,32,Y,5,4,3,1,M,N,N,N,0,2,44,1,0,55,1,8,44,0,0,0,0,1,6,NT,1,55,,,,,,,,,,,,,,,,,,,,,,,,,,,,,,,,,,0,4,,unit1 tr . unit1 hydroplanned slid side roadway struck ditch . unit1 drove ditch back onto roadway .,O,"[0.9999831914901733, 1.5682649973314255e-05, 1.052212269314623e-06]",O,"[0.999984860420227, 1.4363741684064735e-05, 7.957661409818684e-07]",O,"[1.0, 2.6226043701171875e-06, 2.384185791015625e-07]"
1493,1493,215211269,unit 1 was westbound on interstate route 70 when it hydroplaned striking a median concrete barrier.,20215211269,2021,O,10/1/2021 0:00,5,SLICIR00070**N,S,LIC,16.777,39.946926,-82.458488,43456,61705.0,10/28/2021 0:00,13,5,N,2.0,Y,Y,1.0,21,0,,,,Y,16.79,SLICIR00070**C,N,1,45-0687-45,1,10,N,2,0,1,LICKING TOWNSHIP,1,E,Y,N,6.0,Y,0.2,,N,,N,UNION TOWNSHIP,N,,0,,,,70,IR,,130.0,N,,,130,2,,,,,N,N,Y,0,0,N,1.0,0,2,3,,107458.0,N,130.142,36,Y,5,3,4,1,M,N,N,N,0,3,35,1,0,70,1,9,35,0,0,0,0,1,6,NT,1,70,,,,,,,,,,,,,,,,,,,,,,,,,,,,,,,,,,0,4,,unit1 interstate hydroplaned striking median concrete barrier .,C,"[0.43040844798088074, 0.557330310344696, 0.012261243537068367]",O,"[0.6551752686500549, 0.34411975741386414, 0.0007049805135466158]",O,"[0.9990234375, 0.0007433891296386719, 2.6047229766845703e-05]"
1494,1494,215211475,"unit #1 was westbound on ir80 ohio turnpike. unit #1 hydroplaned, drove off right side of the roadway, struck the concrete barrier, then drove off the left side of the roadway and struck the other concrete barrier.",20215211475,2021,AB,10/1/2021 0:00,4,STRUIR00080*KC,S,TRU,3.328,41.215694,-80.951387,55650,97831.0,10/30/2021 0:00,13,7,N,2.0,Y,Y,1.0,20,0,90300.0,b1106e74-24b1-4802-a871-2b221ad504d3,a02e405e-aabe-4b32-9bd9-d11e67ea0d06,Y,3.328,STRUIR00080*KC,N,4,91-0734-78,31,10,N,0,2,1,NEWTON FALLS,1,E,Y,N,6.0,N,0.3,,N,,N,BRACEVILLE TOWNSHIP,N,,0,,,,80,IR,K,209.0,N,,,209,2,,,,,N,N,Y,0,0,N,1.0,0,2,1,,56873.0,N,209.361,56,Y,5,3,4,1,M,N,N,N,0,1,35,1,0,60,1,8,35,9,35,0,0,1,6,NT,1,63,,,,,,,,,,,,,,,,,,,,,,,,,,,,,,,,,,0,4,,"unit1 ohio turnpike . unit1 hydroplaned , drove side roadway , struck concrete barrier , drove left side roadway struck concrete barrier .",O,"[0.6289961934089661, 0.35801175236701965, 0.012992079369723797]",C,"[0.48656997084617615, 0.5033199191093445, 0.010110143572092056]",O,"[0.966796875, 0.032470703125, 0.000946044921875]"
1495,1495,215212667,"unit #1 was traveling eastbound on sr 32, hydroplaned and slid off the right side of the roadway and struck a ditch.",20215212667,2021,O,10/1/2021 0:00,9,SADASR00032**C,S,ADA,13.308,38.935401,-83.442418,48888,99999.0,10/29/2021 0:00,13,6,N,2.0,Y,N,3.0,22,0,,e7d1324c-8703-4379-b13a-146052275067,7ad6c1fd-06f2-44e3-b25f-62a5ecd71be8,N,13.308,SADASR00032**C,N,4,08-0888-01,1,10,N,2,0,1,MEIGS TOWNSHIP,1,E,Y,N,4.0,Y,0.3,,N,,N,MEIGS TOWNSHIP,N,,0,,,,32,SR,,13.0,N,,,13,2,,,,,N,N,Y,0,0,N,2.0,0,2,1,,295997.0,N,57.493,29,Y,5,4,3,1,M,N,N,N,0,2,44,1,0,60,1,8,44,0,0,0,0,1,6,NT,1,58,,,,,,,,,,,,,,,,,,,,,,,,,,,,,,,,,,0,4,,"unit1 traveling , hydroplaned slid side roadway struck ditch .",O,"[0.9736852645874023, 0.02538679540157318, 0.0009279531659558415]",O,"[0.9999467134475708, 5.246952787274495e-05, 8.272646709883702e-07]",O,"[0.994140625, 0.00582122802734375, 0.00032329559326171875]"
1496,1496,215212750,"unit 1 was traveling westbound on interstate 270. unit 1 hydroplane, lost control, went off the left side of the roadway, and struck a guardrail.",20215212750,2021,O,10/1/2021 0:00,6,SFRAIR00270**C,S,FRA,50.4,39.872419,-82.959981,33026,19234.0,10/29/2021 0:00,13,6,N,2.0,Y,Y,1.0,7,0,27900.0,,,Y,50.4,SFRAIR00270**C,N,2,25-0434-25,1,10,N,2,0,1,HAMILTON TOWNSHIP,1,E,Y,N,6.0,Y,0.6,,Y,,N,HAMILTON TOWNSHIP,N,,0,,,,270,IR,,51.0,N,,,51,2,,,,,N,N,Y,0,0,N,1.0,0,2,1,,81486.0,N,50.4,18,Y,5,3,4,1,M,N,N,N,0,3,30,1,0,65,1,9,30,0,0,0,0,1,6,NT,1,65,,,,,,,,,,,,,,,,,,,,,,,,,,,,,,,,,,0,4,,"unit1 traveling interstate . unit1 hydroplane , lost control , went left side roadway , struck guardrail .",O,"[0.9872894883155823, 0.01182918343693018, 0.0008812707383185625]",O,"[0.928904116153717, 0.06320706754922867, 0.007888752035796642]",O,"[0.994140625, 0.005298614501953125, 0.0003867149353027344]"
1497,1497,215232756,unit #1 was traveling west on lucasville minford road. unit #1 hydroplaned while negotiating a curve driving off the right side of the roadway striking a ditch.,20215232756,2021,AB,11/1/2021 0:00,9,,C,SCI,,38.874959,-82.951332,38815,99999.0,11/25/2021 0:00,13,5,N,2.0,Y,N,,12,0,,,,N,,,N,1,73-1088-73,2,11,,0,1,1,JEFFERSON TOWNSHIP,1,E,N,N,2.0,N,1.5,SR,Y,,N,JEFFERSON TOWNSHIP,N,,0,,,,28,CR,,,N,,,,1,728,SR,,,N,N,Y,0,0,N,,0,2,4,,,N,,22,Y,5,3,4,1,M,N,N,N,0,2,44,1,0,45,13,11,8,44,0,0,0,1,6,NT,1,0,,,,,,,,,,,,,,,,,,,,,,,,,,,,,,,,,,0,4,,unit1 traveling lucasville minford . unit1 hydroplaned negotiating curve driving side roadway striking ditch .,O,"[0.9847168922424316, 0.013570105656981468, 0.001713000936433673]",O,"[0.6488956809043884, 0.34359011054039, 0.0075141959823668]",O,"[0.98291015625, 0.01540374755859375, 0.0014209747314453125]"
1498,1498,215244332,"unit#1 was eastbound on interstate-80 in the left lane. unit #1 hydroplaned, drove off of the left side of the raodway and struck the concrete median.",20215244332,2021,O,12/1/2021 0:00,2,SSANIR00080*KC,S,SAN,11.54,41.408154,-83.13655,81592,99999.0,12/5/2021 0:00,13,1,N,2.0,Y,Y,1.0,16,0,,,,Y,11.54,SSANIR00080*KC,N,1,90-0773-72,31,12,N,1,0,1,WASHINGTON TOWNSHIP,1,E,Y,N,6.0,N,0.3,,N,,N,SANDUSKY TOWNSHIP,N,,0,,,,80,IR,K,90.0,N,,,90,2,,,,,N,N,Y,0,0,N,1.0,0,2,2,,56867.0,N,90.291,43,Y,5,4,3,1,M,N,N,N,0,3,35,1,0,70,1,9,35,0,0,0,0,1,6,NT,1,75,,,,,,,,,,,,,,,,,,,,,,,,,,,,,,,,,,0,4,,"unit1 interstate left . unit1 hydroplaned , drove left side raodway struck concrete median .",O,"[0.9889532327651978, 0.010323753580451012, 0.0007230117917060852]",O,"[0.5802937746047974, 0.3919917345046997, 0.027714461088180542]",O,"[1.0, 4.9114227294921875e-05, 2.86102294921875e-06]"
1499,1499,215245745,"unit 1 was traveling eastbound on us 35. unit 1 hydroplaned, lost control, and went off the road and struck the ditch.",20215245745,2021,O,12/1/2021 0:00,8,SPREUS00035**C,S,PRE,4.19,39.807787,-84.748607,38010,99999.0,12/11/2021 0:00,13,7,N,2.0,Y,N,4.0,8,0,,,,N,4.19,SPREUS00035**C,N,1,57-1243-68,1,12,,1,0,1,JACKSON TOWNSHIP,1,E,N,N,2.0,Y,0.2,,Y,,N,JEFFERSON TOWNSHIP,N,,0,,,,35,US,,4.0,N,,,4,2,,,,,N,N,Y,0,0,N,3.0,0,2,1,,346120.0,N,4.19,23,Y,11,6,7,1,M,N,N,N,0,2,44,1,1,55,1,11,9,44,0,0,0,1,6,NT,1,60,,,,,,,,,,,,,,,,,,,,,,,,,,,,,,,,,,0,4,,"unit1 traveling us . unit1 hydroplaned , lost control , went struck ditch .",O,"[0.9743964076042175, 0.02233823575079441, 0.003265269799157977]",O,"[0.7532241940498352, 0.2360038459300995, 0.010772006586194038]",O,"[0.94970703125, 0.04840087890625, 0.0020847320556640625]"
1500,1500,215246042,unit 1 was eastbound on sr 302. unit 1 was traveling at an unsafe speed for the road conditions and hydroplaned. unit 1 slid off the left side of the road and struck a ditch.,20215246042,2021,O,12/1/2021 0:00,3,SASDSR00302**C,S,ASD,1.862,40.89766,-82.15672,61756,99999.0,12/11/2021 0:00,13,7,N,2.0,Y,N,5.0,11,0,,46b59f1d-2905-43b7-adf8-7d4d378263a7,a5cb73e5-4dff-4f91-b8c9-9dd03e4ef6e7,N,1.862,SASDSR00302**C,N,1,03-0729-03,1,12,,1,0,1,PERRY TOWNSHIP,1,E,N,N,2.0,Y,0.2,,Y,,N,PERRY TOWNSHIP,N,,0,,,,302,SR,,2.0,N,,,2,2,,,,,N,N,Y,0,0,N,3.0,0,2,4,,178742.0,N,15.791,21,Y,5,4,3,1,M,N,N,N,0,2,44,1,2,55,13,11,9,44,0,0,0,1,6,NT,1,60,,,,,,,,,,,,,,,,,,,,,,,,,,,,,,,,,,0,4,,unit1 . unit1 traveling unsafe speed conditions hydroplaned . unit1 slid left side struck ditch .,O,"[0.8776775598526001, 0.11232183873653412, 0.01000054832547903]",O,"[0.9540624022483826, 0.04497865214943886, 0.0009590527042746544]",O,"[0.97705078125, 0.021636962890625, 0.0015821456909179688]"
1501,1501,215246275,"unit #1 was traveling westbound on i-70. unit #1 hydroplane and struck the concrete barrier. supplemnted on january 9, 2022 to undate oh-2 narrative.",20215246275,2021,AB,12/1/2021 0:00,7,SCLAIR00070**C,S,CLA,6.054,39.885399,-83.945093,46788,99999.0,12/6/2021 0:00,13,2,N,2.0,Y,Y,1.0,4,0,8600.0,,,Y,6.054,SCLAIR00070**C,N,4,12-1332-12,1,12,N,0,1,1,MAD RIVER TOWNSHIP,1,E,Y,N,6.0,Y,0.5,,N,,N,MAD RIVER TOWNSHIP,N,,0,,,,70,IR,,47.0,N,,,47,2,,,,,N,N,Y,0,0,N,1.0,0,2,1,,39401.0,N,47.258,29,Y,5,3,4,1,M,N,N,N,0,3,51,1,0,0,1,51,0,0,0,0,0,1,6,NT,1,0,,,,,,,,,,,,,,,,,,,,,,,,,,,,,,,,,,0,4,,"unit1 traveling i. unit1 hydroplane struck concrete barrier . supplemnted january , undate oh narrative .",C,"[0.11701846122741699, 0.8452481627464294, 0.03773332014679909]",C,"[0.4919286370277405, 0.4997496008872986, 0.008321788161993027]",O,"[1.0, 0.0002696514129638672, 1.1682510375976562e-05]"
1502,1502,215249492,unit 1 was traveling east on us-224 when the driver reported they hydroplaned on water lying on the roadway. unit 1 traveled off the right side where it struck a ditch.,20215249492,2021,O,12/1/2021 0:00,4,SPORUS00224**C,S,POR,11.1,41.033133,-81.183977,2862,99999.0,12/11/2021 0:00,13,7,N,2.0,Y,N,4.0,13,0,,,,N,11.1,SPORUS00224**C,N,1,67-1610-67,1,12,,1,0,1,ATWATER TOWNSHIP,1,E,N,N,2.0,Y,0.1,,N,,N,ATWATER TOWNSHIP,N,,0,,,,224,US,,11.0,N,,,11,2,,,,,N,N,Y,0,0,N,2.0,0,2,4,,245013.0,N,203.025,61,Y,5,4,3,1,M,N,N,N,0,2,44,1,0,55,1,8,44,0,0,0,0,1,6,NT,2,55,,,,,,,,,,,,,,,,,,,,,,,,,,,,,,,,,,0,4,,unit1 traveling us driver reported hydroplaned water lying roadway . unit1 traveled side struck ditch .,O,"[0.9964380264282227, 0.0032960691023617983, 0.00026593072107061744]",O,"[0.9995506405830383, 0.0004408234963193536, 8.421182428719476e-06]",O,"[0.9990234375, 0.0005397796630859375, 4.1604042053222656e-05]"
1503,1503,215250182,"unit 1 was traveling west on ir-80 (ohio turnpike). unit 1 hydroplaned, drove off the left side of the roadway and struck the concrete median barrier.",20215250182,2021,C,12/1/2021 0:00,4,SPORIR00080*KN,S,POR,7.085,41.246274,-81.257551,75014,99999.0,12/6/2021 0:00,13,2,N,2.0,Y,Y,1.0,5,0,,,,Y,7.085,SPORIR00080*KC,N,4,91-0859-67,31,12,N,0,0,1,STREETSBORO,1,E,Y,N,6.0,N,0.8,,N,,N,SHALERSVILLE TOWNSHIP,N,,0,,,,80,IR,K,192.0,N,,,192,2,,,,,N,N,Y,0,0,N,1.0,1,2,2,,91335.0,N,192.733,29,Y,5,3,4,1,F,N,N,N,0,3,35,1,0,70,1,35,0,0,0,0,0,1,6,NT,2,70,,,,,,,,,,,,,,,,,,,,,,,,,,,,,,,,,,0,4,,"unit1 traveling ir . unit1 hydroplaned , drove left side roadway struck concrete median barrier .",O,"[0.7392148971557617, 0.23800264298915863, 0.022782403975725174]",O,"[0.6281711459159851, 0.34047555923461914, 0.03135334700345993]",O,"[1.0, 0.0001500844955444336, 1.1682510375976562e-05]"
1504,1504,215254476,"unit#1 was westbound on us 30. unit#1 attempted to enter the passing lane, hydroplaned on the wet road, went off the right side of the road, struck the right of way fence, and came to rest in a barron field.",20215254476,2021,O,12/1/2021 0:00,1,SVANUS00030**N,S,VAN,2.182,40.969098,-84.751508,77756,99999.0,12/15/2021 0:00,13,4,N,2.0,Y,N,3.0,5,0,,,,N,2.2,SVANUS00030**C,N,4,81-0295-81,1,12,N,1,0,1,TULLY TOWNSHIP,1,E,Y,N,4.0,Y,0.2,,N,,N,TULLY TOWNSHIP,N,,0,,,,30,US,,2.0,N,,,2,2,,,,,N,N,Y,0,0,N,2.0,0,2,1,,241122.0,N,3.356,62,Y,5,7,6,1,M,N,N,N,0,2,46,1,0,70,3,8,46,0,0,0,0,1,6,NT,1,75,,,,,,,,,,,,,,,,,,,,,,,,,,,,,,,,,,0,4,,"unit1 us . unit1 attempted enter passing , hydroplaned wet , went side , struck fence , came rest barron field .",O,"[0.999996542930603, 3.105373934886302e-06, 3.4516492064540216e-07]",O,"[0.9990354776382446, 0.000935085176024586, 2.94323472189717e-05]",O,"[1.0, 0.0, 0.0]"
1505,1505,215255900,"unit #1 and unit #2 were westbound on ir 70. unit #2 failed to maintan reasonable control of his vehicle, hydroplanned and struck unit #1. unit #1 ran off the left side of the roadway and struck an embankment.",20215255900,2021,O,12/1/2021 0:00,5,SMUSIR00070**N,S,MUS,3.066,39.950067,-82.16756,36372,99999.0,12/25/2021 0:00,5,7,N,2.0,N,Y,1.0,14,0,,,,Y,3.14,SMUSIR00070**C,N,1,60-1218-60,1,12,N,7,0,2,HOPEWELL TOWNSHIP,1,W,Y,N,4.0,Y,0.02,,Y,,N,HOPEWELL TOWNSHIP,N,,0,,,,70,IR,,146.0,N,,,146,2,,,,,N,N,Y,0,0,N,1.0,0,2,2,,39441.0,N,145.851,22,Y,5,3,4,1,M,N,N,N,0,2,0,2,0,70,1,20,0,0,0,0,0,1,6,NT,1,60,33.0,1.0,3.0,4.0,1.0,M,,1.0,70.0,1.0,20.0,9.0,45.0,,,,1.0,6.0,NT,1.0,55.0,,,,,,,,,,,,,0,4,,"unit1 unit2 . unit2 failed maintan reasonable control vehicle , hydroplanned struck unit1 . unit1 ran left side roadway struck embankment .",O,"[0.7991906404495239, 0.18864965438842773, 0.012159721925854683]",C,"[0.02720601111650467, 0.9575265049934387, 0.015267507173120975]",C,"[0.09014892578125, 0.89453125, 0.0153961181640625]"
1506,1506,215255996,"unit #1 was traveling west on ir 76 (ohio turnpike), and hydroplaned in the left lane. unit #1 ran off the right side of the roadway, strikiking the guardrail face at the 230.5 m.p.",20215255996,2021,O,12/1/2021 0:00,4,SMAHIR00076*KN,S,MAH,11.489,40.990342,-80.689823,7468,97831.0,12/25/2021 0:00,13,7,N,2.0,Y,Y,1.0,9,0,,,,Y,11.486,SMAHIR00076*KC,N,1,91-0894-50,31,12,N,1,0,1,BOARDMAN TOWNSHIP,1,E,Y,N,4.0,N,5.0,,N,,N,CANFIELD TOWNSHIP,N,,0,,,,76,IR,K,230.0,N,,,,2,,,,,N,N,Y,0,0,N,1.0,0,2,2,,39593.0,N,230.476,39,Y,5,3,4,1,M,N,N,N,0,2,30,1,0,70,1,8,30,0,0,0,0,1,6,NT,1,72,,,,,,,,,,,,,,,,,,,,,,,,,,,,,,,,,,0,4,,"unit1 traveling , hydroplaned left . unit1 ran side roadway , strikiking guardrail face . m.p .",O,"[0.9999988079071045, 1.0478127023816342e-06, 9.243805720871023e-08]",C,"[0.16782346367835999, 0.8217654228210449, 0.010411152616143227]",O,"[0.97705078125, 0.0219268798828125, 0.0007386207580566406]"
1507,1507,215258702,unit 1 was eastbound on interstate 70 when it hydroplaned and lost control. unit 1 struck the concrete median wall before coming to final rest.,20215258702,2021,O,12/1/2021 0:00,5,SLICIR00070**C,S,LIC,16.29,39.946151,-82.46794,43456,61705.0,12/28/2021 0:00,13,3,N,2.0,Y,Y,1.0,21,0,,,,Y,16.29,SLICIR00070**C,N,3,45-0835-45,1,12,N,1,0,1,LICKING TOWNSHIP,1,W,Y,N,6.0,Y,0.3,,N,,N,LICKING TOWNSHIP,N,,0,,,,70,IR,,130.0,N,,,130,2,,,,,N,N,Y,0,0,N,1.0,0,2,1,,107458.0,N,129.655,30,Y,5,4,3,1,M,N,N,N,0,3,35,1,0,70,1,35,0,0,0,0,0,1,6,NT,3,60,,,,,,,,,,,,,,,,,,,,,,,,,,,,,,,,,,0,4,,unit1 interstate hydroplaned lost control . unit1 struck concrete median wall coming final rest .,O,"[0.9889965057373047, 0.0103618074208498, 0.0006416952237486839]",C,"[0.467457115650177, 0.5259515047073364, 0.006591425742954016]",O,"[0.9375, 0.058197021484375, 0.00439453125]"
1508,1508,215259035,unit #1 was eastbound on the ohio turnpike (ir 80). unit #1 was attempting to pass a semi truck and hydroplaned on the wet roadway. unit #1 drove off the left side of the roadway and struck the cement barrier wall.,20215259035,2021,O,12/1/2021 0:00,12,SCUYIR00080*KC,S,CUY,16.813,41.292215,-81.674558,9064,17668.0,12/27/2021 0:00,13,2,N,2.0,Y,Y,1.0,6,0,,,,Y,16.813,SCUYIR00080*KC,N,4,91-0899-18,31,12,N,1,0,1,BROADVIEW HEIGHTS,1,E,Y,N,6.0,N,0.1,,Y,,N,BRECKSVILLE,N,,0,,,,80,IR,K,170.0,N,,,170,2,,,,,N,N,Y,0,0,N,1.0,0,2,1,,118494.0,N,170.104,25,Y,5,4,3,1,F,N,N,N,0,3,35,1,0,70,3,9,35,0,0,0,0,1,6,NT,1,70,,,,,,,,,,,,,,,,,,,,,,,,,,,,,,,,,,0,4,,unit1 ohio turnpike . unit1 attempting pass semi truck hydroplaned wet roadway . unit1 drove left side roadway struck cement barrier wall .,O,"[0.9994598031044006, 0.0005187688511796296, 2.147052509826608e-05]",O,"[0.9982848763465881, 0.0016990022268146276, 1.6046267774072476e-05]",O,"[1.0, 1.1682510375976562e-05, 6.556510925292969e-07]"
1509,1509,216057754,unit # 1 was traveling north on sr 7. unit # 1 hydroplaned on the wet roadway and struck the guardrail face,20216057754,2021,O,4/1/2021 0:00,11,SJEFSR00007**C,S,JEF,6.289,40.237896,-80.662108,82698,93592.0,4/12/2021 0:00,13,2,N,2.0,Y,Y,2.0,13,0,,,,N,6.289,SJEFSR00007**C,N,1,2110MVA,1,4,N,1,0,1,WELLS TOWNSHIP,1,S,Y,N,4.0,Y,0.7,TR,Y,,N,WELLS TOWNSHIP,N,,0,,STATE ROUTE 7 N,,7,SR,,,N,,,TR 157 N,1,157,TR,,,N,N,N,0,0,N,2.0,0,2,3,,125202.0,N,202.391,25,Y,11,2,1,1,F,N,N,N,0,2,30,1,2,55,1,8,30,0,0,0,0,1,6,NT,1,45,,,,,,,,,,,,,,,,,,,,,,,,,,,,,,,,,,0,4,,unit1 traveling . unit1 hydroplaned wet roadway struck guardrail face,O,"[0.9999901056289673, 9.282711289415602e-06, 6.249808848224347e-07]",O,"[0.9995152950286865, 0.000483730313135311, 1.0083771257995977e-06]",O,"[0.9892578125, 0.0094757080078125, 0.0007686614990234375]"
1510,1510,216070558,"unit #1 was traveling south on blome near spooky hollow. unit #1 stated they hydroplaned the vehicle on blome just south of spooky hollow. they attempted to recover, but over- corrected, and struck the guard rail. owner of guardrail is city of the village of indian hill.",20216070558,2021,O,4/1/2021 0:00,8,MHAMMR03622**C,M,HAM,1.799,39.220979,-84.347912,76582,16885.0,4/29/2021 0:00,13,5,N,,Y,N,7.0,17,0,,d6d45400-e323-4129-8248-9d76a8f67c15,ab637877-81f8-45a8-a622-10788765ad22,N,1.799,MHAMMR03622**C,N,1,21-026,4,4,,1,0,1,THE INDIAN HILL,1,S,N,N,2.0,N,0.024,MR,Y,,N,THE INDIAN HILL,N,,0,,BLOME,RD,,,,,N,,,SPOOKY HOLLOW,1,,,,RD,N,N,N,0,0,N,,0,2,4,,153952.0,N,1.799,22,Y,11,1,2,1,M,N,N,N,0,2,30,1,2,35,13,8,30,0,0,0,0,1,6,NT,1,35,,,,,,,,,,,,,,,,,,,,,,,,,,,,,,,,,,0,4,,"unit1 traveling blome near spooky hollow . unit1 stated hydroplaned vehicle blome spooky hollow . attempted recover , corrected , struck guard rail . owner guardrail city village indian hill .",O,"[0.9999998807907104, 6.703421462361803e-08, 1.4392525393702726e-08]",O,"[0.9999998807907104, 1.0843807274341088e-07, 2.294474749087172e-10]",O,"[1.0, 5.960464477539063e-08, 0.0]"