,id,OBJECTID,Narrative,DOCUMENT_NBR,CRASH_YR,CRASH_SEVERITY_CD,CRASH_MONTH_YEAR,DISTRICT_NBR,NLFID,NLF_JUR_CD,NLF_COUNTY_CD,COUNTY_LOG_NBR,ODOT_LATITUDE_NBR,ODOT_LONGITUDE_NBR,ODOT_FIPS_CD,AREA_CODE,CRASH_DATE,CRASH_TYPE_CD,DAY_IN_WEEK_CD,DISTRACTED_DRIVER_IND,FACILITY_TYPE_CD,FHWA_RDWY_DEPARTURE_IND,FREEWAY_IND,FUNCTIONAL_CLASS_CD,HOUR_OF_CRASH,INCAPAC_INJURIES_NBR,INTERCHANGE_ID,INTERSECTION_ID_CURRENT,INTERSECTION_LEG_ID,INTERSTATE_IND,INV_LOG_NBR,INV_NLFID,IS_COMMERCIAL_RELATED,LIGHT_COND_PRIMARY_CD,LOCAL_REPORT_NUMBER_ID,MAINTENANCE_AUTHORITY_CD,MONTH_OF_CRASH,NHS_CD,NO_INJURY_REPORTED_NBR,NON_INCAPAC_INJURIES_NBR,NUMBER_OF_UNITS_NBR,ODOT_CITY_VILLAGE_TWP_NME,ODOT_CRASH_LOCATION_CD,ODOT_DIR_FROM_REF_CD,ODOT_DIV_UNDIV_IND,ODOT_INTERSECTION_REL_IND,ODOT_LANES_NBR,ODOT_MAINTAINED_HWY_IND,ODOT_MILES_FROM_REF_NBR,ODOT_REF_ROUTE_PREFIX_CD,ODOT_YOUNG_DRIVER_IND,ODPS_ADDRESS_REFERENCE,ODPS_ALCOHOL_IND,ODPS_CITY_VILLAGE_TWP_NME,ODPS_DRUG_IND,ODPS_LOC_DIR_SUFFIX_CD,ODPS_LOC_IN_WORK_ZONE_CD,ODPS_LOC_ROAD_DIRECTION_CD,ODPS_LOC_ROAD_NME,ODPS_LOC_ROAD_SUFFIX_CD,ODPS_LOC_ROUTE_ID,ODPS_LOC_ROUTE_PREFIX_CD,ODPS_LOC_ROUTE_SUFFIX_CD,ODPS_MILEPOST_REFERENCE,ODPS_MOTORCYCLE_IND,ODPS_REF_DIR_SUFFIX_CD,ODPS_REF_DIRECTION_CD,ODPS_REF_GIVEN,ODPS_REF_POINT_USED_CD,ODPS_REF_ROUTE_ID,ODPS_REF_ROUTE_PREFIX_CD,ODPS_REF_ROUTE_SUFFIX_CD,ODPS_REF_SUFFIX_CD,ODPS_SCHOOL_ZONE_IND,ODPS_SENIOR_DRIVER_IND,ODPS_SPEED_IND,ODPS_TOTAL_FATALITIES_NBR,ODPS_TYPE_OF_WORK_ZONE_CD,ODPS_WORK_ZONE_IND,OPER_ACCESS_CONTROL_CD,POSSIBLE_INJURIES_NBR,ROAD_COND_PRIMARY_CD,ROAD_CONTOUR_CD,SA_RAMP_ID,SA_SEGMENT_ID,SECONDARY_CRASH,STATE_TRUE_LOG_NBR,U1_AGE_NBR,U1_AT_FAULT_IND,U1_CONT_CIR_PRIMARY_CD,U1_DIRECTION_FROM_CD,U1_DIRECTION_TO_CD,U1_DISTRACTED_BY_1_CD,U1_GENDER_CD,U1_IS_ALCOHOL_SUSPECTED,U1_IS_MARIJUANA_SUSPECTED,U1_IS_OTHER_DRUG_SUSPECTED,U1_NON_MOTORIST_LOC_CD,U1_NUMBER_OF_THRU_LANES,U1_OBJECT_STRUCK,U1_ODPS_UNIT_NBR,U1_OPERATINGIN_AUTONOMOUS_MODE,U1_POSTED_SPEED_NBR,U1_PRECRASH_ACTION_CD,U1_SEQ_OF_EVENTS_1_CD,U1_SEQ_OF_EVENTS_2_CD,U1_SEQ_OF_EVENTS_3_CD,U1_SEQ_OF_EVENTS_4_CD,U1_SEQ_OF_EVENTS_5_CD,U1_SEQ_OF_EVENTS_6_CD,U1_SPECIAL_FUNCTION_CD,U1_TRAFFIC_CONTROL_CD,U1_TURN_CD,U1_TYPE_OF_UNIT_CD,U1_UNIT_SPEED_NBR,U2_AGE_NBR,U2_CONT_CIR_PRIMARY_CD,U2_DIRECTION_FROM_CD,U2_DIRECTION_TO_CD,U2_DISTRACTED_BY_1_CD,U2_GENDER_CD,U2_NON_MOTORIST_LOC_CD,U2_ODPS_UNIT_NBR,U2_POSTED_SPEED_NBR,U2_PRECRASH_ACTION_CD,U2_SEQ_OF_EVENTS_1_CD,U2_SEQ_OF_EVENTS_2_CD,U2_SEQ_OF_EVENTS_3_CD,U2_SEQ_OF_EVENTS_4_CD,U2_SEQ_OF_EVENTS_5_CD,U2_SEQ_OF_EVENTS_6_CD,U2_SPECIAL_FUNCTION_CD,U2_TRAFFIC_CONTROL_CD,U2_TURN_CD,U2_TYPE_OF_UNIT_CD,U2_UNIT_SPEED_NBR,U3_CONT_CIR_PRIMARY_CD,U3_ODPS_UNIT_NBR,U3_PRECRASH_ACTION_CD,U3_SEQ_OF_EVENTS_1_CD,U3_SEQ_OF_EVENTS_2_CD,U3_SEQ_OF_EVENTS_3_CD,U3_SEQ_OF_EVENTS_4_CD,U3_SEQ_OF_EVENTS_5_CD,U3_SEQ_OF_EVENTS_6_CD,U3_SPECIAL_FUNCTION_CD,U3_TRAFFIC_CONTROL_CD,U3_TYPE_OF_UNIT_CD,UNRESTRAIN_OCCUPANTS,WEATHER_COND_CD,V1,clean_Narrative,BERT_predictions,BERT_prediction_probabilities,RoBERTa_predictions,RoBERTa_predictions_probabilities,distilBERT_predictions,distilBERT_predictions_probabilities
1511,1511,216072382,"unit #2 stated they were south on ir-75 in the middle lane when unit #1 started to come into the middle lane. unit #2 switched lanes to try and avoid an accident, however, unit #2 ended up hydroplaning instead. this resulted in unit #2 going off the roadway to the right and striking a light pole. several cars and a semi-truck then ran over the light pole before it could be removed from the roadway.",20216072382,2021,AB,5/1/2021 0:00,8,SHAMIR00075**N,S,HAM,14.9,39.265822,-84.44056,71892,16885.0,5/3/2021 0:00,5,2,N,2.0,Y,Y,1.0,5,0,,,,Y,15.116,SHAMIR00075**C,N,3,AA21-094,1,5,N,1,1,2,SHARONVILLE,1,,Y,N,6.0,Y,0.0,,Y,,N,EVENDALE,N,,0,,,,75,IR,,14.9,N,,,14 9,2,,,,,N,N,N,0,0,N,1.0,0,2,4,,81206.0,N,14.9,0,Y,9,1,2,0,U,N,N,N,0,3,0,1,2,65,3,13,0,0,0,0,0,1,6,NT,15,0,24.0,15.0,1.0,2.0,1.0,M,,2.0,65.0,1.0,8.0,39.0,,,,,1.0,6.0,NT,1.0,,,,,,,,,,,,,,0,4,,"unit2 stated ir middle unit1 started come middle . unit2 switched lanes try avoid accident , however , unit2 ended hydroplaning instead . resulted unit2 going roadway striking light pole . several cars semitruck ran light pole could removed roadway .",O,"[0.9999997615814209, 2.914700587552943e-07, 5.190960550294221e-08]",O,"[0.999994158744812, 5.5390087254636455e-06, 4.0714391502660874e-07]",O,"[1.0, 0.0, 0.0]"
1512,1512,216076846,unit 1 was driving westbound on us 33 approximately .5 miles east of honda parkway. unit 1 was driving in the right lane when it began to hydroplane and go off the right side of the roadway and into a ditch. unit 1 came to a stop at the bottom of the ditch in high water.,20216076846,2021,O,5/1/2021 0:00,6,SUNIUS00033**N,S,UNI,1.511,40.271383,-83.521083,1336,99999.0,5/9/2021 0:00,13,1,N,2.0,Y,Y,2.0,15,0,,,,N,1.505,SUNIUS00033**C,N,1,80-21-164,1,5,N,2,0,1,ALLEN TOWNSHIP,1,E,Y,N,4.0,Y,0.5,,N,,N,ALLEN TOWNSHIP,N,,0,,US ROUTE 33 W,,33,US,,,N,,,HONDA,1,,,,PKWY,N,N,N,0,0,N,1.0,0,2,1,,346082.0,N,82.632,49,Y,11,3,4,1,M,N,N,N,0,4,44,1,0,70,1,8,44,0,0,0,0,1,6,NT,1,60,,,,,,,,,,,,,,,,,,,,,,,,,,,,,,,,,,0,4,,unit1 driving us approximately . miles honda . unit1 driving began hydroplane go side roadway ditch . unit1 came stop bottom ditch high water .,O,"[0.9999998807907104, 9.063693084954139e-08, 2.140532728844846e-08]",O,"[1.0, 3.7520255347089915e-08, 2.0378312926006004e-10]",O,"[1.0, 5.960464477539063e-08, 0.0]"
1513,1513,216086791,"unit 1 was traveling northbound on sr83 approaching the roundabout intersection with mills rd. unit 1 entered the roundabout, and while negotiating the curve, unit 1 failed to maintain reasonable control and hydroplaned straight. the driver of unit 1 then stated that the vehicle regained traction, and due to overcorrection in leftward steering input, unit 1 turned off the roadway left onto the gore, where unit 1 struck two road signs with the front right bumper. unit 1 sustained minor damage to the front right bumper.",20216086791,2021,O,5/1/2021 0:00,3,SLORSR00083**C,S,LOR,15.213,41.419051,-82.018724,3352,17668.0,5/23/2021 0:00,13,1,N,2.0,Y,N,4.0,20,0,,8abb74be-d75e-4b5c-9b62-73b3d6def300,0ecd7ca3-ac40-4292-8de0-0413500e8563,N,15.213,SLORSR00083**C,N,3,2021-00007929,4,5,,1,0,1,AVON,5,N,N,Y,2.0,N,0.011,CR,Y,,N,AVON,N,,0,,,,83,SR,,,N,,,MILLS,1,,,,RD,N,N,N,0,0,N,3.0,0,2,3,,189106.0,N,150.798,16,Y,11,2,1,1,F,N,N,N,0,1,37,1,0,45,13,9,37,37,0,0,0,1,1,NT,3,25,,,,,,,,,,,,,,,,,,,,,,,,,,,,,,,,,,0,4,,"unit1 traveling approaching roundabout intersection mills unit1 entered roundabout , negotiating curve , unit1 failed maintain reasonable control hydroplaned straight . driver unit1 stated vehicle regained traction , due overcorrection leftward steering input , unit1 turned roadway left onto gore , unit1 struck two signs front bumper . unit1 sustained minor damage front bumper .",O,"[0.999998927116394, 9.642948270993656e-07, 1.0477303646894143e-07]",O,"[1.0, 5.8442837236327705e-09, 6.0116477768046295e-12]",O,"[1.0, 5.960464477539063e-08, 0.0]"
1514,1514,216089337,"unit 1 was traveling north, on i280 north, in the lane closest to the cement divider, approximately 400 feet south of milepost 8.0. unit 1 lost control (hydroplaned) causing it to strike the center cement barrier with the driverside front of the vehicle. unit 1 then traveled accross both lanes of travel before leaving the roadway on the right and striking a tree. unit 1 came to rest in the grass approximately 50 feet from the tree.",20216089337,2021,AB,5/1/2021 0:00,2,SLUCIR00280**C,S,LUC,1.283,41.632882,-83.487501,58730,87868.0,5/26/2021 0:00,13,4,N,2.0,Y,Y,1.0,18,0,60500.0,,,Y,1.283,SLUCIR00280**C,N,1,20210233,1,5,N,0,1,1,OREGON,1,S,Y,N,4.0,Y,0.076,,N,,N,OREGON,N,,0,,,,280,IR,,8.0,N,,,8 0,2,,,,,N,N,Y,0,0,N,1.0,0,2,4,,56957.0,N,7.916,27,Y,5,2,1,1,F,N,N,N,0,2,48,1,0,60,13,9,35,8,48,0,0,1,6,NT,1,60,,,,,,,,,,,,,,,,,,,,,,,,,,,,,,,,,,0,4,,"unit1 traveling , , closest cement divider , approximately feet milepost .. unit1 lost control causing strike center cement barrier driverside front vehicle . unit1 traveled accross lanes travel leaving roadway striking tree . unit1 came rest grass approximately feet tree .",AB,"[0.013393674977123737, 0.07864665985107422, 0.9079596400260925]",AB,"[4.68793987238314e-05, 0.0005295018781907856, 0.999423623085022]",C,"[0.285888671875, 0.489990234375, 0.223876953125]"
1515,1515,216094226,"unit 2 was stationary at the intersection, at a red light. unit 1 attempted to stop too late, hit her brakes, and her car hydroplaned because of the wet roadway conditions. unit 1 struck unit 2, causing property damage to both vehicles. there were no reported injuries.",20216094226,2021,O,6/1/2021 0:00,8,SCLEUS00052**C,S,CLE,0.113,39.024174,-84.317998,62540,16885.0,6/2/2021 0:00,2,4,N,2.0,N,N,3.0,15,0,,38470e9b-8fb9-4d10-8b3f-c1ac797dd70a,df00ef47-a493-4a84-9cfa-48ff423c488b,N,0.113,SCLEUS00052**C,N,1,AA-003369-21,1,6,N,2,0,2,PIERCE TOWNSHIP,3,W,Y,Y,4.0,Y,0.001,CR,Y,,N,PIERCE TOWNSHIP,N,,0,,US ROUTE 52 E,,52,US,,,N,,,9 MILE TOBASCO,1,,,,RD,N,N,N,0,0,N,2.0,0,2,1,,316692.0,N,40.179,18,Y,8,4,3,1,F,N,N,N,0,3,0,1,0,60,1,20,0,0,0,0,0,1,2,NT,1,45,46.0,1.0,4.0,3.0,1.0,M,,2.0,60.0,11.0,20.0,,,,,,1.0,2.0,NT,4.0,0.0,,,,,,,,,,,,,0,2,,"unit2 stationary intersection , red light . unit1 attempted stop late , hit brakes , car hydroplaned wet roadway conditions . unit1 struck unit2 , causing property damage vehicles . reported injuries .",O,"[0.9999998807907104, 6.507025318569504e-08, 1.6769408972550082e-08]",O,"[1.0, 2.6027494048896926e-10, 1.8964381931149688e-13]",O,"[1.0, 0.0, 0.0]"
1516,1516,216094598,"unit 1 was traveling eastbound on us 33 in the fast (left) lane. unit 1 began to hydroplane and left its lane of travel towards the median (north). unit 1 then struck the end of a guard rail with the front of the vehicle. unit 1 began to spin, and had a secondary impact with the rear of the vehicle against the same guard rail. unit 1 came to a stop.",20216094598,2021,O,6/1/2021 0:00,6,SUNIUS00033**C,S,UNI,8.017,40.237312,-83.407191,59864,99999.0,6/3/2021 0:00,13,5,N,2.0,Y,Y,2.0,16,0,93200.0,,,N,8.017,SUNIUS00033**C,N,1,80-21-211,1,6,N,1,0,1,PARIS TOWNSHIP,1,W,Y,N,4.0,Y,0.057,SR,N,,N,PARIS TOWNSHIP,N,,0,,US ROUTE 33 E,,33,US,,,N,,,STATE ROUTE 4 E,1,4,SR,,,N,N,N,0,0,N,1.0,0,2,3,,275534.0,N,89.138,43,Y,11,4,3,1,F,N,N,N,0,4,34,1,0,70,13,9,34,34,0,0,0,1,6,NT,5,65,,,,,,,,,,,,,,,,,,,,,,,,,,,,,,,,,,0,4,,"unit1 traveling us fast . unit1 began hydroplane left travel towards median . unit1 struck end guard rail front vehicle . unit1 began spin , secondary impact rear vehicle guard rail . unit1 came stop .",O,"[0.9999477863311768, 4.995803828933276e-05, 2.2870242446515476e-06]",O,"[0.9719322323799133, 0.025825314223766327, 0.002242468763142824]",C,"[0.28662109375, 0.5205078125, 0.192626953125]"
1517,1517,216099498,"u1 was southbound on ir-75 in the left lane. u1 hydroplaned, rotated, ran off the left side of the road, struck a mile post sign and continued sliding into the median before coming to final rest.",20216099498,2021,O,6/1/2021 0:00,7,SMOTIR00075**N,S,MOT,6.714,39.682046,-84.230358,83111,22528.0,6/9/2021 0:00,13,4,N,2.0,Y,Y,1.0,10,0,69700.0,,,Y,6.731,SMOTIR00075**C,N,1,21-015846,1,6,N,1,0,1,WEST CARROLLTON,1,,Y,N,6.0,Y,0.0,,Y,,N,WEST CARROLLTON,N,,0,,,,75,IR,,47.6,N,,,47 6,2,,,,,N,N,N,0,0,N,1.0,0,2,1,,34220.0,N,47.684,21,Y,99,1,2,1,M,N,N,N,0,3,37,1,0,65,1,9,37,0,0,0,0,1,6,NT,1,65,,,,,,,,,,,,,,,,,,,,,,,,,,,,,,,,,,0,4,,"ir left . hydroplaned , rotated , ran left side , struck mile post sign continued sliding median coming final rest .",O,"[0.8403992056846619, 0.1524638533592224, 0.007136903703212738]",O,"[0.8133298754692078, 0.17466634511947632, 0.012003808282315731]",O,"[1.0, 3.647804260253906e-05, 2.4437904357910156e-06]"
1518,1518,216099557,"unit 1 was travelling northbound on sr 49. after passing turner rd. unit 1 changed lanes from left to right and hydroplaned on standing water, went off the right/east side of the roadway in a spin and was stopped by the honeysuckle over growth.",20216099557,2021,O,6/1/2021 0:00,7,SMOTSR00049**C,S,MOT,4.538,39.810194,-84.282651,77504,22528.0,6/9/2021 0:00,17,4,N,2.0,Y,N,3.0,16,0,,,,N,4.538,SMOTSR00049**C,N,1,TR21-3107,4,6,N,1,0,1,TROTWOOD,1,N,Y,N,4.0,N,0.057,,Y,,N,TROTWOOD,N,,0,,STATE ROUTE 49 N,,49,SR,,,N,,,TURNER,1,,,,RD,N,N,N,0,0,N,3.0,0,2,1,,135001.0,N,4.538,18,Y,1,2,1,1,M,N,N,N,0,2,0,1,0,50,3,8,99,0,0,0,0,1,6,NT,1,40,,,,,,,,,,,,,,,,,,,,,,,,,,,,,,,,,,0,4,,"unit1 travelling . passing turner unit1 changed lanes left hydroplaned standing water , went side roadway spin stopped honeysuckle growth .",O,"[0.9999895095825195, 9.870209396467544e-06, 6.438861532842566e-07]",O,"[0.9999996423721313, 3.3997807236119115e-07, 4.0179535254480925e-09]",O,"[1.0, 3.5762786865234375e-07, 0.0]"
1519,1519,216112849,"unit #1 was traveling southbound on sr25 in the right hand lane. the operator of unit #1 stated his vehicle hydroplaned, causing him to lose control, then ran off the road to the right. unit #1 then struck a traffic sign post and fire hydrant. unit #1 then returned to the roadway and continued southbound on sr25.",20216112849,2021,O,6/1/2021 0:00,2,SWOOSR00025**N,S,WOO,17.176,41.476896,-83.647063,49812,99999.0,6/25/2021 0:00,13,6,N,2.0,Y,N,4.0,14,0,,,,N,17.174,SWOOSR00025**C,N,1,87-383-21,1,6,,1,0,1,MIDDLETON TOWNSHIP,1,,Y,N,4.0,Y,0.0,,Y,22263,N,MIDDLETON TOWNSHIP,N,,0,,STATE ROUTE 25 S,,25,,,,N,,,,3,,,,,N,N,Y,0,0,N,3.0,0,2,1,,132472.0,N,17.176,22,Y,5,1,2,1,M,N,N,N,0,2,49,1,0,60,1,8,37,49,0,0,0,1,6,NT,1,60,,,,,,,,,,,,,,,,,,,,,,,,,,,,,,,,,,0,4,,"unit1 traveling . operator unit1 stated vehicle hydroplaned , causing lose control , ran . unit1 struck traffic sign post fire hydrant . unit1 returned roadway continued .",O,"[0.9999998807907104, 1.1760271689809088e-07, 2.6391342444753718e-08]",O,"[0.9999998807907104, 6.551535136622988e-08, 1.63818666965021e-10]",O,"[1.0, 6.258487701416016e-06, 7.152557373046875e-07]"
1520,1520,216114729,unit-1 was traveling eastbound on us 30. unit-1 hydroplaned in the heavy rain and began to go into a slide. unit-1 left the roadway right into the heavy foliage on the side of us-3. unit-1 rolled over coming to a rest on the driver side.,20216114729,2021,O,6/1/2021 0:00,4,SSTAUS00030**C,S,STA,3.341,40.773599,-81.592443,77910,99999.0,6/29/2021 0:00,13,3,N,2.0,Y,Y,2.0,18,0,,,,N,3.341,SSTAUS00030**C,N,1,21-30858,1,6,N,1,0,1,TUSCARAWAS TOWNSHIP,1,E,Y,N,4.0,Y,0.341,,Y,,N,LAWRENCE TOWNSHIP,N,,0,,,,30,US,,3.0,N,,,3,2,,,,,N,N,Y,0,0,N,1.0,0,2,1,,271400.0,N,180.987,20,Y,5,4,3,1,M,N,N,N,0,2,54,1,2,65,1,8,54,1,0,0,0,1,6,NT,4,65,,,,,,,,,,,,,,,,,,,,,,,,,,,,,,,,,,0,4,,unit traveling us . unit hydroplaned heavy rain began go slide . unit left roadway heavy foliage side us . unit rolled coming rest driver side .,C,"[0.4275127053260803, 0.5609410405158997, 0.011546270921826363]",C,"[0.003912638872861862, 0.9958853125572205, 0.0002020873362198472]",O,"[0.916015625, 0.08349609375, 0.000980377197265625]"
1521,1521,216115374,"on 6/30/2021, unit 1 was south on i-71 near the 218 mm in an extremely hard downpour of rain. unit 1 hit standing water and started to hydroplane while in the middle lane. as unit 1 attempted to slow down, the vehicel drifted to the left, spun around 180 degrees and struck the guide wire in the median with the passenger side of the car. no one was injured and the vehicle was driven from the scene. the driver was not cited due to the exteme weather at the time.",20216115374,2021,C,6/1/2021 0:00,3,SMEDIR00071**N,S,MED,15.941,41.124284,-81.802544,51856,17668.0,6/30/2021 0:00,13,4,N,2.0,Y,Y,1.0,17,0,,,,Y,15.926,SMEDIR00071**C,N,1,21-36188,1,6,N,3,0,1,MONTVILLE TOWNSHIP,1,S,Y,N,8.0,Y,0.114,,N,,N,MONTVILLE TOWNSHIP,N,,0,,,,71,IR,,218.0,N,,,218,2,,,,,N,N,N,0,0,N,1.0,1,2,1,,107600.0,N,217.945,28,Y,1,1,2,1,M,N,N,N,0,3,33,1,0,70,1,9,33,0,0,0,0,1,6,NT,1,65,,,,,,,,,,,,,,,,,,,,,,,,,,,,,,,,,,0,4,,", unit1 near mm extremely hard downpour rain . unit1 hit standing water started hydroplane middle . unit1 attempted slow , vehicel drifted left , spun around degrees struck guide wire median passenger side car . one injured vehicle driven scene . driver cited due exteme weather time .",O,"[0.9999998807907104, 6.009320685507191e-08, 1.802158422492539e-08]",O,"[1.0, 9.925303634528149e-12, 4.9920051917856905e-15]",O,"[1.0, 0.0, 0.0]"
1522,1522,216117568,"unit #1 was traveling south on 75 southbound in the left lane when the rain caused him to hydroplane, ultimately rotate the vehicle and strike the passenger side rear corner with the concrete barrier.",20216117568,2021,O,7/1/2021 0:00,7,SMOTIR00075**C,S,MOT,15.61,39.796063,-84.188819,33922,22528.0,7/1/2021 0:00,13,5,N,2.0,Y,Y,1.0,4,0,,,,Y,15.61,SMOTIR00075**C,N,3,MC210004896,1,7,N,1,0,1,HARRISON TOWNSHIP,1,,Y,N,6.0,Y,0.0,,N,,N,HARRISON TOWNSHIP,N,,0,,,,75,IR,,57.0,N,,,57,2,,,,,N,N,Y,0,0,N,1.0,0,2,1,,91194.0,N,56.58,46,Y,22,1,2,1,M,N,N,N,0,3,35,1,0,65,1,35,0,0,0,0,0,1,6,NT,4,68,,,,,,,,,,,,,,,,,,,,,,,,,,,,,,,,,,0,4,,"unit1 traveling left rain caused hydroplane , ultimately rotate vehicle strike passenger side rear corner concrete barrier .",O,"[0.9999737739562988, 2.51687324634986e-05, 1.117157580665662e-06]",O,"[0.9999971389770508, 2.6909253847406944e-06, 1.610249711347933e-07]",O,"[1.0, 1.1920928955078125e-06, 5.960464477539063e-08]"
1523,1523,216123131,unit # 1 hydroplaned on the wet road surface then failed to regain control. unit # 1 left the roadway to the right and struck a highway designation sign before coming to rest in the tree line west of the roadway.,20216123131,2021,O,7/1/2021 0:00,4,SSTAIR00077**N,S,STA,13.073,40.836239,-81.399329,62988,13375.0,7/9/2021 0:00,13,6,N,2.0,Y,Y,1.0,3,0,,,,Y,13.08,SSTAIR00077**C,N,3,21-32436,1,7,N,1,0,1,PLAIN TOWNSHIP,1,,Y,N,6.0,Y,0.0,,Y,,N,PLAIN TOWNSHIP,N,,0,,,,77,IR,,108.0,N,,,108,2,,,,,N,N,N,0,0,N,1.0,0,2,1,,81378.0,N,108.055,24,Y,99,6,7,1,F,N,N,N,0,3,37,1,2,65,1,8,37,48,0,0,0,1,6,NT,3,60,,,,,,,,,,,,,,,,,,,,,,,,,,,,,,,,,,0,4,,unit1 hydroplaned wet surface failed regain control . unit1 left roadway struck designation sign coming rest tree line roadway .,O,"[1.0, 4.783251483786444e-08, 1.2385475756104825e-08]",O,"[0.9999998807907104, 1.3414803845535062e-07, 1.577377894967924e-09]",O,"[1.0, 0.0, 0.0]"
1524,1524,216124014,unit #1 was traveling eastbound in the left lane on i-675 nb near the 6.6 mm. unit #1 driver stated that his vehicle hit some water and hydroplaned off the roadway and struck the steel cable barrier. unit #1 failed to maintain reasonable control.,20216124014,2021,O,7/1/2021 0:00,7,SMOTIR00675**C,S,MOT,6.742,39.653862,-84.125592,13190,22528.0,7/13/2021 0:00,13,3,N,2.0,Y,Y,1.0,20,0,,,,Y,6.742,SMOTIR00675**C,N,1,21-19558,1,7,N,1,0,1,CENTERVILLE,1,W,Y,N,6.0,Y,0.018,,Y,,N,CENTERVILLE,N,,0,,,,675,IR,,6.6,N,,,6 6,2,,,,,N,N,N,0,0,N,1.0,0,2,1,,45616.0,N,6.742,18,Y,99,4,3,1,M,N,N,N,0,3,33,1,0,65,1,9,33,0,0,0,0,1,6,NT,1,55,,,,,,,,,,,,,,,,,,,,,,,,,,,,,,,,,,0,4,,unit1 traveling left near . mm . unit1 driver stated vehicle hit water hydroplaned roadway struck steel cable barrier . unit1 failed maintain reasonable control .,O,"[0.9999998807907104, 1.6162803717634233e-07, 1.6266989533164633e-08]",O,"[0.9999986886978149, 1.2688994956988608e-06, 3.183707963927418e-09]",O,"[1.0, 0.0, 0.0]"
1525,1525,216125724,at about 2050 on 07-16-2021 unit number one was traveling north on interstate 75 at approximately 55 mph and when at the on ramp for state route 4 apparently hydroplaned into the median and went off the west side of the road and collided with the concrete barrier.,20216125724,2021,O,7/1/2021 0:00,7,SMOTIR00075**C,S,MOT,13.216,39.768246,-84.19805,21000,22528.0,7/16/2021 0:00,13,6,N,2.0,Y,Y,1.0,20,0,,,,Y,13.216,SMOTIR00075**C,Y,3,2107160077,1,7,N,1,0,1,DAYTON,1,,Y,N,6.0,Y,0.0,RA,N,,N,DAYTON,N,,0,,I 75 N,,75,IR,,,N,,,STATE ROUTE 4 N,1,4,SR,,,N,N,N,0,0,N,1.0,0,2,1,,56767.0,N,54.186,57,Y,1,2,1,1,M,N,N,N,0,3,35,1,0,0,1,9,35,4,0,0,0,1,6,NT,15,0,,,,,,,,,,,,,,,,,,,,,,,,,,,,,,,,,,0,4,,unit number one traveling interstate approximately mph ramp state apparently hydroplaned median went side collided concrete barrier .,O,"[0.9986535310745239, 0.0012429481139406562, 0.00010344765905756503]",C,"[0.2751561999320984, 0.721232533454895, 0.0036112265661358833]",O,"[1.0, 3.4809112548828125e-05, 3.933906555175781e-06]"
1526,1526,216125773,"unit 1 was traveling southbound on i675 in the center lane. unit 1 failed to maintain reasonable control due to hydroplaning and spun around, striking a barrier on the east side of the roadway and came to rest in the median. debris from the barrier entered the roadway and was struck by unit 2, unit 3 and unit 4, causing damage to unit 3 and 2 flat tires to unit 2 and unit 4.",20216125773,2021,O,7/1/2021 0:00,7,SMOTIR00675**N,S,MOT,4.435,39.637957,-84.171772,81494,22528.0,7/16/2021 0:00,5,6,N,2.0,Y,Y,1.0,5,0,70800.0,,,Y,3.997,SMOTIR00675**C,N,3,MC210005318,1,7,N,4,0,4,WASHINGTON TOWNSHIP,1,N,Y,N,6.0,Y,0.028,,N,,N,WASHINGTON TOWNSHIP,N,,0,,,,675,IR,,4.0,N,,,4,2,,,,,N,N,Y,0,0,N,1.0,0,2,4,,39796.0,N,4.435,62,Y,5,1,2,1,M,N,N,N,0,3,33,1,1,65,13,9,33,0,0,0,0,1,6,NT,1,65,29.0,1.0,1.0,2.0,1.0,F,,2.0,65.0,1.0,23.0,,,,,,1.0,6.0,NT,3.0,50.0,1.0,3.0,1.0,23.0,,,,,,1.0,6.0,1.0,0,4,,"unit1 traveling center . unit1 failed maintain reasonable control due hydroplaning spun around , striking barrier side roadway came rest median . debris barrier entered roadway struck unit2 , unit3 unit4 , causing damage unit3 flat tires unit2 unit4 .",O,"[0.9675697088241577, 0.029509488493204117, 0.0029207668267190456]",O,"[0.9999314546585083, 6.776877853553742e-05, 6.84167900999455e-07]",O,"[1.0, 4.172325134277344e-07, 5.960464477539063e-08]"
1527,1527,216125841,"mr. hubbard was traveling on the i-75/i -475 overpass. he stated he was going too fast, 70 mph , for the wet road and began to hydroplane. he lost control of his vehicle and struck the cement wall on the overpass. he stated he spun out of control and came to rest in the roadway.",20216125841,2021,O,7/1/2021 0:00,2,SWOOIR00475**C,S,WOO,0.492,41.532391,-83.621871,62148,87868.0,7/17/2021 0:00,13,7,N,2.0,Y,Y,1.0,8,0,98300.0,,,Y,0.492,SWOOIR00475**C,N,1,21-10149,1,7,N,2,0,1,PERRYSBURG,7,N,Y,N,4.0,Y,0.038,,Y,,N,PERRYSBURG,N,,0,,,,475,IR,,0.4,N,,,0 4,2,,,,,N,N,Y,0,0,N,1.0,0,2,4,,35019.0,N,0.492,22,Y,5,2,1,1,M,N,N,N,0,1,35,1,0,65,1,35,34,0,0,0,0,1,6,NT,4,70,,,,,,,,,,,,,,,,,,,,,,,,,,,,,,,,,,0,4,,"mr. hubbard traveling overpass . stated going fast , mph , wet began hydroplane . lost control vehicle struck cement wall overpass . stated spun control came rest roadway .",O,"[0.9999855756759644, 1.3854766621079762e-05, 5.710746791010024e-07]",O,"[0.8718311786651611, 0.12676002085208893, 0.0014087934978306293]",O,"[1.0, 2.6226043701171875e-06, 1.7881393432617188e-07]"
1528,1528,216126990,unit 1 was travelling northbound on the sr 315 northbound exit ramp from i 270 westbound. the driver of unit 1 stated they hydroplaned on the exit ramp and tried to over correct and drove off the left side of the road through the grass onto the lanes of sr 315 northbound. they then struck the median barrier on sr 315 just south of hard rd.,20216126990,2021,O,7/1/2021 0:00,6,SFRASR00315**N,S,FRA,12.251,40.115435,-83.034771,71787,19234.0,7/16/2021 0:00,13,6,N,2.0,Y,Y,2.0,8,0,30000.0,fde0524c-017d-40ef-bf5d-142d7c371e99,8207ee8d-e9d8-4bb4-90b1-95cd103b512d,N,12.248,SFRASR00315**C,N,1,07-21-073A,1,7,,1,0,1,SHARON TOWNSHIP,1,S,Y,N,4.0,Y,0.028,RA,N,,N,SHARON TOWNSHIP,N,,0,,STATE ROUTE 315 N,,315,SR,,,N,,S,HARD,1,,,,RD,N,N,N,0,0,N,1.0,0,2,2,,329324.0,N,12.251,47,Y,99,1,4,1,F,N,N,N,0,2,35,1,0,0,13,9,35,0,0,0,0,1,6,RT,1,0,,,,,,,,,,,,,,,,,,,,,,,,,,,,,,,,,,0,4,,unit1 travelling exit ramp . driver unit1 stated hydroplaned exit ramp tried correct drove left side grass onto lanes . struck median barrier hard .,O,"[0.9994231462478638, 0.0005548028275370598, 2.199456503149122e-05]",O,"[0.5871436595916748, 0.41241011023521423, 0.0004461927164811641]",O,"[1.0, 0.0, 0.0]"