,id,OBJECTID,Narrative,DOCUMENT_NBR,CRASH_YR,CRASH_SEVERITY_CD,CRASH_MONTH_YEAR,DISTRICT_NBR,NLFID,NLF_JUR_CD,NLF_COUNTY_CD,COUNTY_LOG_NBR,ODOT_LATITUDE_NBR,ODOT_LONGITUDE_NBR,ODOT_FIPS_CD,AREA_CODE,CRASH_DATE,CRASH_TYPE_CD,DAY_IN_WEEK_CD,DISTRACTED_DRIVER_IND,FACILITY_TYPE_CD,FHWA_RDWY_DEPARTURE_IND,FREEWAY_IND,FUNCTIONAL_CLASS_CD,HOUR_OF_CRASH,INCAPAC_INJURIES_NBR,INTERCHANGE_ID,INTERSECTION_ID_CURRENT,INTERSECTION_LEG_ID,INTERSTATE_IND,INV_LOG_NBR,INV_NLFID,IS_COMMERCIAL_RELATED,LIGHT_COND_PRIMARY_CD,LOCAL_REPORT_NUMBER_ID,MAINTENANCE_AUTHORITY_CD,MONTH_OF_CRASH,NHS_CD,NO_INJURY_REPORTED_NBR,NON_INCAPAC_INJURIES_NBR,NUMBER_OF_UNITS_NBR,ODOT_CITY_VILLAGE_TWP_NME,ODOT_CRASH_LOCATION_CD,ODOT_DIR_FROM_REF_CD,ODOT_DIV_UNDIV_IND,ODOT_INTERSECTION_REL_IND,ODOT_LANES_NBR,ODOT_MAINTAINED_HWY_IND,ODOT_MILES_FROM_REF_NBR,ODOT_REF_ROUTE_PREFIX_CD,ODOT_YOUNG_DRIVER_IND,ODPS_ADDRESS_REFERENCE,ODPS_ALCOHOL_IND,ODPS_CITY_VILLAGE_TWP_NME,ODPS_DRUG_IND,ODPS_LOC_DIR_SUFFIX_CD,ODPS_LOC_IN_WORK_ZONE_CD,ODPS_LOC_ROAD_DIRECTION_CD,ODPS_LOC_ROAD_NME,ODPS_LOC_ROAD_SUFFIX_CD,ODPS_LOC_ROUTE_ID,ODPS_LOC_ROUTE_PREFIX_CD,ODPS_LOC_ROUTE_SUFFIX_CD,ODPS_MILEPOST_REFERENCE,ODPS_MOTORCYCLE_IND,ODPS_REF_DIR_SUFFIX_CD,ODPS_REF_DIRECTION_CD,ODPS_REF_GIVEN,ODPS_REF_POINT_USED_CD,ODPS_REF_ROUTE_ID,ODPS_REF_ROUTE_PREFIX_CD,ODPS_REF_ROUTE_SUFFIX_CD,ODPS_REF_SUFFIX_CD,ODPS_SCHOOL_ZONE_IND,ODPS_SENIOR_DRIVER_IND,ODPS_SPEED_IND,ODPS_TOTAL_FATALITIES_NBR,ODPS_TYPE_OF_WORK_ZONE_CD,ODPS_WORK_ZONE_IND,OPER_ACCESS_CONTROL_CD,POSSIBLE_INJURIES_NBR,ROAD_COND_PRIMARY_CD,ROAD_CONTOUR_CD,SA_RAMP_ID,SA_SEGMENT_ID,SECONDARY_CRASH,STATE_TRUE_LOG_NBR,U1_AGE_NBR,U1_AT_FAULT_IND,U1_CONT_CIR_PRIMARY_CD,U1_DIRECTION_FROM_CD,U1_DIRECTION_TO_CD,U1_DISTRACTED_BY_1_CD,U1_GENDER_CD,U1_IS_ALCOHOL_SUSPECTED,U1_IS_MARIJUANA_SUSPECTED,U1_IS_OTHER_DRUG_SUSPECTED,U1_NON_MOTORIST_LOC_CD,U1_NUMBER_OF_THRU_LANES,U1_OBJECT_STRUCK,U1_ODPS_UNIT_NBR,U1_OPERATINGIN_AUTONOMOUS_MODE,U1_POSTED_SPEED_NBR,U1_PRECRASH_ACTION_CD,U1_SEQ_OF_EVENTS_1_CD,U1_SEQ_OF_EVENTS_2_CD,U1_SEQ_OF_EVENTS_3_CD,U1_SEQ_OF_EVENTS_4_CD,U1_SEQ_OF_EVENTS_5_CD,U1_SEQ_OF_EVENTS_6_CD,U1_SPECIAL_FUNCTION_CD,U1_TRAFFIC_CONTROL_CD,U1_TURN_CD,U1_TYPE_OF_UNIT_CD,U1_UNIT_SPEED_NBR,U2_AGE_NBR,U2_CONT_CIR_PRIMARY_CD,U2_DIRECTION_FROM_CD,U2_DIRECTION_TO_CD,U2_DISTRACTED_BY_1_CD,U2_GENDER_CD,U2_NON_MOTORIST_LOC_CD,U2_ODPS_UNIT_NBR,U2_POSTED_SPEED_NBR,U2_PRECRASH_ACTION_CD,U2_SEQ_OF_EVENTS_1_CD,U2_SEQ_OF_EVENTS_2_CD,U2_SEQ_OF_EVENTS_3_CD,U2_SEQ_OF_EVENTS_4_CD,U2_SEQ_OF_EVENTS_5_CD,U2_SEQ_OF_EVENTS_6_CD,U2_SPECIAL_FUNCTION_CD,U2_TRAFFIC_CONTROL_CD,U2_TURN_CD,U2_TYPE_OF_UNIT_CD,U2_UNIT_SPEED_NBR,U3_CONT_CIR_PRIMARY_CD,U3_ODPS_UNIT_NBR,U3_PRECRASH_ACTION_CD,U3_SEQ_OF_EVENTS_1_CD,U3_SEQ_OF_EVENTS_2_CD,U3_SEQ_OF_EVENTS_3_CD,U3_SEQ_OF_EVENTS_4_CD,U3_SEQ_OF_EVENTS_5_CD,U3_SEQ_OF_EVENTS_6_CD,U3_SPECIAL_FUNCTION_CD,U3_TRAFFIC_CONTROL_CD,U3_TYPE_OF_UNIT_CD,UNRESTRAIN_OCCUPANTS,WEATHER_COND_CD,V1,clean_Narrative,BERT_predictions,BERT_prediction_probabilities,RoBERTa_predictions,RoBERTa_predictions_probabilities,distilBERT_predictions,distilBERT_predictions_probabilities
1529,1529,216135888,unit #1 was traveling on 90 wb in the number two lane. while traveling in the number two lane unit #1 hydroplaned due to the water on the roadway causing the vehicle to spin out. during this unit #1 left the roadway as it was spinning out and struck the median cable wires several times on the left berm of 90 wb.,20216135888,2021,O,7/1/2021 0:00,3,SLORIR00090**C,S,LOR,19.236,41.464964,-82.047145,3352,17668.0,7/29/2021 0:00,13,5,N,2.0,Y,Y,1.0,9,0,,79af87fb-006b-4c40-a8a4-ac53a75aac1e,6333773f-f54b-475e-9dde-3106920f5cbf,Y,19.236,SLORIR00090**C,N,1,2021-00011754,1,7,N,2,0,1,AVON,1,W,Y,N,6.0,Y,0.114,RA,N,,N,AVON,N,,0,,I 90 E,,90,IR,,,N,,,STATE ROUTE 611 E,1,611,SR,,,N,N,N,0,0,N,1.0,0,2,1,,121797.0,N,151.724,61,Y,11,4,3,1,M,N,N,N,0,3,33,1,0,65,1,9,33,0,0,0,0,1,6,NT,1,62,,,,,,,,,,,,,,,,,,,,,,,,,,,,,,,,,,0,4,,unit1 traveling number two . traveling number two unit1 hydroplaned due water roadway causing vehicle spin . unit1 left roadway spinning struck median cable wires several times left berm .,O,"[0.9157381057739258, 0.0814405232667923, 0.002821343019604683]",O,"[0.9293686747550964, 0.06943836808204651, 0.001193003379739821]",O,"[0.98388671875, 0.01419830322265625, 0.00238037109375]"
1530,1530,216147181,"unit 1 was traveling eastbound on i-90 in the number one lane at approximately 70mph during heavy rainfall. after passing milepost 153 and traveling under the sr83 overpass, unit 1 failed to maintain reasonable control and began to hydroplane. unit 1 ran off the roadway left into the shoulder, striking the guardrail with the front of the vehicle. unit 1 continued to spin counterclockwise, causing the passenger side rear to strike the guardrail east of the first collision, with both collisions causing damage to the guardrail, and ultimately came to a stop facing eastbound in the left shoulder. unit 1 sustained disabling damage to the front, consisting of a broken front bumper and hood with possible internal damage. the front right wheel was bent inward significantly indicating damage to the suspension. unit 1 sustained damage along the passenger side and right rear bumper, and the right rear tire was punctured causing it to go flat. unit 1 was towed from the roadside.",20216147181,2021,O,8/1/2021 0:00,3,SLORIR00090**C,S,LOR,20.584,41.464345,-82.021182,3352,17668.0,8/13/2021 0:00,13,6,N,2.0,Y,Y,1.0,19,0,57900.0,,,Y,20.584,SLORIR00090**C,N,1,2021-00012644,1,8,N,1,0,1,AVON,1,E,Y,N,6.0,Y,0.034,,N,,N,AVON,N,,0,,,,90,IR,,153.0,N,,,,2,,,,,N,N,Y,0,0,N,1.0,0,2,1,,121799.0,N,153.072,32,Y,5,4,3,1,M,N,N,N,0,3,30,1,0,65,1,30,9,30,0,0,0,1,6,NT,3,70,,,,,,,,,,,,,,,,,,,,,,,,,,,,,,,,,,0,4,,"unit1 traveling number one approximately 7mph heavy rainfall . passing milepost traveling overpass , unit1 failed maintain reasonable control began hydroplane . unit1 ran roadway left shoulder , striking guardrail front vehicle . unit1 continued spin counterclockwise , causing passenger side rear strike guardrail first collision , collisions causing damage guardrail , ultimately came stop facing left shoulder . unit1 sustained disabling damage front , consisting broken front bumper hood possible internal damage . front wheel bent inward significantly indicating damage suspension . unit1 sustained damage along passenger side rear bumper , rear tire punctured causing go flat . unit1 towed roadside .",O,"[0.9984307885169983, 0.0015126439975574613, 5.648481965181418e-05]",O,"[0.9999912977218628, 8.664486813358963e-06, 2.001738685919463e-08]",O,"[1.0, 5.841255187988281e-06, 3.5762786865234375e-07]"
1531,1531,216151471,unit #1 was traveling south bound on sr-332 approaching rebel rd after heading over the hill unit #1 hydroplaned to the left going over the center line and off the roadway. unit #1 continued to go off road until striking a utility pole and finally coming to a rest.,20216151471,2021,O,8/1/2021 0:00,11,SCARSR00332**C,S,CAR,8.94,40.54682,-81.104212,78260,99999.0,8/18/2021 0:00,13,4,N,2.0,Y,N,4.0,11,0,,,,N,8.94,SCARSR00332**C,N,1,21A41A3,1,8,,1,0,1,UNION TOWNSHIP,1,N,N,N,2.0,Y,0.179,TR,N,,N,UNION TOWNSHIP,N,,0,,,,332,SR,,,N,,,,1,408,TR,,,N,Y,Y,0,0,N,3.0,0,2,3,,329377.0,N,10.703,66,Y,5,5,8,1,M,N,N,N,0,2,40,1,0,55,1,9,44,40,0,0,0,1,6,NT,3,50,,,,,,,,,,,,,,,,,,,,,,,,,,,,,,,,,,0,4,,unit1 traveling sr approaching rebel heading hill unit1 hydroplaned left going center line roadway . unit1 continued go striking utility pole finally coming rest .,O,"[0.5001237392425537, 0.45908620953559875, 0.040790021419525146]",C,"[0.08994043618440628, 0.8987972736358643, 0.011262331157922745]",O,"[0.9921875, 0.0064544677734375, 0.001445770263671875]"
1532,1532,216151869,unit #2 was stopped on the ir-71 s exit ramp at sr18/medina rd intersection. unit #1 hydroplaned causing it to strike unit #2. unit #1 was found at fault.,20216151869,2021,C,8/1/2021 0:00,3,SMEDIR00071**N,S,MED,16.824,41.135627,-81.794848,51856,17668.0,8/16/2021 0:00,2,2,N,2.0,N,Y,1.0,13,0,66400.0,,,Y,16.814,SMEDIR00071**C,N,1,150-21-777,1,8,N,1,0,2,MONTVILLE TOWNSHIP,1,,Y,Y,8.0,Y,0.0,SR,Y,,N,MEDINA TOWNSHIP,N,,0,,,,71,IR,,,N,,,,1,18,SR,,,N,N,N,0,0,N,1.0,4,2,4,,33997.0,N,218.828,18,Y,8,1,2,1,F,N,N,N,0,4,0,1,0,65,11,20,0,0,0,0,0,1,2,NT,3,15,49.0,1.0,1.0,2.0,1.0,M,,2.0,65.0,11.0,20.0,,,,,,1.0,2.0,NT,1.0,0.0,,,,,,,,,,,,,0,4,,unit2 stopped ir exit ramp medina intersection . unit1 hydroplaned causing strike unit2 . unit1 found fault .,O,"[0.9970725774765015, 0.0028482195921242237, 7.916143658803776e-05]",O,"[0.9235944151878357, 0.07565681636333466, 0.0007488399278372526]",O,"[1.0, 8.344650268554688e-07, 5.960464477539063e-08]"
1533,1533,216162510,"unit 1 was travelling north bound on i75 in the far left lane. it was raining heavily and unit 1 was travelling too fast for the conditions. unit 1 began to hydroplane and lost control, veereing off the roadway into the grass. unit 1 began to spin clockwise before striking a tree line. unit 1 continued to turn clockwise and landed on a fence on w. alex bell rd. the driver of unit 1 sustained a minor nosebleed but refused medical treatment.",20216162510,2021,AB,8/1/2021 0:00,7,SMOTIR00075**C,S,MOT,5.867,39.669875,-84.234087,83111,22528.0,8/30/2021 0:00,13,2,N,2.0,Y,Y,1.0,5,0,,,,Y,5.867,SMOTIR00075**C,N,4,21-024711,1,8,N,0,1,1,WEST CARROLLTON,1,,Y,N,6.0,Y,0.0,,Y,,N,WEST CARROLLTON,N,,0,,,,75,IR,,46.8,N,,,46 8,2,,,,,N,N,Y,0,0,N,1.0,0,2,1,,118050.0,N,46.837,19,Y,5,2,1,1,M,N,N,N,0,3,48,1,0,65,1,9,48,54,46,0,0,1,6,NT,3,75,,,,,,,,,,,,,,,,,,,,,,,,,,,,,,,,,,0,4,,"unit1 travelling far left . raining heavily unit1 travelling fast conditions . unit1 began hydroplane lost control , veereing roadway grass . unit1 began spin clockwise striking tree line . unit1 continued turn clockwise landed fence alex bell driver unit1 sustained minor nosebleed refused medical treatment .",C,"[3.048276084882673e-07, 0.9999995231628418, 1.4070633369556163e-07]",C,"[1.3265084817248862e-05, 0.9999867677688599, 3.632927914054562e-08]",C,"[1.895427703857422e-05, 1.0, 7.152557373046875e-07]"
1534,1534,216163637,"unit # 1 hydroplaned on the wet road surface then failed to regain control. unit # 1 struck the raised center median, causing disabling damage to unit # 1, before coming to rest in the left lane.",20216163637,2021,O,9/1/2021 0:00,4,SSTAIR00077**C,S,STA,14.08,40.848583,-81.409549,62988,13375.0,9/5/2021 0:00,13,1,N,2.0,Y,Y,1.0,1,0,,,,Y,14.08,SSTAIR00077**C,N,4,21-41689,1,9,N,2,0,1,PLAIN TOWNSHIP,1,,Y,N,6.0,Y,0.0,,N,,N,PLAIN TOWNSHIP,N,,0,,,,77,IR,,109.0,N,,,109,2,,,,,N,N,Y,0,0,N,1.0,0,2,1,,56819.0,N,109.062,31,Y,99,2,1,1,M,N,N,N,0,3,35,1,2,65,1,35,0,0,0,0,0,1,6,NT,1,70,,,,,,,,,,,,,,,,,,,,,,,,,,,,,,,,,,0,4,,"unit1 hydroplaned wet surface failed regain control . unit1 struck raised center median , causing disabling damage unit1 , coming rest left .",O,"[0.9999961853027344, 3.517566256050486e-06, 2.806245049669087e-07]",C,"[0.25660768151283264, 0.7430707216262817, 0.0003216080367565155]",O,"[0.9970703125, 0.0030040740966796875, 0.00010859966278076172]"
1535,1535,216169906,"on 9/15/21 at 0055 hrs., unit # 1 was driving on eastbound 70 near mile marker 25 at approximately 60 mph. unit #1 reportedly hydroplaned due to heavy rain and water on the roadway causing it to lose control, spin approximately 2-3 times before its rear struck the dividing wall causing non functional damage. no injuries occurred.",20216169906,2021,O,9/1/2021 0:00,7,SMOTIR00070**N,S,MOT,7.254,39.854273,-84.355839,15644,22528.0,9/15/2021 0:00,13,4,N,2.0,Y,Y,1.0,0,0,68700.0,,,Y,7.246,SMOTIR00070**C,N,4,CL210000907,1,9,N,3,0,1,CLAYTON,1,,Y,N,4.0,Y,0.0,,N,,N,CLAYTON,N,,0,,,,70,IR,,25.0,N,,,,2,,,,,N,N,N,0,0,N,1.0,0,2,1,,107468.0,N,24.914,42,Y,99,4,3,1,M,N,N,N,0,4,51,1,0,65,1,9,51,0,0,0,0,1,6,NT,1,60,,,,,,,,,,,,,,,,,,,,,,,,,,,,,,,,,,0,4,,". , unit1 driving near mile marker approximately mph . unit1 reportedly hydroplaned due heavy rain water roadway causing lose control , spin approximately times rear struck dividing wall causing non functional damage . injuries occurred .",O,"[0.9999998807907104, 1.763783359365334e-07, 3.619384969510975e-08]",O,"[1.0, 2.986002833882395e-10, 7.468136352384303e-14]",O,"[1.0, 0.0, 0.0]"
1536,1536,216177489,"unit 1 was traveling eastbound on glendale milford rd in the far right lane approaching medallion dr. unit 1 was attempting to turn onto medallion dr, when unit 1 began to hydroplane. unit 1 struck the curb of the grass median, and began to slide across the grass. unit 1 then began to turn in a clockwise direction. unit 1 then came down off the curb into the roadway. unit 1 then struck the guard rail on the ramp from medallion dr to eastbound glendale milford with the left side of unit 1.",20216177489,2021,O,9/1/2021 0:00,8,MHAMMR06665B*C,M,HAM,0.143,39.254155,-84.432582,25802,16885.0,9/22/2021 0:00,13,4,N,,Y,N,7.0,16,0,,899b3a61-0840-4bfe-a286-771a80fe362d,703f2807-e184-41fe-8a55-b1bce2ffc5e5,N,0.143,MHAMMR06665B*C,N,1,AA21-234,4,9,,1,0,1,EVENDALE,1,,N,N,2.0,N,0.0,MR,N,,N,EVENDALE,N,,0,,GLENDALE MILFORD,RD,,,,,N,,,MEDALLION,1,,,,DR,N,N,N,0,0,N,,0,2,4,,91551.0,N,0.143,38,Y,99,4,3,1,M,N,N,N,0,2,30,1,9,35,1,43,10,43,30,0,0,1,6,NT,1,30,,,,,,,,,,,,,,,,,,,,,,,,,,,,,,,,,,0,4,,"unit1 traveling glendale milford far approaching medallion . unit1 attempting turn onto medallion , unit1 began hydroplane . unit1 struck curb grass median , began slide across grass . unit1 began turn clockwise direction . unit1 came curb roadway . unit1 struck guard rail ramp medallion glendale milford left side unit1 .",O,"[0.9953293800354004, 0.004364932421594858, 0.00030564647749997675]",O,"[0.9999996423721313, 3.843758520361007e-07, 2.0590714910895258e-08]",O,"[1.0, 1.6689300537109375e-06, 1.7881393432617188e-07]"
1537,1537,216178943,unit one was northbound on us-23. unit one hydroplanned due to the heavy rain causing him to strike a wall.,20216178943,2021,C,9/1/2021 0:00,2,SLUCUS00023**C,S,LUC,10.791,41.70057,-83.694102,76022,87868.0,9/22/2021 0:00,13,4,N,2.0,Y,Y,2.0,21,0,,,,N,10.791,SLUCUS00023**C,N,3,202110266,4,9,N,0,0,1,SYLVANIA,1,S,Y,N,4.0,N,0.019,,N,,N,SYLVANIA,N,,0,,,,23,US,,233.0,N,,,233 0,2,,,,,N,N,N,0,0,N,1.0,1,2,1,,261385.0,N,233.049,47,Y,1,2,1,1,M,N,N,N,0,2,34,1,2,65,1,34,0,0,0,0,0,1,6,NT,1,60,,,,,,,,,,,,,,,,,,,,,,,,,,,,,,,,,,0,4,,unit1 us . unit1 hydroplanned due heavy rain causing strike wall .,C,"[0.12174976617097855, 0.8706188201904297, 0.007631437387317419]",O,"[0.9999971389770508, 2.8969750474061584e-06, 1.2337319610367103e-08]",O,"[0.9990234375, 0.000690460205078125, 5.602836608886719e-05]"
1538,1538,216180976,"single car accident. unit 1 traveling e-b on sr 16 in heavy rain. unit 1 lost control likely hydroplaning, exiting lane of travel, then striking large sign off roadway. unit 1 continued on, entering onto eixit ramp lane and spinning and striking guardrail on south side of the ramp raodway. when unit 1 came to final rest, unit 1 was pointed n-b partially on the roadway. property damage only; driver of unit1 denied having any injuries. photos taken.",20216180976,2021,O,9/1/2021 0:00,5,SLICSR00016**C,S,LIC,22.062,40.061297,-82.387011,54040,61705.0,9/21/2021 0:00,13,3,N,2.0,Y,Y,2.0,8,0,56400.0,,,N,22.062,SLICSR00016**C,N,1,21-28316,4,9,N,1,0,1,NEWARK,1,W,Y,N,4.0,N,0.006,SR,Y,,N,NEWARK,N,,0,,STATE ROUTE 16 E,,16,SR,,,N,,,STATE ROUTE 79 E,1,79,SR,,,N,N,N,0,0,N,1.0,0,2,4,,129642.0,N,34.472,25,Y,11,4,3,1,F,N,N,N,0,2,37,1,0,55,1,8,37,30,0,0,0,1,6,NT,2,50,,,,,,,,,,,,,,,,,,,,,,,,,,,,,,,,,,0,4,,"single car accident . unit1 traveling eb heavy rain . unit1 lost control likely hydroplaning , exiting travel , striking large sign roadway . unit1 continued , entering onto eixit ramp spinning striking guardrail side ramp raodway . unit1 came final rest , unit1 pointed nb partially roadway . property damage ; driver unit1 denied injuries . photos taken .",O,"[1.0, 5.271058611810986e-08, 1.6756748877355676e-08]",O,"[1.0, 8.84052483995923e-11, 1.7266632798573246e-14]",O,"[1.0, 0.0, 0.0]"
1539,1539,216195425,unit # 1 was traveling north on ir 75 north in the left lane of travel. unit #1 said she struck a large area of standing water and hydroplaned. unit #1 slid off the left side of the road and slid into a water filled ditch.,20216195425,2021,O,10/1/2021 0:00,2,SWOOIR00075**C,S,WOO,25.59,41.532575,-83.618652,62148,87868.0,10/15/2021 0:00,13,6,N,2.0,N,Y,1.0,9,0,,,,Y,25.59,SWOOIR00075**C,N,1,2021-14172,1,10,N,1,0,1,PERRYSBURG,1,S,Y,N,6.0,Y,0.009,,N,,N,PERRYSBURG,N,,0,,,,75,IR,,192.4,N,,,192 4,2,,,,,N,N,N,0,0,N,1.0,0,2,1,,118066.0,N,192.295,29,Y,11,2,1,1,F,N,N,N,0,2,44,1,0,65,1,13,9,44,0,0,0,1,6,NT,1,65,,,,,,,,,,,,,,,,,,,,,,,,,,,,,,,,,,0,4,,unit1 traveling left travel . unit1 said struck large area standing water hydroplaned . unit1 slid left side slid water filled ditch .,O,"[0.873505711555481, 0.11273334175348282, 0.013760978356003761]",O,"[0.9999909400939941, 9.110991413763259e-06, 3.130547487906199e-10]",O,"[1.0, 0.0, 0.0]"
1540,1540,216203762,"at about 1846 hours on october 24, 2021 unit number one was traveling northbound on i-75 at approximately 65mph in the left lane of travel and when at milepost 55 apparently hydroplanned and lost control of his vehicle and went off the roadway left striking a concrete median.",20216203762,2021,O,10/1/2021 0:00,7,SMOTIR00075**N,S,MOT,14.217,39.777019,-84.185869,21000,22528.0,10/24/2021 0:00,13,1,N,2.0,Y,Y,1.0,18,0,70200.0,2afedc2b-4dfa-4632-b72f-b10e220f54e3,64c8593c-cd22-4f70-bf14-c80b95194865,Y,14.203,SMOTIR00075**C,N,3,2110240065,1,10,N,1,0,1,DAYTON,1,,Y,N,6.0,Y,0.0,,Y,,N,DAYTON,N,,0,,,,75,IR,,55.0,N,,,55,2,,,,,N,N,N,0,0,N,1.0,0,2,1,,42913.0,N,55.187,20,Y,1,2,1,1,M,N,N,N,0,3,35,1,0,65,1,9,35,0,0,0,0,1,6,NT,1,65,,,,,,,,,,,,,,,,,,,,,,,,,,,,,,,,,,0,4,,"october , unit number one traveling approximately 65mph left travel milepost apparently hydroplanned lost control vehicle went roadway left striking concrete median .",O,"[0.9999505281448364, 4.738880670629442e-05, 2.0099073481105734e-06]",O,"[0.9849197864532471, 0.013900930993258953, 0.001179272891022265]",O,"[0.9970703125, 0.0027141571044921875, 0.00014841556549072266]"
1541,1541,216204170,"unit #1 was eastbound on tylersville rd, when unit #1's vehicle hydroplaned and struck unit #2, who was traveling westbound on tylersville rd.",20216204170,2021,O,10/1/2021 0:00,8,CBUTCR00020**C,C,BUT,6.708,39.360506,-84.440759,83150,16885.0,10/24/2021 0:00,18,1,N,,N,N,4.0,10,0,,78efb134-c47a-41a1-b3f6-87cf19f413c9,923e02fd-382e-4d09-b9ec-8f9365ad450c,N,6.708,CBUTCR00020**C,N,1,2021001048,2,10,,3,0,2,WEST CHESTER TOWNSHIP,1,W,N,N,2.0,N,0.014,TR,Y,,N,WESTCHESTER,N,,0,,Tylersville,RD,,,,,N,,,Running Deer,1,,,,DR,N,Y,N,0,0,N,,0,2,2,,9815.0,N,6.708,87,Y,7,4,3,1,M,N,N,N,0,2,0,1,0,40,1,20,0,0,0,0,0,1,6,NT,1,35,16.0,1.0,3.0,4.0,1.0,M,,2.0,40.0,1.0,20.0,,,,,,1.0,6.0,NT,1.0,40.0,,,,,,,,,,,,,0,4,,"unit1 tylersville , unit1 's vehicle hydroplaned struck unit2 , traveling tylersville .",O,"[0.9998941421508789, 0.00010019042383646592, 5.587059149547713e-06]",O,"[0.9274853467941284, 0.07083569467067719, 0.0016789456130936742]",O,"[0.9970703125, 0.0026302337646484375, 0.0003731250762939453]"
1542,1542,216209681,at about 1931 hours on 10/30/2021 unit number one was traveling north east on valley street at an unknown speed in the left lane and when at the on ramp to state route 4 north bound apparently lost control and hydroplaned and went off the left side of the roadway and collided with a tree.,20216209681,2021,O,10/1/2021 0:00,7,SMOTRA57267**C,S,MOT,0.065,39.771146,-84.172917,21000,54091.0,10/30/2021 0:00,13,7,N,4.0,Y,Y,2.0,19,0,71900.0,,,N,0.065,SMOTRA57267**C,N,2,2110300055,4,10,,1,0,1,DAYTON,7,,N,N,,N,0.0,,Y,,N,DAYTON,N,,0,,,,4,SR,,,N,,,VALLEY,1,,,,ST,N,N,N,0,0,N,1.0,0,2,3,,,N,0.065,23,Y,22,5,3,1,M,N,N,N,0,1,48,1,0,0,13,43,9,48,0,0,0,1,6,LT,3,0,,,,,,,,,,,,,,,,,,,,,,,,,,,,,,,,,,0,4,,unit number one traveling valley unknown speed left ramp state apparently lost control hydroplaned went left side roadway collided tree .,C,"[0.20773117244243622, 0.7065761089324951, 0.08569274097681046]",C,"[0.14932844042778015, 0.7762945890426636, 0.07437696307897568]",O,"[0.98828125, 0.008819580078125, 0.0024890899658203125]"
1543,1543,216210799,"unit 1 was in the center lane traveling north bound ir-75. unit 1 attempted a lane change to the left. unit 1 hydroplaned, striking the center barrier wall, then over-turned.",20216210799,2021,O,10/1/2021 0:00,8,SHAMIR00075**N,S,HAM,13.644,39.248076,-84.446371,25802,16885.0,10/28/2021 0:00,13,5,N,2.0,Y,Y,1.0,15,0,41900.0,,,Y,13.828,SHAMIR00075**C,N,1,AA21-272,1,10,N,1,0,1,EVENDALE,1,,Y,N,6.0,Y,0.0,,N,,N,EVENDALE,N,,0,,,,75,IR,,13.7,N,,,13 7,2,,,,,N,N,N,0,0,N,1.0,0,2,1,,45357.0,N,13.644,29,Y,1,2,1,1,M,N,N,N,0,3,35,1,0,55,3,9,35,1,0,0,0,1,6,NT,4,45,,,,,,,,,,,,,,,,,,,,,,,,,,,,,,,,,,0,4,,"unit1 center traveling ir . unit1 attempted change left . unit1 hydroplaned , striking center barrier wall , overturned .",C,"[0.004485737532377243, 0.99000084400177, 0.005513453856110573]",C,"[0.011508635245263577, 0.9527415037155151, 0.0357498861849308]",C,"[0.0198822021484375, 0.97314453125, 0.007091522216796875]"
1544,1544,216211128,"unit 2 was turning onto ironwood dr. from s. elm st. going westbound. unit 1 was traveling eastbound on ironwood dr. approaching s. elm st. unit 1 failed to maintain control of his vehicle and crossed the center line in the rain. next, unit 1 struck unit 2 head on. unit 1 said his vehicle hydroplaned and lost control. unit 2 was transported to sycamore medical center as a precaution.",20216211128,2021,AB,10/1/2021 0:00,7,MMOTMR03253**C,M,MOT,1.502,39.661077,-84.250635,83111,22528.0,10/29/2021 0:00,5,6,N,,N,N,5.0,20,0,,db5d1aac-750e-47c5-afd5-d7450c68cc86,89c93d89-8f5a-4bb1-b343-b19c6f52133c,N,1.502,MMOTMR03253**C,N,4,21-031141,4,10,,1,1,2,WEST CARROLLTON,3,W,N,Y,4.0,N,0.004,MR,Y,,N,WEST CARROLLTON,N,,0,,Ironwood,RD,,,,,N,,S,Elm,1,,,,ST,N,N,N,0,0,N,,1,2,4,,114070.0,N,1.502,21,Y,7,4,3,1,M,N,N,N,0,2,0,1,0,25,13,20,0,0,0,0,0,1,6,NT,3,20,33.0,1.0,4.0,3.0,1.0,F,,2.0,25.0,1.0,20.0,,,,,,1.0,6.0,NT,3.0,5.0,,,,,,,,,,,,,0,4,,"unit2 turning onto ironwood . elm going . unit1 traveling ironwood . approaching elm unit1 failed maintain control vehicle crossed center line rain . next , unit1 struck unit2 head . unit1 said vehicle hydroplaned lost control . unit2 transported sycamore medical center precaution .",C,"[7.00182170021435e-08, 0.9999997615814209, 7.778773891686797e-08]",C,"[2.287028564751381e-06, 0.9998772144317627, 0.0001204911750392057]",C,"[1.8656253814697266e-05, 1.0, 1.4901161193847656e-06]"