,id,OBJECTID,Narrative,DOCUMENT_NBR,CRASH_YR,CRASH_SEVERITY_CD,CRASH_MONTH_YEAR,DISTRICT_NBR,NLFID,NLF_JUR_CD,NLF_COUNTY_CD,COUNTY_LOG_NBR,ODOT_LATITUDE_NBR,ODOT_LONGITUDE_NBR,ODOT_FIPS_CD,AREA_CODE,CRASH_DATE,CRASH_TYPE_CD,DAY_IN_WEEK_CD,DISTRACTED_DRIVER_IND,FACILITY_TYPE_CD,FHWA_RDWY_DEPARTURE_IND,FREEWAY_IND,FUNCTIONAL_CLASS_CD,HOUR_OF_CRASH,INCAPAC_INJURIES_NBR,INTERCHANGE_ID,INTERSECTION_ID_CURRENT,INTERSECTION_LEG_ID,INTERSTATE_IND,INV_LOG_NBR,INV_NLFID,IS_COMMERCIAL_RELATED,LIGHT_COND_PRIMARY_CD,LOCAL_REPORT_NUMBER_ID,MAINTENANCE_AUTHORITY_CD,MONTH_OF_CRASH,NHS_CD,NO_INJURY_REPORTED_NBR,NON_INCAPAC_INJURIES_NBR,NUMBER_OF_UNITS_NBR,ODOT_CITY_VILLAGE_TWP_NME,ODOT_CRASH_LOCATION_CD,ODOT_DIR_FROM_REF_CD,ODOT_DIV_UNDIV_IND,ODOT_INTERSECTION_REL_IND,ODOT_LANES_NBR,ODOT_MAINTAINED_HWY_IND,ODOT_MILES_FROM_REF_NBR,ODOT_REF_ROUTE_PREFIX_CD,ODOT_YOUNG_DRIVER_IND,ODPS_ADDRESS_REFERENCE,ODPS_ALCOHOL_IND,ODPS_CITY_VILLAGE_TWP_NME,ODPS_DRUG_IND,ODPS_LOC_DIR_SUFFIX_CD,ODPS_LOC_IN_WORK_ZONE_CD,ODPS_LOC_ROAD_DIRECTION_CD,ODPS_LOC_ROAD_NME,ODPS_LOC_ROAD_SUFFIX_CD,ODPS_LOC_ROUTE_ID,ODPS_LOC_ROUTE_PREFIX_CD,ODPS_LOC_ROUTE_SUFFIX_CD,ODPS_MILEPOST_REFERENCE,ODPS_MOTORCYCLE_IND,ODPS_REF_DIR_SUFFIX_CD,ODPS_REF_DIRECTION_CD,ODPS_REF_GIVEN,ODPS_REF_POINT_USED_CD,ODPS_REF_ROUTE_ID,ODPS_REF_ROUTE_PREFIX_CD,ODPS_REF_ROUTE_SUFFIX_CD,ODPS_REF_SUFFIX_CD,ODPS_SCHOOL_ZONE_IND,ODPS_SENIOR_DRIVER_IND,ODPS_SPEED_IND,ODPS_TOTAL_FATALITIES_NBR,ODPS_TYPE_OF_WORK_ZONE_CD,ODPS_WORK_ZONE_IND,OPER_ACCESS_CONTROL_CD,POSSIBLE_INJURIES_NBR,ROAD_COND_PRIMARY_CD,ROAD_CONTOUR_CD,SA_RAMP_ID,SA_SEGMENT_ID,SECONDARY_CRASH,STATE_TRUE_LOG_NBR,U1_AGE_NBR,U1_AT_FAULT_IND,U1_CONT_CIR_PRIMARY_CD,U1_DIRECTION_FROM_CD,U1_DIRECTION_TO_CD,U1_DISTRACTED_BY_1_CD,U1_GENDER_CD,U1_IS_ALCOHOL_SUSPECTED,U1_IS_MARIJUANA_SUSPECTED,U1_IS_OTHER_DRUG_SUSPECTED,U1_NON_MOTORIST_LOC_CD,U1_NUMBER_OF_THRU_LANES,U1_OBJECT_STRUCK,U1_ODPS_UNIT_NBR,U1_OPERATINGIN_AUTONOMOUS_MODE,U1_POSTED_SPEED_NBR,U1_PRECRASH_ACTION_CD,U1_SEQ_OF_EVENTS_1_CD,U1_SEQ_OF_EVENTS_2_CD,U1_SEQ_OF_EVENTS_3_CD,U1_SEQ_OF_EVENTS_4_CD,U1_SEQ_OF_EVENTS_5_CD,U1_SEQ_OF_EVENTS_6_CD,U1_SPECIAL_FUNCTION_CD,U1_TRAFFIC_CONTROL_CD,U1_TURN_CD,U1_TYPE_OF_UNIT_CD,U1_UNIT_SPEED_NBR,U2_AGE_NBR,U2_CONT_CIR_PRIMARY_CD,U2_DIRECTION_FROM_CD,U2_DIRECTION_TO_CD,U2_DISTRACTED_BY_1_CD,U2_GENDER_CD,U2_NON_MOTORIST_LOC_CD,U2_ODPS_UNIT_NBR,U2_POSTED_SPEED_NBR,U2_PRECRASH_ACTION_CD,U2_SEQ_OF_EVENTS_1_CD,U2_SEQ_OF_EVENTS_2_CD,U2_SEQ_OF_EVENTS_3_CD,U2_SEQ_OF_EVENTS_4_CD,U2_SEQ_OF_EVENTS_5_CD,U2_SEQ_OF_EVENTS_6_CD,U2_SPECIAL_FUNCTION_CD,U2_TRAFFIC_CONTROL_CD,U2_TURN_CD,U2_TYPE_OF_UNIT_CD,U2_UNIT_SPEED_NBR,U3_CONT_CIR_PRIMARY_CD,U3_ODPS_UNIT_NBR,U3_PRECRASH_ACTION_CD,U3_SEQ_OF_EVENTS_1_CD,U3_SEQ_OF_EVENTS_2_CD,U3_SEQ_OF_EVENTS_3_CD,U3_SEQ_OF_EVENTS_4_CD,U3_SEQ_OF_EVENTS_5_CD,U3_SEQ_OF_EVENTS_6_CD,U3_SPECIAL_FUNCTION_CD,U3_TRAFFIC_CONTROL_CD,U3_TYPE_OF_UNIT_CD,UNRESTRAIN_OCCUPANTS,WEATHER_COND_CD,V1,clean_Narrative,BERT_predictions,BERT_prediction_probabilities,RoBERTa_predictions,RoBERTa_predictions_probabilities,distilBERT_predictions,distilBERT_predictions_probabilities
1545,1545,216214517,unit 1 was traveling southwest on sr-49 just south of cr-n.30. unit 1 was negotating the curve when they hydroplaned losing control of the vehicle. unit 1 traveled off of the east side striking the mile marker 14 sign and then an embankment before coming to final rest. odot is the owner of the mile marker 14 sign. the driver of unit 1 was suspected of using alcohol but passed field sobriety. a pbt sample was provided which yeilded a result of .059.,20216214517,2021,O,10/1/2021 0:00,2,SWILSR00049**C,S,WIL,14.458,41.623475,-84.766079,57162,99999.0,10/16/2021 0:00,13,7,N,2.0,Y,N,5.0,1,0,,,,N,14.458,SWILSR00049**C,N,4,21-03956,1,10,,2,0,1,NORTHWEST TOWNSHIP,1,S,N,N,2.0,Y,0.2,CR,Y,,Y,FLORENCE TOWNSHIP,N,,0,,,,49,SR,,,N,,,,1,N30,CR,,,N,N,N,0,0,N,3.0,0,2,3,,151308.0,N,146.972,24,Y,1,5,8,1,F,Y,N,N,0,2,44,1,0,55,13,11,9,37,44,0,0,1,6,NT,1,55,,,,,,,,,,,,,,,,,,,,,,,,,,,,,,,,,,0,4,,unit1 traveling sr crn .. unit1 negotating curve hydroplaned losing control vehicle . unit1 traveled side striking mile marker sign embankment coming final rest . odot owner mile marker sign . driver unit1 suspected using alcohol passed field sobriety . pbt sample provided yeilded result ..,C,"[0.0019427648512646556, 0.9947492480278015, 0.003307951847091317]",O,"[0.9919402003288269, 0.008038355968892574, 2.1451922293636017e-05]",O,"[1.0, 2.5272369384765625e-05, 4.887580871582031e-06]"
1546,1546,216222027,"at about 1544 hours on november 11, 2021 unit number one was traveling westbound on us 35 at an unknown rate of speed and when at steve whalen blvd apparently hydroplanned and went off the roadway right and collided with a constuction barrell before striking a guard rail bringing the vehicle to a stop.",20216222027,2021,O,11/1/2021 0:00,7,SMOTUS00035**N,S,MOT,18.06,39.75441,-84.155823,21000,22528.0,11/11/2021 0:00,13,5,N,2.0,Y,Y,2.0,15,0,71400.0,,,N,18.088,SMOTUS00035**C,N,1,2111110058,4,11,N,1,0,1,DAYTON,1,,Y,N,6.0,N,0.0,RA,N,,N,DAYTON,N,,0,,US ROUTE 35 W,,35,US,,,N,,,STEVE WHALEN,1,,,,BLVD,N,N,N,0,0,N,1.0,0,2,1,,271612.0,N,37.983,30,Y,99,3,4,1,M,N,N,N,0,3,30,1,0,55,1,8,50,30,0,0,0,1,6,NT,3,0,,,,,,,,,,,,,,,,,,,,,,,,,,,,,,,,,,0,4,,"november , unit number one traveling us unknown rate speed steve whalen apparently hydroplanned went roadway collided constuction barrell striking guard rail bringing vehicle stop .",O,"[0.9999977350234985, 2.1727792045567185e-06, 1.1152081924592494e-07]",O,"[0.7631140351295471, 0.23531785607337952, 0.0015681842342019081]",O,"[0.96875, 0.0282440185546875, 0.0029201507568359375]"
1547,1547,216229260,"unit #1 stated that she was s/b on ir-75 at the 14.3 mm and attempted to change lanes. at the time of the crash, it was raining with water pooling on the roadway. unit #1 stated that she hydroplaned and lost control of her vehicle causing her vehicle to spin counter clockwise. unit #2 was s/b and struck unit #1 in the left side with the front of their vehicle as the spun across the lanes. unit #1 continued off the left side, striking the concrete median barrier. unit #2 spun to the right after striking unit #1 and was struck by unit #3 in the right side with the front of their vehicle. both unit #2 and unit #3 went off the right side of the road and struck the guardrail. all vehicles required being towed.",20216229260,2021,AB,11/1/2021 0:00,8,SHAMIR00075**C,S,HAM,14.396,39.255841,-84.442627,25802,16885.0,11/21/2021 0:00,5,1,N,2.0,N,Y,1.0,8,0,41900.0,,,Y,14.396,SHAMIR00075**C,N,1,AA21-305,1,11,N,2,1,3,EVENDALE,1,,Y,N,6.0,Y,0.0,,N,,N,EVENDALE,N,,0,,,,75,IR,,14.3,N,,,14 3,2,,,,,N,Y,N,0,0,N,1.0,0,2,1,,81205.0,N,14.396,58,Y,99,1,2,1,F,N,N,N,0,3,35,1,0,55,3,20,9,35,0,0,0,1,6,NT,1,50,74.0,1.0,1.0,2.0,1.0,F,,2.0,55.0,1.0,20.0,20.0,8.0,30.0,,,1.0,6.0,NT,1.0,55.0,1.0,3.0,1.0,20.0,8.0,30.0,,,,1.0,6.0,3.0,0,4,,"unit1 stated ir . mm attempted change lanes . time crash , raining water pooling roadway . unit1 stated hydroplaned lost control vehicle causing vehicle spin counter clockwise . unit2 struck unit1 left side front vehicle spun across lanes . unit1 continued left side , striking concrete median barrier . unit2 spun striking unit1 struck unit3 side front vehicle . unit2 unit3 went side struck guardrail . vehicles required towed .",C,"[0.00960496999323368, 0.8182015419006348, 0.17219343781471252]",C,"[0.3625143766403198, 0.6374576687812805, 2.7976606361335143e-05]",C,"[0.01383209228515625, 0.984375, 0.00201416015625]"
1548,1548,216229268,unit 1 was traveling in the center lane southbound ir-75. unit 2 was in the right merge lane to south bound ir-75. unit 1 hydroplaned and traveled into the right lane striking unit 2.,20216229268,2021,O,11/1/2021 0:00,8,SHAMIR00075**N,S,HAM,13.632,39.247907,-84.446449,25802,16885.0,11/21/2021 0:00,5,1,N,2.0,N,Y,1.0,10,0,41900.0,,,Y,13.816,SHAMIR00075**C,N,1,AA21-306,1,11,N,2,0,2,EVENDALE,1,,Y,N,6.0,Y,0.0,,N,,N,EVENDALE,N,,0,,,,75,IR,,13.5,N,,,13 5,2,,,,,N,N,N,0,0,N,1.0,0,2,1,,45357.0,N,13.632,52,Y,99,1,2,1,M,N,N,N,0,4,0,1,0,55,1,20,0,0,0,0,0,1,6,NT,1,55,63.0,1.0,1.0,2.0,1.0,M,,2.0,55.0,1.0,20.0,,,,,,1.0,6.0,NT,1.0,45.0,,,,,,,,,,,,,0,4,,unit1 traveling center ir . unit2 merge ir . unit1 hydroplaned traveled striking unit2 .,O,"[0.999998927116394, 9.64362925515161e-07, 1.0167063635435625e-07]",O,"[0.6869224905967712, 0.3095136880874634, 0.003563845995813608]",O,"[1.0, 9.5367431640625e-07, 1.1920928955078125e-07]"
1549,1549,216232285,unit #2 was traveling southbound on st. charles ave. unit #2 had a green light at the intersection of st. charles ave. and detroit ave. unit#2 proceeded into the intersection. unit #1 was traveling eastbound on detroit ave. and failed to stop for the red light at the intersection of st. charles ave. and detroit ave. unit #1 was not able to stop due to hydroplaning from water on the roadway. unit #1's front end struck unit #2's passenger side causing functional damage. unit #1 had disabling damage to the front end. the side airbags deployed on unit #2. the front air bags deployed on unit #1. the driver of unit #1 was transported to the hospital by ems for possible injuries. the passenger of unit #2 was transported by ems to the hospital for possible injuries. photos were taken of the scene. unit #1 was cited for failure to control. the mars ave./detroit ave. city camera captured the event. it showed a red light for eastbound/westbound traffic at st. charles ave. and detroit ave. at the time of the accident,20216232285,2021,C,11/1/2021 0:00,12,SCUYUS00006*AC,S,CUY,2.381,41.485198,-81.798311,41664,17668.0,11/25/2021 0:00,6,5,N,2.0,N,N,4.0,20,0,,9940d3f7-ecac-4e8f-a690-c334ab9c834e,c84c33cf-1c61-412a-b46a-de83f5c13bb4,N,2.381,SCUYUS00006*AC,N,3,21-003709,4,11,,1,0,2,LAKEWOOD,2,,N,Y,4.0,N,0.0,MR,N,,N,LAKEWOOD,N,,0,,,,6,US,,,N,,,ST CHARLES,1,,,,AVE,N,N,Y,0,0,N,3.0,2,2,1,,284624.0,N,2.381,52,Y,3,4,3,9,F,N,N,N,0,2,0,1,0,25,1,20,0,0,0,0,0,1,2,NT,1,35,52.0,1.0,1.0,2.0,1.0,M,,2.0,25.0,1.0,20.0,,,,,,1.0,2.0,NT,1.0,10.0,,,,,,,,,,,,,0,4,,unit2 traveling charles . unit2 green light intersection charles . detroit . unit2 proceeded intersection . unit1 traveling detroit . failed stop red light intersection charles . detroit . unit1 able stop due hydroplaning water roadway . unit1 's front end struck unit2 's passenger side causing functional damage . unit1 disabling damage front end . side airbags deployed unit2 . front air bags deployed unit1 . driver unit1 transported hospital ems possible injuries . passenger unit2 transported ems hospital possible injuries . photos taken scene . unit1 cited failure control . mars . detroit . city camera captured event . showed red light traffic charles . detroit . time accident,C,"[5.7185193327313755e-06, 0.9999203681945801, 7.389434904325753e-05]",C,"[1.59715114023129e-07, 0.9999985694885254, 1.2606900554601452e-06]",C,"[1.1920928955078125e-07, 1.0, 2.980232238769531e-07]"
1550,1550,216238217,"unit one was traveling in the center lane on 90 westbound near the 192.6 mile marker. while in transit, the driver of unit one hydroplaned causing him to lose control of his vehicle. unit one hyrdoplaned across the lanes of travel and struck the concrete barrier head on. unit one came to final rest on the right shoulder facing eastbound in the westbound lanes.",20216238217,2021,O,11/1/2021 0:00,12,SLAKIR00090**N,S,LAK,6.46,41.631259,-81.393604,85484,17668.0,11/28/2021 0:00,13,1,N,2.0,N,Y,1.0,14,0,,,,Y,6.466,SLAKIR00090**C,N,2,21000779,1,11,N,1,0,1,WILLOUGHBY,1,W,Y,N,6.0,Y,0.014,,N,,N,WAITE HILL,N,,0,,,,90,IR,,192.6,N,,,192 6,2,,,,,N,N,N,0,0,N,1.0,0,7,1,,34772.0,N,192.512,52,Y,11,3,4,1,M,N,N,N,0,3,29,1,2,65,1,13,29,0,0,0,0,1,6,NT,1,65,,,,,,,,,,,,,,,,,,,,,,,,,,,,,,,,,,0,6,,"unit1 traveling center near . mile marker . transit , driver unit1 hydroplaned causing lose control vehicle . unit1 hyrdoplaned across lanes travel struck concrete barrier head . unit1 came final rest shoulder facing lanes .",AB,"[0.006984604988247156, 0.08082615584135056, 0.912189245223999]",C,"[0.019859829917550087, 0.9797342419624329, 0.0004059456114191562]",C,"[0.35791015625, 0.615234375, 0.026580810546875]"
1551,1551,216240548,unit 1 was traveling on the on ramp to westbound state route 129 from liberty way. unit 1 started to hydroplane and the rear of her vehicle went over the fog line striking the guard rail. unit 1 proceeded to bounce off the guard rail and went over 2 lanes of traveling striking the concrete barrier with the front of her vehicle.,20216240548,2021,C,12/1/2021 0:00,8,SBUTSR00129**C,S,BUT,25.631,39.37258,-84.362716,43050,16885.0,12/5/2021 0:00,13,1,N,2.0,Y,Y,2.0,20,0,7850.0,,,N,25.631,SBUTSR00129**C,N,3,2021120075,1,12,N,0,0,1,LIBERTY TOWNSHIP,1,S,Y,N,3.0,Y,0.114,,Y,,N,LIBERTY TOWNSHIP,N,,0,,,,129,SR,,,N,,,LIBERTY,1,,,,WAY,N,N,N,0,0,N,1.0,1,2,4,,190744.0,N,25.631,17,Y,99,2,4,1,F,N,N,N,0,2,35,1,2,65,13,8,30,9,35,0,0,1,6,LT,1,50,,,,,,,,,,,,,,,,,,,,,,,,,,,,,,,,,,0,4,,unit1 traveling ramp state liberty . unit1 started hydroplane rear vehicle went fog line striking guard rail . unit1 proceeded bounce guard rail went lanes traveling striking concrete barrier front vehicle .,C,"[0.032066769897937775, 0.9528360962867737, 0.01509718969464302]",O,"[0.7899052500724792, 0.20919272303581238, 0.0009019748540595174]",C,"[0.1732177734375, 0.82177734375, 0.00481414794921875]"
1552,1552,216241256,on 12/06/2021 at approximately 0548 hours unit one was traveling north on needmore road at an unknown rate of speed and when at rivers edge boulevard apparently hydroplaned causing her to lose control of her vehicle and went off the right side of the road and collided with the tree line.,20216241256,2021,AB,12/1/2021 0:00,7,MMOTMR06042**C,M,MOT,0.077,39.822103,-84.218665,21000,22528.0,12/6/2021 0:00,17,2,N,,Y,N,7.0,5,0,,59a87a58-080f-4ad9-871a-1dd8c358d866,b9c1211f-4d3f-4cf6-a62d-2335b34224da,N,0.077,MMOTMR06042**C,N,4,2112060017,4,12,,0,1,1,DAYTON,1,N,N,N,2.0,N,0.019,MR,Y,,N,DAYTON,N,,0,,NEEDMORE,RD,,,,,N,,,RIVERS EDGE,1,,,,BLVD,N,N,N,0,0,N,,0,2,1,,90984.0,N,0.077,24,Y,11,2,1,1,F,N,N,N,0,2,0,1,0,35,13,8,0,0,0,0,0,1,6,NT,1,0,,,,,,,,,,,,,,,,,,,,,,,,,,,,,,,,,,0,4,,approximately unit1 traveling needmore unknown rate speed rivers edge apparently hydroplaned causing lose control vehicle went side collided tree line .,O,"[0.9999604225158691, 3.689490768010728e-05, 2.5735521376191173e-06]",C,"[0.2585635781288147, 0.7384946942329407, 0.002941743703559041]",O,"[1.0, 1.0967254638671875e-05, 1.4901161193847656e-06]"
1553,1553,216243772,vehicle traveling westbound on us 52 lost control hydroplane and drove into ditch on eastbound side of roadway.,20216243772,2021,O,12/1/2021 0:00,8,SCLEUS00052**C,S,CLE,17.836,38.803618,-84.187149,81130,99999.0,12/6/2021 0:00,17,2,N,2.0,Y,N,3.0,6,0,,,,N,17.836,SCLEUS00052**C,N,4,210042603,1,12,N,1,0,1,WASHINGTON TOWNSHIP,1,,N,N,2.0,Y,0.0,,Y,,N,WASHINGTON TOWNSHIP,N,,0,,,,52,US,,,N,,,RED OAK,1,,,,LN,N,N,N,0,0,N,3.0,0,2,3,,346426.0,N,57.902,24,Y,11,3,4,1,F,N,N,N,0,2,0,1,0,55,1,9,0,0,0,0,0,1,6,NT,1,50,,,,,,,,,,,,,,,,,,,,,,,,,,,,,,,,,,0,4,,vehicle traveling us lost control hydroplane drove ditch side roadway .,O,"[0.9981860518455505, 0.001666307682171464, 0.00014765124069526792]",O,"[0.9999608993530273, 3.778276004595682e-05, 1.3361760693442193e-06]",O,"[0.9931640625, 0.0068511962890625, 0.00027179718017578125]"
1554,1554,216245256,unit one was traveling northbound on i-75 near mile post 91. unit one hydroplaned on the wet roadway and spun out striking the guardrail on the east side of the roadway. unit one came to rest on the east side of the roadway facing south.,20216245256,2021,O,12/1/2021 0:00,7,SSHEIR00075**C,S,SHE,5.715,40.274114,-84.183201,72424,99769.0,12/11/2021 0:00,13,7,N,2.0,N,Y,1.0,1,0,,,,Y,5.715,SSHEIR00075**C,N,3,2133947,1,12,N,1,0,1,SIDNEY,1,,Y,N,4.0,Y,0.0,,Y,,N,SIDNEY,N,,0,,,,75,IR,,91.0,N,,,91,2,,,,,N,N,N,0,0,N,1.0,0,2,1,,81229.0,N,91.003,18,Y,1,2,1,1,M,N,N,N,0,2,34,1,0,70,1,13,34,0,0,0,0,1,6,NT,1,70,,,,,,,,,,,,,,,,,,,,,,,,,,,,,,,,,,0,4,,unit1 traveling near mile post . unit1 hydroplaned wet roadway spun striking guardrail side roadway . unit1 came rest side roadway facing .,O,"[0.9999995231628418, 4.1775362547014083e-07, 4.394549435460249e-08]",O,"[0.9824367761611938, 0.017398377880454063, 0.00016492178838234395]",O,"[1.0, 1.4483928680419922e-05, 1.1920928955078125e-06]"
1555,1555,216245321,unit 1 was eastbound on cr s approaching cr 10. unit 1 lost control on the wet roadway and began to hydroplane. unit 1 drove off the north side of cr s and struck a utility pole.,20216245321,2021,AB,12/1/2021 0:00,2,CHENCR0000S**C,C,HEN,8.027,41.428332,-84.057117,43176,99999.0,12/5/2021 0:00,13,1,N,,Y,N,7.0,17,0,,a8251338-6681-423e-99d3-1e4dd3726d77,dc596d21-2bff-4362-b0a4-caac6e64f5c9,N,8.027,CHENCR0000S**C,N,4,21-03081,2,12,,0,1,1,LIBERTY TOWNSHIP,2,,N,Y,2.0,N,0.0,TR,Y,,N,LIBERTY TOWNSHIP,N,,0,,,,S,CR,,,N,,,,1,10,CR,,,N,N,N,0,0,N,,0,2,1,,3114.0,N,8.027,19,Y,11,4,3,1,M,N,N,N,0,2,40,1,0,55,1,9,40,0,0,0,0,1,6,NT,1,55,,,,,,,,,,,,,,,,,,,,,,,,,,,,,,,,,,0,4,,unit1 cr approaching cr . unit1 lost control wet roadway began hydroplane . unit1 drove side cr struck utility pole .,O,"[0.9818263053894043, 0.01605970598757267, 0.0021140093449503183]",O,"[0.7871844172477722, 0.1995282769203186, 0.01328734215348959]",O,"[0.8984375, 0.09246826171875, 0.00901031494140625]"
1556,1556,216245343,"mr. lynch advised that he was traveling west on cedar hill road when he hydroplaned and left the roadway, the vehicle traveled into the yard, hit the stair railing and came to rest on the sidewalk, with the car on its top. mr. lynch admitted he was driving too fast for the rain.",20216245343,2021,AB,12/1/2021 0:00,5,SFAISR00188**C,S,FAI,12.337,39.714332,-82.6212,41720,99741.0,12/11/2021 0:00,14,7,N,2.0,Y,N,4.0,3,0,,c231f336-dba1-462d-865d-5054969e2888,079a8629-3ff4-4289-a39c-5a86c31f47cd,N,12.337,SFAISR00188**C,N,3,21-07595,4,12,,0,1,1,LANCASTER,1,W,N,N,2.0,N,0.135,MR,Y,,N,LANCASTER,N,,0,,,,188,SR,,,N,,N,PIERCE,1,,,,AVE,N,N,Y,0,0,N,3.0,0,2,4,,189949.0,N,20.367,21,Y,5,3,4,1,M,N,N,N,0,2,0,1,0,35,13,8,24,1,0,0,0,1,6,NT,1,40,,,,,,,,,,,,,,,,,,,,,,,,,,,,,,,,,,0,4,,"mr. lynch advised traveling cedar hill hydroplaned left roadway , vehicle traveled yard , hit stair railing came rest sidewalk , car top . mr. lynch admitted driving fast rain .",O,"[0.9984821677207947, 0.0014263971243053675, 9.143452916759998e-05]",C,"[0.04932006075978279, 0.9500643014907837, 0.0006156119052320719]",O,"[0.9970703125, 0.00235748291015625, 0.00015306472778320312]"
1557,1557,216245650,"unit #3 was stopped in traffic in the left thru lane of southbound s main street north of sheehan road. unit #2 was traveling directly behind unit #3 and was slowing down to stop. unit # 1 was traveling directly behind unit #2 and failed to stop within an assured clear distance. thus, the front of unit #1 struck the rear of unit #2. this impact pushed the front of unit #2 into the rear of unit #3. the driver of unit #1 stated that he started to hydroplane on the wet roadway when he tried to stop and was unable to stop in time.",20216245650,2021,AB,12/1/2021 0:00,7,SMOTSR00048**N,S,MOT,1.784,39.607224,-84.160848,13190,22528.0,12/10/2021 0:00,2,6,N,2.0,N,N,3.0,17,0,,5371db48-d14f-4a42-8842-ead0f3ab58a1,e2eaebac-8257-49fb-8646-6bb428e1d966,N,1.783,SMOTSR00048**C,N,3,21-35244,4,12,N,2,1,3,CENTERVILLE,1,N,Y,N,4.0,N,0.1,TR,Y,,N,CENTERVILLE,N,,0,S,MAIN,ST,,,,,N,,,SHEEHAN,1,,,,RD,N,N,N,0,0,N,3.0,0,2,1,,185956.0,N,34.119,19,Y,8,1,2,1,M,N,N,N,0,4,0,1,0,35,1,20,0,0,0,0,0,1,6,NT,1,35,53.0,1.0,1.0,2.0,1.0,F,,2.0,35.0,11.0,20.0,20.0,,,,,1.0,6.0,NT,1.0,10.0,1.0,3.0,11.0,20.0,,,,,,1.0,6.0,1.0,0,4,,"unit3 stopped traffic left thru main sheehan . unit2 traveling directly behind unit3 slowing stop . unit1 traveling directly behind unit2 failed stop within assured clear distance . thus , front unit1 struck rear unit2 . impact pushed front unit2 rear unit3 . driver unit1 stated started hydroplane wet roadway tried stop unable stop time .",C,"[0.00036676693707704544, 0.9992362260818481, 0.00039696579915471375]",O,"[0.717728853225708, 0.2816278040409088, 0.0006433299276977777]",O,"[0.95361328125, 0.04656982421875, 0.0003173351287841797]"
1558,1558,216248578,"at about 0948 on 12/11/2021, unit #1 was traveling northbound on i-75 at approximately 60 mph and when at milepost 48/8, allegedly hydroplaned over high water on the road surface and drove off the righ side of the roadway. unit #1 then entered the ditch and contacted a metal fence. unit #1 then came to rest on the metal fence and had to be removed by sandy's towing.",20216248578,2021,O,12/1/2021 0:00,7,SMOTIR00075**C,S,MOT,7.868,39.698342,-84.229325,52010,22528.0,12/11/2021 0:00,13,7,N,2.0,Y,Y,1.0,9,0,,,,Y,7.868,SMOTIR00075**C,N,1,21-4387,1,12,N,2,0,1,MORAINE,1,E,Y,N,6.0,Y,0.006,,N,,N,MORAINE,N,,0,,,,75,IR,,48.8,N,,,48 8,2,,,,,N,N,N,0,0,N,1.0,0,2,1,,39549.0,N,48.838,49,Y,11,2,1,1,F,N,N,N,0,3,46,1,0,70,1,8,44,46,0,0,0,1,6,NT,4,60,,,,,,,,,,,,,,,,,,,,,,,,,,,,,,,,,,0,4,,", unit1 traveling approximately mph milepost , allegedly hydroplaned high water surface drove righ side roadway . unit1 entered ditch contacted metal fence . unit1 came rest metal fence removed sandy 's towing .",O,"[0.9999996423721313, 3.2336777167074615e-07, 3.490773181624718e-08]",O,"[0.9988963603973389, 0.0010976913617923856, 5.915277142776176e-06]",O,"[1.0, 0.0, 0.0]"
1559,1559,216258681,unit 1 was north bound on cleveland ave n. unit 1 hydroplaned and went off the left side of the roadway stopping in the driveway of 8585 cleveland ave n.,20216258681,2021,O,12/1/2021 0:00,4,CSTACR00066**C,C,STA,10.038,40.91031,-81.405529,41314,13375.0,12/28/2021 0:00,13,3,N,,Y,N,3.0,20,0,,1db0d7ed-0e21-4331-a503-ef1ab6fe55a7,08f70649-5bce-4776-b3b7-3daadeb86d2f,N,10.038,CSTACR00066**C,N,3,21-58859,2,12,,1,0,1,LAKE TOWNSHIP,1,N,N,N,3.0,N,0.2,TR,Y,,N,LAKE TOWNSHIP,N,N,0,,CLEVELAND,AVE,,,,,N,,,MOUNT PLEASANT,1,,,,ST,N,N,Y,0,0,N,,0,2,1,,12257.0,N,10.038,20,Y,5,2,1,1,M,N,N,N,0,4,43,1,2,45,1,9,43,0,0,0,0,1,6,NT,1,45,,,,,,,,,,,,,,,,,,,,,,,,,,,,,,,,,,0,4,,unit1 cleveland unit1 hydroplaned went left side roadway stopping driveway cleveland,O,"[0.9987421631813049, 0.001203308580443263, 5.447613511933014e-05]",O,"[0.9844937324523926, 0.014416901394724846, 0.0010893179569393396]",O,"[1.0, 1.531839370727539e-05, 1.0132789611816406e-06]"