,id,OBJECTID,Narrative,DOCUMENT_NBR,CRASH_YR,CRASH_SEVERITY_CD,CRASH_MONTH_YEAR,DISTRICT_NBR,NLFID,NLF_JUR_CD,NLF_COUNTY_CD,COUNTY_LOG_NBR,ODOT_LATITUDE_NBR,ODOT_LONGITUDE_NBR,ODOT_FIPS_CD,AREA_CODE,CRASH_DATE,CRASH_TYPE_CD,DAY_IN_WEEK_CD,DISTRACTED_DRIVER_IND,FACILITY_TYPE_CD,FHWA_RDWY_DEPARTURE_IND,FREEWAY_IND,FUNCTIONAL_CLASS_CD,HOUR_OF_CRASH,INCAPAC_INJURIES_NBR,INTERCHANGE_ID,INTERSECTION_ID_CURRENT,INTERSECTION_LEG_ID,INTERSTATE_IND,INV_LOG_NBR,INV_NLFID,IS_COMMERCIAL_RELATED,LIGHT_COND_PRIMARY_CD,LOCAL_REPORT_NUMBER_ID,MAINTENANCE_AUTHORITY_CD,MONTH_OF_CRASH,NHS_CD,NO_INJURY_REPORTED_NBR,NON_INCAPAC_INJURIES_NBR,NUMBER_OF_UNITS_NBR,ODOT_CITY_VILLAGE_TWP_NME,ODOT_CRASH_LOCATION_CD,ODOT_DIR_FROM_REF_CD,ODOT_DIV_UNDIV_IND,ODOT_INTERSECTION_REL_IND,ODOT_LANES_NBR,ODOT_MAINTAINED_HWY_IND,ODOT_MILES_FROM_REF_NBR,ODOT_REF_ROUTE_PREFIX_CD,ODOT_YOUNG_DRIVER_IND,ODPS_ADDRESS_REFERENCE,ODPS_ALCOHOL_IND,ODPS_CITY_VILLAGE_TWP_NME,ODPS_DRUG_IND,ODPS_LOC_DIR_SUFFIX_CD,ODPS_LOC_IN_WORK_ZONE_CD,ODPS_LOC_ROAD_DIRECTION_CD,ODPS_LOC_ROAD_NME,ODPS_LOC_ROAD_SUFFIX_CD,ODPS_LOC_ROUTE_ID,ODPS_LOC_ROUTE_PREFIX_CD,ODPS_LOC_ROUTE_SUFFIX_CD,ODPS_MILEPOST_REFERENCE,ODPS_MOTORCYCLE_IND,ODPS_REF_DIR_SUFFIX_CD,ODPS_REF_DIRECTION_CD,ODPS_REF_GIVEN,ODPS_REF_POINT_USED_CD,ODPS_REF_ROUTE_ID,ODPS_REF_ROUTE_PREFIX_CD,ODPS_REF_ROUTE_SUFFIX_CD,ODPS_REF_SUFFIX_CD,ODPS_SCHOOL_ZONE_IND,ODPS_SENIOR_DRIVER_IND,ODPS_SPEED_IND,ODPS_TOTAL_FATALITIES_NBR,ODPS_TYPE_OF_WORK_ZONE_CD,ODPS_WORK_ZONE_IND,OPER_ACCESS_CONTROL_CD,POSSIBLE_INJURIES_NBR,ROAD_COND_PRIMARY_CD,ROAD_CONTOUR_CD,SA_RAMP_ID,SA_SEGMENT_ID,SECONDARY_CRASH,STATE_TRUE_LOG_NBR,U1_AGE_NBR,U1_AT_FAULT_IND,U1_CONT_CIR_PRIMARY_CD,U1_DIRECTION_FROM_CD,U1_DIRECTION_TO_CD,U1_DISTRACTED_BY_1_CD,U1_GENDER_CD,U1_IS_ALCOHOL_SUSPECTED,U1_IS_MARIJUANA_SUSPECTED,U1_IS_OTHER_DRUG_SUSPECTED,U1_NON_MOTORIST_LOC_CD,U1_NUMBER_OF_THRU_LANES,U1_OBJECT_STRUCK,U1_ODPS_UNIT_NBR,U1_OPERATINGIN_AUTONOMOUS_MODE,U1_POSTED_SPEED_NBR,U1_PRECRASH_ACTION_CD,U1_SEQ_OF_EVENTS_1_CD,U1_SEQ_OF_EVENTS_2_CD,U1_SEQ_OF_EVENTS_3_CD,U1_SEQ_OF_EVENTS_4_CD,U1_SEQ_OF_EVENTS_5_CD,U1_SEQ_OF_EVENTS_6_CD,U1_SPECIAL_FUNCTION_CD,U1_TRAFFIC_CONTROL_CD,U1_TURN_CD,U1_TYPE_OF_UNIT_CD,U1_UNIT_SPEED_NBR,U2_AGE_NBR,U2_CONT_CIR_PRIMARY_CD,U2_DIRECTION_FROM_CD,U2_DIRECTION_TO_CD,U2_DISTRACTED_BY_1_CD,U2_GENDER_CD,U2_NON_MOTORIST_LOC_CD,U2_ODPS_UNIT_NBR,U2_POSTED_SPEED_NBR,U2_PRECRASH_ACTION_CD,U2_SEQ_OF_EVENTS_1_CD,U2_SEQ_OF_EVENTS_2_CD,U2_SEQ_OF_EVENTS_3_CD,U2_SEQ_OF_EVENTS_4_CD,U2_SEQ_OF_EVENTS_5_CD,U2_SEQ_OF_EVENTS_6_CD,U2_SPECIAL_FUNCTION_CD,U2_TRAFFIC_CONTROL_CD,U2_TURN_CD,U2_TYPE_OF_UNIT_CD,U2_UNIT_SPEED_NBR,U3_CONT_CIR_PRIMARY_CD,U3_ODPS_UNIT_NBR,U3_PRECRASH_ACTION_CD,U3_SEQ_OF_EVENTS_1_CD,U3_SEQ_OF_EVENTS_2_CD,U3_SEQ_OF_EVENTS_3_CD,U3_SEQ_OF_EVENTS_4_CD,U3_SEQ_OF_EVENTS_5_CD,U3_SEQ_OF_EVENTS_6_CD,U3_SPECIAL_FUNCTION_CD,U3_TRAFFIC_CONTROL_CD,U3_TYPE_OF_UNIT_CD,UNRESTRAIN_OCCUPANTS,WEATHER_COND_CD,V1,clean_Narrative,BERT_predictions,BERT_prediction_probabilities,RoBERTa_predictions,RoBERTa_predictions_probabilities,distilBERT_predictions,distilBERT_predictions_probabilities
1560,1560,176001003,"unit #1 was traveling northbound on us 23, hydro planed into the median and over turned.",20176001003,2017,AB,1/1/2017 0:00,9,SPIKUS00023**C,S,PIK,7.2,39.058329,-83.018749,62708,99801.0,1/3/2017 0:00,16,3,N,2.0,Y,N,3.0,17,0,,,,N,7.2,SPIKUS00023**C,N,3,71-0012-66,4,1,H,0,2,1,PIKETON,1,N,Y,N,4.0,N,0.2,,N,,N,SEAL TOWNSHIP,N,,0,,,,23,US,,7.0,N,,,,2,,,,,N,N,Y,0,0,N,2.0,0,2,1,,345909.0,N,23.88,32,Y,9,2,1,1,M,N,N,N,0,2,0,1,2,60,1,9,10,1,0,0,0,1,6,NT,1,65,,,,,,,,,,,,,,,,,,,,,,,,,,,,,,,,,,0,4,,"unit1 traveling us , hydro planed median turned .",O,"[0.9998076558113098, 0.00018571154214441776, 6.643606411671499e-06]",O,"[0.9999995231628418, 4.76620300560171e-07, 9.314407023452986e-09]",O,"[1.0, 3.5762786865234375e-07, 5.960464477539063e-08]"
1561,1561,176005316,unit #1 was traveling north on ir 71. unit #1 was traveling too fast for the road conditions and hydro planed off the left side of the roadway. unit #1 struck a guardrail before coming to rest.,20176005316,2017,O,1/1/2017 0:00,3,SMEDIR00071**C,S,MED,12.165,41.077483,-81.839751,51856,99999.0,1/12/2017 0:00,13,5,N,2.0,Y,Y,1.0,12,0,,,,Y,12.165,SMEDIR00071**C,N,1,52-0074-52,1,1,N,1,0,1,MONTVILLE TOWNSHIP,1,N,Y,N,6.0,Y,0.1,,Y,,N,MONTVILLE TOWNSHIP,N,,0,,,,71,IR,,214.0,N,,,,2,,,,,N,N,Y,0,0,N,1.0,0,2,1,,45321.0,N,214.169,20,Y,5,2,1,1,F,N,N,N,0,2,30,1,2,70,1,9,30,0,0,0,0,1,6,NT,1,65,,,,,,,,,,,,,,,,,,,,,,,,,,,,,,,,,,0,4,,unit1 traveling . unit1 traveling fast conditions hydro planed left side roadway . unit1 struck guardrail coming rest .,O,"[0.999600350856781, 0.00038062332896515727, 1.903746488096658e-05]",O,"[0.996682345867157, 0.0032531770411878824, 6.446083716582507e-05]",O,"[1.0, 8.481740951538086e-05, 3.4570693969726562e-06]"
1562,1562,176005960,unit 1 was driving southwest on ir 71. unit 1 began to hydro plane and went off the left side of the road. unit 1 drove over a storm grate and struck the median cable wire.,20176005960,2017,O,1/1/2017 0:00,6,SMRWIR00071**N,S,MRW,12.672,40.494913,-82.72143,28378,99999.0,1/12/2017 0:00,13,5,N,2.0,Y,Y,1.0,8,0,72500.0,,,Y,12.65,SMRWIR00071**C,N,1,59-0064-59,1,1,N,1,0,1,FRANKLIN TOWNSHIP,1,S,Y,N,6.0,Y,0.2,,Y,,N,FRANKLIN TOWNSHIP,N,,0,,,,71,IR,,151.0,N,,,,2,,,,,N,N,Y,0,0,N,1.0,0,2,1,,91056.0,N,150.845,23,Y,5,5,8,1,F,N,N,N,0,2,33,1,2,70,1,9,54,33,0,0,0,1,6,NT,1,53,,,,,,,,,,,,,,,,,,,,,,,,,,,,,,,,,,0,4,,unit1 driving . unit1 began hydro plane went left side . unit1 drove storm grate struck median cable wire .,O,"[0.999996542930603, 3.201456593160401e-06, 2.44364400714403e-07]",O,"[1.0, 3.157160932687475e-08, 4.789262320059606e-10]",O,"[0.92431640625, 0.07354736328125, 0.0024089813232421875]"
1563,1563,176041067,"unit #1 was traveling southbound on the on ramp to ir 675. unit #1 merged onto ir 675 and hydro planed. unit #1 spun out and drove off the left side of the road, striking a concrete barrier.",20176041067,2017,O,3/1/2017 0:00,8,SGRERA29019**C,S,GRE,0.218,39.773095,-84.091009,4724,22528.0,3/26/2017 0:00,13,1,N,4.0,Y,Y,1.0,14,0,35900.0,b25eef57-d566-43e6-bf69-bf87ebad07fd,94b79ee2-95cd-464c-9511-7e3e4364ad0e,Y,0.218,SGRERA29019**C,N,1,29-0255-29,1,3,,3,0,1,BEAVERCREEK TOWNSHIP,1,N,N,N,,Y,0.1,,Y,,N,BEAVERCREEK,N,,0,,,,675,IR,,16.0,N,,,,2,,,,,N,N,Y,0,0,N,1.0,0,2,1,,,N,0.218,19,Y,5,1,2,1,M,N,N,N,0,2,35,1,2,25,13,9,35,0,0,0,0,1,6,NT,1,30,,,,,,,,,,,,,,,,,,,,,,,,,,,,,,,,,,0,4,,"unit1 traveling ramp . unit1 merged onto hydro planed . unit1 spun drove left side , striking concrete barrier .",O,"[0.9999972581863403, 2.503343694115756e-06, 1.929546868950638e-07]",O,"[0.9995954632759094, 0.00039940918213687837, 5.138402229931671e-06]",O,"[1.0, 5.662441253662109e-06, 1.7881393432617188e-07]"
1564,1564,176042866,"unit #1 was traveling eastbound on the ohio turnpike. unit #1 hydro planed on the wet road, went into the right lane and then off the left side of the roadway into a ditch.",20176042866,2017,O,3/1/2017 0:00,2,SFULIR00080*KC,S,FUL,14.61,41.59045,-84.105275,62638,99999.0,3/26/2017 0:00,13,1,N,2.0,Y,Y,1.0,17,0,,,,Y,14.61,SFULIR00080*KC,N,1,89-0107-26,31,3,N,2,0,1,PIKE TOWNSHIP,1,E,Y,N,4.0,N,0.8,,N,,N,PIKE TOWNSHIP,N,,0,,,,80,IR,K,36.0,N,,,,2,,,,,N,N,Y,0,0,N,1.0,0,2,1,,34740.0,N,36.802,27,Y,5,4,3,1,M,N,N,N,0,2,36,1,2,70,1,9,36,0,0,0,0,1,6,NT,1,72,,,,,,,,,,,,,,,,,,,,,,,,,,,,,,,,,,0,4,,"unit1 traveling ohio turnpike . unit1 hydro planed wet , went left side roadway ditch .",O,"[0.9999576807022095, 4.012554563814774e-05, 2.1671214653906645e-06]",O,"[1.0, 1.6696324323106637e-08, 4.215581703159721e-11]",O,"[1.0, 3.0994415283203125e-06, 1.1920928955078125e-07]"
1565,1565,176049322,"unit #1 was traveling eastbound on interstate 80, the ohio turnpike. unit #1 hydro planed and went of the right side of the roadway, striking the guard rail.",20176049322,2017,O,4/1/2017 0:00,12,SCUYIR00080*KC,S,CUY,6.102,41.347983,-81.860252,75098,17668.0,4/11/2017 0:00,13,3,N,2.0,Y,Y,1.0,8,0,,,,Y,6.102,SCUYIR00080*KC,N,1,91-0202-18,31,4,N,1,0,1,STRONGSVILLE,1,N,Y,N,6.0,N,0.6,,N,,N,STRONGSVILLE,N,,0,,,,80,IR,K,160.0,N,,,,2,,,,,N,N,Y,0,0,N,1.0,0,2,1,,34683.0,N,159.393,55,Y,5,4,3,1,M,N,N,N,0,2,30,1,2,70,1,8,30,0,0,0,0,1,6,NT,1,70,,,,,,,,,,,,,,,,,,,,,,,,,,,,,,,,,,0,4,,"unit1 traveling interstate , ohio turnpike . unit1 hydro planed went side roadway , striking guard rail .",O,"[0.9999977350234985, 2.0671679976658197e-06, 1.9677678153584566e-07]",O,"[0.9999997615814209, 2.2446121761277027e-07, 9.037512405107861e-10]",O,"[1.0, 8.749961853027344e-05, 6.973743438720703e-06]"
1566,1566,176055116,unit #1 was traveling southwest on hamilton new-london road. unit #1 hydro planed causing the vehicle to run off the right side of the roadway. unit #1 then struck a tree and spun out coming to rest in the yard of 2131 hamilton new-london road.,20176055116,2017,AB,4/1/2017 0:00,8,CBUTCR00030**C,C,BUT,5.13,39.364151,-84.642204,68616,99999.0,4/20/2017 0:00,13,5,N,,Y,N,5.0,22,0,,c3ab0cdd-edc5-4701-8d32-bad70d8482e2,7ef19332-10ea-4ca9-9708-7e0ee9f9f330,N,5.13,CBUTCR00030**C,N,4,17  050   04,2,4,,0,1,1,ROSS TOWNSHIP,1,,N,N,2.0,N,0.0,,Y,2131,N,ROSS TOWNSHIP,N,,0,,HAMILTON NEW LONDON,RD,,,,,N,,,,3,,,,,N,N,N,0,0,N,,0,2,4,,5462.0,N,5.13,17,Y,99,5,8,1,F,N,N,N,0,2,48,1,2,45,1,8,48,0,0,0,0,1,6,NT,1,40,,,,,,,,,,,,,,,,,,,,,,,,,,,,,,,,,,0,4,,unit1 traveling hamilton newlondon . unit1 hydro planed causing vehicle run side roadway . unit1 struck tree spun coming rest yard hamilton newlondon .,O,"[0.9974823594093323, 0.0022972370497882366, 0.00022041646298021078]",O,"[0.9999984502792358, 1.546588578094088e-06, 1.0804868111335963e-08]",O,"[0.9921875, 0.00684356689453125, 0.0007157325744628906]"
1567,1567,176060101,unit #1 was traveling southeast on orchard view drive se. unit #2 was traveling northwest on orchard view drive se. unit #1 hydro planed due to unsafe speed on the wet roadway. unit #2 pulled off to the right side of the roadway to avoid unit #1. unit #1 spun around into the opposite lane of travel striking unit #2.,20176060101,2017,C,4/1/2017 0:00,4,TSTATR00150**C,T,STA,0.7,40.754247,-81.242635,58926,99999.0,4/30/2017 0:00,18,1,N,,Y,N,7.0,15,0,,fc3ae0e6-00a6-4bd0-b90e-1bd6cc96f6d3,6bb3f1b9-88a3-4994-874c-f552c0d7d165,N,0.7,TSTATR00150**C,N,1,76-0970-76,3,4,,2,0,2,OSNABURG TOWNSHIP,2,W,N,Y,2.0,N,0.006,TR,N,,N,OSNABURG TOWNSHIP,N,SE,0,,ORCHARD VIEW,DR,,,,,N,,,LOTZ,1,,,,AVE,N,N,Y,0,0,N,,1,2,4,,190698.0,N,0.7,41,Y,5,6,7,1,F,N,N,N,0,2,0,1,2,35,1,11,20,0,0,0,0,1,4,NT,1,20,50.0,1.0,7.0,6.0,1.0,F,,2.0,35.0,11.0,20.0,,,,,,1.0,4.0,NT,4.0,,,,,,,,,,,,,,0,4,,unit1 traveling orchard view se . unit2 traveling orchard view se . unit1 hydro planed due unsafe speed wet roadway . unit2 pulled side roadway avoid unit1 . unit1 spun around opposite travel striking unit2 .,O,"[0.9999995231628418, 4.5483150756808755e-07, 5.526938906541545e-08]",O,"[0.999747097492218, 0.0002484555880073458, 4.409857865539379e-06]",O,"[1.0, 5.543231964111328e-06, 4.76837158203125e-07]"
1568,1568,176071294,driver of unit 1 states she was traveling east on ir 480 in the high speed lane. driver of unit 1 states that her vehicle hydro planed on the wet roadway and at that time she slid towards the guardrail. at that time the right front of unit 1 struck the guardrail and then the right rear. unit 1 then came to rest in the right berm.,20176071294,2017,O,5/1/2017 0:00,12,SCUYIR00480**C,S,CUY,19.581,41.411396,-81.61563,29428,17668.0,5/21/2017 0:00,13,1,N,2.0,Y,Y,1.0,10,0,,,,Y,19.581,SCUYIR00480**C,N,1,20171722,1,5,N,1,0,1,GARFIELD HEIGHTS,1,,Y,N,8.0,Y,0.0,,N,,N,GARFIELD HEIGHTS,N,,0,,,,480,IR,,,N,,,TRANSPORTATION,1,,,,BLVD,N,N,N,0,0,N,1.0,0,2,1,,39773.0,N,21.885,52,Y,99,4,3,1,F,N,N,N,0,2,30,1,2,60,1,30,0,0,0,0,0,1,6,NT,1,60,,,,,,,,,,,,,,,,,,,,,,,,,,,,,,,,,,0,4,,driver unit1 states traveling high speed . driver unit1 states vehicle hydro planed wet roadway time slid towards guardrail . time front unit1 struck guardrail rear . unit1 came rest berm .,O,"[0.9999996423721313, 3.7581284573207085e-07, 4.4359836692819954e-08]",O,"[0.9999738931655884, 2.574874451966025e-05, 3.2507051628272166e-07]",O,"[1.0, 1.4901161193847656e-06, 1.1920928955078125e-07]"
1569,1569,176071493,"jordan, driver of unit #1 stated he was slowing down for traffic in front of him and was struck from behind by unit #2. debra, driver unit #2 stated she was trying to slow down for traffic but hydro planed and struck unit #1 in the rear. debra was cited for acd.",20176071493,2017,O,5/1/2017 0:00,4,SSUMIR00076**C,S,SUM,6.28,41.035434,-81.569569,1000,766.0,5/21/2017 0:00,2,1,N,2.0,N,Y,1.0,12,0,84500.0,8f9677a6-4474-46af-bdbe-45ae6b40636e,4b27cd33-7071-401b-b02f-9dfe06826868,Y,6.28,SSUMIR00076**C,N,1,T17002947,1,5,N,2,0,2,AKRON,1,,Y,N,6.0,Y,0.0,IR,N,,N,AKRON,N,,0,,US ROUTE 224 E,,224,US,,,N,E,,I 76 E,1,76,IR,,,N,N,N,0,0,N,1.0,0,2,2,,39591.0,N,18.428,46,Y,8,4,3,1,F,N,N,N,0,2,0,2,2,50,1,20,0,0,0,0,0,1,6,NT,1,20,29.0,1.0,4.0,3.0,1.0,M,,1.0,50.0,1.0,20.0,,,,,,1.0,6.0,NT,1.0,10.0,,,,,,,,,,,,,0,4,,"jordan , driver unit1 stated slowing traffic front struck behind unit2 . debra , driver unit2 stated trying slow traffic hydro planed struck unit1 rear . debra cited acd .",O,"[0.999997615814209, 2.240919002360897e-06, 1.4722361640906456e-07]",O,"[0.9736317992210388, 0.026184290647506714, 0.00018392267520539463]",O,"[1.0, 2.384185791015625e-07, 0.0]"
1570,1570,176073500,unit 1 was traveling eastbound on hamilton-scipio rd. approaching the bridge when unit 1 started to hydro plane out of control. unit 1 flipped his car over the guard rail before coming to a final rest. there was a good amount of standing water on the bridge due to all the rain and storm drains backing up. unit 1 declined medical treatment. the vehicle had disabling damage and was towed by reffitt's garage. sr129 remained closed until the water receded.,20176073500,2017,O,5/1/2017 0:00,8,SBUTSR00129**C,S,BUT,7.38,39.390725,-84.679579,68616,99999.0,5/24/2017 0:00,13,4,N,2.0,Y,N,5.0,16,0,,,,N,7.38,SBUTSR00129**C,N,1,17  058   05,1,5,,1,0,1,ROSS TOWNSHIP,1,S,N,N,2.0,Y,0.009,,Y,3650 HAMILTON SCIPIO,N,ROSS TOWNSHIP,N,,0,,,,129,SR,,,N,,,,3,,,,,N,N,N,0,0,N,3.0,0,2,1,,297209.0,N,7.38,18,Y,99,4,3,1,M,N,N,N,0,2,30,1,2,45,1,8,30,0,0,0,0,1,6,NT,3,40,,,,,,,,,,,,,,,,,,,,,,,,,,,,,,,,,,0,4,,unit1 traveling hamiltonscipio approaching bridge unit1 started hydro plane control . unit1 flipped car guard rail coming final rest . good amount standing water bridge due rain storm drains backing . unit1 declined medical treatment . vehicle disabling damage towed reffitt 's garage . remained closed water receded .,O,"[0.9999998807907104, 1.6936390068167384e-07, 3.8532931512236246e-08]",O,"[1.0, 7.426506964947066e-09, 1.3692830723444072e-11]",O,"[1.0, 8.344650268554688e-07, 1.1920928955078125e-07]"
1571,1571,176074722,"unit 1 and unit 2 were driving northeast on ir 71. unit 1 was passing unit 2, began to hydro plane and struck unit 2 on the left front side of the tractor. both units swerved off the left side of the road. unit 1 came to rest in the median and unit 2 came to a stop on the left berm.",20176074722,2017,O,5/1/2017 0:00,6,SMRWIR00071**C,S,MRW,11.26,40.481248,-82.740864,33600,99999.0,5/25/2017 0:00,5,5,N,2.0,N,Y,1.0,13,0,590009998.0,,,Y,11.26,SMRWIR00071**C,Y,1,59-0595-59,1,5,N,2,0,2,HARMONY TOWNSHIP,1,N,Y,N,6.0,Y,0.4,,N,,N,FRANKLIN TOWNSHIP,N,,0,,,,71,IR,,149.0,N,,,,2,,,,,N,N,Y,0,0,N,1.0,0,2,2,,91055.0,N,149.433,44,Y,9,8,5,1,F,N,N,N,0,2,0,1,2,70,4,20,9,0,0,0,0,1,6,NT,1,75,61.0,1.0,8.0,5.0,1.0,M,,2.0,70.0,1.0,20.0,9.0,,,,,1.0,6.0,NT,15.0,65.0,,,,,,,,,,,,,0,2,,"unit1 unit2 driving . unit1 passing unit2 , began hydro plane struck unit2 left front side tractor . units swerved left side . unit1 came rest median unit2 came stop left berm .",O,"[0.5396146774291992, 0.4079838991165161, 0.05240143463015556]",O,"[0.8241673707962036, 0.17297787964344025, 0.0028547397814691067]",C,"[0.1419677734375, 0.802734375, 0.05560302734375]"
1572,1572,176074736,"unit#1 was traveling eastbound on ir70 in the left lane, hydro planned, drove off of the right side of the roadway and struck the fence.",20176074736,2017,O,5/1/2017 0:00,6,SMADIR00070**C,S,MAD,4.53,39.941654,-83.450073,21154,99999.0,5/25/2017 0:00,13,5,N,2.0,Y,Y,1.0,16,0,,,,Y,4.53,SMADIR00070**C,N,1,49-0183-49,1,5,N,1,0,1,DEER CREEK TOWNSHIP,1,E,Y,N,6.0,Y,0.04,,N,,N,DEER CREEK TOWNSHIP,N,,0,,,,70,IR,,75.0,N,,,,2,,,,,N,N,N,0,0,N,1.0,0,2,1,,107463.0,N,74.986,50,Y,9,4,3,1,F,N,N,N,0,2,46,1,2,70,1,8,46,0,0,0,0,1,6,NT,1,70,,,,,,,,,,,,,,,,,,,,,,,,,,,,,,,,,,0,4,,"unit1 traveling left , hydro planned , drove side roadway struck fence .",O,"[0.9980087876319885, 0.0018288156716153026, 0.00016241602133959532]",O,"[0.9245615601539612, 0.0668422281742096, 0.008596175350248814]",O,"[0.9697265625, 0.025238037109375, 0.00479888916015625]"
1573,1573,176075040,"hart, driver of unit 1 stated he was driving east bound on 224 when car in front of him lost control. hart stated he then lost control, possibly hydro planed due to the standing water on the road. schaack was front seat passenger and possibly sustained broken nose from airbag. schaack was transported to hospital for treatment. hart was cited for ftc and suspended ol.",20176075040,2017,AB,5/1/2017 0:00,4,SSUMIR00277**C,S,SUM,1.79,41.026688,-81.53943,1000,766.0,5/25/2017 0:00,13,5,N,2.0,Y,Y,1.0,12,0,,,,Y,1.79,SSUMIR00277**C,N,1,T17003035,1,5,N,2,1,1,AKRON,1,,Y,N,6.0,Y,0.0,,Y,,N,AKRON,N,,0,,,,224,US,,1.8,N,,,,2,,,,,N,N,N,0,0,N,1.0,0,2,1,,47372.0,N,1.79,22,Y,99,4,3,1,M,N,N,N,0,2,35,1,2,50,1,35,0,0,0,0,0,1,6,NT,2,50,,,,,,,,,,,,,,,,,,,,,,,,,,,,,,,,,,0,4,,"hart , driver unit1 stated driving car front lost control . hart stated lost control , possibly hydro planed due standing water . schaack front seat passenger possibly sustained broken nose airbag . schaack transported hospital treatment . hart cited ftc suspended ol .",AB,"[0.002212658291682601, 0.1739932745695114, 0.8237941265106201]",C,"[0.0002590295043773949, 0.5140290260314941, 0.4857119917869568]",C,"[4.57763671875e-05, 1.0, 0.00042748451232910156]"
1574,1574,176075083,unit #1 eastbound on ir 80 in the left lane. unit #2 eastbound on ir 80 in the right lane. unit #2 hydro planed on the wet pavement and lost control striking unit #1 and then the concrete barrier wall.,20176075083,2017,O,5/1/2017 0:00,12,SCUYIR00080*KC,S,CUY,13.657,41.303199,-81.731139,57008,17668.0,5/21/2017 0:00,5,1,N,2.0,N,Y,1.0,10,0,,,,Y,13.657,SCUYIR00080*KC,N,1,91-0291-18,31,5,N,3,0,2,NORTH ROYALTON,1,E,Y,N,6.0,N,4.0,,Y,,N,BRECKSVILLE,N,,0,,,,80,IR,K,171.0,N,,,,2,,,,,N,Y,Y,0,0,N,1.0,0,2,4,,39640.0,N,166.948,18,Y,5,4,3,1,M,N,N,N,0,2,35,2,2,70,1,20,9,35,0,0,0,1,6,NT,1,70,72.0,1.0,4.0,3.0,1.0,M,,1.0,70.0,1.0,20.0,,,,,,1.0,6.0,NT,4.0,65.0,,,,,,,,,,,,,0,4,,unit1 left . unit2 . unit2 hydro planed wet pavement lost control striking unit1 concrete barrier wall .,O,"[0.9986382126808167, 0.0013109555002301931, 5.0790895329555497e-05]",O,"[0.714804470539093, 0.2838667929172516, 0.0013286848552525043]",O,"[1.0, 9.655952453613281e-06, 2.384185791015625e-07]"
1575,1575,176075270,unit #1 stated he hydro planed on the water in the roadway and ran off the right side of the roadway down over a hill and into the woods.,20176075270,2017,O,5/1/2017 0:00,11,SCOLUS00030**C,S,COL,29.37,40.675264,-80.622283,69512,99724.0,5/21/2017 0:00,17,1,N,2.0,Y,Y,2.0,14,0,,,,N,29.37,SCOLUS00030**C,N,1,201700587,1,5,N,1,0,1,SAINT CLAIR TOWNSHIP,1,N,Y,N,4.0,Y,0.057,,N,,N,COLUMBIANA,N,,0,,,HWY,11,SR,,,N,,,CANNONS MILL RD OVERPASS,1,,,,RD,N,N,N,0,0,N,1.0,0,2,1,,240832.0,N,240.466,36,Y,99,2,1,1,M,N,N,N,0,2,0,1,2,70,1,8,0,0,0,0,0,1,6,NT,1,70,,,,,,,,,,,,,,,,,,,,,,,,,,,,,,,,,,0,4,,unit1 stated hydro planed water roadway ran side roadway hill woods .,O,"[0.9999998807907104, 9.690042190868553e-08, 2.1869764665893854e-08]",O,"[1.0, 6.36645580698314e-09, 1.0982852648167007e-11]",O,"[1.0, 0.0, 0.0]"
1576,1576,176106049,unit #1 was north on ir 71. unit #1 hydro planed and went of road left striking median cables.,20176106049,2017,O,7/1/2017 0:00,3,SMEDIR00071**C,S,MED,20.348,41.185597,-81.788986,48804,99999.0,7/20/2017 0:00,13,5,N,2.0,Y,Y,1.0,12,0,,,,Y,20.348,SMEDIR00071**C,N,1,52-0810-52,1,7,N,1,0,1,MEDINA TOWNSHIP,1,N,Y,N,6.0,Y,0.3,,Y,,N,MEDINA TOWNSHIP,N,,0,,,,71,IR,,222.0,N,,,,2,,,,,N,N,Y,0,0,N,1.0,0,2,1,,91051.0,N,222.352,25,Y,5,2,1,1,F,N,N,N,0,2,33,1,2,70,1,9,33,0,0,0,0,1,6,NT,1,65,,,,,,,,,,,,,,,,,,,,,,,,,,,,,,,,,,0,4,,unit1 . unit1 hydro planed went left striking median cables .,O,"[0.9999932050704956, 6.426318577723578e-06, 3.9416008235093614e-07]",O,"[0.9981170892715454, 0.0018575777066871524, 2.5379955332027748e-05]",O,"[1.0, 0.0001882314682006836, 7.212162017822266e-06]"
1577,1577,176118169,unit #1 was traveling westbound in the center lane on the ohio turnpike (ir-80) when it hydro planed and spun out of control driving off the left of the roadway striking the concrete barrier wall.,20176118169,2017,O,8/1/2017 0:00,12,SCUYIR00080*KN,S,CUY,17.023,41.291264,-81.670633,9064,17668.0,8/19/2017 0:00,13,7,N,2.0,Y,Y,1.0,8,0,,,,Y,17.027,SCUYIR00080*KC,N,1,91-0524-18,31,8,N,4,0,1,BROADVIEW HEIGHTS,1,E,Y,N,6.0,N,0.3,,N,,N,BROADVIEW HEIGHTS,N,,0,,,,80,IR,K,170.0,N,,,,2,,,,,N,N,Y,0,0,N,1.0,0,2,2,,118494.0,N,170.314,47,Y,5,3,4,1,M,N,N,N,0,2,35,1,2,70,1,9,35,0,0,0,0,1,6,NT,5,70,,,,,,,,,,,,,,,,,,,,,,,,,,,,,,,,,,0,4,,unit1 traveling center ohio turnpike hydro planed spun control driving left roadway striking concrete barrier wall .,O,"[0.999677300453186, 0.00030935247195884585, 1.3389927516982425e-05]",O,"[0.7123252749443054, 0.28153327107429504, 0.006141435354948044]",O,"[1.0, 2.980232238769531e-07, 0.0]"
1578,1578,176134195,"driver #1 stated his vehicle started to hydro plane because of the rain on the roadway, as a result he rear ended driver #2 and forced driver #2 into the rear of driver #3. driver #2 was slowing for traffic ahead of her when driver #1 rear ended her and forcing her into driver #3 rear end. driver #3 was slowing for traffic ahead of her when she was rear ended by driver #2.",20176134195,2017,C,9/1/2017 0:00,8,CHAMCR00163**C,C,HAM,6.096,39.137199,-84.536468,15000,16885.0,9/13/2017 0:00,2,4,N,,N,N,4.0,16,0,,e1cfc695-b40f-479a-a1b7-b0b1de02ab50,3776bf2b-7475-4897-ac2f-da528fb920ae,N,6.096,CHAMCR00163**C,N,1,175013880,4,9,,3,0,3,CINCINNATI,1,,N,N,4.0,N,0.0,,N,1240,N,CINCINNATI,N,,0,,HOPPLE,ST,163,CR,,,N,,,,3,,,,,N,N,N,0,0,N,,1,2,2,,24642.0,N,6.096,34,Y,8,4,3,1,M,N,N,N,0,2,0,1,2,0,1,20,0,0,0,0,0,1,6,NT,1,0,59.0,1.0,4.0,3.0,1.0,F,,2.0,,11.0,20.0,,,,,,1.0,6.0,NT,1.0,,1.0,3.0,11.0,20.0,,,,,,1.0,6.0,1.0,0,4,,"driver stated vehicle started hydro plane rain roadway , result rear ended driver forced driver rear driver . driver slowing traffic ahead driver rear ended forcing driver rear end . driver slowing traffic ahead rear ended driver .",O,"[0.9999215602874756, 7.545486005255952e-05, 2.9860536869819043e-06]",O,"[0.892924427986145, 0.10449131578207016, 0.002584283472970128]",O,"[0.97607421875, 0.02294921875, 0.0005440711975097656]"