,id,OBJECTID,Narrative,DOCUMENT_NBR,CRASH_YR,CRASH_SEVERITY_CD,CRASH_MONTH_YEAR,DISTRICT_NBR,NLFID,NLF_JUR_CD,NLF_COUNTY_CD,COUNTY_LOG_NBR,ODOT_LATITUDE_NBR,ODOT_LONGITUDE_NBR,ODOT_FIPS_CD,AREA_CODE,CRASH_DATE,CRASH_TYPE_CD,DAY_IN_WEEK_CD,DISTRACTED_DRIVER_IND,FACILITY_TYPE_CD,FHWA_RDWY_DEPARTURE_IND,FREEWAY_IND,FUNCTIONAL_CLASS_CD,HOUR_OF_CRASH,INCAPAC_INJURIES_NBR,INTERCHANGE_ID,INTERSECTION_ID_CURRENT,INTERSECTION_LEG_ID,INTERSTATE_IND,INV_LOG_NBR,INV_NLFID,IS_COMMERCIAL_RELATED,LIGHT_COND_PRIMARY_CD,LOCAL_REPORT_NUMBER_ID,MAINTENANCE_AUTHORITY_CD,MONTH_OF_CRASH,NHS_CD,NO_INJURY_REPORTED_NBR,NON_INCAPAC_INJURIES_NBR,NUMBER_OF_UNITS_NBR,ODOT_CITY_VILLAGE_TWP_NME,ODOT_CRASH_LOCATION_CD,ODOT_DIR_FROM_REF_CD,ODOT_DIV_UNDIV_IND,ODOT_INTERSECTION_REL_IND,ODOT_LANES_NBR,ODOT_MAINTAINED_HWY_IND,ODOT_MILES_FROM_REF_NBR,ODOT_REF_ROUTE_PREFIX_CD,ODOT_YOUNG_DRIVER_IND,ODPS_ADDRESS_REFERENCE,ODPS_ALCOHOL_IND,ODPS_CITY_VILLAGE_TWP_NME,ODPS_DRUG_IND,ODPS_LOC_DIR_SUFFIX_CD,ODPS_LOC_IN_WORK_ZONE_CD,ODPS_LOC_ROAD_DIRECTION_CD,ODPS_LOC_ROAD_NME,ODPS_LOC_ROAD_SUFFIX_CD,ODPS_LOC_ROUTE_ID,ODPS_LOC_ROUTE_PREFIX_CD,ODPS_LOC_ROUTE_SUFFIX_CD,ODPS_MILEPOST_REFERENCE,ODPS_MOTORCYCLE_IND,ODPS_REF_DIR_SUFFIX_CD,ODPS_REF_DIRECTION_CD,ODPS_REF_GIVEN,ODPS_REF_POINT_USED_CD,ODPS_REF_ROUTE_ID,ODPS_REF_ROUTE_PREFIX_CD,ODPS_REF_ROUTE_SUFFIX_CD,ODPS_REF_SUFFIX_CD,ODPS_SCHOOL_ZONE_IND,ODPS_SENIOR_DRIVER_IND,ODPS_SPEED_IND,ODPS_TOTAL_FATALITIES_NBR,ODPS_TYPE_OF_WORK_ZONE_CD,ODPS_WORK_ZONE_IND,OPER_ACCESS_CONTROL_CD,POSSIBLE_INJURIES_NBR,ROAD_COND_PRIMARY_CD,ROAD_CONTOUR_CD,SA_RAMP_ID,SA_SEGMENT_ID,SECONDARY_CRASH,STATE_TRUE_LOG_NBR,U1_AGE_NBR,U1_AT_FAULT_IND,U1_CONT_CIR_PRIMARY_CD,U1_DIRECTION_FROM_CD,U1_DIRECTION_TO_CD,U1_DISTRACTED_BY_1_CD,U1_GENDER_CD,U1_IS_ALCOHOL_SUSPECTED,U1_IS_MARIJUANA_SUSPECTED,U1_IS_OTHER_DRUG_SUSPECTED,U1_NON_MOTORIST_LOC_CD,U1_NUMBER_OF_THRU_LANES,U1_OBJECT_STRUCK,U1_ODPS_UNIT_NBR,U1_OPERATINGIN_AUTONOMOUS_MODE,U1_POSTED_SPEED_NBR,U1_PRECRASH_ACTION_CD,U1_SEQ_OF_EVENTS_1_CD,U1_SEQ_OF_EVENTS_2_CD,U1_SEQ_OF_EVENTS_3_CD,U1_SEQ_OF_EVENTS_4_CD,U1_SEQ_OF_EVENTS_5_CD,U1_SEQ_OF_EVENTS_6_CD,U1_SPECIAL_FUNCTION_CD,U1_TRAFFIC_CONTROL_CD,U1_TURN_CD,U1_TYPE_OF_UNIT_CD,U1_UNIT_SPEED_NBR,U2_AGE_NBR,U2_CONT_CIR_PRIMARY_CD,U2_DIRECTION_FROM_CD,U2_DIRECTION_TO_CD,U2_DISTRACTED_BY_1_CD,U2_GENDER_CD,U2_NON_MOTORIST_LOC_CD,U2_ODPS_UNIT_NBR,U2_POSTED_SPEED_NBR,U2_PRECRASH_ACTION_CD,U2_SEQ_OF_EVENTS_1_CD,U2_SEQ_OF_EVENTS_2_CD,U2_SEQ_OF_EVENTS_3_CD,U2_SEQ_OF_EVENTS_4_CD,U2_SEQ_OF_EVENTS_5_CD,U2_SEQ_OF_EVENTS_6_CD,U2_SPECIAL_FUNCTION_CD,U2_TRAFFIC_CONTROL_CD,U2_TURN_CD,U2_TYPE_OF_UNIT_CD,U2_UNIT_SPEED_NBR,U3_CONT_CIR_PRIMARY_CD,U3_ODPS_UNIT_NBR,U3_PRECRASH_ACTION_CD,U3_SEQ_OF_EVENTS_1_CD,U3_SEQ_OF_EVENTS_2_CD,U3_SEQ_OF_EVENTS_3_CD,U3_SEQ_OF_EVENTS_4_CD,U3_SEQ_OF_EVENTS_5_CD,U3_SEQ_OF_EVENTS_6_CD,U3_SPECIAL_FUNCTION_CD,U3_TRAFFIC_CONTROL_CD,U3_TYPE_OF_UNIT_CD,UNRESTRAIN_OCCUPANTS,WEATHER_COND_CD,V1,clean_Narrative,BERT_predictions,BERT_prediction_probabilities,RoBERTa_predictions,RoBERTa_predictions_probabilities,distilBERT_predictions,distilBERT_predictions_probabilities
1579,1579,176145981,unit #1 was traveling southbound on state route 123 when negotiating a curve and hydro planed. unit #1 then spun out went off the left side of the roadway and stuck in a ditch.,20176145981,2017,O,10/1/2017 0:00,8,SWARSR00123**C,S,WAR,22.945,39.477897,-84.245528,77868,56926.0,10/5/2017 0:00,13,5,N,2.0,Y,N,5.0,13,0,,da2d6cae-3787-473f-86bf-b189964c5aa1,e6a53228-0219-4e92-abce-6876b9427146,N,22.945,SWARSR00123**C,N,1,83-0962-83,1,10,,1,0,1,TURTLECREEK TOWNSHIP,1,N,N,N,2.0,Y,0.028,TR,Y,,N,TURTLECREEK TOWNSHIP,N,,0,,,,123,SR,,,N,,,KIRBY,1,,,,RD,N,N,Y,0,0,N,3.0,0,2,3,,141789.0,N,30.869,24,Y,5,6,7,1,M,N,N,N,0,2,44,1,2,55,13,9,44,0,0,0,0,1,6,NT,3,25,,,,,,,,,,,,,,,,,,,,,,,,,,,,,,,,,,0,4,,unit1 traveling state negotiating curve hydro planed . unit1 spun went left side roadway stuck ditch .,O,"[0.9999932050704956, 6.338747880363371e-06, 4.57032285794412e-07]",O,"[0.9997099041938782, 0.00027122293249703944, 1.8790529793477617e-05]",O,"[1.0, 5.960464477539063e-08, 0.0]"
1580,1580,176146774,"unit 1 failed to maintain reasonable control by hydro planing across two southbound lanes of travel, drove off the left side of the roadway and struck the cable barrier.",20176146774,2017,O,10/1/2017 0:00,6,SDELIR00071**N,S,DEL,13.494,40.31787,-82.908611,40362,99999.0,10/8/2017 0:00,13,1,N,2.0,Y,Y,1.0,20,0,,,,Y,13.477,SDELIR00071**C,N,4,21-1366-21,1,10,N,1,0,1,KINGSTON TOWNSHIP,1,N,Y,N,6.0,Y,0.4,,Y,,N,KINGSTON TOWNSHIP,N,,0,,,,71,IR,,134.0,N,,,,2,,,,,N,N,N,0,0,N,1.0,0,2,1,,33791.0,N,134.438,24,Y,9,1,2,1,F,N,N,N,0,2,33,1,2,70,1,9,33,0,0,0,0,1,6,NT,1,60,,,,,,,,,,,,,,,,,,,,,,,,,,,,,,,,,,0,4,,"unit1 failed maintain reasonable control hydro planing across two lanes travel , drove left side roadway struck cable barrier .",O,"[0.999968409538269, 2.9917393476353027e-05, 1.6448793758172542e-06]",O,"[0.9998557567596436, 0.0001412655255990103, 3.0381377200683346e-06]",O,"[1.0, 8.028745651245117e-05, 4.410743713378906e-06]"
1581,1581,176169923,"eastbound on mitchell road unit #1 crested a hill and ran into deep running water flowing across the roadway. unit #1 hydro planed, lost control and slid off the right side of the roadway striking a utility pole.",20176169923,2017,O,11/1/2017 0:00,7,TCLATR00225**C,T,CLA,1.33,39.877022,-83.733392,74119,83980.0,11/6/2017 0:00,13,2,N,,N,N,7.0,7,0,,,,N,1.33,TCLATR00225**C,N,4,12-1265-12,3,11,,1,0,1,SPRINGFIELD TOWNSHIP,1,W,N,N,2.0,N,0.3,,Y,,N,SPRINGFIELD TOWNSHIP,N,,0,,MITCHELL,RD,,,,,N,,,RIDGE,1,,,,RD,N,N,Y,0,0,N,,0,6,2,,212265.0,N,1.33,19,Y,5,4,3,1,M,N,N,N,0,2,40,1,2,55,1,3,8,40,0,0,0,1,6,NT,4,40,,,,,,,,,,,,,,,,,,,,,,,,,,,,,,,,,,0,4,,"mitchell unit1 crested hill ran deep running water flowing across roadway . unit1 hydro planed , lost control slid side roadway striking utility pole .",O,"[0.999381422996521, 0.0005797340418212116, 3.8859667256474495e-05]",O,"[0.9996376037597656, 0.0003557321906555444, 6.630002189922379e-06]",O,"[1.0, 5.960464477539063e-08, 0.0]"
1582,1582,176172913,"unit # 1 (police cruiser) was northbound on us 42, with overhead lights and siren in activation. unit 1 was passed a yielding motorists and hydro planed when turning onto the 250 bypass. unit # 1 attempted to correct and spun out, striking a street sign on the driver's side. unit # 1 sustained minor damage and no injuries were reported.",20176172913,2017,O,10/1/2017 0:00,3,MASDMR00025**C,M,ASD,0.379,40.871423,-82.298625,2568,99703.0,10/8/2017 0:00,13,1,N,,Y,N,7.0,18,0,,db226189-4ff8-4389-ba04-d46b33bdf72d,b576e9db-e928-4b8d-9df6-d3f66abeef1e,N,0.379,MASDMR00025**C,N,2,17-61741,4,10,,1,0,1,ASHLAND,3,W,N,Y,2.0,N,0.019,CR,N,,N,ASHLAND,N,,0,,,,250,US,,,N,,,,1,42,US,,,N,N,N,0,0,N,,0,2,1,,129219.0,N,0.379,26,Y,99,2,4,1,F,N,N,N,0,2,37,1,2,50,6,8,37,0,0,0,0,13,6,LT,1,30,,,,,,,,,,,,,,,,,,,,,,,,,,,,,,,,,,0,4,,"unit1 us , overhead lights siren activation . unit1 passed yielding motorists hydro planed turning onto bypass . unit1 attempted correct spun , striking sign driver 's side . unit1 sustained minor damage injuries reported .",O,"[1.0, 3.616086985402944e-08, 1.5327575653145686e-08]",O,"[1.0, 1.2814737118671538e-11, 5.3019747812510336e-15]",O,"[1.0, 0.0, 0.0]"
1583,1583,176174500,unit 1 was westbound on tr 5 (jones road). unit 1 struck some high water and hydro planed off the right side of the road. unit 1 struck a utility pole.,20176174500,2017,O,11/1/2017 0:00,3,TLORTR00005**C,T,LOR,0.589,41.148786,-82.299275,8770,99999.0,11/18/2017 0:00,13,7,N,,Y,N,7.0,13,0,,,,N,0.589,TLORTR00005**C,N,1,47-1437-47,3,11,,1,0,1,BRIGHTON TOWNSHIP,1,W,N,N,2.0,N,0.4,TR,N,,N,WELLINGTON,N,,0,,,,5,TR,,,N,,,,1,44,TR,,,N,N,Y,0,0,N,,0,2,2,,154211.0,N,0.589,38,Y,5,3,4,1,F,N,N,N,0,2,40,1,2,55,1,8,40,0,0,0,0,1,6,NT,1,45,,,,,,,,,,,,,,,,,,,,,,,,,,,,,,,,,,0,4,,unit1 tr . unit1 struck high water hydro planed side . unit1 struck utility pole .,O,"[0.9982983469963074, 0.0016037566820159554, 9.793722711037844e-05]",C,"[0.36416903138160706, 0.5871319770812988, 0.04869895428419113]",O,"[1.0, 0.0002913475036621094, 2.0325183868408203e-05]"
1584,1584,176175038,unit #1 was traveling on interstate 75 northbound in the left lane merging onto interstate 70 westbound. unit #1 entered a curve and began to hydro plane striking the concrete median wall on the left front.,20176175038,2017,O,11/1/2017 0:00,7,SMOTIR00075**N,S,MOT,20.045,39.860104,-84.189384,10618,22528.0,11/18/2017 0:00,13,7,N,2.0,Y,Y,1.0,20,0,69100.0,,,Y,20.029,SMOTIR00075**C,N,3,57-1219-57,1,11,N,1,0,1,BUTLER TOWNSHIP,7,,Y,N,6.0,Y,0.0,,N,,N,BUTLER TOWNSHIP,N,,0,,,,75,IR,,61.0,N,,,,2,,,,,N,N,N,0,0,N,1.0,0,2,4,,45385.0,N,61.015,27,Y,99,1,4,1,M,N,N,N,0,2,35,1,2,65,13,35,0,0,0,0,0,1,6,RT,1,50,,,,,,,,,,,,,,,,,,,,,,,,,,,,,,,,,,0,4,,unit1 traveling interstate left merging onto interstate . unit1 entered curve began hydro plane striking concrete median wall left front .,O,"[0.9998999834060669, 9.462294838158414e-05, 5.383122243074467e-06]",O,"[0.9999465942382812, 5.151320146978833e-05, 1.8663649825612083e-06]",O,"[1.0, 0.0002378225326538086, 1.0192394256591797e-05]"
1585,1585,176175423,unit # 1 was s/b in front of 1640 dutch hollow rd. standing water in the roadway caused unit # 1 to hydro plane. unit # 1 ran off of the roadway left into the ditch filled with water. unit # 1 was submerge in water up to the windows. photo reference digital #224,20176175423,2017,O,11/1/2017 0:00,1,CALLCR00094**C,C,ALL,0.39,40.760571,-84.195998,1756,49852.0,11/18/2017 0:00,17,7,N,,N,N,5.0,15,0,,,,N,0.39,CALLCR00094**C,N,1,2017475668,2,11,,2,0,1,AMERICAN TOWNSHIP,1,,N,N,2.0,N,0.0,,Y,1640,N,AMERICAN TOWNSHIP,N,,0,,DUTCH HOLLOW,RD,,,,,N,,,,3,,,,,N,N,N,0,0,N,,0,2,2,,17908.0,N,0.39,22,Y,99,2,1,1,F,N,N,N,0,2,0,1,2,45,1,3,0,0,0,0,0,1,6,NT,1,35,,,,,,,,,,,,,,,,,,,,,,,,,,,,,,,,,,0,4,,unit1 front dutch hollow standing water roadway caused unit1 hydro plane . unit1 ran roadway left ditch filled water . unit1 submerge water windows . photo reference digital,O,"[1.0, 3.7164419097734935e-08, 1.116065551087786e-08]",O,"[0.9999532699584961, 4.6333836507983506e-05, 3.9934451478984556e-07]",O,"[1.0, 1.7881393432617188e-07, 0.0]"
1586,1586,176187056,unit 1 was traveling northbound on interstate 77n south of state route 18 in the right lane. unit 1 hydro planed and left the roadway to the left. unit 1 spun around and struck the center concrete median with its front right side. unit 1 rolled over on its roof and continued over onto its tires. unit 1's front and side airbags deployed. the driver of unit 1 reported no injuries and declined ems.,20176187056,2017,O,11/1/2017 0:00,4,SSUMIR00077**C,S,SUM,22.93,41.131618,-81.651555,18658,766.0,11/18/2017 0:00,13,7,N,2.0,Y,Y,1.0,3,0,,,,Y,22.93,SSUMIR00077**C,N,3,21711061,1,11,N,1,0,1,COPLEY TOWNSHIP,1,S,Y,N,6.0,Y,0.284,SR,Y,,N,COPLEY TOWNSHIP,N,,0,,,,77,IR,,,N,,,MEDINA,1,18,SR,,RD,N,N,Y,0,0,N,1.0,0,2,1,,91298.0,N,136.452,24,Y,5,2,1,1,M,N,N,N,0,2,35,1,2,65,1,9,35,0,0,0,0,1,6,NT,1,70,,,,,,,,,,,,,,,,,,,,,,,,,,,,,,,,,,0,4,,unit1 traveling interstate 77n state . unit1 hydro planed left roadway left . unit1 spun around struck center concrete median front side . unit1 rolled roof continued onto tires . unit1 's front side airbags deployed . driver unit1 reported injuries declined ems .,O,"[0.9999997615814209, 2.07578835897948e-07, 2.928250353306794e-08]",O,"[0.9914489388465881, 0.008541478775441647, 9.623229743738193e-06]",C,"[0.125244140625, 0.8720703125, 0.002468109130859375]"
1587,1587,176187057,unit 1 was traveling northbound on interstate 77n south of state route 18 in the right lane. unit 1 hydro planed and left the roadway to the left. unit 1 spun around and struck the center concrete median with its right side. unit 1s side airbags deployed. the driver of unit one was evaluated on scene by copley ems and refused treatment.,20176187057,2017,O,11/1/2017 0:00,4,SSUMIR00077**C,S,SUM,22.93,41.131618,-81.651555,18658,766.0,11/18/2017 0:00,13,7,N,2.0,Y,Y,1.0,4,0,,,,Y,22.93,SSUMIR00077**C,N,3,21711062,1,11,N,1,0,1,COPLEY TOWNSHIP,1,S,Y,N,6.0,Y,0.284,SR,N,,N,COPLEY TOWNSHIP,N,,0,,,,77,IR,,,N,,,MEDINA,1,18,SR,,RD,N,Y,Y,0,0,N,1.0,0,2,1,,91298.0,N,136.452,66,Y,5,2,1,1,M,N,N,N,0,2,35,1,2,65,1,9,35,0,0,0,0,1,6,NT,3,60,,,,,,,,,,,,,,,,,,,,,,,,,,,,,,,,,,0,4,,unit1 traveling interstate 77n state . unit1 hydro planed left roadway left . unit1 spun around struck center concrete median side . unit1s side airbags deployed . driver unit1 evaluated scene copley ems refused treatment .,C,"[0.01162603497505188, 0.9882765412330627, 9.742377733346075e-05]",C,"[8.07893775345292e-06, 0.9999918937683105, 1.9766762449080488e-08]",C,"[6.109476089477539e-05, 1.0, 3.635883331298828e-06]"
1588,1588,176195094,unit #1 was southbound on sr21 approaching snowville rd. he stated that he went to change lanes and began to hydro plane on the wet surface causing him to lose control of the vehicle. he then went off the right side of the roadway and struck a utility pole. the utility pole sustained damage and the vehicle sustained disabling damage. there was full airbag deployment. the driver refused medical attention at the scene.,20176195094,2017,AB,3/1/2017 0:00,12,SCUYSR00021**C,S,CUY,0.468,41.284311,-81.627153,8364,17668.0,3/17/2017 0:00,13,6,N,2.0,Y,N,4.0,20,0,,,,N,0.468,SCUYSR00021**C,N,3,201750048,4,3,,0,1,1,BRECKSVILLE,1,N,N,N,4.0,N,0.095,,N,,N,BRECKSVILLE,N,,0,,BRECKSVILLE,RD,21,SR,,,N,,,SNOWVILLE,1,,,,RD,N,N,Y,0,0,N,3.0,0,2,1,,295906.0,N,50.003,32,Y,99,1,2,1,M,N,N,N,0,2,40,1,2,35,1,43,8,40,0,0,0,1,6,NT,4,45,,,,,,,,,,,,,,,,,,,,,,,,,,,,,,,,,,0,6,,unit1 approaching snowville stated went change lanes began hydro plane wet surface causing lose control vehicle . went side roadway struck utility pole . utility pole sustained damage vehicle sustained disabling damage . full airbag deployment . driver refused medical attention scene .,O,"[0.9999996423721313, 3.369146952536539e-07, 2.983306401915797e-08]",O,"[0.9999998807907104, 1.5264127739555988e-07, 4.071786519066478e-10]",O,"[0.97509765625, 0.024749755859375, 2.562999725341797e-05]"
1589,1589,176198464,unit 1 was eastbound on ir 70. unit 1 hydro planed off the right side of the roadway and struck a mile post sign.,20176198464,2017,O,12/1/2017 0:00,11,SBELIR00070**C,S,BEL,20.309,40.071722,-80.862418,66628,94726.0,12/23/2017 0:00,13,7,N,2.0,Y,Y,1.0,9,0,,ccedd4f1-7ff5-46b6-9033-72f32a7e6d7b,c6ab5873-bb17-4d5a-83da-687f461f2bf2,Y,20.309,SBELIR00070**C,N,1,07-1315-07,1,12,N,1,0,1,RICHLAND TOWNSHIP,1,W,Y,N,5.0,Y,0.1,,N,,N,RICHLAND TOWNSHIP,N,,0,,I 70,,70,IR,,219.0,N,,,,2,,,,,N,N,Y,0,0,N,1.0,0,2,2,,42749.0,N,218.928,27,Y,5,4,3,1,M,N,N,N,0,2,37,1,2,65,1,8,37,0,0,0,0,1,6,NT,1,60,,,,,,,,,,,,,,,,,,,,,,,,,,,,,,,,,,0,4,,unit1 . unit1 hydro planed side roadway struck mile post sign .,O,"[0.9999998807907104, 7.17514296866284e-08, 1.5938672603965642e-08]",O,"[1.0, 1.98849214871899e-10, 6.906702857203961e-13]",O,"[1.0, 0.0, 0.0]"
1590,1590,176203236,driver of unit# 1 stated he was traveling n/b sr-315 s/o lane and hydro planed from the water on the roadway spinning out of control crashing into the concrete wall. no injuries were reported. driver was cited for failure to control 2131.33 a c.c.c.,20176203236,2017,O,12/1/2017 0:00,6,SFRASR00315**C,S,FRA,4.27,40.005591,-83.030646,18000,19234.0,12/23/2017 0:00,13,7,N,2.0,Y,Y,2.0,2,0,34200.0,,,N,4.27,SFRASR00315**C,N,3,171101676,4,12,N,1,0,1,COLUMBUS,1,S,Y,N,6.0,N,0.057,,N,,N,COLUMBUS,N,,0,,,,315,SR,,,N,,W,LANE,1,,,,AVE,N,N,N,0,0,N,1.0,0,2,3,,329319.0,N,4.27,28,Y,99,2,1,1,M,N,N,N,0,2,35,1,2,55,1,9,35,0,0,0,0,1,6,NT,1,55,,,,,,,,,,,,,,,,,,,,,,,,,,,,,,,,,,0,4,,driver unit stated traveling sr hydro planed water roadway spinning control crashing concrete wall . injuries reported . driver cited failure control . c.c.c .,O,"[1.0, 5.3936503263685154e-08, 1.5073345238647562e-08]",O,"[1.0, 2.9008662139062835e-09, 2.3707368533576467e-12]",O,"[1.0, 0.0, 0.0]"
1591,1591,183219553,"unit # 1 was traveling i-70 w/b and took the ramp to travel onto sr-315. driver of unit # 1 stated; """" i came down the ramp and i must had hydro planed on the water on the road and crashed into the barrier. """" unit # 1 lost control; ran off the roadway to the left; struck the concrete barrier on the left; and came to rest facing e/b against the left side guard rail.",20183219553,2018,O,12/1/2018 0:00,6,SFRAIR00070**N,S,FRA,13.002,39.950983,-83.017564,18000,19234.0,12/28/2018 0:00,13,6,N,2.0,Y,Y,1.0,11,0,26600.0,,,Y,13.008,SFRAIR00070**C,N,1,181077091,1,12,N,1,0,1,COLUMBUS,1,W,Y,N,6.0,Y,0.019,,N,,N,COLUMBUS,N,,0,,I 70 E,,70,IR,,,N,,,,1,315,SR,,,N,N,N,0,0,N,1.0,0,2,4,,33544.0,N,99.029,30,Y,99,3,4,1,M,N,N,N,0,1,35,1,9,55,13,9,35,0,0,0,0,1,6,NT,1,50,,,,,,,,,,,,,,,,,,,,,,,,,,,,,,,,,,0,4,,unit1 traveling took ramp travel onto sr. driver unit1 stated ; `` '' came ramp must hydro planed water crashed barrier. `` '' unit1 lost control ; ran roadway left ; struck concrete barrier left ; came rest facing left side guard rail .,O,"[0.9999951124191284, 4.359188096714206e-06, 4.312724968258408e-07]",C,"[0.35082000494003296, 0.647315263748169, 0.0018647353863343596]",O,"[0.97998046875, 0.01910400390625, 0.0008625984191894531]"
1592,1592,183219558,unit #1 was eastbound on i-70 in the far right lane. unit #1 hydro planed on standing water and lost control of her vehicle. the vehicle spun around and struck the outside retaining wall. no injuries were reported and no other vehicles were involved. no other property was damaged.,20183219558,2018,O,12/1/2018 0:00,6,SFRAIR00070**C,S,FRA,17.018,39.950776,-82.944261,18000,19234.0,12/31/2018 0:00,13,2,N,2.0,Y,Y,1.0,9,0,,,,Y,17.018,SFRAIR00070**C,N,1,181084670,1,12,N,1,0,1,COLUMBUS,1,W,Y,N,7.0,Y,0.019,,N,,N,COLUMBUS,N,,0,,I 70 E,,70,IR,,,N,,,ALUM CREEK,1,,,,DR,N,N,N,0,0,N,1.0,0,2,4,,45245.0,N,103.045,34,Y,99,4,3,1,F,N,N,N,0,4,35,1,9,55,13,35,0,0,0,0,0,1,6,NT,3,55,,,,,,,,,,,,,,,,,,,,,,,,,,,,,,,,,,0,4,,unit1 far . unit1 hydro planed standing water lost control vehicle . vehicle spun around struck outside retaining wall . injuries reported vehicles involved . property damaged .,O,"[0.9999998807907104, 9.17991300752874e-08, 1.9097864623063288e-08]",O,"[1.0, 1.0878439482553404e-08, 2.762820571280966e-12]",O,"[1.0, 0.0, 0.0]"
1593,1593,183219671,"the driver of unit 1 was traveling n/b on sr 315 in the inside fast lane, and following a medic to riverside hospital. she stated that unit 1 began to hydro plane after going through standing water on the freeway causing the vehicle struck the middle concrete wall. unit 1 then went across all 3 lanes and struck the guard rail on the right side of the freeway. the front passenger side tire rim was wedged under the guard rail. both occupants in the vehicle stated they had knee pain, but were going to get checked out when they got to the hospital.unit 1 was following a medic which was transporting the drivers mother due to a medical emergency. if it were not for the standing water on the freeway this accident wouldn't have occurred. therefore no citation was issued in this accident due to it being an act of god.",20183219671,2018,C,12/1/2018 0:00,6,SFRASR00315**C,S,FRA,3.376,39.994339,-83.02455,18000,19234.0,12/28/2018 0:00,13,6,N,2.0,Y,Y,2.0,11,0,34100.0,,,N,3.376,SFRASR00315**C,N,1,181077160,4,12,N,0,0,1,COLUMBUS,1,S,Y,N,6.0,N,0.227,,N,,N,COLUMBUS,N,,0,,STATE ROUTE 315 N,,315,SR,,,N,,,KING,1,,,,AVE,N,N,N,0,0,N,1.0,2,2,4,,329318.0,N,3.376,28,Y,99,2,1,1,F,N,N,N,0,3,30,1,9,65,1,9,35,8,30,0,0,1,6,NT,4,65,,,,,,,,,,,,,,,,,,,,,,,,,,,,,,,,,,0,4,,"driver unit1 traveling inside fast , following medic riverside hospital . stated unit1 began hydro plane going standing water freeway causing vehicle struck middle concrete wall . unit1 went across lanes struck guard rail side freeway . front passenger side tire rim wedged guard rail . occupants vehicle stated knee pain , going get checked got hospital.unit1 following medic transporting drivers mother due medical emergency . standing water freeway accident would n't occurred . therefore citation issued accident due act god .",C,"[0.0002954915980808437, 0.9996938705444336, 1.0561644558038097e-05]",C,"[6.338073035294656e-06, 0.9999934434890747, 2.3120712455693138e-07]",C,"[2.682209014892578e-06, 1.0, 1.1920928955078125e-07]"
1594,1594,185218699,unit #1 was traveling westbound on ir 70. unit #1 hydro planed traveling off the right side of the roadway into a ditch filled with water.,20185218699,2018,O,12/1/2018 0:00,5,SGUEIR00070**N,S,GUE,22.908,40.05107,-81.330625,85708,99999.0,12/31/2018 0:00,13,2,N,2.0,Y,Y,1.0,14,0,,1b74557c-b277-4274-b9d6-01ba7bfd5b4a,af2c2321-2ad0-4994-9be1-bd4e14c7bcab,Y,22.944,SGUEIR00070**C,N,1,30-1125-30,1,12,N,1,0,1,WILLS TOWNSHIP,1,N,Y,N,4.0,Y,0.071,,N,,N,OXFORD TOWNSHIP,N,,0,,,,70,IR,,193.0,N,,,193,2,,,,,N,N,Y,0,0,N,1.0,0,2,1,,107423.0,N,193.045,27,Y,5,3,4,1,M,N,N,N,0,2,44,1,9,70,1,8,44,0,0,0,0,1,6,NT,1,65,,,,,,,,,,,,,,,,,,,,,,,,,,,,,,,,,,0,4,,unit1 traveling . unit1 hydro planed traveling side roadway ditch filled water .,O,"[0.9999986886978149, 1.2055602383043151e-06, 1.2730114917758328e-07]",O,"[0.9999998807907104, 6.484155079533593e-08, 2.7930721624436217e-10]",O,"[1.0, 0.0002892017364501953, 1.1146068572998047e-05]"
1595,1595,185219143,"unit #1 was traveling north on interstate 77, near mile post 112/6. unit #1 hydro planed, traveled off roadway to the left, striking a median cable barrier.",20185219143,2018,O,12/1/2018 0:00,4,SSTAIR00077**C,S,STA,17.662,40.894209,-81.431052,38094,13375.0,12/31/2018 0:00,13,2,N,2.0,Y,Y,1.0,16,0,,,,Y,17.662,SSTAIR00077**C,N,2,76-2158-76,1,12,N,3,0,1,JACKSON TOWNSHIP,1,E,Y,N,6.0,Y,0.4,,N,,N,JACKSON TOWNSHIP,N,,0,,,,77,IR,,113.0,N,,,113,2,,,,,N,N,N,0,0,N,1.0,0,2,1,,91291.0,N,112.644,35,Y,11,2,1,1,M,N,N,N,0,3,33,1,0,65,1,9,33,0,0,0,0,1,6,NT,4,58,,,,,,,,,,,,,,,,,,,,,,,,,,,,,,,,,,0,4,,"unit1 traveling interstate , near mile post . unit1 hydro planed , traveled roadway left , striking median cable barrier .",O,"[0.9999986886978149, 1.2420282473613042e-06, 1.1220260631716883e-07]",O,"[0.9988347887992859, 0.0011402106611058116, 2.5031546101672575e-05]",O,"[1.0, 1.0967254638671875e-05, 8.344650268554688e-07]"