,id,OBJECTID,Narrative,DOCUMENT_NBR,CRASH_YR,CRASH_SEVERITY_CD,CRASH_MONTH_YEAR,DISTRICT_NBR,NLFID,NLF_JUR_CD,NLF_COUNTY_CD,COUNTY_LOG_NBR,ODOT_LATITUDE_NBR,ODOT_LONGITUDE_NBR,ODOT_FIPS_CD,AREA_CODE,CRASH_DATE,CRASH_TYPE_CD,DAY_IN_WEEK_CD,DISTRACTED_DRIVER_IND,FACILITY_TYPE_CD,FHWA_RDWY_DEPARTURE_IND,FREEWAY_IND,FUNCTIONAL_CLASS_CD,HOUR_OF_CRASH,INCAPAC_INJURIES_NBR,INTERCHANGE_ID,INTERSECTION_ID_CURRENT,INTERSECTION_LEG_ID,INTERSTATE_IND,INV_LOG_NBR,INV_NLFID,IS_COMMERCIAL_RELATED,LIGHT_COND_PRIMARY_CD,LOCAL_REPORT_NUMBER_ID,MAINTENANCE_AUTHORITY_CD,MONTH_OF_CRASH,NHS_CD,NO_INJURY_REPORTED_NBR,NON_INCAPAC_INJURIES_NBR,NUMBER_OF_UNITS_NBR,ODOT_CITY_VILLAGE_TWP_NME,ODOT_CRASH_LOCATION_CD,ODOT_DIR_FROM_REF_CD,ODOT_DIV_UNDIV_IND,ODOT_INTERSECTION_REL_IND,ODOT_LANES_NBR,ODOT_MAINTAINED_HWY_IND,ODOT_MILES_FROM_REF_NBR,ODOT_REF_ROUTE_PREFIX_CD,ODOT_YOUNG_DRIVER_IND,ODPS_ADDRESS_REFERENCE,ODPS_ALCOHOL_IND,ODPS_CITY_VILLAGE_TWP_NME,ODPS_DRUG_IND,ODPS_LOC_DIR_SUFFIX_CD,ODPS_LOC_IN_WORK_ZONE_CD,ODPS_LOC_ROAD_DIRECTION_CD,ODPS_LOC_ROAD_NME,ODPS_LOC_ROAD_SUFFIX_CD,ODPS_LOC_ROUTE_ID,ODPS_LOC_ROUTE_PREFIX_CD,ODPS_LOC_ROUTE_SUFFIX_CD,ODPS_MILEPOST_REFERENCE,ODPS_MOTORCYCLE_IND,ODPS_REF_DIR_SUFFIX_CD,ODPS_REF_DIRECTION_CD,ODPS_REF_GIVEN,ODPS_REF_POINT_USED_CD,ODPS_REF_ROUTE_ID,ODPS_REF_ROUTE_PREFIX_CD,ODPS_REF_ROUTE_SUFFIX_CD,ODPS_REF_SUFFIX_CD,ODPS_SCHOOL_ZONE_IND,ODPS_SENIOR_DRIVER_IND,ODPS_SPEED_IND,ODPS_TOTAL_FATALITIES_NBR,ODPS_TYPE_OF_WORK_ZONE_CD,ODPS_WORK_ZONE_IND,OPER_ACCESS_CONTROL_CD,POSSIBLE_INJURIES_NBR,ROAD_COND_PRIMARY_CD,ROAD_CONTOUR_CD,SA_RAMP_ID,SA_SEGMENT_ID,SECONDARY_CRASH,STATE_TRUE_LOG_NBR,U1_AGE_NBR,U1_AT_FAULT_IND,U1_CONT_CIR_PRIMARY_CD,U1_DIRECTION_FROM_CD,U1_DIRECTION_TO_CD,U1_DISTRACTED_BY_1_CD,U1_GENDER_CD,U1_IS_ALCOHOL_SUSPECTED,U1_IS_MARIJUANA_SUSPECTED,U1_IS_OTHER_DRUG_SUSPECTED,U1_NON_MOTORIST_LOC_CD,U1_NUMBER_OF_THRU_LANES,U1_OBJECT_STRUCK,U1_ODPS_UNIT_NBR,U1_OPERATINGIN_AUTONOMOUS_MODE,U1_POSTED_SPEED_NBR,U1_PRECRASH_ACTION_CD,U1_SEQ_OF_EVENTS_1_CD,U1_SEQ_OF_EVENTS_2_CD,U1_SEQ_OF_EVENTS_3_CD,U1_SEQ_OF_EVENTS_4_CD,U1_SEQ_OF_EVENTS_5_CD,U1_SEQ_OF_EVENTS_6_CD,U1_SPECIAL_FUNCTION_CD,U1_TRAFFIC_CONTROL_CD,U1_TURN_CD,U1_TYPE_OF_UNIT_CD,U1_UNIT_SPEED_NBR,U2_AGE_NBR,U2_CONT_CIR_PRIMARY_CD,U2_DIRECTION_FROM_CD,U2_DIRECTION_TO_CD,U2_DISTRACTED_BY_1_CD,U2_GENDER_CD,U2_NON_MOTORIST_LOC_CD,U2_ODPS_UNIT_NBR,U2_POSTED_SPEED_NBR,U2_PRECRASH_ACTION_CD,U2_SEQ_OF_EVENTS_1_CD,U2_SEQ_OF_EVENTS_2_CD,U2_SEQ_OF_EVENTS_3_CD,U2_SEQ_OF_EVENTS_4_CD,U2_SEQ_OF_EVENTS_5_CD,U2_SEQ_OF_EVENTS_6_CD,U2_SPECIAL_FUNCTION_CD,U2_TRAFFIC_CONTROL_CD,U2_TURN_CD,U2_TYPE_OF_UNIT_CD,U2_UNIT_SPEED_NBR,U3_CONT_CIR_PRIMARY_CD,U3_ODPS_UNIT_NBR,U3_PRECRASH_ACTION_CD,U3_SEQ_OF_EVENTS_1_CD,U3_SEQ_OF_EVENTS_2_CD,U3_SEQ_OF_EVENTS_3_CD,U3_SEQ_OF_EVENTS_4_CD,U3_SEQ_OF_EVENTS_5_CD,U3_SEQ_OF_EVENTS_6_CD,U3_SPECIAL_FUNCTION_CD,U3_TRAFFIC_CONTROL_CD,U3_TYPE_OF_UNIT_CD,UNRESTRAIN_OCCUPANTS,WEATHER_COND_CD,V1,clean_Narrative,BERT_predictions,BERT_prediction_probabilities,RoBERTa_predictions,RoBERTa_predictions_probabilities,distilBERT_predictions,distilBERT_predictions_probabilities
1596,1596,186015385,unit #2 was traveling westbound on interstate 70 in the left lane. unit #1 was traveling westbound on interstate 70 in the right lane. unit #2 began to hydro plane loosing control of her car spinning across the interstate and striking unit #1 on the driver side then striking a guard rail coming to final rest. unit #1 then drove off the right side of the roadway striking a guard rail going down a small embankment and coming to final rest in a ditch.,20186015385,2018,AB,1/1/2018 0:00,7,SMOTIR00070**N,S,MOT,13.939,39.864446,-84.231748,10618,22528.0,1/22/2018 0:00,5,2,N,2.0,N,Y,1.0,20,0,,a0e413a8-b8d1-4359-8a02-fbc311e9a46c,8bcae114-7369-4f91-905d-676ecef6fddd,Y,13.941,SMOTIR00070**C,N,4,57-0122-57,1,1,N,1,1,2,BUTLER TOWNSHIP,1,E,Y,N,6.0,Y,0.6,,Y,,N,BUTLER TOWNSHIP,N,,0,,,,70,IR,,31.0,N,,,,2,,,,,N,N,Y,0,0,N,1.0,0,2,1,,56607.0,N,31.599,20,Y,5,3,4,1,F,N,N,N,0,2,30,2,2,65,9,20,30,0,0,0,0,1,6,NT,1,55,52.0,1.0,3.0,4.0,1.0,M,,1.0,65.0,1.0,20.0,8.0,31.0,45.0,44.0,,1.0,6.0,NT,4.0,55.0,,,,,,,,,,,,,0,4,,unit2 traveling interstate left . unit1 traveling interstate . unit2 began hydro plane loosing control car spinning across interstate striking unit1 driver side striking guard rail coming final rest . unit1 drove side roadway striking guard rail going small embankment coming final rest ditch .,O,"[0.9999775886535645, 2.0850731743848883e-05, 1.5089996168171638e-06]",O,"[0.9868471026420593, 0.012635431252419949, 0.0005174991092644632]",O,"[1.0, 0.00010311603546142578, 1.329183578491211e-05]"
1597,1597,186020473,"unit#1 was southbound and unit#2 was northbound on sr 7. unit#2 hydro planed, crossed the center line and struck unit#1.**8-27-2018 crash supplemented with charges filed.",20186020473,2018,AB,2/1/2018 0:00,10,SGALSR00007**C,S,GAL,4.748,38.599284,-82.213974,57974,99999.0,2/1/2018 0:00,6,5,N,2.0,Y,N,3.0,19,0,,,,N,4.748,SGALSR00007**C,N,4,27-0106-27,1,2,N,0,2,2,OHIO TOWNSHIP,1,N,N,N,2.0,Y,0.2,,N,,N,OHIO TOWNSHIP,N,,0,,,,7,SR,,5.0,N,,,,2,,,,,N,N,N,0,0,N,3.0,3,2,1,,148799.0,N,23.929,27,Y,99,2,1,1,F,N,N,N,0,2,0,2,2,55,1,11,20,0,0,0,0,1,6,NT,2,55,59.0,1.0,1.0,2.0,1.0,F,,1.0,55.0,1.0,20.0,,,,,,1.0,6.0,NT,1.0,55.0,,,,,,,,,,,,,1,4,,"unit1 unit2 . unit2 hydro planed , crossed center line struck unit1 . crash supplemented charges filed .",C,"[0.01683436706662178, 0.9659183621406555, 0.017247213050723076]",AB,"[0.02425721473991871, 0.19635453820228577, 0.7793882489204407]",O,"[0.98828125, 0.01141357421875, 0.0005731582641601562]"
1598,1598,186027716,"unit 1 was traveling west on us 224w. unit 1 started to hydro plane and hit the south side median and then the north side temporary barrier. unit 1 was not cited due to unexpected road conditions. there was heavy rain, and due to construction, the road cannot drain properly causing flooding. unit 1 was at fault for failure to control motor vehicle but not cited due to the above stated road conditions.",20186027716,2018,O,2/1/2018 0:00,4,SSUMIR00076**N,S,SUM,6.439,41.036143,-81.566293,1000,766.0,2/15/2018 0:00,13,5,N,2.0,Y,Y,1.0,20,0,,,,Y,6.598,SSUMIR00076**C,N,3,T18001209,1,2,N,1,0,1,AKRON,1,,Y,N,4.0,Y,0.0,IR,Y,,N,AKRON,N,,3,,US ROUTE 224 W,,224,US,,,N,E,,I 76 W,1,76,IR,,,N,N,N,0,2,Y,1.0,0,2,1,,118352.0,N,18.587,17,Y,99,3,4,1,F,N,N,N,0,2,36,1,2,55,1,36,0,0,0,0,0,1,6,NT,3,55,,,,,,,,,,,,,,,,,,,,,,,,,,,,,,,,,,0,4,,"unit1 traveling us 224w . unit1 started hydro plane hit side median side temporary barrier . unit1 cited due unexpected conditions . heavy rain , due construction , drain properly causing flooding . unit1 fault failure control motor vehicle cited due stated conditions .",O,"[0.9999933242797852, 6.279549324972322e-06, 3.19282179361835e-07]",O,"[0.9999948740005493, 5.160929049452534e-06, 5.356551113777641e-08]",O,"[1.0, 0.0002067089080810547, 1.0311603546142578e-05]"
1599,1599,186028851,unit 1 was west on cr 502 and hydro planed on the wet roadway. unit 1 drove off the north side of the roadway over an embankment. unit 1 overturned and came to rest on its top.,20186028851,2018,C,2/1/2018 0:00,3,CWAYCR00502**C,C,WAY,2.066,40.859003,-81.822221,31878,99999.0,2/19/2018 0:00,16,2,N,,Y,N,5.0,8,0,,,,N,2.066,CWAYCR00502**C,N,1,85-0271-85,2,2,,0,0,1,GREEN TOWNSHIP,1,E,N,N,2.0,N,0.1,TR,N,,N,GREEN TOWNSHIP,N,,0,,,,502,CR,,,N,,,,1,216,TR,,,N,N,Y,0,0,N,,1,2,1,,89672.0,N,2.066,53,Y,9,3,4,1,M,N,N,N,0,2,45,1,2,55,1,8,1,45,0,0,0,1,6,NT,1,55,,,,,,,,,,,,,,,,,,,,,,,,,,,,,,,,,,1,4,,unit1 cr hydro planed wet roadway . unit1 drove side roadway embankment . unit1 overturned came rest top .,C,"[0.2275719940662384, 0.7541359663009644, 0.018292022868990898]",C,"[0.020774707198143005, 0.9765309691429138, 0.0026943383272737265]",O,"[0.96044921875, 0.038421630859375, 0.001201629638671875]"
1600,1600,186029812,unit #1 was east bound on us 30 and hit a puddle of water around the intersection of richey rd and hydro planed and went off the left side of the roadway then went into the median and hit a one way sign right before the richey rd intersection. unit #1 was able to get out of the median and parked on the right side of the roadway.,20186029812,2018,O,2/1/2018 0:00,1,SVANUS00030**C,S,VAN,9.3,40.901658,-84.649122,78596,99999.0,2/19/2018 0:00,13,2,N,2.0,Y,N,3.0,5,0,,998789f3-25d2-450d-9904-1c65767dba8b,64fd5b73-4f35-4b47-9989-19c2f420b42b,N,9.3,SVANUS00030**C,N,4,18  0522  02,1,2,N,1,0,1,UNION TOWNSHIP,1,,Y,N,4.0,Y,0.0,CR,N,,N,UNION TOWNSHIP,N,,0,,US ROUTE 30 E,,30,US,,,N,,,RICHEY,1,,,,RD,N,N,N,0,0,N,2.0,0,2,1,,261869.0,N,10.474,56,Y,99,4,3,1,M,N,N,N,0,2,31,1,2,70,1,9,31,0,0,0,0,1,6,NT,1,60,,,,,,,,,,,,,,,,,,,,,,,,,,,,,,,,,,0,4,,unit1 us hit puddle water around intersection richey hydro planed went left side roadway went median hit one sign richey intersection . unit1 able get median parked side roadway .,O,"[0.9999998807907104, 1.0407583062033154e-07, 1.4228158207174602e-08]",O,"[1.0, 5.01736881208803e-11, 2.220969007391948e-14]",O,"[1.0, 0.0, 0.0]"
1601,1601,186029900,unit #1 was traveling west bound on i90 in the high speed land near mile marker 164. unit #1 hydro planed due to the ran and wet roads. unit #1 then shot across the other lanes of travel and slammed into the cement barrier wall.,20186029900,2018,O,2/1/2018 0:00,12,SCUYIR00090**N,S,CUY,7.703,41.471979,-81.823883,41664,17668.0,2/21/2018 0:00,13,4,N,2.0,Y,Y,1.0,6,0,,,,Y,7.697,SCUYIR00090**C,N,3,18  000772,1,2,N,1,0,1,LAKEWOOD,1,,Y,N,8.0,Y,0.0,,Y,,N,LAKEWOOD,N,,0,,,,90,IR,,164.0,N,,,,2,,,,,N,N,N,0,0,N,1.0,0,2,1,,47200.0,N,163.522,23,Y,99,3,4,1,M,N,N,N,0,2,35,1,2,50,1,35,0,0,0,0,0,1,6,NT,1,50,,,,,,,,,,,,,,,,,,,,,,,,,,,,,,,,,,0,4,,unit1 traveling high speed land near mile marker . unit1 hydro planed due ran wet roads . unit1 shot across lanes travel slammed cement barrier wall .,C,"[0.01288954820483923, 0.6111175417900085, 0.37599289417266846]",O,"[0.7506574988365173, 0.24841652810573578, 0.0009259888320229948]",AB,"[0.019287109375, 0.10406494140625, 0.876953125]"
1602,1602,186031205,unit #1 was westbound on ir 70 when it attempted to pass traffic on the wet roadway. unit #1 hydro planed and slid off the left side of the roadway striking the cement median wall twice before coming back onto the roadway coming to final rest.,20186031205,2018,C,2/1/2018 0:00,7,SCLAIR00070**N,S,CLA,4.492,39.87476,-83.970862,46788,99999.0,2/22/2018 0:00,13,5,N,2.0,Y,Y,1.0,3,0,,,,Y,4.5,SCLAIR00070**C,N,4,12-0256-12,1,2,N,1,0,1,MAD RIVER TOWNSHIP,1,W,Y,N,6.0,Y,0.3,,N,,N,MAD RIVER TOWNSHIP,N,,0,,,,70,IR,,46.0,N,,,,2,,,,,N,N,Y,0,0,N,1.0,1,2,1,,33455.0,N,45.696,30,Y,5,3,4,1,M,N,N,N,0,2,35,1,2,70,4,9,35,35,0,0,0,1,6,NT,1,75,,,,,,,,,,,,,,,,,,,,,,,,,,,,,,,,,,0,4,,unit1 attempted pass traffic wet roadway . unit1 hydro planed slid left side roadway striking cement median wall twice coming back onto roadway coming final rest .,O,"[0.9999456405639648, 5.226312350714579e-05, 2.119714736181777e-06]",O,"[0.9999995231628418, 4.5801954229318653e-07, 1.3283768751648495e-08]",O,"[1.0, 0.0, 0.0]"
1603,1603,186031303,"unit #1 was westbound on the ohio turnpike (ir 0076). unit #1 hydro planed on the slushy road, drove off the right side of the roadway, and struck the guardrail.",20186031303,2018,AB,2/1/2018 0:00,4,SMAHIR00076*KN,S,MAH,3.674,41.070638,-80.791779,3198,97831.0,2/22/2018 0:00,13,5,N,2.0,Y,Y,1.0,8,0,,,,Y,3.663,SMAHIR00076*KC,N,1,91-0169-50,31,2,N,0,1,1,AUSTINTOWN TOWNSHIP,1,W,Y,N,4.0,N,0.3,,N,,N,AUSTINTOWN,N,,0,,,,76,IR,K,223.0,N,,,,2,,,,,N,N,Y,0,0,N,1.0,0,7,1,,39592.0,N,222.661,35,Y,5,3,4,1,F,N,N,N,0,2,30,1,2,70,1,8,30,0,0,0,0,1,6,NT,1,65,,,,,,,,,,,,,,,,,,,,,,,,,,,,,,,,,,0,5,,"unit1 ohio turnpike . unit1 hydro planed slushy , drove side roadway , struck guardrail .",O,"[0.9999985694885254, 1.3386191994868568e-06, 1.0119621407511659e-07]",O,"[1.0, 1.0524451310445215e-09, 1.7518099601140924e-12]",O,"[1.0, 0.0, 0.0]"
1604,1604,186031948,unit 1 was northbound on ir 71. unit 1 began to hydro plane due to the heavy rain and lost control. unit 1 traveled off the right side of the road striking the guard rail.,20186031948,2018,O,2/1/2018 0:00,3,SRICIR00071**C,S,RIC,20.501,40.799607,-82.390174,50092,99999.0,2/19/2018 0:00,13,2,N,2.0,Y,Y,1.0,8,0,,,,Y,20.501,SRICIR00071**C,N,1,70-0276-70,1,2,N,1,0,1,MIFFLIN TOWNSHIP,1,N,Y,N,6.0,Y,0.6,,Y,,N,MIFFLIN TOWNSHIP,N,,0,,,,71,IR,,178.0,N,,,,2,,,,,N,N,Y,0,0,N,1.0,0,2,1,,81169.0,N,178.592,25,Y,5,2,1,1,M,N,N,N,0,2,30,1,2,70,1,8,30,0,0,0,0,1,6,NT,1,73,,,,,,,,,,,,,,,,,,,,,,,,,,,,,,,,,,0,4,,unit1 . unit1 began hydro plane due heavy rain lost control . unit1 traveled side striking guard rail .,O,"[0.9999676942825317, 3.0362170946318656e-05, 1.9036534695260343e-06]",O,"[0.9984322190284729, 0.001516799908131361, 5.089706974104047e-05]",O,"[0.98388671875, 0.0164031982421875, 0.0003948211669921875]"
1605,1605,186032528,at about 0005 hours on 02/25/2018 unit #1 was traveling west on u.s. route 35 at approximately 55 mph and when at u.s. route 35 just east of the james h mcgee blvd exit ramp apparently lost control due to hydro planing and went off the right side of the roadway and collided with the guard rail on the north side of the highway and then struck the south wall,20186032528,2018,O,2/1/2018 0:00,7,SMOTUS00035**N,S,MOT,15.085,39.747366,-84.21011,21000,22528.0,2/25/2018 0:00,13,1,N,2.0,Y,Y,2.0,0,0,,,,N,15.123,SMOTUS00035**C,N,3,1802250002,4,2,N,1,0,1,DAYTON,1,E,Y,N,4.0,N,1.0,,N,,N,DAYTON,N,,0,,US ROUTE 35 W,,35,US,,,N,,S,JAMES H MCGEE,1,,,,BLVD,N,N,N,0,0,N,1.0,0,2,1,,241629.0,N,35.008,32,Y,99,3,4,1,F,N,N,N,0,2,34,1,2,55,1,34,0,0,0,0,0,1,6,NT,1,55,,,,,,,,,,,,,,,,,,,,,,,,,,,,,,,,,,0,4,,unit1 traveling u.s. approximately mph u.s. james h mcgee exit ramp apparently lost control due hydro planing went side roadway collided guard rail side struck wall,O,"[0.9954929351806641, 0.004250280559062958, 0.0002568294876255095]",C,"[0.24600087106227875, 0.7389767169952393, 0.015022417530417442]",O,"[0.99609375, 0.003387451171875, 0.0001494884490966797]"
1606,1606,186034744,unit #1 was traveling south on sr 83. unit #1 hydro planed and traveled off the right side of the roadway. unit #1 struck several fence posts and a bush before coming to rest.,20186034744,2018,O,3/1/2018 0:00,3,SMEDSR00083**C,S,MED,5.215,41.057611,-82.021553,34104,99999.0,3/1/2018 0:00,13,5,N,2.0,Y,N,4.0,10,0,,,,N,5.215,SMEDSR00083**C,N,1,52-0296-52,1,3,,1,0,1,HARRISVILLE TOWNSHIP,1,N,N,N,2.0,Y,0.2,,N,,N,HARRISVILLE TOWNSHIP,N,,0,,,,83,SR,,5.0,N,,,,2,,,,,N,N,Y,0,0,N,3.0,0,2,1,,152896.0,N,125.696,56,Y,5,1,2,1,M,N,N,N,0,2,48,1,2,55,9,8,46,46,48,0,0,1,4,NT,3,0,,,,,,,,,,,,,,,,,,,,,,,,,,,,,,,,,,0,4,,unit1 traveling . unit1 hydro planed traveled side roadway . unit1 struck several fence posts bush coming rest .,O,"[0.9999998807907104, 6.750007486289178e-08, 1.3533349552119489e-08]",O,"[1.0, 7.343555985528383e-09, 2.369526450052284e-11]",O,"[1.0, 0.0, 0.0]"
1607,1607,186035270,"unit 1 was traveling west on us 20, hydro planed and turned 180 degrees striking the concrete median.",20186035270,2018,O,3/1/2018 0:00,3,SLORUS00020**N,S,LOR,13.505,41.320684,-82.10841,12140,99999.0,3/1/2018 0:00,13,5,N,2.0,Y,Y,2.0,14,0,,,,N,13.5,SLORUS00020**C,N,1,47-0283-47,1,3,N,1,0,1,CARLISLE TOWNSHIP,1,W,Y,N,4.0,Y,0.5,,Y,,N,CARLISLE TOWNSHIP,N,,0,,,,20,US,,14.0,N,,,,2,,,,,N,N,Y,0,0,N,1.0,0,2,2,,262549.0,N,159.364,24,Y,5,3,4,1,F,N,N,N,0,2,35,1,2,65,1,9,35,0,0,0,0,1,6,NT,3,65,,,,,,,,,,,,,,,,,,,,,,,,,,,,,,,,,,0,4,,"unit1 traveling us , hydro planed turned degrees striking concrete median .",O,"[0.9999983310699463, 1.5759795815029065e-06, 1.273266008183782e-07]",O,"[0.9903097748756409, 0.009385868906974792, 0.00030430115293711424]",O,"[1.0, 0.0, 0.0]"
1608,1608,186042866,"unit 1 was traveling southbound on valley pike and drove into standing water on the roadway. unit 1 began to hydro plane and ran off the right side of the roadway. unit 1 slid down a steep embankment and into a drainage ditch. the drainage ditch was full of water due to heavy rain. unit 1 was swept down the drainage ditch, going under one private bridge and becoming lodged against another. owner of the private bridges is david conrad: 4834 valley pike 937-788-2500",20186042866,2018,O,2/1/2018 0:00,7,CCHPCR00015**C,C,CHP,1.281,40.047293,-83.83191,46760,99999.0,2/24/2018 0:00,13,7,N,,Y,N,5.0,23,0,,,,N,1.281,CCHPCR00015**C,N,4,18006783,2,2,,1,0,1,MAD RIVER TOWNSHIP,1,,N,N,2.0,N,0.0,,N,4728,N,MAD RIVER TOWNSHIP,N,,0,,VALLEY,ST,,,,,N,,,,3,,,,,N,N,N,0,0,N,,0,2,1,,6858.0,N,1.281,31,Y,99,1,2,1,M,N,N,N,0,2,54,1,2,55,1,8,3,54,0,0,0,1,6,NT,3,35,,,,,,,,,,,,,,,,,,,,,,,,,,,,,,,,,,0,4,,"unit1 traveling valley pike drove standing water roadway . unit1 began hydro plane ran side roadway . unit1 slid steep embankment drainage ditch . drainage ditch full water due heavy rain . unit1 swept drainage ditch , going one private bridge becoming lodged another . owner private bridges david conrad : valley pike",O,"[0.9999998807907104, 1.0064312760960092e-07, 2.2136170230169228e-08]",O,"[1.0, 4.466970682237559e-10, 5.988599373341064e-12]",O,"[1.0, 0.0, 0.0]"
1609,1609,186046208,"unit #1 was w/b on i-90 approaching the 161.2 mm. the operator of unit #1 ran into standing water and started to hydro plane. unit #1 slid off the road to the right, down the embankment striking several fence posts and tearing down the chain link fence.",20186046208,2018,O,2/1/2018 0:00,12,SCUYIR00090**N,S,CUY,5.3,41.476366,-81.868867,68056,17668.0,2/19/2018 0:00,13,2,N,2.0,Y,Y,1.0,8,0,,,,Y,5.299,SCUYIR00090**C,N,1,201800307,1,2,N,2,0,1,ROCKY RIVER,1,,Y,N,6.0,Y,0.0,,N,,N,ROCKY RIVER,N,,0,,,,90,IR,,161.2,N,,,,2,,,,,N,N,N,0,0,N,1.0,0,2,3,,39670.0,N,161.119,26,Y,99,3,4,1,M,N,N,N,0,2,46,1,2,60,1,8,46,0,0,0,0,1,6,NT,1,60,,,,,,,,,,,,,,,,,,,,,,,,,,,,,,,,,,0,4,,"unit1 approaching . mm . operator unit1 ran standing water started hydro plane . unit1 slid , embankment striking several fence posts tearing chain link fence .",O,"[0.9999997615814209, 2.5350033183713094e-07, 3.337578391438001e-08]",O,"[1.0, 2.250614104803983e-11, 1.8656295380629385e-14]",O,"[1.0, 0.0, 0.0]"
1610,1610,186051291,unit #1 was northbound on interstate route 71. unit #1 hydro planed off the right side of the road and overturned twice.,20186051291,2018,O,3/1/2018 0:00,6,SMRWIR00071**C,S,MRW,5.356,40.422045,-82.819743,33600,99999.0,3/27/2018 0:00,16,3,N,2.0,Y,Y,1.0,10,0,,,,Y,5.356,SMRWIR00071**C,N,1,59-0382-59,1,3,N,3,0,1,HARMONY TOWNSHIP,1,N,Y,N,6.0,Y,0.5,,N,,N,BENNINGTON TOWNSHIP,N,,0,,,,71,IR,,143.0,N,,,,2,,,,,N,N,Y,0,0,N,1.0,0,2,1,,91055.0,N,143.529,55,Y,9,2,1,1,F,N,N,N,0,2,0,1,2,70,1,8,1,1,0,0,0,1,6,NT,1,74,,,,,,,,,,,,,,,,,,,,,,,,,,,,,,,,,,0,4,,unit1 interstate . unit1 hydro planed side overturned twice .,O,"[0.6550916433334351, 0.3344705104827881, 0.010437908582389355]",C,"[0.016805872321128845, 0.9791002869606018, 0.004093870520591736]",C,"[0.01052093505859375, 0.947265625, 0.0426025390625]"
1611,1611,186051901,"unit #1 traveling westbouind on phillipsburg union road hydro planed on standing water causing driver to fail to maintain reasonable control leaving roadway to the right and striking a utility pole. driver stated other causative factors to the crash may include that just prior to accident he was distracted when reaching in back seat for item, and had a doughnut spare on left rear of vehicle.",20186051901,2018,O,3/1/2018 0:00,7,CMOTCR00008**C,C,MOT,5.752,39.90503,-84.377092,15518,99999.0,3/29/2018 0:00,13,5,Y,,Y,N,6.0,16,0,,,,N,5.752,CMOTCR00008**C,N,1,18  632   03,2,3,,1,0,1,CLAY TOWNSHIP,1,,N,N,2.0,N,0.0,,N,6447,N,CLAY TOWNSHIP,Y,,0,,PHILLIPSBURG UNION,RD,,,,,N,,,,3,,,,,N,N,N,0,0,N,,0,2,1,,3802.0,N,5.752,29,Y,99,3,4,7,M,N,N,N,0,2,40,1,2,50,1,8,40,0,0,0,0,1,6,NT,1,50,,,,,,,,,,,,,,,,,,,,,,,,,,,,,,,,,,0,4,,"unit1 traveling westbouind phillipsburg union hydro planed standing water causing driver fail maintain reasonable control leaving roadway striking utility pole . driver stated causative factors crash may include prior accident distracted reaching back seat item , doughnut spare left rear vehicle .",O,"[0.9999672174453735, 3.165262387483381e-05, 1.0857531833607936e-06]",C,"[0.01628611981868744, 0.9832813143730164, 0.00043254761840216815]",C,"[0.405517578125, 0.59033203125, 0.0043182373046875]"
1612,1612,186053159,unit 1 was westbound on sr 347 when the vehicle hydro planed across the center line striking unit 2.,20186053159,2018,O,4/1/2018 0:00,6,SUNISR00347**C,S,UNI,14.323,40.344797,-83.282062,42490,99999.0,4/3/2018 0:00,18,3,N,2.0,Y,N,4.0,17,0,,,,N,14.323,SUNISR00347**C,N,1,80  18    168,1,4,,3,0,2,LEESBURG TOWNSHIP,1,W,N,N,2.0,Y,0.009,,Y,11957,N,LEESBURG TOWNSHIP,N,,0,,,,347,SR,,,N,,,,3,,,,,N,N,Y,0,0,N,3.0,0,2,1,,195372.0,N,20.038,23,Y,99,3,4,1,F,N,N,N,0,2,0,1,2,55,1,11,20,0,0,0,0,1,6,NT,1,57,51.0,1.0,4.0,3.0,1.0,F,,2.0,55.0,1.0,20.0,,,,,,1.0,6.0,NT,3.0,50.0,,,,,,,,,,,,,0,2,,unit1 vehicle hydro planed across center line striking unit2 .,O,"[0.9999995231628418, 5.135037781656138e-07, 4.675494125194746e-08]",O,"[0.9999959468841553, 3.933532752853353e-06, 6.264862406624161e-08]",O,"[1.0, 0.0, 0.0]"
1613,1613,186053888,"unit #1, #2 and #3 were traveling south on ir 71. unit #1 was traveling too fast for the road conditions and started to hydro plane. unit #1 spun into the path of unit #2 causing unit #2 to strike unit #1. unit #2 attempted to avoid unit #1 and forced unit #3 off the roadway and into a guard rail.",20186053888,2018,O,4/1/2018 0:00,3,SMEDIR00071**N,S,MED,1.964,40.997667,-81.9948,34104,99999.0,4/3/2018 0:00,5,3,N,2.0,N,Y,1.0,7,0,66200.0,,,Y,1.952,SMEDIR00071**C,Y,1,52-0422-52,1,4,N,3,0,3,HARRISVILLE TOWNSHIP,1,S,Y,N,6.0,Y,0.028,,Y,,N,HARRISVILLE TOWNSHIP,N,,0,,,,71,IR,,204.0,N,,,,2,,,,,N,N,Y,0,0,N,1.0,0,2,1,,56698.0,N,203.968,25,Y,5,1,2,1,F,N,N,N,0,2,0,1,2,70,1,20,8,0,0,0,0,1,6,NT,1,73,62.0,1.0,1.0,2.0,1.0,M,,2.0,70.0,1.0,20.0,,,,,,1.0,6.0,NT,15.0,60.0,1.0,3.0,1.0,20.0,8.0,30.0,,,,1.0,6.0,1.0,0,4,,"unit1 , traveling . unit1 traveling fast conditions started hydro plane . unit1 spun path unit2 causing unit2 strike unit1 . unit2 attempted avoid unit1 forced unit3 roadway guard rail .",O,"[0.7694501876831055, 0.20011049509048462, 0.030439360067248344]",C,"[0.016695266589522362, 0.9811792969703674, 0.0021255025640130043]",O,"[0.8408203125, 0.1458740234375, 0.01317596435546875]"
1614,1614,186054606,"unit 1 was traveling west on smith road and stated the vehicle started to hydro plane due to water on the roadway. unit 1 traveled off the south side of the roadway striking a fence, two small trees and a utility pole before coming to rest in a yard.",20186054606,2018,O,4/1/2018 0:00,7,CSHECR00124**C,C,SHE,0.007,40.24175,-84.332851,44884,99999.0,4/3/2018 0:00,13,3,N,,Y,N,7.0,8,0,,fa521d14-32c3-46f2-9b1b-5ae7998db2e1,07596474-4c09-40d1-880d-8bcd7546d43d,N,0.007,CSHECR00124**C,N,1,18006041,2,4,,2,0,1,LORAMIE TOWNSHIP,1,E,N,N,2.0,N,0.2,SR,Y,,N,LORAMIE TOWNSHIP,N,,0,,SMITH,ST,,,,,N,,,JEROME,1,,,,DR,N,N,N,0,0,N,,0,2,1,,21157.0,N,0.007,17,Y,99,3,4,1,M,N,N,N,0,2,40,1,2,55,1,8,46,48,40,0,0,1,6,NT,1,55,,,,,,,,,,,,,,,,,,,,,,,,,,,,,,,,,,0,4,,"unit1 traveling smith stated vehicle started hydro plane due water roadway . unit1 traveled side roadway striking fence , two small trees utility pole coming rest yard .",O,"[0.9999998807907104, 1.2023323847643042e-07, 2.5935939618193515e-08]",O,"[0.9987092018127441, 0.001209913520142436, 8.082434214884415e-05]",O,"[1.0, 2.0444393157958984e-05, 4.649162292480469e-06]"