,id,OBJECTID,Narrative,DOCUMENT_NBR,CRASH_YR,CRASH_SEVERITY_CD,CRASH_MONTH_YEAR,DISTRICT_NBR,NLFID,NLF_JUR_CD,NLF_COUNTY_CD,COUNTY_LOG_NBR,ODOT_LATITUDE_NBR,ODOT_LONGITUDE_NBR,ODOT_FIPS_CD,AREA_CODE,CRASH_DATE,CRASH_TYPE_CD,DAY_IN_WEEK_CD,DISTRACTED_DRIVER_IND,FACILITY_TYPE_CD,FHWA_RDWY_DEPARTURE_IND,FREEWAY_IND,FUNCTIONAL_CLASS_CD,HOUR_OF_CRASH,INCAPAC_INJURIES_NBR,INTERCHANGE_ID,INTERSECTION_ID_CURRENT,INTERSECTION_LEG_ID,INTERSTATE_IND,INV_LOG_NBR,INV_NLFID,IS_COMMERCIAL_RELATED,LIGHT_COND_PRIMARY_CD,LOCAL_REPORT_NUMBER_ID,MAINTENANCE_AUTHORITY_CD,MONTH_OF_CRASH,NHS_CD,NO_INJURY_REPORTED_NBR,NON_INCAPAC_INJURIES_NBR,NUMBER_OF_UNITS_NBR,ODOT_CITY_VILLAGE_TWP_NME,ODOT_CRASH_LOCATION_CD,ODOT_DIR_FROM_REF_CD,ODOT_DIV_UNDIV_IND,ODOT_INTERSECTION_REL_IND,ODOT_LANES_NBR,ODOT_MAINTAINED_HWY_IND,ODOT_MILES_FROM_REF_NBR,ODOT_REF_ROUTE_PREFIX_CD,ODOT_YOUNG_DRIVER_IND,ODPS_ADDRESS_REFERENCE,ODPS_ALCOHOL_IND,ODPS_CITY_VILLAGE_TWP_NME,ODPS_DRUG_IND,ODPS_LOC_DIR_SUFFIX_CD,ODPS_LOC_IN_WORK_ZONE_CD,ODPS_LOC_ROAD_DIRECTION_CD,ODPS_LOC_ROAD_NME,ODPS_LOC_ROAD_SUFFIX_CD,ODPS_LOC_ROUTE_ID,ODPS_LOC_ROUTE_PREFIX_CD,ODPS_LOC_ROUTE_SUFFIX_CD,ODPS_MILEPOST_REFERENCE,ODPS_MOTORCYCLE_IND,ODPS_REF_DIR_SUFFIX_CD,ODPS_REF_DIRECTION_CD,ODPS_REF_GIVEN,ODPS_REF_POINT_USED_CD,ODPS_REF_ROUTE_ID,ODPS_REF_ROUTE_PREFIX_CD,ODPS_REF_ROUTE_SUFFIX_CD,ODPS_REF_SUFFIX_CD,ODPS_SCHOOL_ZONE_IND,ODPS_SENIOR_DRIVER_IND,ODPS_SPEED_IND,ODPS_TOTAL_FATALITIES_NBR,ODPS_TYPE_OF_WORK_ZONE_CD,ODPS_WORK_ZONE_IND,OPER_ACCESS_CONTROL_CD,POSSIBLE_INJURIES_NBR,ROAD_COND_PRIMARY_CD,ROAD_CONTOUR_CD,SA_RAMP_ID,SA_SEGMENT_ID,SECONDARY_CRASH,STATE_TRUE_LOG_NBR,U1_AGE_NBR,U1_AT_FAULT_IND,U1_CONT_CIR_PRIMARY_CD,U1_DIRECTION_FROM_CD,U1_DIRECTION_TO_CD,U1_DISTRACTED_BY_1_CD,U1_GENDER_CD,U1_IS_ALCOHOL_SUSPECTED,U1_IS_MARIJUANA_SUSPECTED,U1_IS_OTHER_DRUG_SUSPECTED,U1_NON_MOTORIST_LOC_CD,U1_NUMBER_OF_THRU_LANES,U1_OBJECT_STRUCK,U1_ODPS_UNIT_NBR,U1_OPERATINGIN_AUTONOMOUS_MODE,U1_POSTED_SPEED_NBR,U1_PRECRASH_ACTION_CD,U1_SEQ_OF_EVENTS_1_CD,U1_SEQ_OF_EVENTS_2_CD,U1_SEQ_OF_EVENTS_3_CD,U1_SEQ_OF_EVENTS_4_CD,U1_SEQ_OF_EVENTS_5_CD,U1_SEQ_OF_EVENTS_6_CD,U1_SPECIAL_FUNCTION_CD,U1_TRAFFIC_CONTROL_CD,U1_TURN_CD,U1_TYPE_OF_UNIT_CD,U1_UNIT_SPEED_NBR,U2_AGE_NBR,U2_CONT_CIR_PRIMARY_CD,U2_DIRECTION_FROM_CD,U2_DIRECTION_TO_CD,U2_DISTRACTED_BY_1_CD,U2_GENDER_CD,U2_NON_MOTORIST_LOC_CD,U2_ODPS_UNIT_NBR,U2_POSTED_SPEED_NBR,U2_PRECRASH_ACTION_CD,U2_SEQ_OF_EVENTS_1_CD,U2_SEQ_OF_EVENTS_2_CD,U2_SEQ_OF_EVENTS_3_CD,U2_SEQ_OF_EVENTS_4_CD,U2_SEQ_OF_EVENTS_5_CD,U2_SEQ_OF_EVENTS_6_CD,U2_SPECIAL_FUNCTION_CD,U2_TRAFFIC_CONTROL_CD,U2_TURN_CD,U2_TYPE_OF_UNIT_CD,U2_UNIT_SPEED_NBR,U3_CONT_CIR_PRIMARY_CD,U3_ODPS_UNIT_NBR,U3_PRECRASH_ACTION_CD,U3_SEQ_OF_EVENTS_1_CD,U3_SEQ_OF_EVENTS_2_CD,U3_SEQ_OF_EVENTS_3_CD,U3_SEQ_OF_EVENTS_4_CD,U3_SEQ_OF_EVENTS_5_CD,U3_SEQ_OF_EVENTS_6_CD,U3_SPECIAL_FUNCTION_CD,U3_TRAFFIC_CONTROL_CD,U3_TYPE_OF_UNIT_CD,UNRESTRAIN_OCCUPANTS,WEATHER_COND_CD,V1,clean_Narrative,BERT_predictions,BERT_prediction_probabilities,RoBERTa_predictions,RoBERTa_predictions_probabilities,distilBERT_predictions,distilBERT_predictions_probabilities
1615,1615,186054854,"unit #1 was north on ir 71. unit #1 hydro planed,ran off the road left and struck a concrete barrier.",20186054854,2018,O,4/1/2018 0:00,8,SWARIR00071**C,S,WAR,5.337,39.356875,-84.263867,48188,16885.0,4/3/2018 0:00,13,3,N,2.0,Y,Y,1.0,8,0,94600.0,,,Y,5.337,SWARIR00071**C,N,1,83-0338-83,1,4,N,3,0,1,MASON,1,N,Y,N,6.0,Y,0.2,,N,,N,DEERFIELD TOWNSHIP,N,,0,,,,71,IR,,25.0,N,,,,2,,,,,N,N,Y,0,0,N,1.0,0,2,2,,91058.0,N,25.237,38,Y,5,8,5,1,M,N,N,N,0,2,35,1,2,60,1,9,35,0,0,0,0,1,6,NT,4,70,,,,,,,,,,,,,,,,,,,,,,,,,,,,,,,,,,0,3,,"unit1 . unit1 hydro planed , ran left struck concrete barrier .",O,"[0.9991312623023987, 0.0008225987548939884, 4.621660627890378e-05]",O,"[0.5313919186592102, 0.4660033583641052, 0.0026047134306281805]",O,"[0.9990234375, 0.0009927749633789062, 2.6702880859375e-05]"
1616,1616,186054904,unit #1 was northbound on interstate route 71. unit #1 hydro planed off the left side of the road and struck the median cable.,20186054904,2018,O,4/1/2018 0:00,6,SMRWIR00071**C,S,MRW,7.055,40.441804,-82.801642,33600,99999.0,4/3/2018 0:00,13,3,N,2.0,Y,Y,1.0,12,0,,,,Y,7.055,SMRWIR00071**C,N,1,59-0416-59,1,4,N,2,0,1,HARMONY TOWNSHIP,1,N,Y,N,6.0,Y,0.2,,N,,N,HARMONY TOWNSHIP,N,,0,,,,71,IR,,145.0,N,,,,2,,,,,N,Y,N,0,0,N,1.0,0,2,1,,91055.0,N,145.228,73,Y,9,2,1,1,M,N,N,N,0,2,33,1,2,70,1,9,33,0,0,0,0,1,6,NT,1,65,,,,,,,,,,,,,,,,,,,,,,,,,,,,,,,,,,0,4,,unit1 interstate . unit1 hydro planed left side struck median cable .,O,"[0.9965253472328186, 0.0032972260378301144, 0.00017732434207573533]",O,"[0.9999421834945679, 5.724921720684506e-05, 6.111945367592853e-07]",O,"[0.9990234375, 0.0010080337524414062, 5.060434341430664e-05]"
1617,1617,186055013,unit #1 was traveling northbound on s tecumseh road. unit #1 hydro planed and struck a fence and pole off the left side of the roadway.,20186055013,2018,O,4/1/2018 0:00,7,CCLACR00323**C,C,CLA,2.949,39.867238,-83.890003,46788,99999.0,4/3/2018 0:00,13,3,N,,Y,N,6.0,14,0,,,,N,2.949,CCLACR00323**C,N,1,12-0418-12,2,4,,1,0,1,MAD RIVER TOWNSHIP,1,N,N,N,2.0,N,0.3,,Y,,N,MAD RIVER TOWNSHIP,N,,0,S,TECUMSEH,RD,,,,,N,,,REBERT,1,,,,PIKE,N,N,N,0,0,N,,0,2,2,,84239.0,N,2.949,18,Y,9,2,1,1,F,N,N,N,0,2,40,1,2,55,1,9,40,46,0,0,0,1,4,NT,1,50,,,,,,,,,,,,,,,,,,,,,,,,,,,,,,,,,,0,2,,unit1 traveling tecumseh . unit1 hydro planed struck fence pole left side roadway .,O,"[0.9999713897705078, 2.723657053138595e-05, 1.4863309161228244e-06]",O,"[0.9960139989852905, 0.0038816218730062246, 0.00010441879567224532]",O,"[1.0, 1.1920928955078125e-07, 0.0]"
1618,1618,186059281,unit #1 was eastbound on ir. 70 in the right lane. unit #1 hydro planed and slid across three lanes then slid backwards into the median barrier cable.,20186059281,2018,O,4/1/2018 0:00,7,SCLAIR00070**C,S,CLA,21.61,39.931814,-83.676942,33586,99999.0,4/15/2018 0:00,13,1,N,2.0,Y,Y,1.0,12,0,,,,Y,21.61,SCLAIR00070**C,N,1,12-0453-12,1,4,N,3,0,1,HARMONY TOWNSHIP,1,W,Y,N,6.0,Y,0.2,,Y,,N,HARMONY TOWNSHIP,N,,0,,,,70,IR,,63.0,N,,,,2,,,,,N,N,Y,0,0,N,1.0,0,2,3,,39404.0,N,62.814,20,Y,5,4,3,1,F,N,N,N,0,2,33,1,2,70,1,9,33,0,0,0,0,1,6,NT,1,75,,,,,,,,,,,,,,,,,,,,,,,,,,,,,,,,,,0,4,,unit1 ir . . unit1 hydro planed slid across three lanes slid backwards median barrier cable .,O,"[0.9999977350234985, 2.175260760850506e-06, 1.5276677345354983e-07]",O,"[1.0, 3.0653164451166504e-09, 4.169569203793522e-11]",O,"[1.0, 1.9073486328125e-06, 5.960464477539063e-08]"
1619,1619,186060121,"unit #1 was traveling south bound on i75 in the far left lane. the driver of unit #1 hydro planed causing her to fail to maintain control and in doing so spun clock wise, crossing over the other 2 lanes of travel, and striking the west guard rail. unit #1 went through the guard rail and came to rest on the grass area on the side of the high way.",20186060121,2018,C,4/1/2018 0:00,7,SMOTIR00075**N,S,MOT,15.052,39.788907,-84.183937,21000,22528.0,4/15/2018 0:00,17,1,N,2.0,Y,Y,1.0,9,0,,,,Y,15.034,SMOTIR00075**C,N,1,1804150037,1,4,N,2,0,1,DAYTON,1,N,Y,N,6.0,Y,0.011,RA,N,,N,DAYTON,N,,0,,I 75 S,,75,IR,,,N,,,STANLEY,1,,,,AVE,N,N,N,0,0,N,1.0,1,2,3,,39552.0,N,56.022,27,Y,99,1,2,1,F,N,N,N,0,2,0,1,2,55,1,8,0,0,0,0,0,1,6,NT,1,55,,,,,,,,,,,,,,,,,,,,,,,,,,,,,,,,,,0,4,,"unit1 traveling far left . driver unit1 hydro planed causing fail maintain control spun clock wise , crossing lanes travel , striking guard rail . unit1 went guard rail came rest grass area side high .",O,"[0.9314548373222351, 0.06129228696227074, 0.00725289061665535]",O,"[0.6949464082717896, 0.30462557077407837, 0.0004279427812434733]",O,"[0.8935546875, 0.1016845703125, 0.00437164306640625]"
1620,1620,186061008,unit 1 was westbound on vans valley rd. when she drove over high water and hydro planed. unit 1 continued westbound and spun off the right side and struck the side of the ditch.,20186061008,2018,O,4/1/2018 0:00,6,CDELCR00019**C,C,DEL,2.682,40.214567,-82.826687,77336,99999.0,4/15/2018 0:00,13,1,N,,N,N,6.0,17,0,,,,N,2.682,CDELCR00019**C,N,1,21-0517-21,2,4,,1,0,1,TRENTON TOWNSHIP,1,E,N,N,2.0,N,0.4,CR,Y,,N,TRENTON TOWNSHIP,N,,0,,,,19,CR,,,N,,,,1,22,CR,,,N,N,N,0,0,N,,0,6,2,,41279.0,N,2.682,20,N,1,3,4,1,F,N,N,N,0,2,44,1,2,55,1,13,8,44,0,0,0,1,6,NT,3,45,,,,,,,,,,,,,,,,,,,,,,,,,,,,,,,,,,0,4,,unit1 vans valley drove high water hydro planed . unit1 continued spun side struck side ditch .,O,"[0.9999996423721313, 3.570596618374111e-07, 5.793651780550135e-08]",O,"[0.9999967813491821, 3.1595998279954074e-06, 4.742826931192212e-08]",O,"[1.0, 2.2649765014648438e-06, 2.980232238769531e-07]"
1621,1621,186063752,"unit 1 was traveling northbound on goshen rd. unit 1 reports that the vehicle hydro planed causing the vehicle to go off the right side of the road. unit 1 then struck a mailbox casing property damage to the car and mailbox. mailbox owner - curtis mcguire 6892 goshen rd goshen, ohio 45122 curtis stated that he was able to repair the mailbox.",20186063752,2018,O,4/1/2018 0:00,8,CCLECR00057**C,C,CLE,5.258,39.241848,-84.166922,31010,16885.0,4/15/2018 0:00,13,1,N,,Y,N,7.0,13,0,,,,N,5.258,CCLECR00057**C,N,1,201853    02,2,4,,1,0,1,GOSHEN TOWNSHIP,1,S,N,N,2.0,N,0.002,,Y,6892 GOSHEN RD,N,GOSHEN TOWNSHIP,N,,0,,GOSHEN,RD,,,,,N,,,,3,,,,,N,N,N,0,0,N,,0,2,1,,13995.0,N,5.258,21,Y,99,2,1,1,M,N,N,N,0,2,47,1,2,45,1,8,47,0,0,0,0,1,6,NT,1,40,,,,,,,,,,,,,,,,,,,,,,,,,,,,,,,,,,0,4,,"unit1 traveling goshen unit1 reports vehicle hydro planed causing vehicle go side . unit1 struck mailbox casing property damage car mailbox . mailbox owner curtis mcguire goshen goshen , ohio curtis stated able repair mailbox .",O,"[1.0, 4.185846691484585e-08, 1.3904530860031628e-08]",O,"[1.0, 1.0503049818755272e-10, 2.5403771696918404e-14]",O,"[1.0, 0.0, 0.0]"
1622,1622,186067932,"at about 1615 hours on monday, april 23, 2018, unit 1 was traveling north on hoke road and when at the i-70 exit ramp applied her brakes and hydro planed and in so doing, struck unit 2 which was turning left onto hoke road.",20186067932,2018,O,4/1/2018 0:00,7,CMOTCR00027**C,C,MOT,4.748,39.855204,-84.330526,25396,22528.0,4/23/2018 0:00,6,2,N,,N,N,5.0,16,0,,fb1ad2b4-40de-480b-8c0e-4aa702c16e90,c45a08df-ef47-45c8-b5b6-49366f5de6fe,N,4.748,CMOTCR00027**C,Y,1,18031740,4,4,,3,0,2,ENGLEWOOD,3,,N,Y,2.0,N,0.0,RA,Y,,N,ENGLEWOOD,N,,0,,HOKE,ST,,,,,N,,,I 70 E,1,70,IR,,,N,N,Y,0,0,N,,0,2,1,,5363.0,N,4.748,16,Y,5,2,1,1,F,N,N,N,0,2,0,1,2,35,1,20,0,0,0,0,0,1,2,NT,1,40,51.0,1.0,3.0,2.0,1.0,M,,2.0,35.0,6.0,20.0,,,,,,1.0,2.0,LT,15.0,10.0,,,,,,,,,,,,,0,4,,"monday , april , , unit1 traveling hoke exit ramp applied brakes hydro planed , struck unit2 turning left onto hoke .",O,"[0.9999997615814209, 1.9323856292885466e-07, 2.5938607706166295e-08]",O,"[1.0, 4.57730209291185e-09, 9.4438771039429e-12]",O,"[0.994140625, 0.005096435546875, 0.0005898475646972656]"
1623,1623,186074498,unit 1 was traveling westbound on interstate 480 just passing the warrensville center overpass. unit 1 started to hydro plane on standing water on the roadway. unit 1 then slid across all four lanes striking the construction cement median. the driver was transported by whrs squad to hillcrest hospital for further evaluation. unit 1 was towed from scene. tv completed disp. nova.,20186074498,2018,C,5/1/2018 0:00,12,SCUYIR00480**N,S,CUY,23.848,41.424918,-81.53743,80990,17668.0,5/13/2018 0:00,13,1,N,2.0,Y,Y,1.0,7,0,20600.0,,,Y,23.882,SCUYIR00480**C,N,1,20181801,1,5,N,0,0,1,WARRENSVILLE HEIGHTS,1,W,Y,N,7.0,Y,0.009,,N,,N,WARRENSVILLE HEIGHTS,N,,0,,I 480 E,,480,IR,,,N,,,WARRENSVILLE CENTER,1,,,,RD,N,N,Y,0,0,N,1.0,1,2,1,,54083.0,N,26.152,28,Y,99,3,4,1,M,N,N,N,0,2,35,1,2,60,1,9,35,0,0,0,0,1,6,NT,1,65,,,,,,,,,,,,,,,,,,,,,,,,,,,,,,,,,,0,4,,unit1 traveling interstate passing warrensville center overpass . unit1 started hydro plane standing water roadway . unit1 slid across four lanes striking construction cement median . driver transported whrs squad hillcrest hospital evaluation . unit1 towed scene . tv completed disp . nova .,C,"[0.00046040682354941964, 0.9944356679916382, 0.0051038628444075584]",C,"[1.2202934158267453e-05, 0.9998540878295898, 0.00013374051195569336]",C,"[6.401538848876953e-05, 1.0, 4.1961669921875e-05]"
1624,1624,186074900,unit #1 was going w/b on us 33 when her car hydro planed and struck a concrete barrier in the passing lane and then spun and struck the guard rail in the primary lane and left the roadway.,20186074900,2018,AB,5/1/2018 0:00,10,SHOCUS00033**N,S,HOC,9.893,39.535157,-82.407006,44632,99743.0,5/13/2018 0:00,13,1,N,2.0,Y,Y,2.0,18,1,48000.0,,,N,9.909,SHOCUS00033**C,N,1,008205    18,4,5,N,0,0,1,LOGAN,1,E,Y,N,4.0,N,0.009,SR,Y,,N,LOGAN,N,,0,,,,33,US,,,N,,,,1,93,SR,,,N,N,N,0,0,N,1.0,0,2,1,,285003.0,N,172.208,22,Y,99,3,4,1,F,N,N,N,0,2,31,1,2,70,1,51,31,0,0,0,0,1,6,NT,1,65,,,,,,,,,,,,,,,,,,,,,,,,,,,,,,,,,,0,4,,unit1 going us car hydro planed struck concrete barrier passing spun struck guard rail primary left roadway .,O,"[0.999996542930603, 3.217016455892008e-06, 2.449696694384329e-07]",O,"[0.9454959034919739, 0.05418146029114723, 0.0003225419786758721]",O,"[1.0, 2.0325183868408203e-05, 2.3245811462402344e-06]"
1625,1625,186075125,"unit #1 hydro planed dew to heavy rain, and slid off the right side of the highway hitting a fence. diagram app is not loaded on this computer (truck #86).",20186075125,2018,O,5/1/2018 0:00,4,SSUMIR00077**C,S,SUM,15.713,41.064052,-81.572742,1000,766.0,5/13/2018 0:00,13,1,N,2.0,Y,Y,1.0,7,0,,,,Y,15.713,SSUMIR00077**C,N,1,T18003050,1,5,N,1,0,1,AKRON,1,N,Y,N,6.0,Y,0.019,SR,Y,,N,AKRON,N,,0,,I 77 N,,77,IR,,,N,,,STATE ROUTE 261 N,1,261,SR,,,N,N,N,0,0,N,1.0,0,2,3,,45447.0,N,129.235,24,Y,1,2,1,1,M,N,N,N,0,2,36,1,2,65,1,36,0,0,0,0,0,1,6,NT,1,65,,,,,,,,,,,,,,,,,,,,,,,,,,,,,,,,,,0,4,,"unit1 hydro planed dew heavy rain , slid side hitting fence . diagram app loaded computer .",O,"[0.9999998807907104, 8.094264103419846e-08, 1.6176798567357764e-08]",O,"[0.9999996423721313, 3.796195926497603e-07, 9.616968332792908e-10]",O,"[1.0, 0.0, 0.0]"
1626,1626,186075470,unit one was driving south bound on 271. unit one stated he down shifted and as he went through deep water he hydro planned and went off road right. unit one then struck the guard rail face.,20186075470,2018,O,5/1/2018 0:00,12,SCUYIR00271**N,S,CUY,6.381,41.438756,-81.497336,80990,17668.0,5/14/2018 0:00,13,2,N,2.0,Y,Y,1.0,11,0,18400.0,,,Y,6.382,SCUYIR00271**C,N,1,20181811,1,5,N,1,0,1,WARRENSVILLE HEIGHTS,1,N,Y,N,10.0,Y,0.019,,N,,N,WARRENSVILLE HEIGHTS,N,,0,,I 271 S,,271,IR,,,N,,,RICHMOND,1,,,,RD,N,N,N,0,0,N,1.0,0,2,1,,56933.0,N,28.345,27,Y,99,1,2,1,M,N,N,N,0,2,30,1,2,60,1,8,30,0,0,0,0,1,6,NT,1,60,,,,,,,,,,,,,,,,,,,,,,,,,,,,,,,,,,0,4,,unit1 driving . unit1 stated shifted went deep water hydro planned went . unit1 struck guard rail face .,O,"[0.9999970197677612, 2.7543078431335744e-06, 2.259744036336997e-07]",O,"[0.9995519518852234, 0.00044451819849200547, 3.4536258226580685e-06]",O,"[1.0, 0.0, 0.0]"
1627,1627,186077478,"unit #1 was southbound on ir75, in the right lane. unit #1 changed from the right to the left lane. unit #1 hydro planed and slid off the left side of the road and struck the median cable barrier.",20186077478,2018,O,5/1/2018 0:00,1,SALLIR00075**N,S,ALL,19.907,40.862085,-83.931547,66614,99999.0,5/14/2018 0:00,13,2,N,2.0,Y,Y,1.0,11,0,,,,Y,19.9,SALLIR00075**C,N,1,02-0345-02,1,5,N,1,0,1,RICHLAND TOWNSHIP,1,S,Y,N,4.0,Y,0.1,,N,,N,SHAWNEE TOWNSHIP,N,,0,,,,75,IR,,20.0,N,,,,2,,,,,N,N,Y,0,0,N,1.0,0,2,1,,34124.0,N,138.263,54,Y,5,1,2,1,F,N,N,N,0,2,33,1,2,70,3,9,33,0,0,0,0,1,6,NT,1,65,,,,,,,,,,,,,,,,,,,,,,,,,,,,,,,,,,0,4,,"unit1 , . unit1 changed left . unit1 hydro planed slid left side struck median cable barrier .",O,"[0.9999961853027344, 3.5798361750494223e-06, 2.307830158088109e-07]",O,"[0.9999997615814209, 1.8490283082428505e-07, 6.969104737741816e-10]",O,"[1.0, 0.00021326541900634766, 6.735324859619141e-06]"
1628,1628,186078436,"unit 1 was traveling south bound on marsh road towards towne center when it went off road right (west) due to hydro planing. unit 1 was pulled towards the stone and grass shoulder and continued into the grass ditch striking a speed limit post with its left side mirror and drivers side door. while attempting to regain control of unit 1, unit 1 then struck a field access, causing unit 1 to become airborne for approximately fifteen feet and coming down onto the left side of the vehicle. unit 1 came to rest on all four tires just off the roadway. the driver was treated and released from the scene with minor abrasions caused by the airbag deployment.",20186078436,2018,C,5/1/2018 0:00,1,CVANCR00013**C,C,VAN,1.62,40.893164,-84.571934,63408,99999.0,5/18/2018 0:00,13,6,N,,Y,N,5.0,18,0,,,,N,1.62,CVANCR00013**C,N,1,18  1752  05,2,5,,0,0,1,PLEASANT TOWNSHIP,1,N,N,N,2.0,N,0.1,,Y,7758,N,PLEASANT TOWNSHIP,N,,0,,MARSH,RD,,,,,N,,,,3,,,,,N,N,N,0,0,N,,1,2,1,,3763.0,N,1.62,24,Y,15,1,2,1,F,N,N,N,0,2,42,1,2,45,1,8,37,42,0,0,0,1,6,NT,3,40,,,,,,,,,,,,,,,,,,,,,,,,,,,,,,,,,,0,4,,"unit1 traveling marsh towards towne center went due hydro planing . unit1 pulled towards stone grass shoulder continued grass ditch striking speed limit post left side mirror drivers side door . attempting regain control unit1 , unit1 struck field access , causing unit1 become airborne approximately fifteen feet coming onto left side vehicle . unit1 came rest four tires roadway . driver treated released scene minor abrasions caused airbag deployment .",C,"[2.4658328356963466e-07, 0.9999996423721313, 1.4728527730767382e-07]",C,"[3.456957244907244e-07, 0.9999996423721313, 5.058578977923389e-08]",C,"[7.152557373046875e-07, 1.0, 7.152557373046875e-07]"
1629,1629,186078806,"unit 1 was traveling west on ir 0480 and started to hydro plane going off the right side of the roadway, turned sideways striking a ditch.",20186078806,2018,C,5/1/2018 0:00,4,SSUMIR00480**N,S,SUM,6.896,41.282895,-81.416917,78064,17668.0,5/19/2018 0:00,13,7,N,2.0,Y,Y,1.0,23,0,,,,Y,6.88,SSUMIR00480**C,N,4,77-0131-77,1,5,N,0,0,1,TWINSBURG TOWNSHIP,1,E,Y,N,4.0,Y,0.1,,N,,N,TWINSBURG TOWNSHIP,N,,0,,,,480,IR,,39.0,N,,,,2,,,,,N,N,N,0,0,N,1.0,1,2,1,,35036.0,N,39.233,59,Y,99,3,4,1,M,N,N,N,0,2,44,1,2,65,1,8,44,0,0,0,0,1,6,NT,1,40,,,,,,,,,,,,,,,,,,,,,,,,,,,,,,,,,,0,4,,"unit1 traveling started hydro plane going side roadway , turned sideways striking ditch .",O,"[0.9999985694885254, 1.322613798038219e-06, 1.3313717772689415e-07]",O,"[0.9813403487205505, 0.016715701669454575, 0.0019439869793131948]",O,"[1.0, 0.00023055076599121094, 4.6133995056152344e-05]"
1630,1630,186079266,all three units were traveling n/b on i75 north at the collingwood blvd entrance. unit 1was in the left lane and stated that she lost control of her vehicle when she hydro planned in some water. unit 1 struck unit 2 who was traveling in the middle lane. unit 3 was in the third lane and struck both units 1 and 2. witness stated that unit 1 lost control and struck unit 2. unit 1 was cited for the accident. unit 2 stated that her right side and middle back hurt but did not want medical to transport her.,20186079266,2018,C,5/1/2018 0:00,2,SLUCIR00075**C,S,LUC,2.776,41.655065,-83.554903,77000,87868.0,5/19/2018 0:00,5,7,N,2.0,N,Y,1.0,16,0,59500.0,,,Y,2.776,SLUCIR00075**C,N,1,1.80519E+13,1,5,N,5,0,3,TOLEDO,1,N,Y,N,8.0,Y,0.057,,N,,N,TOLEDO,N,,0,,I 75 N,,75,IR,,,N,,,COLLINGWOOD,1,,,,BLVD,N,N,N,0,0,N,1.0,1,2,1,,111014.0,N,202.358,48,Y,99,2,1,1,F,N,N,N,0,2,0,1,2,60,1,20,20,0,0,0,0,1,6,NT,3,60,45.0,1.0,2.0,1.0,1.0,F,,2.0,60.0,1.0,20.0,20.0,,,,,1.0,6.0,NT,1.0,60.0,1.0,3.0,1.0,20.0,,,,,,1.0,6.0,4.0,0,4,,three units traveling collingwood entrance . left stated lost control vehicle hydro planned water . unit1 struck unit2 traveling middle . unit3 third struck unit1 unit2 . witness stated unit1 lost control struck unit2 . unit1 cited accident . unit2 stated side middle back hurt want medical transport .,C,"[3.203623180070281e-07, 0.9999994039535522, 1.9090362002316397e-07]",C,"[9.528687314741546e-07, 0.9999979734420776, 1.034281012834981e-06]",C,"[2.086162567138672e-06, 1.0, 3.5762786865234375e-07]"
1631,1631,186080583,unit#1 was northbound on ir 71 hydro planned going off the left side of the roadway striking the median cable.,20186080583,2018,O,5/1/2018 0:00,3,SMEDIR00071**C,S,MED,22.949,41.22296,-81.793585,9708,17668.0,5/22/2018 0:00,3,3,N,2.0,Y,Y,1.0,15,0,520000339.0,,,Y,22.949,SMEDIR00071**C,N,1,52-0594-52,1,5,N,1,0,1,BRUNSWICK HILLS TOWNSHIP,1,S,Y,N,6.0,Y,0.1,,Y,,N,BRUNSWICK HILLS TOWNSHIP,N,,0,,,,71,IR,,225.0,N,,,,2,,,,,N,N,Y,0,0,N,1.0,0,2,1,,33998.0,N,224.953,20,Y,9,2,1,1,M,N,N,N,0,2,33,1,2,65,2,9,44,33,0,0,0,1,6,NT,1,70,,,,,,,,,,,,,,,,,,,,,,,,,,,,,,,,,,0,4,,unit1 hydro planned going left side roadway striking median cable .,O,"[0.9989715814590454, 0.0009820368140935898, 4.649012771551497e-05]",O,"[0.9969999194145203, 0.0025056698359549046, 0.0004943654057569802]",O,"[0.998046875, 0.0014429092407226562, 0.0001474618911743164]"
1632,1632,186080677,the driver/israel melindez of unit #1 was traveling west on ir- 480 when he started to slow down in traffic. unit #1 hydro planed and ran into the left rear of unit #2 that was driven by gregory gamble.,20186080677,2018,O,5/1/2018 0:00,12,SCUYIR00480**N,S,CUY,23.842,41.424917,-81.53755,80990,17668.0,5/19/2018 0:00,2,7,N,2.0,N,Y,1.0,18,0,20600.0,,,Y,23.876,SCUYIR00480**C,N,1,20181889,1,5,N,7,0,2,WARRENSVILLE HEIGHTS,1,W,Y,N,7.0,Y,0.002,,Y,,N,WARRENSVILLE HEIGHTS,N,,0,,I 480 W,,480,IR,,,N,,,WARRENSVILLE CENTER,1,,,,RD,N,N,N,0,0,N,1.0,0,2,1,,54083.0,N,26.146,24,Y,8,3,4,1,M,N,N,N,0,2,0,1,2,60,11,20,0,0,0,0,0,1,6,NT,1,55,30.0,1.0,3.0,4.0,1.0,M,,2.0,60.0,11.0,20.0,,,,,,1.0,6.0,NT,2.0,50.0,,,,,,,,,,,,,0,4,,driver israel melindez unit1 traveling ir started slow traffic . unit1 hydro planed ran left rear unit2 driven gregory gamble .,O,"[0.9999997615814209, 2.0025795777200983e-07, 2.5523561930640426e-08]",O,"[0.999988317489624, 1.1423419891798403e-05, 1.811840490972827e-07]",O,"[1.0, 1.8358230590820312e-05, 2.3245811462402344e-06]"
1633,1633,186086595,driver of unit #1 stated he hydro planed on the wet road into oncoming traffic then over corrected his steering causing his vehicle to go off of the roadway on to the right shoulder.,20186086595,2018,C,5/1/2018 0:00,8,SCLESR00132**C,S,CLE,21.522,39.184425,-84.16697,31010,99999.0,5/17/2018 0:00,17,5,N,2.0,N,N,5.0,16,0,,,,N,21.522,SCLESR00132**C,N,1,201868    02,1,5,,0,0,1,GOSHEN TOWNSHIP,1,S,N,N,2.0,Y,0.009,,Y,6036,N,GOSHEN TOWNSHIP,N,,0,,,,132,SR,,,N,,,,3,,,,,N,N,N,0,0,N,3.0,1,2,1,,328471.0,N,21.522,18,Y,99,1,2,1,M,N,N,N,0,2,0,1,2,55,1,99,8,0,0,0,0,1,6,NT,1,50,,,,,,,,,,,,,,,,,,,,,,,,,,,,,,,,,,0,4,,driver unit1 stated hydro planed wet oncoming traffic corrected steering causing vehicle go roadway shoulder .,O,"[0.9999978542327881, 2.0808395220228704e-06, 1.4890156307956204e-07]",O,"[0.9718575477600098, 0.027040014043450356, 0.0011024251580238342]",O,"[1.0, 2.384185791015625e-07, 0.0]"