,id,OBJECTID,Narrative,DOCUMENT_NBR,CRASH_YR,CRASH_SEVERITY_CD,CRASH_MONTH_YEAR,DISTRICT_NBR,NLFID,NLF_JUR_CD,NLF_COUNTY_CD,COUNTY_LOG_NBR,ODOT_LATITUDE_NBR,ODOT_LONGITUDE_NBR,ODOT_FIPS_CD,AREA_CODE,CRASH_DATE,CRASH_TYPE_CD,DAY_IN_WEEK_CD,DISTRACTED_DRIVER_IND,FACILITY_TYPE_CD,FHWA_RDWY_DEPARTURE_IND,FREEWAY_IND,FUNCTIONAL_CLASS_CD,HOUR_OF_CRASH,INCAPAC_INJURIES_NBR,INTERCHANGE_ID,INTERSECTION_ID_CURRENT,INTERSECTION_LEG_ID,INTERSTATE_IND,INV_LOG_NBR,INV_NLFID,IS_COMMERCIAL_RELATED,LIGHT_COND_PRIMARY_CD,LOCAL_REPORT_NUMBER_ID,MAINTENANCE_AUTHORITY_CD,MONTH_OF_CRASH,NHS_CD,NO_INJURY_REPORTED_NBR,NON_INCAPAC_INJURIES_NBR,NUMBER_OF_UNITS_NBR,ODOT_CITY_VILLAGE_TWP_NME,ODOT_CRASH_LOCATION_CD,ODOT_DIR_FROM_REF_CD,ODOT_DIV_UNDIV_IND,ODOT_INTERSECTION_REL_IND,ODOT_LANES_NBR,ODOT_MAINTAINED_HWY_IND,ODOT_MILES_FROM_REF_NBR,ODOT_REF_ROUTE_PREFIX_CD,ODOT_YOUNG_DRIVER_IND,ODPS_ADDRESS_REFERENCE,ODPS_ALCOHOL_IND,ODPS_CITY_VILLAGE_TWP_NME,ODPS_DRUG_IND,ODPS_LOC_DIR_SUFFIX_CD,ODPS_LOC_IN_WORK_ZONE_CD,ODPS_LOC_ROAD_DIRECTION_CD,ODPS_LOC_ROAD_NME,ODPS_LOC_ROAD_SUFFIX_CD,ODPS_LOC_ROUTE_ID,ODPS_LOC_ROUTE_PREFIX_CD,ODPS_LOC_ROUTE_SUFFIX_CD,ODPS_MILEPOST_REFERENCE,ODPS_MOTORCYCLE_IND,ODPS_REF_DIR_SUFFIX_CD,ODPS_REF_DIRECTION_CD,ODPS_REF_GIVEN,ODPS_REF_POINT_USED_CD,ODPS_REF_ROUTE_ID,ODPS_REF_ROUTE_PREFIX_CD,ODPS_REF_ROUTE_SUFFIX_CD,ODPS_REF_SUFFIX_CD,ODPS_SCHOOL_ZONE_IND,ODPS_SENIOR_DRIVER_IND,ODPS_SPEED_IND,ODPS_TOTAL_FATALITIES_NBR,ODPS_TYPE_OF_WORK_ZONE_CD,ODPS_WORK_ZONE_IND,OPER_ACCESS_CONTROL_CD,POSSIBLE_INJURIES_NBR,ROAD_COND_PRIMARY_CD,ROAD_CONTOUR_CD,SA_RAMP_ID,SA_SEGMENT_ID,SECONDARY_CRASH,STATE_TRUE_LOG_NBR,U1_AGE_NBR,U1_AT_FAULT_IND,U1_CONT_CIR_PRIMARY_CD,U1_DIRECTION_FROM_CD,U1_DIRECTION_TO_CD,U1_DISTRACTED_BY_1_CD,U1_GENDER_CD,U1_IS_ALCOHOL_SUSPECTED,U1_IS_MARIJUANA_SUSPECTED,U1_IS_OTHER_DRUG_SUSPECTED,U1_NON_MOTORIST_LOC_CD,U1_NUMBER_OF_THRU_LANES,U1_OBJECT_STRUCK,U1_ODPS_UNIT_NBR,U1_OPERATINGIN_AUTONOMOUS_MODE,U1_POSTED_SPEED_NBR,U1_PRECRASH_ACTION_CD,U1_SEQ_OF_EVENTS_1_CD,U1_SEQ_OF_EVENTS_2_CD,U1_SEQ_OF_EVENTS_3_CD,U1_SEQ_OF_EVENTS_4_CD,U1_SEQ_OF_EVENTS_5_CD,U1_SEQ_OF_EVENTS_6_CD,U1_SPECIAL_FUNCTION_CD,U1_TRAFFIC_CONTROL_CD,U1_TURN_CD,U1_TYPE_OF_UNIT_CD,U1_UNIT_SPEED_NBR,U2_AGE_NBR,U2_CONT_CIR_PRIMARY_CD,U2_DIRECTION_FROM_CD,U2_DIRECTION_TO_CD,U2_DISTRACTED_BY_1_CD,U2_GENDER_CD,U2_NON_MOTORIST_LOC_CD,U2_ODPS_UNIT_NBR,U2_POSTED_SPEED_NBR,U2_PRECRASH_ACTION_CD,U2_SEQ_OF_EVENTS_1_CD,U2_SEQ_OF_EVENTS_2_CD,U2_SEQ_OF_EVENTS_3_CD,U2_SEQ_OF_EVENTS_4_CD,U2_SEQ_OF_EVENTS_5_CD,U2_SEQ_OF_EVENTS_6_CD,U2_SPECIAL_FUNCTION_CD,U2_TRAFFIC_CONTROL_CD,U2_TURN_CD,U2_TYPE_OF_UNIT_CD,U2_UNIT_SPEED_NBR,U3_CONT_CIR_PRIMARY_CD,U3_ODPS_UNIT_NBR,U3_PRECRASH_ACTION_CD,U3_SEQ_OF_EVENTS_1_CD,U3_SEQ_OF_EVENTS_2_CD,U3_SEQ_OF_EVENTS_3_CD,U3_SEQ_OF_EVENTS_4_CD,U3_SEQ_OF_EVENTS_5_CD,U3_SEQ_OF_EVENTS_6_CD,U3_SPECIAL_FUNCTION_CD,U3_TRAFFIC_CONTROL_CD,U3_TYPE_OF_UNIT_CD,UNRESTRAIN_OCCUPANTS,WEATHER_COND_CD,V1,clean_Narrative,BERT_predictions,BERT_prediction_probabilities,RoBERTa_predictions,RoBERTa_predictions_probabilities,distilBERT_predictions,distilBERT_predictions_probabilities
1634,1634,186086649,unit #1 was westbound on interstate 270. unit #1 hydro planed struck the concrete median and came to a rest on its top,20186086649,2018,C,5/1/2018 0:00,6,SFRAIR00270**N,S,FRA,21.197,40.110709,-83.065503,18000,19234.0,5/26/2018 0:00,13,7,N,2.0,Y,Y,1.0,18,0,27900.0,,,Y,21.2,SFRAIR00270**C,N,1,25-0255-25,1,5,N,0,0,1,COLUMBUS,1,W,Y,N,8.0,Y,0.8,,N,,N,SHARON TOWNSHIP,N,,0,,,,270,IR,,22.0,N,,,,2,,,,,N,Y,N,0,0,N,1.0,2,2,2,,45519.0,N,21.197,65,Y,1,3,4,1,F,N,N,N,0,2,35,1,2,65,1,9,35,1,0,0,0,1,6,NT,1,65,,,,,,,,,,,,,,,,,,,,,,,,,,,,,,,,,,0,4,,unit1 interstate . unit1 hydro planed struck concrete median came rest top,O,"[0.9848409295082092, 0.014256630092859268, 0.0009025134495459497]",O,"[0.775144636631012, 0.2229733169078827, 0.0018820955883711576]",O,"[1.0, 0.00010979175567626953, 3.7550926208496094e-06]"
1635,1635,186087265,"unit #1 was eastbound on ir 80 otp when it lost control on the wet pavement, hydro planed, drove off the right side of the roadway and struck a ditch. unit#1 overturned and came to final rest on it's roof.",20186087265,2018,AB,5/1/2018 0:00,12,SCUYIR00080*KC,S,CUY,16.454,41.294071,-81.680998,9064,17668.0,5/30/2018 0:00,13,4,N,2.0,Y,Y,1.0,21,0,,,,Y,16.454,SCUYIR00080*KC,N,4,91-0410-18,31,5,N,0,1,1,BROADVIEW HEIGHTS,1,W,Y,N,6.0,N,0.2,,Y,,N,BROADVIEW HEIGHTS,N,,4,,,,80,IR,K,170.0,N,,,,2,,,,,N,N,Y,0,1,Y,1.0,0,2,2,,118494.0,N,169.745,20,Y,5,4,3,1,F,N,N,N,0,2,44,1,2,50,1,8,44,1,0,0,0,1,6,NT,1,55,,,,,,,,,,,,,,,,,,,,,,,,,,,,,,,,,,0,4,,"unit1 otp lost control wet pavement , hydro planed , drove side roadway struck ditch . unit1 overturned came final rest 's roof .",C,"[0.003361659124493599, 0.991253674030304, 0.005384700372815132]",C,"[0.012635943479835987, 0.9747098088264465, 0.012654284946620464]",C,"[0.037872314453125, 0.95263671875, 0.0091552734375]"
1636,1636,186087310,unit 1 was driving north on steubenville rd when she hydro planed causing her to go left of center and off the road striking a telephone pole.,20186087310,2018,O,6/1/2018 0:00,11,SCARSR00009**C,S,CAR,12.386,40.560747,-81.063941,12896,99999.0,6/3/2018 0:00,13,1,N,2.0,Y,N,4.0,14,0,,,,N,12.386,SCARSR00009**C,N,1,18A 13    A08,1,6,,1,0,1,CENTER TOWNSHIP,1,S,N,N,2.0,Y,0.1,,N,,N,CENTER TOWNSHIP,N,,0,,,,43,SR,,,N,,,CHASE,1,,,,RD,N,N,N,0,0,N,3.0,0,2,2,,149093.0,N,60.051,55,Y,99,2,1,1,F,N,N,N,0,2,40,1,2,55,1,11,9,40,0,0,0,1,6,NT,1,55,,,,,,,,,,,,,,,,,,,,,,,,,,,,,,,,,,0,4,,unit1 driving steubenville hydro planed causing go left center striking telephone pole .,O,"[0.9999648332595825, 3.330668914713897e-05, 1.923987383634085e-06]",O,"[0.4842892289161682, 0.47805002331733704, 0.03766071796417236]",O,"[1.0, 6.735324859619141e-06, 5.364418029785156e-07]"
1637,1637,186088121,"at about 1528 hours on june 5, 2018 unit number one was traveling west bound on us35 at approximately 50 mph in the fast lane and when at smithville road an unknown vehicle failed to yield prior to merging & entered into unit number one's lane, causing unit number one to slam on his brakes. this action caused unit number one to hydro plane and lose control. unit number one spun out and went off the south side of the highway and collided with the guard rail and came to a final rest.",20186088121,2018,O,6/1/2018 0:00,7,SMOTUS00035**N,S,MOT,18.617,39.753143,-84.145764,21000,22528.0,6/5/2018 0:00,13,3,N,2.0,Y,Y,2.0,15,0,,,,N,18.633,SMOTUS00035**C,N,1,1806050059,4,6,N,1,0,1,DAYTON,9,,Y,N,6.0,N,0.0,,N,,N,DAYTON,N,,0,,US ROUTE 35 W,,35,US,,,N,,S,SMITHVILLE,1,,,,RD,N,N,N,0,0,N,1.0,0,2,1,,262436.0,N,38.54,39,Y,99,3,4,1,M,N,N,N,0,2,34,1,2,55,1,9,34,0,0,0,0,1,6,NT,1,50,,,,,,,,,,,,,,,,,,,,,,,,,,,,,,,,,,0,4,,"june , unit number one traveling approximately mph fast smithville unknown vehicle failed yield prior merging & entered unit number one 's , causing unit number one slam brakes . action caused unit number one hydro plane lose control . unit number one spun went side collided guard rail came final rest .",O,"[0.9999994039535522, 5.723627509723883e-07, 5.31119113134082e-08]",O,"[0.870872974395752, 0.128329336643219, 0.0007977601489983499]",O,"[0.9970703125, 0.00266265869140625, 0.00037598609924316406]"
1638,1638,186091855,"unit #1 was southbound on interstate route 71. unit #1 hydro planed off the left side of the road, struck the cable median and a mile marker sign.",20186091855,2018,O,6/1/2018 0:00,6,SMRWIR00071**N,S,MRW,11.909,40.487571,-82.732265,14030,99999.0,6/11/2018 0:00,13,2,N,2.0,Y,Y,1.0,8,0,,,,Y,11.889,SMRWIR00071**C,N,1,59-0687-59,1,6,N,1,0,1,CHESTER TOWNSHIP,1,S,Y,N,6.0,Y,0.019,,N,,N,CHESTER TOWNSHIP,N,,0,,,,71,IR,,150.0,N,,,,2,,,,,N,N,N,0,0,N,1.0,0,2,1,,81164.0,N,150.082,38,Y,9,1,2,1,F,N,N,N,0,2,33,1,2,70,1,9,37,33,0,0,0,1,6,NT,1,70,,,,,,,,,,,,,,,,,,,,,,,,,,,,,,,,,,0,4,,"unit1 interstate . unit1 hydro planed left side , struck cable median mile marker sign .",O,"[0.9999912977218628, 8.166442967194598e-06, 4.932186357109458e-07]",O,"[0.9999996423721313, 3.800528531883174e-07, 3.1710147840868785e-09]",O,"[0.97900390625, 0.0207977294921875, 0.0006899833679199219]"
1639,1639,186094206,"unit #1 was traveling west on state route 2. unit #1 hydro planed, went off the left side of the roadway and struck the guard rail.",20186094206,2018,O,6/1/2018 0:00,3,SLORSR00002**N,S,LOR,9.666,41.411326,-82.16694,1812,51364.0,6/9/2018 0:00,13,7,N,2.0,Y,Y,2.0,22,0,58900.0,,,N,9.663,SLORSR00002**C,N,4,47-0690-47,1,6,N,1,0,1,AMHERST TOWNSHIP,1,E,Y,N,4.0,Y,0.67,,Y,,N,AMHERST,N,,0,,,,2,SR,,9.0,N,,,,2,,,,,N,N,Y,0,0,N,1.0,0,2,1,,295358.0,N,166.579,16,Y,5,3,4,1,F,N,N,N,0,2,30,1,2,65,1,9,30,0,0,0,0,1,6,NT,1,70,,,,,,,,,,,,,,,,,,,,,,,,,,,,,,,,,,0,2,,"unit1 traveling state . unit1 hydro planed , went left side roadway struck guard rail .",O,"[0.9999967813491821, 2.974029030156089e-06, 2.639509943946905e-07]",O,"[0.9804648160934448, 0.018847879022359848, 0.0006872867816127837]",O,"[0.9990234375, 0.00051116943359375, 1.9848346710205078e-05]"
1640,1640,186094643,"unit 1 was traveling east on interstate route 70 in the far left lane. unit 1 hydro planed and went off the right side of the roadway, striking a road sign.",20186094643,2018,O,6/1/2018 0:00,5,SLICIR00070**C,S,LIC,16.59,39.946602,-82.46227,43456,61705.0,6/12/2018 0:00,13,3,N,2.0,Y,Y,1.0,21,0,,,,Y,16.59,SLICIR00070**C,N,3,45-0514-45,1,6,N,1,0,1,LICKING TOWNSHIP,1,,Y,N,6.0,Y,0.0,,N,,N,LICKING TOWNSHIP,N,,0,,,,70,IR,,130.0,N,,,,2,,,,,N,N,Y,0,0,N,1.0,0,2,1,,107458.0,N,129.955,61,Y,5,4,3,1,M,N,N,N,0,2,37,1,2,70,4,8,37,0,0,0,0,1,6,NT,1,80,,,,,,,,,,,,,,,,,,,,,,,,,,,,,,,,,,0,4,,"unit1 traveling interstate far left . unit1 hydro planed went side roadway , striking sign .",O,"[1.0, 5.90267497102559e-08, 1.5699171740379825e-08]",O,"[0.9999997615814209, 2.845905555659556e-07, 2.728939074714276e-09]",O,"[1.0, 0.0, 0.0]"
1641,1641,186095462,"unit # 1 was traveling westbound on sr 28. unit # 1 began to hydro plane and traveled off of the right side of the road, struck a utility pole and came to rest against a concrete culvert.",20186095462,2018,O,6/1/2018 0:00,8,CCLECR00390**C,C,CLE,0.985,39.193587,-84.241768,49322,16885.0,6/8/2018 0:00,13,6,N,2.0,Y,N,5.0,19,0,,ce3c873d-13f7-4a42-9c1e-d77e63c29062,04189528-84ae-49f9-8102-eb8356fa0cd7,N,0.985,CCLECR00390**C,N,1,13-1045-13,2,6,,1,0,1,MIAMI TOWNSHIP,1,E,N,N,2.0,N,0.009,TR,N,,N,MIAMI TOWNSHIP,Y,,0,,,,28,SR,,,N,,,MCPICKEN,1,,,,DR,N,N,Y,0,0,N,3.0,0,2,1,,32155.0,N,0.985,41,Y,9,3,4,1,M,N,N,N,0,2,40,1,2,35,1,8,40,42,0,0,0,1,6,NT,1,0,,,,,,,,,,,,,,,,,,,,,,,,,,,,,,,,,,0,4,,"unit1 traveling . unit1 began hydro plane traveled side , struck utility pole came rest concrete culvert .",O,"[0.9992092847824097, 0.000731136417016387, 5.961005081189796e-05]",O,"[0.8973572850227356, 0.09247419983148575, 0.010168544948101044]",O,"[0.9892578125, 0.0102081298828125, 0.0009021759033203125]"
1642,1642,186095615,unit one pulled out of alley across from 583 south washington street heading south when the back passenger tire of unit one hydro planed in the water from the rain causing the driver side rear of unit one to side swipe the driver side of unit two who was northbound on south washington street.,20186095615,2018,C,6/1/2018 0:00,11,SHOLUS00062**C,S,HOL,19.265,40.548734,-81.917983,50372,99999.0,6/16/2018 0:00,19,7,N,2.0,N,N,4.0,14,0,,bdc10c2e-b2cb-4342-a2b8-2829c8b8fff1,fd7510c1-47a2-45c1-9eaa-9bd42c66a05f,N,19.265,SHOLUS00062**C,N,1,18  MPD   1050,4,6,,2,0,2,MILLERSBURG,1,,N,N,2.0,N,0.0,,N,583,N,MILLERSBURG,N,,0,,WASHINGTON,ST,,,,,N,,,,3,,,,,N,N,N,0,0,N,3.0,1,2,1,,264223.0,N,191.09,36,Y,99,6,2,1,M,N,N,N,0,2,0,1,2,25,5,20,0,0,0,0,0,1,6,RT,4,10,31.0,1.0,2.0,1.0,1.0,M,,2.0,25.0,1.0,20.0,,,,,,1.0,6.0,NT,4.0,25.0,,,,,,,,,,,,,0,4,,unit1 pulled alley across washington heading back passenger tire unit1 hydro planed water rain causing driver side rear unit1 side swipe driver side unit2 washington .,O,"[1.0, 3.8598180651661096e-08, 1.27447021824878e-08]",O,"[1.0, 3.1585175447323977e-11, 2.9926792109984807e-14]",O,"[1.0, 0.0, 0.0]"
1643,1643,186096726,unit #1 was northbound on interstate 71 and hydro planed off the roadway. unit #1 then came to rest at the bottom of an embankment.,20186096726,2018,O,6/1/2018 0:00,6,SMRWIR00071**C,S,MRW,9.77,40.466794,-82.761873,33600,99999.0,6/20/2018 0:00,13,4,N,2.0,Y,Y,1.0,15,0,,,,Y,9.77,SMRWIR00071**C,N,1,59-0726-59,1,6,N,1,0,1,HARMONY TOWNSHIP,1,S,Y,N,6.0,Y,0.1,,N,,N,HARMONY TOWNSHIP,N,,0,,,,71,IR,,148.0,N,,,,2,,,,,N,N,Y,0,0,N,1.0,0,2,1,,91055.0,N,147.943,39,Y,5,2,1,1,M,N,N,N,0,2,45,1,2,70,1,8,45,0,0,0,0,1,6,NT,2,60,,,,,,,,,,,,,,,,,,,,,,,,,,,,,,,,,,0,4,,unit1 interstate hydro planed roadway . unit1 came rest bottom embankment .,O,"[0.9999997615814209, 2.6607781933307706e-07, 3.278296745179432e-08]",O,"[0.9999985694885254, 1.4790268778597238e-06, 1.4127516045903121e-08]",O,"[1.0, 4.166364669799805e-05, 2.086162567138672e-06]"
1644,1644,186096931,"unit 1 was traveling southbound on interstate 75. unit 1 was traveling at an unsafe speed for conditions, hydro planed, driving off the left side of the roadway, striking the concrete median barrier wall.",20186096931,2018,O,6/1/2018 0:00,8,SWARIR00075**N,S,WAR,8.448,39.546061,-84.289269,28476,56926.0,6/19/2018 0:00,13,3,N,2.0,Y,Y,1.0,14,0,,,,Y,8.487,SWARIR00075**C,N,1,83-0582-83,1,6,N,1,0,1,FRANKLIN,1,N,Y,N,8.0,Y,0.2,,Y,,N,FRANKLIN,N,,0,,,,75,IR,,37.0,N,,,,2,,,,,N,N,Y,0,0,N,1.0,0,2,2,,56777.0,N,37.178,24,Y,5,1,2,1,M,N,N,N,0,2,35,1,2,65,1,9,35,0,0,0,0,1,6,NT,1,65,,,,,,,,,,,,,,,,,,,,,,,,,,,,,,,,,,0,2,,"unit1 traveling interstate . unit1 traveling unsafe speed conditions , hydro planed , driving left side roadway , striking concrete median barrier wall .",O,"[0.9998784065246582, 0.00011682262265821919, 4.764464847539784e-06]",O,"[0.996046245098114, 0.0038265592884272337, 0.0001271844084840268]",O,"[1.0, 5.960464477539063e-08, 0.0]"
1645,1645,186097691,unit 1 was traveling west on ir 275 near the 30.2 mile post. unit 1 started to hydro plane and lost control and struck the median cable barrier.,20186097691,2018,O,6/1/2018 0:00,8,SHAMIR00275**N,S,HAM,12.539,39.226655,-84.654723,16616,16885.0,6/10/2018 0:00,13,1,N,2.0,Y,Y,1.0,20,0,,,,Y,12.325,SHAMIR00275**C,N,2,2018-19831,1,6,N,1,0,1,COLERAIN TOWNSHIP,1,,Y,N,6.0,Y,0.0,,N,,N,COLERAIN TOWNSHIP,N,,0,,,,275,IR,,30.2,N,,,,2,,,,,N,N,N,0,0,N,1.0,0,2,4,,39742.0,N,30.139,52,Y,99,3,4,1,F,N,N,N,0,2,33,1,2,65,1,9,33,0,0,0,0,1,6,NT,1,60,,,,,,,,,,,,,,,,,,,,,,,,,,,,,,,,,,0,4,,unit1 traveling near . mile post . unit1 started hydro plane lost control struck median cable barrier .,O,"[0.999993085861206, 6.485712674475508e-06, 5.10551103616308e-07]",O,"[0.9998713731765747, 0.00012585311196744442, 2.6953280212183017e-06]",O,"[1.0, 0.0001214742660522461, 1.4722347259521484e-05]"
1646,1646,186098042,"unit 1 was traveling northbound on ir 75. unit 1 was traveling at an unsafe speed, hydro planed, lost control forcing the vehicle into the concrete median barrier wall.",20186098042,2018,O,6/1/2018 0:00,8,SWARIR00075**C,S,WAR,7.615,39.537372,-84.301107,28476,56926.0,6/21/2018 0:00,13,5,N,2.0,Y,Y,1.0,15,0,,,,Y,7.615,SWARIR00075**C,N,1,83-0587-83,1,6,N,1,0,1,FRANKLIN,1,N,Y,N,8.0,Y,0.3,,N,,N,FRANKLIN,N,,0,,,,75,IR,,36.0,N,,,,2,,,,,N,N,Y,0,0,N,1.0,0,2,2,,42923.0,N,36.345,36,Y,5,2,1,1,M,N,N,N,0,2,35,1,2,65,1,9,35,0,0,0,0,1,6,NT,1,55,,,,,,,,,,,,,,,,,,,,,,,,,,,,,,,,,,0,4,,"unit1 traveling . unit1 traveling unsafe speed , hydro planed , lost control forcing vehicle concrete median barrier wall .",O,"[0.9923060536384583, 0.007375436369329691, 0.00031861659954302013]",C,"[0.1931491494178772, 0.8023549318313599, 0.004495904315263033]",O,"[0.994140625, 0.00591278076171875, 7.56382942199707e-05]"
1647,1647,186098231,unit 1 was westbound on interstate route 70 when it hydro planed and struck the median barrier.,20186098231,2018,O,6/1/2018 0:00,5,SLICIR00070**N,S,LIC,13.384,39.941982,-82.522224,78400,99999.0,6/21/2018 0:00,13,5,N,2.0,Y,Y,1.0,18,0,,,,Y,13.39,SLICIR00070**C,N,1,45-0542-45,1,6,N,1,0,1,UNION TOWNSHIP,1,W,Y,N,6.0,Y,0.2,,N,,N,LICKING TOWNSHIP,N,,0,,,,70,IR,,127.0,N,,,,2,,,,,N,N,Y,0,0,N,1.0,0,2,2,,56442.0,N,126.749,45,Y,5,3,4,1,F,N,N,N,0,2,35,1,2,70,1,9,35,8,0,0,0,1,6,NT,1,65,,,,,,,,,,,,,,,,,,,,,,,,,,,,,,,,,,0,4,,unit1 interstate hydro planed struck median barrier .,O,"[0.9883883595466614, 0.01137204933911562, 0.00023966224398463964]",O,"[0.9999988079071045, 1.2434612699507852e-06, 1.975727581537967e-09]",O,"[1.0, 1.0073184967041016e-05, 2.980232238769531e-07]"
1648,1648,186098776,unit #1 was traveling north on interstate 71 hydro planed and hit cement barrier.,20186098776,2018,O,6/1/2018 0:00,8,SWARIR00071**C,S,WAR,1.269,39.305813,-84.300249,21238,16885.0,6/19/2018 0:00,13,3,N,2.0,Y,Y,1.0,19,0,,,,Y,1.269,SWARIR00071**C,N,1,83-0584-83,1,6,N,3,0,1,DEERFIELD TOWNSHIP,1,N,Y,N,8.0,Y,0.1,,N,,N,DEERFIELD TOWNSHIP,N,,0,,,,71,IR,,21.0,N,,,,2,,,,,N,N,Y,0,0,N,1.0,0,2,1,,56706.0,N,21.169,35,Y,5,8,5,1,M,N,N,N,0,2,35,1,2,65,1,9,35,35,0,0,0,1,6,NT,3,60,,,,,,,,,,,,,,,,,,,,,,,,,,,,,,,,,,0,4,,unit1 traveling interstate hydro planed hit cement barrier .,O,"[0.9998980760574341, 9.815752127906308e-05, 3.7819154385942966e-06]",O,"[0.9906619191169739, 0.009243172593414783, 9.492439130553976e-05]",O,"[1.0, 2.384185791015625e-06, 5.960464477539063e-08]"
1649,1649,186100342,unit 1 was eastbound in the left lane and hydro planed on the wet roadway. unit 1 spun off the right side of the roadway and struck the guard rail.,20186100342,2018,O,6/1/2018 0:00,2,SFULIR00080*KC,S,FUL,13.005,41.592929,-84.13604,62638,99999.0,6/23/2018 0:00,13,7,N,2.0,Y,Y,1.0,10,0,,,,Y,13.005,SFULIR00080*KC,N,1,89-0235-26,31,6,N,2,0,1,PIKE TOWNSHIP,1,E,Y,N,4.0,N,0.2,,N,,N,DOVER TOWNSHIP,N,,0,,,,80,IR,K,35.0,N,,,,2,,,,,N,N,Y,0,0,N,1.0,0,2,1,,34740.0,N,35.197,60,Y,5,4,3,1,M,N,N,N,0,2,30,1,2,70,1,8,30,0,0,0,0,1,6,NT,1,55,,,,,,,,,,,,,,,,,,,,,,,,,,,,,,,,,,0,4,,unit1 left hydro planed wet roadway . unit1 spun side roadway struck guard rail .,O,"[0.9999982118606567, 1.6361761936423136e-06, 1.6126564617024997e-07]",O,"[0.9998713731765747, 0.0001270551874767989, 1.4945966313462122e-06]",O,"[1.0, 1.4901161193847656e-06, 5.960464477539063e-08]"
1650,1650,186100963,"on 6/26/18 at about 1355 hrs unit #1 was traveling east on sr 35 in the the right lane of travel at approximately 60 mph and when passing the entrance ramp to sr 35 eb from s james h mcgee bl drove through a large puddle of water, hydro planed, lost control, struck the curb, ran off the road right and struck the hillside. the vehicle came to a rest on the side of the road.",20186100963,2018,C,6/1/2018 0:00,7,SMOTRA57151**C,S,MOT,0.192,39.748587,-84.222483,21000,99999.0,6/26/2018 0:00,13,3,N,4.0,Y,Y,1.0,13,0,71100.0,a432566d-7176-4f5e-89aa-84e154607147,3c87f54a-42fa-425c-a78e-a0eaccbac7c2,Y,0.192,SMOTRA57151**C,N,1,1806260048,1,6,,0,0,1,DAYTON,7,E,N,N,,Y,0.002,RA,Y,,N,DAYTON,N,,0,,,,35,US,,,N,,S,JAMES H MCGEE,1,,,,BLVD,N,N,Y,0,0,N,1.0,1,2,1,,,N,0.192,21,Y,99,4,3,1,M,N,N,N,0,2,54,1,2,50,1,8,54,0,0,0,0,1,6,NT,1,60,,,,,,,,,,,,,,,,,,,,,,,,,,,,,,,,,,0,4,,"unit1 traveling travel approximately mph passing entrance ramp james h mcgee bl drove large puddle water , hydro planed , lost control , struck curb , ran struck hillside . vehicle came rest side .",O,"[0.7022218108177185, 0.275553822517395, 0.02222435548901558]",C,"[0.037379760295152664, 0.9580039381980896, 0.004616306163370609]",O,"[0.9990234375, 0.0006461143493652344, 5.602836608886719e-05]"
1651,1651,186102158,"unit 1 and unit 2 was traveling southbound on ir 75. unit 1 hydro planed, lost control and struck unit 2. unit 1 then drove off the left side of roadway.",20186102158,2018,O,6/1/2018 0:00,8,SWARIR00071**N,S,WAR,14.242,39.415034,-84.123512,77868,99999.0,6/26/2018 0:00,5,3,N,2.0,N,Y,1.0,16,0,830000838.0,,,Y,14.214,SWARIR00071**C,N,1,83-0596-83,1,6,N,7,0,2,TURTLECREEK TOWNSHIP,1,N,Y,N,4.0,Y,0.1,,Y,,N,TURTLECREEK TOWNSHIP,N,,0,,,,71,IR,,34.0,N,,,,2,,,,,N,N,Y,0,0,N,1.0,0,2,1,,39508.0,N,34.142,24,Y,5,5,8,1,F,N,N,N,0,2,0,1,2,70,1,20,9,0,0,0,0,1,6,NT,1,65,37.0,1.0,5.0,8.0,1.0,M,,2.0,70.0,1.0,20.0,,,,,,1.0,6.0,NT,1.0,70.0,,,,,,,,,,,,,0,4,,"unit1 unit2 traveling . unit1 hydro planed , lost control struck unit2 . unit1 drove left side roadway .",O,"[0.9997531771659851, 0.00023186150065157562, 1.501748374721501e-05]",O,"[0.8230860233306885, 0.1691088080406189, 0.007805209141224623]",O,"[0.9970703125, 0.0028018951416015625, 0.00016558170318603516]"
1652,1652,186103608,"unit #1 was traveling southbound on interstate 75. unit #1 hydro planed and lost control, striking the concrete median wall and overturning.",20186103608,2018,AB,6/1/2018 0:00,8,SBUTIR00075**N,S,BUT,7.322,39.381922,-84.364573,43050,16885.0,6/26/2018 0:00,13,3,N,2.0,Y,Y,1.0,14,0,,,,Y,7.314,SBUTIR00075**C,N,1,09-0397-09,1,6,N,0,1,1,LIBERTY TOWNSHIP,1,N,Y,N,8.0,Y,0.1,,N,,N,LIBERTY TOWNSHIP,N,,0,,,,75,IR,,24.0,N,,,,2,,,,,N,N,Y,0,0,N,1.0,0,2,1,,81197.0,N,24.802,50,Y,5,1,2,1,M,N,N,N,0,2,35,1,2,65,1,9,35,1,0,0,0,1,6,NT,4,60,,,,,,,,,,,,,,,,,,,,,,,,,,,,,,,,,,0,4,,"unit1 traveling interstate . unit1 hydro planed lost control , striking concrete median wall overturning .",C,"[0.08001232147216797, 0.9048801064491272, 0.01510749850422144]",C,"[0.034836553037166595, 0.9453890323638916, 0.019774412736296654]",C,"[0.06976318359375, 0.85693359375, 0.0731201171875]"
1653,1653,186104391,unit #1 was traveling east on us 52. unit #1 hydro planed striking a guardrail face twice.,20186104391,2018,O,7/1/2018 0:00,9,SSCIUS00052**C,S,SCI,34.2,38.642101,-82.84959,31836,99999.0,7/1/2018 0:00,13,1,N,2.0,Y,N,3.0,17,0,,7102f455-3150-41fc-b68f-e78c73020131,ad9aacd9-cfca-4555-9b7e-3aa447ea4312,N,34.2,SSCIUS00052**C,N,1,73-0540-73,1,7,H,1,0,1,GREEN TOWNSHIP,1,E,Y,N,4.0,Y,0.2,,N,,N,GREEN TOWNSHIP,N,,0,,,,52,US,,34.0,N,,,,2,,,,,N,N,Y,0,0,N,2.0,0,2,1,,272637.0,N,152.747,37,Y,5,4,3,1,F,N,N,N,0,2,30,1,2,70,1,9,30,30,0,0,0,1,6,NT,1,60,,,,,,,,,,,,,,,,,,,,,,,,,,,,,,,,,,0,4,,unit1 traveling us . unit1 hydro planed striking guardrail face twice .,O,"[0.9999994039535522, 5.534008096219623e-07, 5.6787200719554676e-08]",O,"[0.9999854564666748, 1.4435282537306193e-05, 1.4925782920727215e-07]",O,"[1.0, 0.00023424625396728516, 5.185604095458984e-06]"
1654,1654,186104473,"unit 1 was eastbound on state route 37 when it hydro planed, ran off the right side of the roadway and struck a guard rail.",20186104473,2018,O,6/1/2018 0:00,5,SLICSR00037**C,S,LIC,14.7,40.06842,-82.553818,31416,99999.0,6/27/2018 0:00,13,4,N,2.0,Y,Y,2.0,15,0,,,,N,14.7,SLICSR00037**C,N,1,45-0563-45,1,6,N,2,0,1,GRANVILLE TOWNSHIP,1,W,Y,N,4.0,Y,0.3,,N,,N,GRANVILLE,N,,0,,,,37,SR,,15.0,N,,,,2,,,,,N,N,Y,0,0,N,1.0,0,2,2,,151009.0,N,104.278,30,Y,5,4,3,1,F,N,N,N,0,2,30,1,2,70,1,8,30,0,0,0,0,1,6,NT,1,70,,,,,,,,,,,,,,,,,,,,,,,,,,,,,,,,,,0,4,,"unit1 state hydro planed , ran side roadway struck guard rail .",O,"[0.9999998807907104, 1.27977131114676e-07, 2.296381573785311e-08]",O,"[0.999998927116394, 1.066190748133522e-06, 5.0508592863707236e-09]",O,"[1.0, 7.867813110351562e-06, 5.364418029785156e-07]"