,id,OBJECTID,Narrative,DOCUMENT_NBR,CRASH_YR,CRASH_SEVERITY_CD,CRASH_MONTH_YEAR,DISTRICT_NBR,NLFID,NLF_JUR_CD,NLF_COUNTY_CD,COUNTY_LOG_NBR,ODOT_LATITUDE_NBR,ODOT_LONGITUDE_NBR,ODOT_FIPS_CD,AREA_CODE,CRASH_DATE,CRASH_TYPE_CD,DAY_IN_WEEK_CD,DISTRACTED_DRIVER_IND,FACILITY_TYPE_CD,FHWA_RDWY_DEPARTURE_IND,FREEWAY_IND,FUNCTIONAL_CLASS_CD,HOUR_OF_CRASH,INCAPAC_INJURIES_NBR,INTERCHANGE_ID,INTERSECTION_ID_CURRENT,INTERSECTION_LEG_ID,INTERSTATE_IND,INV_LOG_NBR,INV_NLFID,IS_COMMERCIAL_RELATED,LIGHT_COND_PRIMARY_CD,LOCAL_REPORT_NUMBER_ID,MAINTENANCE_AUTHORITY_CD,MONTH_OF_CRASH,NHS_CD,NO_INJURY_REPORTED_NBR,NON_INCAPAC_INJURIES_NBR,NUMBER_OF_UNITS_NBR,ODOT_CITY_VILLAGE_TWP_NME,ODOT_CRASH_LOCATION_CD,ODOT_DIR_FROM_REF_CD,ODOT_DIV_UNDIV_IND,ODOT_INTERSECTION_REL_IND,ODOT_LANES_NBR,ODOT_MAINTAINED_HWY_IND,ODOT_MILES_FROM_REF_NBR,ODOT_REF_ROUTE_PREFIX_CD,ODOT_YOUNG_DRIVER_IND,ODPS_ADDRESS_REFERENCE,ODPS_ALCOHOL_IND,ODPS_CITY_VILLAGE_TWP_NME,ODPS_DRUG_IND,ODPS_LOC_DIR_SUFFIX_CD,ODPS_LOC_IN_WORK_ZONE_CD,ODPS_LOC_ROAD_DIRECTION_CD,ODPS_LOC_ROAD_NME,ODPS_LOC_ROAD_SUFFIX_CD,ODPS_LOC_ROUTE_ID,ODPS_LOC_ROUTE_PREFIX_CD,ODPS_LOC_ROUTE_SUFFIX_CD,ODPS_MILEPOST_REFERENCE,ODPS_MOTORCYCLE_IND,ODPS_REF_DIR_SUFFIX_CD,ODPS_REF_DIRECTION_CD,ODPS_REF_GIVEN,ODPS_REF_POINT_USED_CD,ODPS_REF_ROUTE_ID,ODPS_REF_ROUTE_PREFIX_CD,ODPS_REF_ROUTE_SUFFIX_CD,ODPS_REF_SUFFIX_CD,ODPS_SCHOOL_ZONE_IND,ODPS_SENIOR_DRIVER_IND,ODPS_SPEED_IND,ODPS_TOTAL_FATALITIES_NBR,ODPS_TYPE_OF_WORK_ZONE_CD,ODPS_WORK_ZONE_IND,OPER_ACCESS_CONTROL_CD,POSSIBLE_INJURIES_NBR,ROAD_COND_PRIMARY_CD,ROAD_CONTOUR_CD,SA_RAMP_ID,SA_SEGMENT_ID,SECONDARY_CRASH,STATE_TRUE_LOG_NBR,U1_AGE_NBR,U1_AT_FAULT_IND,U1_CONT_CIR_PRIMARY_CD,U1_DIRECTION_FROM_CD,U1_DIRECTION_TO_CD,U1_DISTRACTED_BY_1_CD,U1_GENDER_CD,U1_IS_ALCOHOL_SUSPECTED,U1_IS_MARIJUANA_SUSPECTED,U1_IS_OTHER_DRUG_SUSPECTED,U1_NON_MOTORIST_LOC_CD,U1_NUMBER_OF_THRU_LANES,U1_OBJECT_STRUCK,U1_ODPS_UNIT_NBR,U1_OPERATINGIN_AUTONOMOUS_MODE,U1_POSTED_SPEED_NBR,U1_PRECRASH_ACTION_CD,U1_SEQ_OF_EVENTS_1_CD,U1_SEQ_OF_EVENTS_2_CD,U1_SEQ_OF_EVENTS_3_CD,U1_SEQ_OF_EVENTS_4_CD,U1_SEQ_OF_EVENTS_5_CD,U1_SEQ_OF_EVENTS_6_CD,U1_SPECIAL_FUNCTION_CD,U1_TRAFFIC_CONTROL_CD,U1_TURN_CD,U1_TYPE_OF_UNIT_CD,U1_UNIT_SPEED_NBR,U2_AGE_NBR,U2_CONT_CIR_PRIMARY_CD,U2_DIRECTION_FROM_CD,U2_DIRECTION_TO_CD,U2_DISTRACTED_BY_1_CD,U2_GENDER_CD,U2_NON_MOTORIST_LOC_CD,U2_ODPS_UNIT_NBR,U2_POSTED_SPEED_NBR,U2_PRECRASH_ACTION_CD,U2_SEQ_OF_EVENTS_1_CD,U2_SEQ_OF_EVENTS_2_CD,U2_SEQ_OF_EVENTS_3_CD,U2_SEQ_OF_EVENTS_4_CD,U2_SEQ_OF_EVENTS_5_CD,U2_SEQ_OF_EVENTS_6_CD,U2_SPECIAL_FUNCTION_CD,U2_TRAFFIC_CONTROL_CD,U2_TURN_CD,U2_TYPE_OF_UNIT_CD,U2_UNIT_SPEED_NBR,U3_CONT_CIR_PRIMARY_CD,U3_ODPS_UNIT_NBR,U3_PRECRASH_ACTION_CD,U3_SEQ_OF_EVENTS_1_CD,U3_SEQ_OF_EVENTS_2_CD,U3_SEQ_OF_EVENTS_3_CD,U3_SEQ_OF_EVENTS_4_CD,U3_SEQ_OF_EVENTS_5_CD,U3_SEQ_OF_EVENTS_6_CD,U3_SPECIAL_FUNCTION_CD,U3_TRAFFIC_CONTROL_CD,U3_TYPE_OF_UNIT_CD,UNRESTRAIN_OCCUPANTS,WEATHER_COND_CD,V1,clean_Narrative,BERT_predictions,BERT_prediction_probabilities,RoBERTa_predictions,RoBERTa_predictions_probabilities,distilBERT_predictions,distilBERT_predictions_probabilities
1655,1655,186105004,"unit 1 was southbound on ir 71. unit#1 then hydro planed, lost control of the vehicle, slid off the right side of the road and struck a guard rail.",20186105004,2018,O,7/1/2018 0:00,6,SMRWIR00071**N,S,MRW,19.771,40.566768,-82.626775,28378,99999.0,7/4/2018 0:00,13,4,N,2.0,Y,Y,1.0,14,0,,,,Y,19.747,SMRWIR00071**C,N,1,59-0792-59,1,7,N,1,0,1,FRANKLIN TOWNSHIP,1,S,Y,N,6.0,Y,0.1,,Y,,N,PERRY TOWNSHIP,N,,0,,,,71,IR,,158.0,N,,,,2,,,,,N,N,N,0,0,N,1.0,0,2,1,,56703.0,N,157.944,22,Y,9,1,2,1,F,N,N,N,0,2,30,1,2,70,1,8,30,0,0,0,0,1,6,NT,1,60,,,,,,,,,,,,,,,,,,,,,,,,,,,,,,,,,,0,4,,"unit1 . unit1 hydro planed , lost control vehicle , slid side struck guard rail .",O,"[0.9999964237213135, 3.373426807229407e-06, 2.103336811387635e-07]",O,"[0.9999972581863403, 2.6891377729043597e-06, 1.0802960304090448e-08]",O,"[1.0, 6.556510925292969e-07, 0.0]"
1656,1656,186106141,"unit 1 was traveling westbound on state route 4. unit 1 hydro planed, lost control of the vehicle striking a ditch, embankment, and tree.",20186106141,2018,AB,7/1/2018 0:00,7,SCLASR00004**N,S,CLA,9.253,39.912824,-83.89874,74119,99999.0,7/3/2018 0:00,13,3,N,2.0,Y,Y,2.0,18,0,,,,N,9.25,SCLASR00004**C,N,1,12-0766-12,1,7,N,0,3,1,SPRINGFIELD TOWNSHIP,1,E,Y,N,4.0,Y,0.25,,N,,N,SPRINGFIELD TOWNSHIP,N,,0,,,,4,SR,,9.0,N,,,,2,,,,,N,N,Y,0,0,N,1.0,0,2,2,,148441.0,N,74.637,26,Y,5,3,4,1,M,N,N,N,0,2,48,1,2,55,1,8,44,45,48,0,0,1,6,NT,1,75,,,,,,,,,,,,,,,,,,,,,,,,,,,,,,,,,,0,4,,"unit1 traveling state . unit1 hydro planed , lost control vehicle striking ditch , embankment , tree .",O,"[0.9715253114700317, 0.026052366942167282, 0.002422347664833069]",C,"[0.2005900889635086, 0.7836062908172607, 0.01580367237329483]",O,"[0.9384765625, 0.059417724609375, 0.0023174285888671875]"
1657,1657,186108563,unit #1 was north bound on interstate 71. unit #1 hydro planed crossing from the left lane to the right shoulder and struck the guard rail.,20186108563,2018,O,7/1/2018 0:00,6,SMRWIR00071**C,S,MRW,7.454,40.445444,-82.795763,33600,99999.0,7/10/2018 0:00,13,3,N,2.0,Y,Y,1.0,17,0,,,,Y,7.454,SMRWIR00071**C,N,1,59-0815-59,1,7,N,1,0,1,HARMONY TOWNSHIP,1,,Y,N,6.0,Y,0.0,,Y,,N,HARMONY TOWNSHIP,N,,0,,,,71,IR,,145.6,N,,,,2,,,,,N,N,N,0,0,N,1.0,0,2,1,,91055.0,N,145.627,25,Y,9,2,1,1,M,N,N,N,0,2,30,1,2,70,1,8,30,0,0,0,0,1,6,NT,1,65,,,,,,,,,,,,,,,,,,,,,,,,,,,,,,,,,,0,4,,unit1 interstate . unit1 hydro planed crossing left shoulder struck guard rail .,O,"[0.9999642372131348, 3.40037040587049e-05, 1.7374541130266152e-06]",O,"[0.9999951124191284, 4.8697002057451755e-06, 2.9313495630844955e-08]",O,"[0.9990234375, 0.001129150390625, 2.300739288330078e-05]"
1658,1658,186113653,unit 1 was westbound changing lanes from the left lane into the right lane and hydro planed. unit 1 went off the right side of the roadway and struck the concrete wall.,20186113653,2018,O,7/1/2018 0:00,2,SWILIR00080*KN,S,WIL,1.001,41.630842,-84.786713,57162,99999.0,7/20/2018 0:00,13,6,N,2.0,Y,Y,1.0,8,0,,,,Y,1.0,SWILIR00080*KC,N,1,89-0280-86,31,7,N,2,0,1,NORTHWEST TOWNSHIP,1,,Y,N,4.0,N,0.0,,N,,N,NORTHWEST TOWNSHIP,N,,0,,,,80,IR,K,1.0,N,,,,2,,,,,N,N,Y,0,0,N,1.0,0,2,1,,39660.0,N,1.001,41,Y,5,3,4,1,F,N,N,N,0,2,28,1,2,70,3,8,28,0,0,0,0,1,6,NT,5,67,,,,,,,,,,,,,,,,,,,,,,,,,,,,,,,,,,0,4,,unit1 changing lanes left hydro planed . unit1 went side roadway struck concrete wall .,O,"[0.9999957084655762, 3.883754288835917e-06, 3.4285829997315886e-07]",O,"[0.9998772144317627, 0.00011506385635584593, 7.801638275850564e-06]",O,"[1.0, 0.00011867284774780273, 5.602836608886719e-06]"
1659,1659,186119505,unit 1 was driving south bound on state route 515. unit 1 driver states that he came around the curve and there was water in the roadway and he hydro planed. unit 1 driver states that he went off the left side of the roadway hitting the embankment. unit 1 had disabling damage to his vehicle.,20186119505,2018,O,7/1/2018 0:00,11,SHOLSR00515**C,S,HOL,3.35,40.580456,-81.708323,80626,99999.0,7/22/2018 0:00,13,1,N,2.0,Y,N,6.0,18,0,,,,N,3.35,SHOLSR00515**C,N,1,18HC03310,1,7,,2,0,1,WALNUT CREEK TOWNSHIP,1,S,N,N,2.0,Y,0.25,CR,Y,,N,WALNUT CREEK TOWNSHIP,N,,0,,,,515,SR,,,N,,,,1,168,CR,,,N,N,N,0,0,N,3.0,0,2,4,,193673.0,N,3.35,18,Y,99,1,2,1,M,N,N,N,0,2,45,1,2,55,13,9,45,0,0,0,0,1,6,NT,4,40,,,,,,,,,,,,,,,,,,,,,,,,,,,,,,,,,,0,4,,unit1 driving state . unit1 driver states came around curve water roadway hydro planed . unit1 driver states went left side roadway hitting embankment . unit1 disabling damage vehicle .,O,"[0.9998286962509155, 0.00016034027794376016, 1.0988296708092093e-05]",O,"[0.9999369382858276, 6.22100560576655e-05, 8.138076736941002e-07]",O,"[0.93701171875, 0.05987548828125, 0.0035419464111328125]"
1660,1660,186119553,unit#1 was traveling south on state route 7 as he was approaching the cross over at north linc. ave an unknown vehicle traveling north on state route 7 turned left crossing over the south bound lane causing unit #1 to brake rapidly causing unit #1 to hydro plane on the wet pavement unit #1 then loss control of his vehicle and struck the right side curb and then proceeded to strike the median wall.,20186119553,2018,AB,7/1/2018 0:00,11,SBELSR00007**N,S,BEL,19.881,40.069814,-80.740549,8560,94726.0,7/31/2018 0:00,13,3,N,2.0,Y,Y,2.0,13,0,6800.0,,,N,19.869,SBELSR00007**C,Y,1,18  062,4,7,N,0,1,1,BRIDGEPORT,9,N,Y,Y,4.0,N,0.5,SR,Y,,N,BRIDGEPORT,N,,0,,STATE ROUTE 7 S,,7,SR,,,N,,,STATE ROUTE 7 S,1,7,SR,,,N,N,N,0,0,N,1.0,0,2,1,,326790.0,N,189.481,18,Y,99,1,2,1,M,N,N,N,0,2,35,1,2,50,1,35,0,0,0,0,0,1,6,NT,14,40,,,,,,,,,,,,,,,,,,,,,,,,,,,,,,,,,,0,4,,unit1 traveling state approaching cross linc . unknown vehicle traveling state turned left crossing causing unit1 brake rapidly causing unit1 hydro plane wet pavement unit1 loss control vehicle struck side curb proceeded strike median wall .,O,"[0.6299853324890137, 0.3432174324989319, 0.026797274127602577]",C,"[0.010298818349838257, 0.988400936126709, 0.0013001884799450636]",C,"[0.0379638671875, 0.95263671875, 0.0090484619140625]"
1661,1661,186123855,unit 1 was north on ir 71 and hydro planed driving off the left side of the roadway striking a culvert and sign.,20186123855,2018,O,7/1/2018 0:00,8,SWARIR00071**C,S,WAR,2.739,39.324248,-84.28663,48188,16885.0,7/31/2018 0:00,13,3,N,2.0,Y,Y,1.0,6,0,,,,Y,2.739,SWARIR00071**C,N,4,83-0715-83,1,7,N,1,0,1,MASON,1,S,Y,N,8.0,Y,0.2,,N,,N,DEERFIELD TOWNSHIP,N,,0,,,,71,IR,,23.0,N,,,,2,,,,,N,Y,Y,0,0,N,1.0,0,2,1,,39501.0,N,22.639,78,Y,5,2,1,1,M,N,N,N,0,2,42,1,2,60,1,9,42,37,0,0,0,1,6,NT,1,60,,,,,,,,,,,,,,,,,,,,,,,,,,,,,,,,,,0,4,,unit1 hydro planed driving left side roadway striking culvert sign .,O,"[0.9999996423721313, 3.0554679142369423e-07, 3.737738651921063e-08]",O,"[0.9999964237213135, 3.4889919788838597e-06, 1.1906973895747797e-07]",O,"[1.0, 0.0, 0.0]"
1662,1662,186124862,"unit #1 was traveling north on kingston pike when she hydro planed on a water puddle, lost control and went off the right side of the road. when going off the side of the road, the left front door pillar struck a phone pole shearing it off. unit #1 the became stuck in the ditch. the pole is owned by frontier phone .",20186124862,2018,O,8/1/2018 0:00,6,CPICCR00009**C,C,PIC,0.689,39.583717,-82.928233,15077,99714.0,8/8/2018 0:00,13,4,N,,Y,N,5.0,7,0,,,,N,0.689,CPICCR00009**C,N,2,AC08180016,2,8,,1,0,1,CIRCLEVILLE TOWNSHIP,1,S,N,N,2.0,N,0.5,CR,N,,N,CIRCLEVILLE TOWNSHIP,N,,0,,KINGSTON,PKWY,,,,,N,,E,OHIO,1,,,,ST,N,N,Y,0,0,N,,0,2,1,,6168.0,N,0.689,28,Y,99,2,1,1,F,N,N,N,0,2,40,1,2,45,1,8,40,0,0,0,0,1,6,NT,1,50,,,,,,,,,,,,,,,,,,,,,,,,,,,,,,,,,,0,4,,"unit1 traveling kingston pike hydro planed water puddle , lost control went side . going side , left front door pillar struck phone pole shearing . unit1 became stuck ditch . pole owned frontier phone .",O,"[0.9997170567512512, 0.00026956290821544826, 1.3337506970856339e-05]",O,"[0.961711585521698, 0.03724874556064606, 0.0010397335281595588]",O,"[1.0, 5.960464477539063e-08, 0.0]"
1663,1663,186126159,unit 1 was traveling south on i75 near mile marker 178. unit 1 stated she entered a patch of high water and started to hydro plane. the operator then failed to maintain reasonable control of the vehicle and exited the marked lane and struck a guard rail on the east side of the interstate. unit 1 was then able to move the vehicle to the adjacent rest stop where the vehicle stopped running. the weather was very hard rain at the time of the crash.,20186126159,2018,O,8/1/2018 0:00,2,SWOOIR00075**N,S,WOO,11.199,41.325897,-83.626318,64122,99999.0,8/10/2018 0:00,13,6,N,2.0,Y,Y,1.0,15,0,,,,Y,11.201,SWOOIR00075**C,N,1,87  544   18,1,8,N,1,0,1,PORTAGE TOWNSHIP,1,,Y,N,6.0,Y,0.0,,N,,N,PORTAGE TOWNSHIP,N,,0,,,,75,IR,,178.0,N,,,,2,,,,,N,N,N,0,0,N,1.0,0,2,1,,42929.0,N,177.904,36,Y,99,1,2,1,F,N,N,N,0,2,30,1,2,70,1,9,30,0,0,0,0,1,6,NT,3,68,,,,,,,,,,,,,,,,,,,,,,,,,,,,,,,,,,0,4,,unit1 traveling near mile marker . unit1 stated entered patch high water started hydro plane . operator failed maintain reasonable control vehicle exited marked struck guard rail side interstate . unit1 able move vehicle adjacent rest stop vehicle stopped running . weather hard rain time crash .,O,"[0.9999998807907104, 1.4843766393823898e-07, 1.9183950428214303e-08]",O,"[1.0, 9.438336917577672e-11, 5.016710178241783e-14]",O,"[1.0, 1.1920928955078125e-07, 0.0]"
1664,1664,186128336,"unit 1 was traveling east on calcutta smithferry rd when they hydro planed coming down a hill, going off the road to the right striking a telephone pole. unit 1 stated their front tires were bald and it started raining, and there was standing water on the road when they tried making a slight left and continued straight resulting in hitting the telephone pole.",20186128336,2018,O,5/1/2018 0:00,11,CCOLCR00430**C,C,COL,3.569,40.666951,-80.551054,69512,99724.0,5/28/2018 0:00,13,2,N,,Y,N,4.0,18,0,,,,N,3.569,CCOLCR00430**C,N,1,201800578,2,5,,2,0,1,SAINT CLAIR TOWNSHIP,1,E,N,N,2.0,N,0.028,,Y,50169,N,COLUMBIANA,N,,0,,CALCUTTA SMITHFERRY,RD,,,,,N,,,,3,,,,,N,N,N,0,0,N,,0,2,4,,31806.0,N,3.569,22,Y,99,4,3,1,F,N,N,N,0,2,25,1,2,40,1,8,25,0,0,0,0,1,6,NT,1,35,,,,,,,,,,,,,,,,,,,,,,,,,,,,,,,,,,0,4,,"unit1 traveling calcutta smithferry hydro planed coming hill , going striking telephone pole . unit1 stated front tires bald started raining , standing water tried making slight left continued straight resulting hitting telephone pole .",O,"[1.0, 5.262469571221118e-08, 1.1748317874094028e-08]",O,"[0.9999998807907104, 8.015266672600774e-08, 2.4269963816436757e-10]",O,"[1.0, 0.0, 0.0]"
1665,1665,186129016,unit #1 was traveling east on interstate 80 at mile-marker 64.4 when it hydro planed and struck the guard rail on the south side of the roadway.,20186129016,2018,O,8/1/2018 0:00,2,SWOOIR00080*KC,S,WOO,1.414,41.570171,-83.583784,62162,87868.0,8/16/2018 0:00,13,5,N,2.0,N,Y,1.0,19,0,,,,Y,1.414,SWOOIR00080*KC,N,1,89-0330-87,31,8,N,1,0,1,PERRYSBURG TOWNSHIP,1,E,Y,N,6.0,N,0.4,,Y,,N,PERRYSBURG,N,,0,,,,80,IR,K,64.0,N,,,,2,,,,,N,N,Y,0,0,N,1.0,0,2,1,,56876.0,N,64.406,22,Y,5,4,3,1,M,N,N,N,0,2,30,1,2,70,1,13,8,30,0,0,0,1,6,NT,1,63,,,,,,,,,,,,,,,,,,,,,,,,,,,,,,,,,,0,4,,unit1 traveling interstate milemarker . hydro planed struck guard rail side roadway .,O,"[0.9999511241912842, 4.6696157369297e-05, 2.134718215529574e-06]",O,"[0.9999198913574219, 7.9061632277444e-05, 1.0641764447427704e-06]",O,"[1.0, 0.0, 0.0]"
1666,1666,186129607,"unit 1 was traveling northbound on interstate route 71. the driver of unit 1 stated that he hydro planed. unit 1 traveled off the left side of the roadway, striking the median cable barrier.",20186129607,2018,O,8/1/2018 0:00,6,SDELIR00071**C,S,DEL,7.88,40.240469,-82.928335,5774,19234.0,8/17/2018 0:00,13,6,N,2.0,Y,Y,1.0,11,0,,,,Y,7.88,SDELIR00071**C,N,1,21-1080-21,1,8,N,1,0,1,BERKSHIRE TOWNSHIP,1,S,Y,N,6.0,Y,0.2,,Y,,N,BERKSHIRE TOWNSHIP,N,,0,,,,71,IR,,129.0,N,,,,2,,,,,N,N,N,0,0,N,1.0,0,2,1,,42814.0,N,128.824,25,Y,9,2,1,1,M,N,N,N,0,2,33,1,2,70,1,9,33,0,0,0,0,1,6,NT,1,70,,,,,,,,,,,,,,,,,,,,,,,,,,,,,,,,,,0,4,,"unit1 traveling interstate . driver unit1 stated hydro planed . unit1 traveled left side roadway , striking median cable barrier .",O,"[0.9999996423721313, 3.4120847658414277e-07, 4.7055454643896155e-08]",O,"[0.999995231628418, 4.770150098920567e-06, 3.3820686695662516e-08]",O,"[1.0, 5.424022674560547e-06, 4.76837158203125e-07]"
1667,1667,186129949,unit 1 was westbound on ir 70. unit 1 hydro planed and traveled off the right side of the roadway and struck the guard rail. unit 1 re-entered the roadway and traveled off the left side of the roadway and struck the median.,20186129949,2018,O,8/1/2018 0:00,11,SBELIR00070**N,S,BEL,25.32,40.064936,-80.768927,61378,94726.0,8/17/2018 0:00,13,6,N,2.0,Y,Y,1.0,17,0,,,,Y,25.321,SBELIR00070**C,N,1,07-0835-07,1,8,N,1,0,1,PEASE TOWNSHIP,1,W,Y,N,4.0,Y,0.1,,Y,,N,PEASE TOWNSHIP,N,,0,,,,70,IR,,224.0,N,,,,2,,,,,N,N,Y,0,0,N,1.0,0,2,2,,39398.0,N,223.939,19,Y,5,3,4,1,F,N,N,N,0,2,35,1,2,65,1,8,30,9,35,0,0,1,6,NT,1,61,,,,,,,,,,,,,,,,,,,,,,,,,,,,,,,,,,0,4,,unit1 . unit1 hydro planed traveled side roadway struck guard rail . unit1 reentered roadway traveled left side roadway struck median .,O,"[0.9999827146530151, 1.631947270652745e-05, 1.0039470907940995e-06]",O,"[0.9994939565658569, 0.0004967486020177603, 9.238522579835262e-06]",O,"[1.0, 2.0802021026611328e-05, 1.7285346984863281e-06]"
1668,1668,186130154,"unit #1 was northbound on ir 77. unit #1 hydro planed and ran off the right side of the roadway, striking a ditch.",20186130154,2018,O,8/1/2018 0:00,5,SGUEIR00077**C,S,GUE,6.319,39.983294,-81.543467,37786,99711.0,8/17/2018 0:00,13,6,N,2.0,Y,Y,1.0,13,0,,,,Y,6.319,SGUEIR00077**C,N,1,30-0695-30,1,8,N,1,0,1,JACKSON TOWNSHIP,1,S,Y,N,4.0,Y,0.1,,N,,N,JACKSON TOWNSHIP,N,,0,,,,77,IR,,43.0,N,,,,2,,,,,N,N,Y,0,0,N,1.0,0,2,1,,81368.0,N,42.879,37,Y,5,2,1,1,F,N,N,N,0,2,44,1,2,70,1,8,44,44,44,0,0,1,6,NT,3,73,,,,,,,,,,,,,,,,,,,,,,,,,,,,,,,,,,0,4,,"unit1 . unit1 hydro planed ran side roadway , striking ditch .",O,"[0.9999988079071045, 1.058725160874019e-06, 1.2219548750636022e-07]",O,"[1.0, 1.6665399726889518e-08, 2.4592834713121903e-11]",O,"[1.0, 1.2636184692382812e-05, 8.344650268554688e-07]"
1669,1669,186132682,unit 1 was traveling east on interstate route 76 in the contraflow (left) lane. unit 1 hydro planed on wet pavement and began to jackknife. unit 1 struck the concrete barrier wall on the left side of the left lane. unit 1's trailer became detached and slid into the right lane and struck a concrete barrier wall on the right side of the right lane.,20186132682,2018,O,8/1/2018 0:00,4,SSUMRA77029**C,S,SUM,0.0,41.040684,-81.609307,57260,99723.0,8/10/2018 0:00,13,6,N,4.0,N,Y,1.0,17,0,83700.0,9e4da124-4e7f-4fcd-b4a0-d7999e40650f,6279b2ed-704b-4b0c-aa75-10149cfe156a,Y,0.0,SSUMRA77029**C,Y,1,21808067,1,8,,1,0,1,NORTON,8,,N,N,,Y,0.0,IR,N,,N,NORTON,N,,4,,I 76 E,,76,IR,,,N,,,BARBER,1,,,,RD,N,N,N,0,2,Y,1.0,0,2,2,,,N,0.0,49,Y,99,4,3,1,M,N,N,N,0,2,35,1,2,55,1,4,35,7,35,0,0,1,6,NT,15,55,,,,,,,,,,,,,,,,,,,,,,,,,,,,,,,,,,0,4,,unit1 traveling interstate contraflow . unit1 hydro planed wet pavement began jackknife . unit1 struck concrete barrier wall left side left . unit1 's trailer became detached slid struck concrete barrier wall side .,O,"[0.9999998807907104, 1.5920328166885156e-07, 2.56568633005827e-08]",O,"[1.0, 2.876204552304529e-10, 8.830096213680722e-14]",O,"[1.0, 0.0, 0.0]"
1670,1670,186133752,unit 1 was traveling west on i-480 in the left lane approaching warrensville. unit 1 hit some standing water under the warrensville bridge. this caused unit 1 to hydro plane. this resulted in unit 1 spinning onto the left shoulder and striking the concrete median with the front of the auto. unit 1 then continued to spin and struck the median again with the rear of the auto. unit 1 came to rest facing east bound traffic in the left shoulder.,20186133752,2018,O,8/1/2018 0:00,12,SCUYIR00480**N,S,CUY,23.854,41.424919,-81.537318,80990,17668.0,8/21/2018 0:00,13,3,N,2.0,Y,Y,1.0,20,0,20600.0,,,Y,23.888,SCUYIR00480**C,N,3,20183246,1,8,N,1,0,1,WARRENSVILLE HEIGHTS,1,,Y,N,7.0,Y,0.0,,N,,N,WARRENSVILLE HEIGHTS,N,,0,,I 480 W,,480,IR,,,N,,,WARRENSVILLE CENTER,1,,,,RD,N,N,N,0,0,N,1.0,0,2,1,,54083.0,N,26.158,30,Y,99,3,4,1,M,N,N,N,0,2,35,1,2,60,1,9,35,35,0,0,0,1,6,NT,4,60,,,,,,,,,,,,,,,,,,,,,,,,,,,,,,,,,,0,4,,unit1 traveling left approaching warrensville . unit1 hit standing water warrensville bridge . caused unit1 hydro plane . resulted unit1 spinning onto left shoulder striking concrete median front auto . unit1 continued spin struck median rear auto . unit1 came rest facing traffic left shoulder .,O,"[0.9837579131126404, 0.014886194840073586, 0.0013559521175920963]",O,"[0.9515002369880676, 0.04564229026436806, 0.0028574245516210794]",C,"[0.435791015625, 0.55517578125, 0.0094757080078125]"
1671,1671,186134318,"driver of unit 1 hydro planed in heavy rain, lost control and struck the guard rail on the west side of the of the shoulder. continuing backwards along the guard rail, unit 1 came to the rest in the ditch on the west side of the roadway.",20186134318,2018,O,8/1/2018 0:00,4,SSUMIR00271**N,S,SUM,7.692,41.257201,-81.565895,7776,99999.0,8/21/2018 0:00,13,3,N,2.0,Y,Y,1.0,21,0,,,,Y,7.68,SSUMIR00271**C,N,4,1808054   BT,1,8,N,1,0,1,BOSTON TOWNSHIP,1,,Y,N,4.0,Y,0.0,,N,,N,BOSTON TOWNSHIP,N,,0,,,,271,IR,,14.25,N,,,,2,,,,,N,N,N,0,0,N,1.0,0,2,2,,39730.0,N,14.416,32,Y,99,1,2,1,M,N,N,N,0,2,30,1,2,65,1,8,30,44,0,0,0,1,6,NT,1,55,,,,,,,,,,,,,,,,,,,,,,,,,,,,,,,,,,0,4,,"driver unit1 hydro planed heavy rain , lost control struck guard rail side shoulder . continuing backwards along guard rail , unit1 came rest ditch side roadway .",O,"[0.9999978542327881, 1.93334699361003e-06, 1.8700464465837285e-07]",O,"[0.9999562501907349, 4.3439617002150044e-05, 2.999373123202531e-07]",O,"[1.0, 1.9669532775878906e-06, 5.960464477539063e-08]"
1672,1672,186135145,unit 1 was traveling north on sr 7 just north of the railroad track crossing behind nickels bakery in martins ferry oh when unit 1 hydro planed on a water covered sr 7. unit 1 struck the east side guardraill then crossed the north bound traffic lanes and struck the cement median dividing the lanes of travel coming to a stop against the wall. road conditions were wet with sitting and running water.,20186135145,2018,O,4/1/2018 0:00,11,SBELSR00007**C,S,BEL,21.499,40.090325,-80.727966,61378,94726.0,4/24/2018 0:00,13,3,N,2.0,Y,N,3.0,18,0,,,,N,21.499,SBELSR00007**C,N,2,18  0524  04,1,4,N,2,0,1,PEASE TOWNSHIP,11,N,Y,N,4.0,Y,0.042,,Y,,N,MARTINS FERRY,N,,0,,STATE ROUTE 7 N,,7,SR,,,N,,,AETNA,1,,,,ST,N,N,Y,0,0,N,2.0,0,2,1,,125180.0,N,191.099,20,Y,99,2,1,1,F,N,N,N,0,2,35,1,2,50,1,8,30,35,0,0,0,1,6,NT,1,45,,,,,,,,,,,,,,,,,,,,,,,,,,,,,,,,,,0,4,,unit1 traveling railroad track crossing behind nickels bakery martins ferry oh unit1 hydro planed water covered . unit1 struck side guardraill crossed traffic lanes struck cement median dividing lanes travel coming stop wall . conditions wet sitting running water .,O,"[0.9511929750442505, 0.044284574687480927, 0.004522515460848808]",O,"[0.6388311982154846, 0.3610353469848633, 0.000133529378217645]",O,"[1.0, 1.430511474609375e-06, 5.960464477539063e-08]"
1673,1673,186135729,"unit 1 was eastbound on interstate route 70 when it hydro planed, ran off the road right and struck a ditch.",20186135729,2018,AB,8/1/2018 0:00,5,SLICIR00070**C,S,LIC,12.94,39.942042,-82.5308,78400,99999.0,8/26/2018 0:00,13,1,N,2.0,Y,Y,1.0,20,0,,,,Y,12.94,SLICIR00070**C,N,3,45-0703-45,1,8,N,1,1,1,UNION TOWNSHIP,1,E,Y,N,4.0,Y,0.2,,N,,N,UNION TOWNSHIP,N,,0,,,,70,IR,,126.0,N,,,,2,,,,,N,N,Y,0,0,N,1.0,0,2,1,,107428.0,N,126.305,44,Y,5,4,3,1,F,N,N,N,0,2,44,1,2,70,1,8,44,0,0,0,0,1,6,NT,1,50,,,,,,,,,,,,,,,,,,,,,,,,,,,,,,,,,,0,4,,"unit1 interstate hydro planed , ran struck ditch .",O,"[0.9999991655349731, 7.740160299363197e-07, 7.443081528890616e-08]",O,"[0.9999734163284302, 2.6286144930054434e-05, 1.8490219133582286e-07]",O,"[1.0, 2.4437904357910156e-06, 1.7881393432617188e-07]"