,id,OBJECTID,Narrative,DOCUMENT_NBR,CRASH_YR,CRASH_SEVERITY_CD,CRASH_MONTH_YEAR,DISTRICT_NBR,NLFID,NLF_JUR_CD,NLF_COUNTY_CD,COUNTY_LOG_NBR,ODOT_LATITUDE_NBR,ODOT_LONGITUDE_NBR,ODOT_FIPS_CD,AREA_CODE,CRASH_DATE,CRASH_TYPE_CD,DAY_IN_WEEK_CD,DISTRACTED_DRIVER_IND,FACILITY_TYPE_CD,FHWA_RDWY_DEPARTURE_IND,FREEWAY_IND,FUNCTIONAL_CLASS_CD,HOUR_OF_CRASH,INCAPAC_INJURIES_NBR,INTERCHANGE_ID,INTERSECTION_ID_CURRENT,INTERSECTION_LEG_ID,INTERSTATE_IND,INV_LOG_NBR,INV_NLFID,IS_COMMERCIAL_RELATED,LIGHT_COND_PRIMARY_CD,LOCAL_REPORT_NUMBER_ID,MAINTENANCE_AUTHORITY_CD,MONTH_OF_CRASH,NHS_CD,NO_INJURY_REPORTED_NBR,NON_INCAPAC_INJURIES_NBR,NUMBER_OF_UNITS_NBR,ODOT_CITY_VILLAGE_TWP_NME,ODOT_CRASH_LOCATION_CD,ODOT_DIR_FROM_REF_CD,ODOT_DIV_UNDIV_IND,ODOT_INTERSECTION_REL_IND,ODOT_LANES_NBR,ODOT_MAINTAINED_HWY_IND,ODOT_MILES_FROM_REF_NBR,ODOT_REF_ROUTE_PREFIX_CD,ODOT_YOUNG_DRIVER_IND,ODPS_ADDRESS_REFERENCE,ODPS_ALCOHOL_IND,ODPS_CITY_VILLAGE_TWP_NME,ODPS_DRUG_IND,ODPS_LOC_DIR_SUFFIX_CD,ODPS_LOC_IN_WORK_ZONE_CD,ODPS_LOC_ROAD_DIRECTION_CD,ODPS_LOC_ROAD_NME,ODPS_LOC_ROAD_SUFFIX_CD,ODPS_LOC_ROUTE_ID,ODPS_LOC_ROUTE_PREFIX_CD,ODPS_LOC_ROUTE_SUFFIX_CD,ODPS_MILEPOST_REFERENCE,ODPS_MOTORCYCLE_IND,ODPS_REF_DIR_SUFFIX_CD,ODPS_REF_DIRECTION_CD,ODPS_REF_GIVEN,ODPS_REF_POINT_USED_CD,ODPS_REF_ROUTE_ID,ODPS_REF_ROUTE_PREFIX_CD,ODPS_REF_ROUTE_SUFFIX_CD,ODPS_REF_SUFFIX_CD,ODPS_SCHOOL_ZONE_IND,ODPS_SENIOR_DRIVER_IND,ODPS_SPEED_IND,ODPS_TOTAL_FATALITIES_NBR,ODPS_TYPE_OF_WORK_ZONE_CD,ODPS_WORK_ZONE_IND,OPER_ACCESS_CONTROL_CD,POSSIBLE_INJURIES_NBR,ROAD_COND_PRIMARY_CD,ROAD_CONTOUR_CD,SA_RAMP_ID,SA_SEGMENT_ID,SECONDARY_CRASH,STATE_TRUE_LOG_NBR,U1_AGE_NBR,U1_AT_FAULT_IND,U1_CONT_CIR_PRIMARY_CD,U1_DIRECTION_FROM_CD,U1_DIRECTION_TO_CD,U1_DISTRACTED_BY_1_CD,U1_GENDER_CD,U1_IS_ALCOHOL_SUSPECTED,U1_IS_MARIJUANA_SUSPECTED,U1_IS_OTHER_DRUG_SUSPECTED,U1_NON_MOTORIST_LOC_CD,U1_NUMBER_OF_THRU_LANES,U1_OBJECT_STRUCK,U1_ODPS_UNIT_NBR,U1_OPERATINGIN_AUTONOMOUS_MODE,U1_POSTED_SPEED_NBR,U1_PRECRASH_ACTION_CD,U1_SEQ_OF_EVENTS_1_CD,U1_SEQ_OF_EVENTS_2_CD,U1_SEQ_OF_EVENTS_3_CD,U1_SEQ_OF_EVENTS_4_CD,U1_SEQ_OF_EVENTS_5_CD,U1_SEQ_OF_EVENTS_6_CD,U1_SPECIAL_FUNCTION_CD,U1_TRAFFIC_CONTROL_CD,U1_TURN_CD,U1_TYPE_OF_UNIT_CD,U1_UNIT_SPEED_NBR,U2_AGE_NBR,U2_CONT_CIR_PRIMARY_CD,U2_DIRECTION_FROM_CD,U2_DIRECTION_TO_CD,U2_DISTRACTED_BY_1_CD,U2_GENDER_CD,U2_NON_MOTORIST_LOC_CD,U2_ODPS_UNIT_NBR,U2_POSTED_SPEED_NBR,U2_PRECRASH_ACTION_CD,U2_SEQ_OF_EVENTS_1_CD,U2_SEQ_OF_EVENTS_2_CD,U2_SEQ_OF_EVENTS_3_CD,U2_SEQ_OF_EVENTS_4_CD,U2_SEQ_OF_EVENTS_5_CD,U2_SEQ_OF_EVENTS_6_CD,U2_SPECIAL_FUNCTION_CD,U2_TRAFFIC_CONTROL_CD,U2_TURN_CD,U2_TYPE_OF_UNIT_CD,U2_UNIT_SPEED_NBR,U3_CONT_CIR_PRIMARY_CD,U3_ODPS_UNIT_NBR,U3_PRECRASH_ACTION_CD,U3_SEQ_OF_EVENTS_1_CD,U3_SEQ_OF_EVENTS_2_CD,U3_SEQ_OF_EVENTS_3_CD,U3_SEQ_OF_EVENTS_4_CD,U3_SEQ_OF_EVENTS_5_CD,U3_SEQ_OF_EVENTS_6_CD,U3_SPECIAL_FUNCTION_CD,U3_TRAFFIC_CONTROL_CD,U3_TYPE_OF_UNIT_CD,UNRESTRAIN_OCCUPANTS,WEATHER_COND_CD,V1,clean_Narrative,BERT_predictions,BERT_prediction_probabilities,RoBERTa_predictions,RoBERTa_predictions_probabilities,distilBERT_predictions,distilBERT_predictions_probabilities
1674,1674,186139125,"unit #1 northbound on sr 29. unit # 1 hydro planed on sr 29 near mp 1, striking a ditch before overturning.",20186139125,2018,C,9/1/2018 0:00,6,SMADSR00029**C,S,MAD,0.687,40.037327,-83.502116,72960,99999.0,9/1/2018 0:00,13,7,N,2.0,Y,N,5.0,17,0,,,,N,0.687,SMADSR00029**C,N,1,49-0435-49,1,9,,1,0,1,SOMERFORD TOWNSHIP,1,N,N,N,2.0,Y,0.31,,N,,N,SOMERFORD TOWNSHIP,N,,0,,,,29,SR,,1.0,N,,,,2,,,,,N,N,N,0,0,N,3.0,1,2,1,,295980.0,N,90.624,41,Y,99,2,1,1,M,N,N,N,0,2,44,1,2,55,1,8,44,1,0,0,0,1,6,NT,1,55,,,,,,,,,,,,,,,,,,,,,,,,,,,,,,,,,,0,4,,"unit1 . unit1 hydro planed near mp , striking ditch overturning .",O,"[0.9999730587005615, 2.5561259462847374e-05, 1.388765895171673e-06]",O,"[0.9999974966049194, 2.485275217622984e-06, 4.6086995553196175e-08]",O,"[0.98828125, 0.0112457275390625, 0.0004324913024902344]"
1675,1675,186140255,"units #1 and #2 were traveling northbound on interstate 71. unit #1 was in the right lane and unit #2 was in the left lane. unit 1 cut in front of unit 2, hydro planed, went off the left side of the roadway and struck the northern barrier of a bridge. unit 2 struck unit 1, went off the right side of the roadway and struck the southern barrier of the bridge.*on september 10, 2018 this crash was supplemented to reflect insurance information for unit #2, susan ruschel.*",20186140255,2018,AB,9/1/2018 0:00,6,SMADIR00071**C,S,MAD,8.67,39.762436,-83.293135,63338,99999.0,9/1/2018 0:00,2,7,N,2.0,Y,Y,1.0,18,0,,,,Y,8.67,SMADIR00071**C,N,1,65-0338-49,1,9,N,0,1,2,PLEASANT TOWNSHIP,1,S,Y,N,4.0,Y,0.1,,Y,,N,RANGE TOWNSHIP,N,,0,,,,71,IR,,85.0,N,,,,2,,,,,N,Y,N,0,0,N,1.0,2,2,1,,39489.0,N,84.879,18,Y,99,2,1,1,M,N,N,N,0,2,29,1,2,70,3,9,29,20,0,0,0,1,6,NT,1,70,65.0,1.0,2.0,1.0,1.0,F,,2.0,70.0,1.0,20.0,8.0,29.0,,,,1.0,6.0,NT,1.0,50.0,,,,,,,,,,,,,0,2,,"units traveling interstate . unit1 unit2 left . unit1 cut front unit2 , hydro planed , went left side roadway struck northern barrier bridge . unit2 struck unit1 , went side roadway struck southern barrier bridge.on september , crash supplemented reflect insurance information unit2 , susan ruschel .",O,"[0.9999712705612183, 2.704709186218679e-05, 1.7151768361145514e-06]",C,"[0.3068442940711975, 0.6884462833404541, 0.004709414206445217]",O,"[1.0, 5.1021575927734375e-05, 1.2516975402832031e-06]"
1676,1676,186142459,unit 1 was traveling west on us 35. unit 1 hydro planed sliding off the right side of the roadway and struck a guard rail.,20186142459,2018,O,9/1/2018 0:00,9,SJACUS00035**N,S,JAC,7.907,39.106929,-82.674818,43204,99999.0,9/9/2018 0:00,13,1,N,2.0,Y,N,3.0,16,0,,,,N,7.9,SJACUS00035**C,N,1,40-0603-40,1,9,N,2,0,1,LIBERTY TOWNSHIP,1,W,Y,N,4.0,Y,0.1,,N,,N,LICK TOWNSHIP,N,,0,,,,35,US,,8.0,N,,,,2,,,,,N,N,N,0,0,N,2.0,0,2,2,,346106.0,N,137.198,45,Y,9,3,4,1,F,N,N,N,0,2,30,1,2,60,1,8,30,0,0,0,0,1,6,NT,3,50,,,,,,,,,,,,,,,,,,,,,,,,,,,,,,,,,,0,4,,unit1 traveling us . unit1 hydro planed sliding side roadway struck guard rail .,O,"[0.9999986886978149, 1.139214646173059e-06, 9.373145104518699e-08]",O,"[0.9999998807907104, 1.535084237502815e-07, 1.3282422939298044e-09]",O,"[1.0, 1.150369644165039e-05, 3.5762786865234375e-07]"
1677,1677,186143140,unit 1 was traveling west on us 20 exiting at grafton road. unit 1 hydro planed traveling off the right side of the roadway striking a traffic sign post and than a light pole.,20186143140,2018,O,9/1/2018 0:00,3,SLORUS00020**N,S,LOR,14.643,41.325706,-82.087575,12140,51364.0,9/9/2018 0:00,13,1,N,2.0,Y,Y,2.0,16,0,,,,N,14.639,SLORUS00020**C,N,1,47-1063-47,1,9,N,1,0,1,CARLISLE TOWNSHIP,8,W,Y,N,4.0,Y,0.4,,N,,N,CARLISLE TOWNSHIP,N,,0,,,,20,US,,15.0,N,,,,2,,,,,N,N,N,0,0,N,1.0,0,2,2,,260695.0,N,160.502,53,Y,9,3,4,1,F,N,N,N,0,2,39,1,2,65,1,8,37,39,0,0,0,1,6,NT,1,35,,,,,,,,,,,,,,,,,,,,,,,,,,,,,,,,,,0,4,,unit1 traveling us exiting grafton . unit1 hydro planed traveling side roadway striking traffic sign post light pole .,O,"[0.9999998807907104, 8.830829756334424e-08, 1.6203387076529907e-08]",O,"[1.0, 3.351984290134169e-08, 1.0066857347723612e-09]",O,"[1.0, 0.0, 0.0]"
1678,1678,186143175,"at about 1800 hours on 9/9/2018 unit number one was traveling north bound on interstate 75 northbound at approximately 50 mph in the second lane from the median and when at exit 54b - state route 4 north bound, apparently lost control, hydro planing on the wet roadway, spun 180 degrees and collided with the concrete center median barrier, coming to rest facing north bound traffic.",20186143175,2018,O,9/1/2018 0:00,7,SMOTRA57272**C,S,MOT,0.004,39.768981,-84.197991,21000,99714.0,9/9/2018 0:00,13,1,N,4.0,Y,N,3.0,18,0,70200.0,c94689d8-13c1-4f18-a9fd-158ea28de5ef,9f102a55-8cc0-4c5c-8450-ba935ca8b1e6,N,0.004,SMOTRA57272**C,N,1,1809090071,4,9,,1,0,1,DAYTON,8,S,N,N,,N,0.057,RA,Y,,N,DAYTON,N,,0,,,,75,IR,,,N,,,,1,4,SR,,,N,N,N,0,0,N,1.0,0,2,3,,,N,0.004,22,Y,99,2,1,1,F,N,N,N,0,2,35,1,2,55,13,35,0,0,0,0,0,1,6,NT,1,50,,,,,,,,,,,,,,,,,,,,,,,,,,,,,,,,,,0,4,,"unit number one traveling interstate approximately mph second median exit 54b state , apparently lost control , hydro planing wet roadway , spun degrees collided concrete center median barrier , coming rest facing traffic .",O,"[0.9999122619628906, 8.369315764866769e-05, 4.093708412256092e-06]",O,"[0.9893693923950195, 0.010474362410604954, 0.0001562148827360943]",O,"[1.0, 1.1920928955078125e-07, 0.0]"
1679,1679,186144039,unit #1 was westbound on ir 70. unit #1 hydro planed and slid off the right side of the roadway. unit #1 struck a water filled ditch and overturned.,20186144039,2018,O,9/1/2018 0:00,5,SGUEIR00070**N,S,GUE,22.838,40.050802,-81.331898,85708,99999.0,9/9/2018 0:00,13,1,N,2.0,Y,Y,1.0,17,0,,,,Y,22.873,SGUEIR00070**C,N,1,30-0766-30,1,9,N,2,0,1,WILLS TOWNSHIP,1,,Y,N,4.0,Y,0.0,,Y,,N,OXFORD TOWNSHIP,N,,0,,,,70,IR,,193.0,N,,,,2,,,,,N,N,Y,0,0,N,1.0,0,2,1,,56439.0,N,192.975,18,Y,5,3,4,1,F,N,N,N,0,2,44,1,2,70,1,8,44,1,0,0,0,1,6,NT,1,60,,,,,,,,,,,,,,,,,,,,,,,,,,,,,,,,,,0,4,,unit1 . unit1 hydro planed slid side roadway . unit1 struck water filled ditch overturned .,C,"[0.0019316315883770585, 0.9953173398971558, 0.002751060528680682]",C,"[0.004352343734353781, 0.994683563709259, 0.0009641165961511433]",O,"[0.98828125, 0.0108489990234375, 0.0005059242248535156]"
1680,1680,186144141,"unit #1 was eastbound on i-70. unit #1 hydro planed, went off the left side of the roadway, and struck an embankment.",20186144141,2018,O,9/1/2018 0:00,5,SGUEIR00070**C,S,GUE,7.579,40.005353,-81.597685,11003,99711.0,9/9/2018 0:00,13,1,N,2.0,Y,Y,1.0,20,0,,,,Y,7.579,SGUEIR00070**C,N,4,30-0768-30,1,9,N,1,0,1,CAMBRIDGE TOWNSHIP,1,W,Y,N,4.0,Y,0.2,,Y,,N,CAMBRIDGE TOWNSHIP,N,,0,,,,70,IR,,178.0,N,,,,2,,,,,N,N,Y,0,0,N,1.0,0,2,1,,81092.0,N,177.716,20,Y,5,4,3,1,F,N,N,N,0,2,45,1,2,70,1,9,45,0,0,0,0,1,6,NT,1,74,,,,,,,,,,,,,,,,,,,,,,,,,,,,,,,,,,0,4,,"unit1 i. unit1 hydro planed , went left side roadway , struck embankment .",O,"[0.9999967813491821, 3.02377429761691e-06, 2.4517751739949745e-07]",O,"[0.9940756559371948, 0.005650767125189304, 0.00027345435228198767]",O,"[1.0, 2.7954578399658203e-05, 1.1920928955078125e-06]"
1681,1681,186144281,unit 1 was traveling southbound on interstate 77 at mile post 136 in the right most lane. unit 1 hydro planed and lost control. unit 1 left the roadway to the left and struck a concrete median barrier. unit 1 sustained no injury and declined ems.,20186144281,2018,O,9/1/2018 0:00,4,SSUMIR00077**N,S,SUM,22.543,41.126033,-81.653024,18658,766.0,9/9/2018 0:00,13,1,N,2.0,Y,Y,1.0,18,0,,ff891b1d-10a5-40de-9129-d4b52653f94e,6b9f34a6-5036-4984-a0eb-ac39ba0ca5f9,Y,22.55,SSUMIR00077**C,N,1,21809035,1,9,N,1,0,1,COPLEY TOWNSHIP,1,,Y,N,6.0,Y,0.0,,N,,N,COPLEY TOWNSHIP,N,,0,,,,77,IR,,136.0,N,,,,2,,,,,N,N,N,0,0,N,1.0,0,2,1,,39618.0,N,136.065,31,Y,99,1,2,1,M,N,N,N,0,2,35,1,2,65,1,9,35,0,0,0,0,1,6,NT,4,65,,,,,,,,,,,,,,,,,,,,,,,,,,,,,,,,,,1,5,,unit1 traveling interstate mile post . unit1 hydro planed lost control . unit1 left roadway left struck concrete median barrier . unit1 sustained injury declined ems .,C,"[1.5652640286134556e-05, 0.9999808073043823, 3.571620936781983e-06]",C,"[0.000631418137345463, 0.999367892742157, 6.913900278959773e-07]",O,"[0.97412109375, 0.0247650146484375, 0.0008749961853027344]"
1682,1682,186144772,"unit one was traveling southwest on hills and dales rd nw in the left lane near dale hollow cir nw. unit one's vehicle drove through a patch of water, causing him to hydro plane. the vehicle's rear end spun toward the west, traveled southwest and struck a utility pole located at the intersection of hills and dales rd nw and dale hollow cir nw where the vehicle came to rest. see statements see photos see oh2 gm",20186144772,2018,O,9/1/2018 0:00,4,CSTACR00098**C,C,STA,0.854,40.825678,-81.489914,38094,13375.0,9/9/2018 0:00,13,1,Y,,Y,N,4.0,15,0,,ccd269f3-acf1-4ca7-b20a-3224603df58a,32ca23de-66cc-459e-8182-e632772e3515,N,0.854,CSTACR00098**C,N,1,00000018-34213,2,9,,1,0,1,JACKSON TOWNSHIP,3,,N,Y,2.0,N,0.0,TR,Y,,N,JACKSON TOWNSHIP,N,,0,,HILLS AND DALES,RD,,,,,N,,,DALE HOLLOW,1,,,,CIR,N,N,Y,0,0,N,,0,2,3,,19325.0,N,0.854,18,Y,1,6,2,8,M,N,N,N,0,2,40,1,2,40,1,8,40,0,0,0,0,1,6,RT,1,41,,,,,,,,,,,,,,,,,,,,,,,,,,,,,,,,,,0,4,,"unit1 traveling hills dales left near dale hollow nw . unit1 's vehicle drove patch water , causing hydro plane . vehicle 's rear end spun toward , traveled struck utility pole located intersection hills dales dale hollow vehicle came rest . see statements see photos see gm",O,"[0.9999998807907104, 1.5460236113540304e-07, 2.4423277622531714e-08]",C,"[0.34375572204589844, 0.6448493003845215, 0.011394978500902653]",O,"[0.8720703125, 0.1253662109375, 0.0021877288818359375]"
1683,1683,186145302,"unit #1 was eastbound in the left lane on the ohio turnpike (ir 0076) at milepost 231.5. unit #2 was eastbound in the right lane beside unit #1. unit #2 hydro planed and lost control, went into the left lane, struck unit #1, and then regained control. both units then pulled onto the right berm under control.",20186145302,2018,O,9/1/2018 0:00,4,SMAHIR00076*KC,S,MAH,12.486,40.97936,-80.677627,4668,99999.0,9/9/2018 0:00,5,1,N,2.0,N,Y,1.0,15,0,,,,Y,12.486,SMAHIR00076*KC,N,1,91-0668-50,31,9,N,5,0,2,BEAVER TOWNSHIP,1,E,Y,N,4.0,N,0.5,,N,,N,BEAVER TOWNSHIP,N,,0,,,,76,IR,K,231.0,N,,,,2,,,,,N,N,Y,0,0,N,1.0,0,2,1,,81353.0,N,231.473,63,Y,5,4,3,1,M,N,N,N,0,2,0,2,2,70,1,20,0,0,0,0,0,1,6,NT,1,65,47.0,1.0,4.0,3.0,1.0,F,,1.0,70.0,1.0,20.0,,,,,,1.0,6.0,NT,2.0,65.0,,,,,,,,,,,,,0,4,,"unit1 left ohio turnpike milepost .. unit2 beside unit1 . unit2 hydro planed lost control , went left , struck unit1 , regained control . units pulled onto berm control .",O,"[0.9999779462814331, 2.086223685182631e-05, 1.241480276803486e-06]",O,"[0.9997157454490662, 0.00027769349981099367, 6.498114998976234e-06]",O,"[1.0, 5.7220458984375e-06, 8.940696716308594e-07]"
1684,1684,186146048,"unit #1 was westbound on us-35 when the trailer began to hydro plane off the right side of the roadway striking a ditch and trees. the driver over corrected, sending his semi-truck off the right side of the roadway, striking a traffic sign and became jack-knifed.",20186146048,2018,O,9/1/2018 0:00,9,SJACUS00035**N,S,JAC,5.486,39.131244,-82.703755,37856,99999.0,9/9/2018 0:00,13,1,N,2.0,Y,N,3.0,16,0,,,,N,5.5,SJACUS00035**C,Y,1,40-0602-40,1,9,N,1,0,1,JACKSON TOWNSHIP,1,W,Y,N,4.0,Y,0.5,,N,,N,JACKSON,N,,0,,,,35,US,,6.0,N,,,,2,,,,,N,N,Y,0,0,N,2.0,0,2,3,,262420.0,N,134.777,26,Y,5,3,4,1,M,N,N,N,0,2,44,1,2,60,13,8,44,37,4,44,0,1,6,NT,15,60,,,,,,,,,,,,,,,,,,,,,,,,,,,,,,,,,,0,4,,"unit1 us trailer began hydro plane side roadway striking ditch trees . driver corrected , sending semitruck side roadway , striking traffic sign became jackknifed .",O,"[1.0, 4.22582822068307e-08, 1.2057860487857397e-08]",O,"[1.0, 2.3797580225859427e-11, 8.992750595289249e-15]",O,"[1.0, 0.0, 0.0]"
1685,1685,186148246,unit#1 was traveling eastbound on us 33. unit#1 hydro planed and slid off the right side of the roadway and struck a guard rail face.,20186148246,2018,O,9/1/2018 0:00,10,SATHUS00033**C,S,ATH,5.13,39.421605,-82.192131,86982,99999.0,9/17/2018 0:00,13,2,N,2.0,Y,Y,2.0,9,0,,,,N,5.13,SATHUS00033**C,N,1,05-0883-05,1,9,N,3,0,1,YORK TOWNSHIP,1,E,Y,N,4.0,Y,0.038,,Y,,N,YORK TOWNSHIP,N,,0,,,,33,US,,5.0,N,,,,2,,,,,N,N,Y,0,0,N,2.0,0,2,1,,316298.0,N,187.39,21,Y,5,4,3,1,F,N,N,N,0,2,30,1,2,55,1,8,30,0,0,0,0,1,6,NT,1,60,,,,,,,,,,,,,,,,,,,,,,,,,,,,,,,,,,0,4,,unit1 traveling us . unit1 hydro planed slid side roadway struck guard rail face .,O,"[0.9999971389770508, 2.6633645120455185e-06, 1.9909145976271247e-07]",O,"[1.0, 3.713947549499608e-08, 2.2246028630323877e-10]",O,"[1.0, 3.5762786865234375e-07, 0.0]"
1686,1686,186151633,"unit 1 was eb on i-76 just west of s. hametown rd when the driver states she hydro planed on the wet roadway, causing her to lose control of the vehicle and strike an impact attenuator and concrete barrier.",20186151633,2018,AB,9/1/2018 0:00,4,SSUMIR00076**C,S,SUM,0.958,41.039956,-81.669709,57260,766.0,9/24/2018 0:00,13,2,N,2.0,Y,Y,1.0,16,0,84500.0,,,Y,0.958,SSUMIR00076**C,N,1,21809127,1,9,N,0,1,1,NORTON,1,W,Y,N,6.0,Y,0.17,,Y,,N,NORTON,N,,4,,I 76 E,,76,IR,,,N,,S,HAMETOWN,1,,,,RD,N,N,N,0,2,Y,1.0,0,2,2,,81338.0,N,13.106,24,Y,99,4,3,1,F,N,N,N,0,2,35,1,2,55,1,25,35,0,0,0,0,1,6,NT,1,55,,,,,,,,,,,,,,,,,,,,,,,,,,,,,,,,,,0,4,,"unit1 hametown driver states hydro planed wet roadway , causing lose control vehicle strike impact attenuator concrete barrier .",O,"[0.9999978542327881, 2.0617815152945695e-06, 1.3029628576077812e-07]",O,"[0.9984721541404724, 0.0015121367760002613, 1.567186336615123e-05]",O,"[1.0, 2.980232238769531e-07, 0.0]"
1687,1687,186151938,unit 2 had turned westbound onto sylvania off of doty. unit 1 was traveling in listed vehicle eastbound on sylvania approaching doty. unit 2 hydro planed and failed to keep control of the vehicle striking unit 1 whom was coming in the opposite direction. unit 1 was taken by tfd25 to st anne's for shoulder and neck pain. unit 2 was cited for failure to control.,20186151938,2018,C,9/1/2018 0:00,2,CLUCCR00005**C,C,LUC,13.652,41.691817,-83.615906,77000,87868.0,9/24/2018 0:00,6,2,N,,N,N,4.0,18,0,,be91cc88-39c1-4998-80b7-f9925b3b40b4,dc5a302b-53a8-47c8-9b48-8dfecf9f709d,N,13.652,CLUCCR00005**C,Y,2,1.80924E+13,4,9,,1,0,2,TOLEDO,1,,N,N,4.0,N,0.0,MR,Y,,N,TOLEDO,N,,0,W,SYLVANIA,AVE,,,,,N,,,DOTY,1,,,,DR,N,N,N,0,0,N,,1,2,1,,2066.0,N,13.652,23,Y,99,2,6,1,M,N,N,N,0,2,0,2,2,30,6,20,0,0,0,0,0,1,4,LT,4,15,37.0,1.0,4.0,3.0,1.0,M,,1.0,30.0,1.0,20.0,,,,,,14.0,4.0,NT,4.0,20.0,,,,,,,,,,,,,0,4,,unit2 turned onto sylvania doty . unit1 traveling listed vehicle sylvania approaching doty . unit2 hydro planed failed keep control vehicle striking unit1 coming opposite direction . unit1 taken tfd25 anne 's shoulder neck pain . unit2 cited failure control .,C,"[2.4003165890462697e-06, 0.9999895095825195, 8.132558832585346e-06]",C,"[2.5495401132502593e-06, 0.9969424605369568, 0.003055064706131816]",C,"[1.2040138244628906e-05, 1.0, 3.933906555175781e-06]"
1688,1688,186153595,unit 1 was west on cr 79. unit 1 lost control on the wet roadway and hydro planed off the north side of cr 79. unit 1 spun around and struck a fence.,20186153595,2018,O,9/1/2018 0:00,3,CWAYCR00079**C,C,WAY,2.986,40.741337,-81.767588,24136,99999.0,9/26/2018 0:00,13,4,N,,Y,N,6.0,7,0,,,,N,2.986,CWAYCR00079**C,N,1,85-1097-85,2,9,,1,0,1,EAST UNION TOWNSHIP,1,E,N,N,2.0,N,0.4,TR,N,,N,EAST UNION TOWNSHIP,N,,0,,,,79,CR,,,N,,,,1,179,TR,,,N,N,Y,0,0,N,,0,2,3,,19785.0,N,2.986,46,Y,9,3,4,1,F,N,N,N,0,2,46,1,2,55,13,8,46,0,0,0,0,1,6,NT,1,35,,,,,,,,,,,,,,,,,,,,,,,,,,,,,,,,,,0,4,,unit1 cr . unit1 lost control wet roadway hydro planed side cr . unit1 spun around struck fence .,O,"[0.9993046522140503, 0.0006584343500435352, 3.69710978702642e-05]",O,"[0.9995664954185486, 0.0004232065111864358, 1.0196072253165767e-05]",O,"[1.0, 1.1920928955078125e-07, 0.0]"
1689,1689,186154649,unit #1 stated he was heading ir480 w/b in the far left lane and hydro planed and lost control of his vehicle. his vehicle went into the next right lane and side swiped unit # 2. unit # 1 then went off the road into the grass area and he drove back onto the road to a safety area. unit #1 states he was operating at 65 mph in a 60 mph zone during a rain storm. photos taken of damage and appropriate citations issued.,20186154649,2018,O,9/1/2018 0:00,12,SCUYIR00480**N,S,CUY,23.856,41.424919,-81.537282,80990,17668.0,9/26/2018 0:00,5,4,N,2.0,N,Y,1.0,4,0,20600.0,,,Y,23.89,SCUYIR00480**C,Y,3,20183667,1,9,N,2,0,2,WARRENSVILLE HEIGHTS,1,W,Y,N,7.0,Y,0.009,,Y,,N,WARRENSVILLE HEIGHTS,N,,0,,,,480,IR,,,N,,,WARRENSVILLE CENTER,1,,,,RD,N,N,Y,0,0,N,1.0,0,2,1,,54083.0,N,26.16,23,Y,99,3,4,1,M,N,N,N,0,2,0,1,2,60,1,20,8,0,0,0,0,1,6,NT,1,65,43.0,1.0,3.0,4.0,1.0,M,,2.0,60.0,1.0,20.0,,,,,,1.0,6.0,NT,15.0,50.0,,,,,,,,,,,,,0,4,,unit1 stated heading far left hydro planed lost control vehicle . vehicle went next side swiped unit2 . unit1 went grass area drove back onto safety area . unit1 states operating mph mph zone rain storm . photos taken damage appropriate citations issued .,O,"[0.9999998807907104, 1.1904300833975867e-07, 2.6729034985351063e-08]",O,"[0.9999990463256836, 9.10500659756508e-07, 1.3769489992654371e-09]",O,"[1.0, 0.0, 0.0]"
1690,1690,186158145,unit 1 was west on tr 144. unit 1 hit his brakes too hard on a wet roadway and hydro planed off the north side of the road. unit 1 then struck a stop sign and slid through the intersection of cr 44.,20186158145,2018,O,10/1/2018 0:00,3,CWAYCR00044**C,C,WAY,7.802,40.814295,-81.844225,24136,99999.0,10/4/2018 0:00,13,5,N,,Y,N,5.0,9,0,,43f62af1-e909-4294-87ae-ba2741378867,92039b34-790a-4b0e-8ea6-26aea9addaeb,N,7.802,CWAYCR00044**C,N,1,85-1135-85,2,10,,1,0,1,EAST UNION TOWNSHIP,1,E,N,Y,2.0,N,0.004,TR,Y,,N,EAST UNION TOWNSHIP,N,,0,,,,144,TR,,,N,,,,1,44,CR,,,N,N,Y,0,0,N,,0,2,1,,9017.0,N,7.802,21,Y,5,3,4,1,M,N,N,N,0,2,37,1,2,55,11,8,37,0,0,0,0,1,4,NT,4,40,,,,,,,,,,,,,,,,,,,,,,,,,,,,,,,,,,0,4,,unit1 tr . unit1 hit brakes hard wet roadway hydro planed side . unit1 struck stop sign slid intersection cr .,O,"[0.9999998807907104, 1.0714304465864188e-07, 2.3157832984566085e-08]",O,"[1.0, 3.021352279475309e-09, 2.219668199243685e-11]",O,"[1.0, 0.0, 0.0]"
1691,1691,186166269,"unit 1 was southbound on us 62. when unit 1 started hydro planning the driver lost control, causing unit 1 to spin around several times. unit 1 left the spin facing to the left leaving the roadway to the left and striking an embankment.",20186166269,2018,O,10/1/2018 0:00,11,SHOLUS00062**C,S,HOL,1.928,40.463431,-82.156444,66712,99999.0,10/4/2018 0:00,13,5,N,2.0,Y,N,5.0,15,0,,,,N,1.928,SHOLUS00062**C,N,1,18HC04521,1,10,,1,0,1,RICHLAND TOWNSHIP,1,,N,N,2.0,Y,0.0,,Y,14667,N,RICHLAND TOWNSHIP,N,,0,,,,62,,,,N,,,,3,,,,,N,N,N,0,0,N,3.0,0,2,1,,264219.0,N,173.753,25,Y,99,5,8,1,F,N,N,N,0,2,45,1,2,55,1,9,45,0,0,0,0,1,6,NT,1,45,,,,,,,,,,,,,,,,,,,,,,,,,,,,,,,,,,0,4,,"unit1 us . unit1 started hydro planning driver lost control , causing unit1 spin around several times . unit1 left spin facing left leaving roadway left striking embankment .",O,"[0.9785792231559753, 0.018956806510686874, 0.00246397964656353]",O,"[0.9553623795509338, 0.03956135734915733, 0.0050763278268277645]",O,"[0.85986328125, 0.1212158203125, 0.0189971923828125]"