,id,OBJECTID,Narrative,DOCUMENT_NBR,CRASH_YR,CRASH_SEVERITY_CD,CRASH_MONTH_YEAR,DISTRICT_NBR,NLFID,NLF_JUR_CD,NLF_COUNTY_CD,COUNTY_LOG_NBR,ODOT_LATITUDE_NBR,ODOT_LONGITUDE_NBR,ODOT_FIPS_CD,AREA_CODE,CRASH_DATE,CRASH_TYPE_CD,DAY_IN_WEEK_CD,DISTRACTED_DRIVER_IND,FACILITY_TYPE_CD,FHWA_RDWY_DEPARTURE_IND,FREEWAY_IND,FUNCTIONAL_CLASS_CD,HOUR_OF_CRASH,INCAPAC_INJURIES_NBR,INTERCHANGE_ID,INTERSECTION_ID_CURRENT,INTERSECTION_LEG_ID,INTERSTATE_IND,INV_LOG_NBR,INV_NLFID,IS_COMMERCIAL_RELATED,LIGHT_COND_PRIMARY_CD,LOCAL_REPORT_NUMBER_ID,MAINTENANCE_AUTHORITY_CD,MONTH_OF_CRASH,NHS_CD,NO_INJURY_REPORTED_NBR,NON_INCAPAC_INJURIES_NBR,NUMBER_OF_UNITS_NBR,ODOT_CITY_VILLAGE_TWP_NME,ODOT_CRASH_LOCATION_CD,ODOT_DIR_FROM_REF_CD,ODOT_DIV_UNDIV_IND,ODOT_INTERSECTION_REL_IND,ODOT_LANES_NBR,ODOT_MAINTAINED_HWY_IND,ODOT_MILES_FROM_REF_NBR,ODOT_REF_ROUTE_PREFIX_CD,ODOT_YOUNG_DRIVER_IND,ODPS_ADDRESS_REFERENCE,ODPS_ALCOHOL_IND,ODPS_CITY_VILLAGE_TWP_NME,ODPS_DRUG_IND,ODPS_LOC_DIR_SUFFIX_CD,ODPS_LOC_IN_WORK_ZONE_CD,ODPS_LOC_ROAD_DIRECTION_CD,ODPS_LOC_ROAD_NME,ODPS_LOC_ROAD_SUFFIX_CD,ODPS_LOC_ROUTE_ID,ODPS_LOC_ROUTE_PREFIX_CD,ODPS_LOC_ROUTE_SUFFIX_CD,ODPS_MILEPOST_REFERENCE,ODPS_MOTORCYCLE_IND,ODPS_REF_DIR_SUFFIX_CD,ODPS_REF_DIRECTION_CD,ODPS_REF_GIVEN,ODPS_REF_POINT_USED_CD,ODPS_REF_ROUTE_ID,ODPS_REF_ROUTE_PREFIX_CD,ODPS_REF_ROUTE_SUFFIX_CD,ODPS_REF_SUFFIX_CD,ODPS_SCHOOL_ZONE_IND,ODPS_SENIOR_DRIVER_IND,ODPS_SPEED_IND,ODPS_TOTAL_FATALITIES_NBR,ODPS_TYPE_OF_WORK_ZONE_CD,ODPS_WORK_ZONE_IND,OPER_ACCESS_CONTROL_CD,POSSIBLE_INJURIES_NBR,ROAD_COND_PRIMARY_CD,ROAD_CONTOUR_CD,SA_RAMP_ID,SA_SEGMENT_ID,SECONDARY_CRASH,STATE_TRUE_LOG_NBR,U1_AGE_NBR,U1_AT_FAULT_IND,U1_CONT_CIR_PRIMARY_CD,U1_DIRECTION_FROM_CD,U1_DIRECTION_TO_CD,U1_DISTRACTED_BY_1_CD,U1_GENDER_CD,U1_IS_ALCOHOL_SUSPECTED,U1_IS_MARIJUANA_SUSPECTED,U1_IS_OTHER_DRUG_SUSPECTED,U1_NON_MOTORIST_LOC_CD,U1_NUMBER_OF_THRU_LANES,U1_OBJECT_STRUCK,U1_ODPS_UNIT_NBR,U1_OPERATINGIN_AUTONOMOUS_MODE,U1_POSTED_SPEED_NBR,U1_PRECRASH_ACTION_CD,U1_SEQ_OF_EVENTS_1_CD,U1_SEQ_OF_EVENTS_2_CD,U1_SEQ_OF_EVENTS_3_CD,U1_SEQ_OF_EVENTS_4_CD,U1_SEQ_OF_EVENTS_5_CD,U1_SEQ_OF_EVENTS_6_CD,U1_SPECIAL_FUNCTION_CD,U1_TRAFFIC_CONTROL_CD,U1_TURN_CD,U1_TYPE_OF_UNIT_CD,U1_UNIT_SPEED_NBR,U2_AGE_NBR,U2_CONT_CIR_PRIMARY_CD,U2_DIRECTION_FROM_CD,U2_DIRECTION_TO_CD,U2_DISTRACTED_BY_1_CD,U2_GENDER_CD,U2_NON_MOTORIST_LOC_CD,U2_ODPS_UNIT_NBR,U2_POSTED_SPEED_NBR,U2_PRECRASH_ACTION_CD,U2_SEQ_OF_EVENTS_1_CD,U2_SEQ_OF_EVENTS_2_CD,U2_SEQ_OF_EVENTS_3_CD,U2_SEQ_OF_EVENTS_4_CD,U2_SEQ_OF_EVENTS_5_CD,U2_SEQ_OF_EVENTS_6_CD,U2_SPECIAL_FUNCTION_CD,U2_TRAFFIC_CONTROL_CD,U2_TURN_CD,U2_TYPE_OF_UNIT_CD,U2_UNIT_SPEED_NBR,U3_CONT_CIR_PRIMARY_CD,U3_ODPS_UNIT_NBR,U3_PRECRASH_ACTION_CD,U3_SEQ_OF_EVENTS_1_CD,U3_SEQ_OF_EVENTS_2_CD,U3_SEQ_OF_EVENTS_3_CD,U3_SEQ_OF_EVENTS_4_CD,U3_SEQ_OF_EVENTS_5_CD,U3_SEQ_OF_EVENTS_6_CD,U3_SPECIAL_FUNCTION_CD,U3_TRAFFIC_CONTROL_CD,U3_TYPE_OF_UNIT_CD,UNRESTRAIN_OCCUPANTS,WEATHER_COND_CD,V1,clean_Narrative,BERT_predictions,BERT_prediction_probabilities,RoBERTa_predictions,RoBERTa_predictions_probabilities,distilBERT_predictions,distilBERT_predictions_probabilities
1692,1692,186166530,"unit #1 stated that she was on interstate 70 eastbound getting onto the on ramp to sr 235 south, when she hydro planed and spun out on the road way. she then over corrected and spun out again.",20186166530,2018,O,10/1/2018 0:00,7,SMOTRA57257**C,S,MOT,0.472,39.865096,-84.056365,36610,99704.0,10/14/2018 0:00,17,1,N,4.0,Y,Y,2.0,20,0,8300.0,0dfd702c-f194-4208-8324-5cf161684ffd,694772d1-b8e1-4af9-9ec0-d148a6a31227,N,0.472,SMOTRA57257**C,N,3,18069884,4,10,,1,0,1,HUBER HEIGHTS,1,,N,N,,N,0.0,RA,Y,,N,HUBER HEIGHTS,N,,0,,I 70 E,,70,IR,,,N,,,,1,235,SR,,,N,N,N,0,0,N,1.0,0,2,3,,,N,0.472,18,Y,99,3,2,1,F,N,N,N,0,2,0,1,2,60,13,8,0,0,0,0,0,1,6,LT,1,40,,,,,,,,,,,,,,,,,,,,,,,,,,,,,,,,,,0,4,,"unit1 stated interstate getting onto ramp , hydro planed spun . corrected spun .",O,"[0.9999998807907104, 1.4235929768346978e-07, 1.8837530646464984e-08]",O,"[0.9996985197067261, 0.0002989698841702193, 2.5114179607044207e-06]",O,"[1.0, 0.0, 0.0]"
1693,1693,186169077,"units #1 and #2 were traveling west bound on ir 76, (ohio turnpike). unit #2 hydro planned in the right lane and struck unit #1 in the left lane. both units came to final rest in the south ditch at the 235.6 mile post.",20186169077,2018,O,10/1/2018 0:00,4,SMAHIR00076*KN,S,MAH,16.598,40.944688,-80.615799,74124,99999.0,10/20/2018 0:00,5,7,N,2.0,N,Y,1.0,22,0,,,,Y,16.572,SMAHIR00076*KC,N,4,91-0755-50,31,10,N,2,0,2,SPRINGFIELD TOWNSHIP,1,W,Y,N,4.0,N,0.4,,N,,N,SPRINGFIELD TOWNSHIP,N,,0,,,,76,IR,K,236.0,N,,,,2,,,,,N,N,Y,0,0,N,1.0,0,2,2,,91236.0,N,235.585,39,Y,5,3,4,1,M,N,N,N,0,2,44,2,2,70,1,20,9,44,0,0,0,1,6,NT,1,50,63.0,1.0,3.0,4.0,1.0,M,,1.0,70.0,1.0,20.0,9.0,44.0,,,,1.0,6.0,NT,1.0,70.0,,,,,,,,,,,,,0,4,,"units traveling , . unit2 hydro planned struck unit1 left . units came final rest ditch . mile post .",O,"[0.9997667670249939, 0.000222373433643952, 1.0860682778002229e-05]",O,"[0.9970892071723938, 0.002798781730234623, 0.00011206767521798611]",O,"[0.97607421875, 0.0223388671875, 0.0017156600952148438]"
1694,1694,186173320,"unit #1 was westbound on ir 70. unit #1 hydro planed and spun off the left side of the roadway, where it struck the raised portion of the grassy median.",20186173320,2018,O,10/1/2018 0:00,5,SGUEIR00070**N,S,GUE,27.821,40.057366,-81.241659,59290,99999.0,10/28/2018 0:00,13,1,N,2.0,Y,Y,1.0,19,0,,,,Y,27.853,SGUEIR00070**C,N,4,30-0909-30,1,10,N,3,0,1,OXFORD TOWNSHIP,1,E,Y,N,4.0,Y,0.1,,Y,,N,OXFORD TOWNSHIP,N,,0,,,,70,IR,,198.0,N,,,,2,,,,,N,N,Y,0,0,N,1.0,0,2,2,,45247.0,N,197.958,25,Y,5,3,4,1,M,N,N,N,0,2,45,1,2,70,1,9,45,0,0,0,0,1,6,NT,1,55,,,,,,,,,,,,,,,,,,,,,,,,,,,,,,,,,,0,4,,"unit1 . unit1 hydro planed spun left side roadway , struck raised portion grassy median .",O,"[0.9999998807907104, 8.648851235193433e-08, 2.1744858358374586e-08]",O,"[0.9999562501907349, 4.341720705269836e-05, 3.4061139331242885e-07]",O,"[1.0, 0.0, 0.0]"
1695,1695,186174049,"unit #1 hydro planed, lost control and struck the tension barrier in the median. no injuries were reported and the vehicle was towed.",20186174049,2018,O,10/1/2018 0:00,3,SMEDIR00071**N,S,MED,12.162,41.077526,-81.840162,51856,99999.0,10/28/2018 0:00,13,1,N,2.0,Y,Y,1.0,17,0,,,,Y,12.147,SMEDIR00071**C,N,1,18  14236,1,10,N,2,0,1,MONTVILLE TOWNSHIP,1,N,Y,N,6.0,Y,0.1,,N,,N,MONTVILLE TOWNSHIP,N,,0,,,,71,IR,,214.0,N,,,,2,,,,,N,N,N,0,0,N,1.0,0,2,1,,45321.0,N,214.166,50,Y,99,1,2,1,M,N,N,N,0,2,33,1,2,70,1,9,33,0,0,0,0,1,6,NT,1,60,,,,,,,,,,,,,,,,,,,,,,,,,,,,,,,,,,0,4,,"unit1 hydro planed , lost control struck tension barrier median . injuries reported vehicle towed .",O,"[0.9999998807907104, 1.0942601136321173e-07, 1.9179413612846474e-08]",O,"[0.9999984502792358, 1.5721323052275693e-06, 2.816366695412853e-09]",O,"[1.0, 0.0, 0.0]"
1696,1696,186176373,units 1 and 2 were southbound on interstate 75. unit 2 lost control and hydro planed off the left side of the road. unit 2 re-entered the road and went into the path of unit 1 in the left center lane. unit 1 struck unit 2 on the left side. unit 2 then left the scene.,20186176373,2018,O,11/1/2018 0:00,8,SBUTIR00075**N,S,BUT,1.578,39.320117,-84.426751,83150,16885.0,11/1/2018 0:00,5,5,N,2.0,Y,Y,1.0,9,0,,a56651c0-e2d0-421e-ae16-af83f2878fc5,8bb115d2-53b1-457d-99a8-d61833b24aac,Y,1.56,SBUTIR00075**C,N,1,09-0683-09,1,11,N,2,0,2,WEST CHESTER TOWNSHIP,1,,Y,N,8.0,Y,0.0,,N,,N,WESTCHESTER,N,,0,,,,75,IR,,19.0,N,,,,2,,,,,N,N,Y,0,0,N,1.0,0,2,1,,34126.0,N,19.058,35,Y,5,1,2,1,M,N,N,N,0,2,0,2,2,65,1,9,20,0,0,0,0,1,6,NT,1,20,58.0,1.0,1.0,2.0,1.0,M,,1.0,65.0,1.0,20.0,,,,,,1.0,6.0,NT,1.0,20.0,,,,,,,,,,,,,0,4,,unit1 unit2 interstate . unit2 lost control hydro planed left side . unit2 reentered went path unit1 left center . unit1 struck unit2 left side . unit2 left scene .,O,"[0.999996542930603, 3.1733843570691533e-06, 2.1562124175034114e-07]",O,"[0.9985242486000061, 0.0013304605381563306, 0.00014538280083797872]",O,"[0.98193359375, 0.0170135498046875, 0.0011453628540039062]"
1697,1697,186176561,unit 2 and unit 3 were s/b on bunts rd and stopped at the light at athens ave. unit 1 was s/b on bunts approaching the stopped cars. the driver of unit 1 stated she may have hydro planed when attempting to stop. unit 1 rear ended unit 2 and pushed unit 2 into unit 3.,20186176561,2018,O,10/1/2018 0:00,12,CCUYCR00232**C,C,CUY,2.798,41.474017,-81.789673,41664,17668.0,10/31/2018 0:00,2,4,N,,N,N,5.0,18,0,,f4c5f2fb-1dc3-41b7-bd26-7f6574db557a,2a283afc-0beb-4260-84af-a9b670586c2a,N,2.798,CCUYCR00232**C,N,3,18  004932,4,10,,3,0,3,LAKEWOOD,2,,N,Y,2.0,N,0.0,MR,N,,N,LAKEWOOD,N,,0,,BUNTS,RD,,,,,N,,,ATHENS,1,,,,AVE,N,N,N,0,0,N,,0,2,1,,33743.0,N,2.798,42,Y,99,1,2,1,F,N,N,N,0,2,0,1,2,25,1,20,0,0,0,0,0,1,2,NT,1,15,39.0,1.0,1.0,2.0,1.0,F,,2.0,25.0,11.0,20.0,20.0,,,,,1.0,2.0,NT,1.0,,1.0,3.0,11.0,20.0,,,,,,1.0,2.0,1.0,0,4,,unit2 unit3 bunts stopped light athens . unit1 bunts approaching stopped cars . driver unit1 stated may hydro planed attempting stop . unit1 rear ended unit2 pushed unit2 unit3 .,C,"[0.0017012179596349597, 0.997253954410553, 0.0010448913089931011]",C,"[0.24342045187950134, 0.7554280757904053, 0.0011515041114762425]",O,"[0.998046875, 0.00208282470703125, 0.00016057491302490234]"
1698,1698,186176650,"unit #1 was traveling westbound on the ohio turnpike in the middle lane. unit #1 hydro planed, traveled off roadway right and impacted the guardrail face.",20186176650,2018,O,10/1/2018 0:00,3,SERIIR00080*KN,S,ERI,19.009,41.32899,-82.483139,27482,99999.0,10/28/2018 0:00,13,1,N,2.0,Y,Y,1.0,18,0,,,,Y,19.006,SERIIR00080*KC,N,2,90-0764-22,31,10,N,1,0,1,FLORENCE TOWNSHIP,1,E,Y,N,7.0,N,0.1,,N,,N,BERLIN TOWNSHIP,N,,0,,,,80,IR,K,125.0,N,,,,2,,,,,N,N,Y,0,0,N,1.0,0,2,2,,39642.0,N,125.125,59,Y,5,3,4,1,F,N,N,N,0,2,30,1,2,70,1,8,30,0,0,0,0,1,6,NT,1,60,,,,,,,,,,,,,,,,,,,,,,,,,,,,,,,,,,0,4,,"unit1 traveling ohio turnpike middle . unit1 hydro planed , traveled roadway impacted guardrail face .",O,"[0.9999866485595703, 1.2489661457948387e-05, 7.851836585359706e-07]",O,"[0.9999995231628418, 4.68772043404897e-07, 1.065464050320486e-09]",O,"[1.0, 1.1920928955078125e-07, 0.0]"
1699,1699,186177611,crash occurred on the exit ramp from interstate 270 westbound on the ramp for interstate 71 southbound. unit #1 was traveling through the curve of the ramp when the vehicle hydro planed and ran off the right shoulder. the vehicle spun around and came to rest in a drainage ditch facing northbound. no injuries were report and there appeared to be no visible damage. he vehicle was pulled out of the ditch by elite towing and driven away by the owner.,20186177611,2018,O,11/1/2018 0:00,6,SFRARA25294**C,S,FRA,0.015,40.110181,-82.977508,18000,19234.0,11/1/2018 0:00,17,5,N,4.0,Y,Y,1.0,1,0,29100.0,8efb0e66-c0fe-4d38-bbbf-bdb147326bfb,bac7bdd0-66e8-41c5-949f-380dd0564206,Y,0.015,SFRARA25294**C,N,3,180920562,1,11,,2,0,1,COLUMBUS,8,,N,Y,,Y,0.0,RA,Y,,N,COLUMBUS,N,,0,,,,270,IR,,,N,,,,1,71,IR,,,N,N,N,0,0,N,1.0,0,2,4,,,N,0.015,20,Y,1,4,2,1,M,N,N,N,0,2,0,1,2,65,99,8,0,0,0,0,0,1,6,RT,1,50,,,,,,,,,,,,,,,,,,,,,,,,,,,,,,,,,,0,4,,crash occurred exit ramp interstate ramp interstate . unit1 traveling curve ramp vehicle hydro planed ran shoulder . vehicle spun around came rest drainage ditch facing . injuries report appeared visible damage . vehicle pulled ditch elite towing driven away owner .,O,"[0.9999998807907104, 8.360510861393777e-08, 1.9640982173996235e-08]",O,"[1.0, 2.4698274675438725e-11, 9.696627351161047e-15]",O,"[1.0, 0.0, 0.0]"
1700,1700,186181432,u1 was heading west on cr 70 when she lost control and hydro planes. she went off the right side of the road and climbed a bank then rolled several times back onto cr 70.,20186181432,2018,O,10/1/2018 0:00,11,CHOLCR00070**C,C,HOL,5.611,40.499609,-81.706917,15280,99999.0,10/31/2018 0:00,16,4,N,,Y,N,7.0,13,0,,,,N,5.611,CHOLCR00070**C,N,1,18HC04906,2,10,,1,0,1,CLARK TOWNSHIP,2,E,N,Y,2.0,N,0.5,SR,Y,,N,CLARK TOWNSHIP,N,,0,,,,70,CR,,,N,,,,1,162,SR,,,N,N,N,0,0,N,,0,2,2,,16538.0,N,5.611,23,Y,99,3,4,1,F,N,N,N,0,2,45,1,2,55,1,8,45,1,0,0,0,1,6,NT,1,55,,,,,,,,,,,,,,,,,,,,,,,,,,,,,,,,,,0,4,,heading cr lost control hydro planes . went side climbed bank rolled several times back onto cr .,C,"[0.18914775550365448, 0.8001832365989685, 0.01066900696605444]",C,"[0.004467975813895464, 0.9234969019889832, 0.07203516364097595]",C,"[0.0950927734375, 0.87060546875, 0.03436279296875]"
1701,1701,186187237,unit 1 was traveling nb on i77 hydro planed off the right side of the roadway and struck a guard rail.,20186187237,2018,O,11/1/2018 0:00,4,SSUMIR00077**C,S,SUM,23.161,41.134867,-81.650806,4248,766.0,11/1/2018 0:00,13,5,N,2.0,Y,Y,1.0,4,0,86300.0,aa78404a-379f-47dc-8be4-07325a10bd5d,604f17a6-84d6-46e7-a39f-ef7d0b76eb49,Y,23.161,SSUMIR00077**C,N,3,21811001,1,11,N,1,0,1,BATH TOWNSHIP,1,S,Y,N,6.0,Y,0.057,,N,,N,COPLEY TOWNSHIP,N,,0,N,77 NORTHBOUND,HWY,77,IR,,137.0,N,,,,2,,,,,N,N,N,0,0,N,1.0,0,2,1,,47079.0,N,136.683,63,Y,99,2,1,1,M,N,N,N,0,2,30,1,2,65,3,8,30,0,0,0,0,1,6,NT,1,60,,,,,,,,,,,,,,,,,,,,,,,,,,,,,,,,,,0,4,,unit1 traveling hydro planed side roadway struck guard rail .,O,"[0.9999991655349731, 7.573199809485232e-07, 7.448208805271861e-08]",O,"[0.9999327659606934, 6.61183730699122e-05, 1.1033466762455646e-06]",O,"[1.0, 0.0002532005310058594, 7.033348083496094e-06]"
1702,1702,186188351,"unit 1 was traveling southbound on sharps cutoff road. unit 1 stated she hydro planned, traveled off the left side of the roadway striking a traffic sign, guy wire, and trees.",20186188351,2018,AB,11/1/2018 0:00,8,,C,CLE,,39.084981,-84.084331,85302,99999.0,11/12/2018 0:00,13,2,N,2.0,Y,N,,19,0,,,,N,,,N,4,13-2090-13,80,11,,0,1,1,WILLIAMSBURG TOWNSHIP,1,N,N,N,2.0,N,0.4,SR,N,,N,WILLIAMSBURG TOWNSHIP,N,,0,,SHARPS CUTOFF,RD,,,,,N,,,,1,276,SR,,,N,N,N,0,0,N,,0,2,3,,,N,,32,Y,9,1,2,1,M,N,N,N,0,2,48,1,2,55,13,9,37,41,48,0,0,1,6,NT,1,35,,,,,,,,,,,,,,,,,,,,,,,,,,,,,,,,,,0,4,,"unit1 traveling sharps cutoff . unit1 stated hydro planned , traveled left side roadway striking traffic sign , guy wire , trees .",O,"[0.8956397175788879, 0.09972020238637924, 0.004640091676265001]",O,"[0.9992352724075317, 0.0007121679373085499, 5.247722219792195e-05]",O,"[1.0, 0.0, 0.0]"
1703,1703,186193409,"unit # 1 was eastbound on us 40. unit # 1 slowed, hydro planed and traveled off the right side of the roadway and struck the guardrail. unit # 1 rotated back around and came to rest in the right lane.",20186193409,2018,O,11/1/2018 0:00,5,SMUSUS00022**C,S,MUS,9.4,39.905289,-82.019145,73894,99786.0,11/24/2018 0:00,13,7,N,2.0,Y,N,4.0,11,0,,7cdc5de7-d106-4757-b56a-d11e24ed6015,59a9bd8f-df3b-43c9-af12-76fc77752280,N,9.4,SMUSUS00022**C,N,1,60-1129-60,4,11,,1,0,1,SOUTH ZANESVILLE,1,E,N,Y,4.0,N,0.4,,N,,N,FALLS TOWNSHIP,N,,0,,,,22,US,,9.0,N,,,,2,,,,,N,N,N,0,0,N,3.0,0,2,1,,239965.0,N,153.099,62,Y,18,4,3,1,F,N,N,N,0,2,30,1,2,55,1,8,30,0,0,0,0,1,2,NT,3,45,,,,,,,,,,,,,,,,,,,,,,,,,,,,,,,,,,0,4,,"unit1 us . unit1 slowed , hydro planed traveled side roadway struck guardrail . unit1 rotated back around came rest .",O,"[0.977508008480072, 0.021980714052915573, 0.0005112976068630815]",O,"[0.9589221477508545, 0.039715223014354706, 0.0013625730061903596]",O,"[1.0, 2.0265579223632812e-06, 1.1920928955078125e-07]"
1704,1704,186193416,unit 1 was west on ir. 70 hydro planed due to wet roadway. unit 1 lost control sliding off the left side of the roadway striking the median.,20186193416,2018,O,11/1/2018 0:00,5,SMUSIR00070**N,S,MUS,14.995,39.953397,-81.948738,81522,99786.0,11/24/2018 0:00,13,7,N,2.0,Y,Y,1.0,7,0,,,,Y,15.08,SMUSIR00070**C,N,2,60-1128-60,1,11,N,2,0,1,WASHINGTON TOWNSHIP,1,W,Y,N,4.0,Y,0.1,,N,,N,WASHINGTON TOWNSHIP,N,,0,,,,70,IR,,158.0,N,,,,2,,,,,N,Y,Y,0,0,N,1.0,0,2,2,,56614.0,N,157.78,67,Y,5,3,4,1,M,N,N,N,0,2,45,1,2,70,1,9,45,0,0,0,0,1,6,NT,1,60,,,,,,,,,,,,,,,,,,,,,,,,,,,,,,,,,,0,4,,unit1 ir . hydro planed due wet roadway . unit1 lost control sliding left side roadway striking median .,O,"[0.9999485015869141, 4.88082914671395e-05, 2.779844407996279e-06]",O,"[0.9999343156814575, 6.332118209684268e-05, 2.415325297988602e-06]",O,"[1.0, 1.3113021850585938e-06, 5.960464477539063e-08]"
1705,1705,186194718,unit 1 was traveling south on i-271 in the 3rd lane which leads to ir-422 e. according to the driver of unit 1 an odot plow truck was pushing snow from the #2 lane. he states that snow was thrown into his lane. unit 1 then hit the snow which caused the car to hydro plane. unit 1 then veered right onto the right shoulder striking a guard rail face and then coming to rest a few yards away in the snow and up the hill. damage was contained to about 10-15' of guard rail.,20186194718,2018,O,11/1/2018 0:00,12,SCUYIR00271**N,S,CUY,6.112,41.435365,-81.500319,80990,17668.0,11/27/2018 0:00,13,3,N,2.0,Y,Y,1.0,4,0,18400.0,,,Y,6.096,SCUYIR00271**C,N,3,20184469,1,11,N,1,0,1,WARRENSVILLE HEIGHTS,1,N,Y,N,10.0,Y,0.017,,N,,N,WARRENSVILLE HEIGHTS,N,,0,,I 271 S,,271,IR,,,N,,,EMERY,1,,,,RD,N,N,Y,0,0,N,1.0,0,2,1,,47292.0,N,28.076,43,Y,99,1,2,1,M,N,N,N,0,2,31,1,2,60,1,8,31,39,0,0,0,1,6,NT,3,65,,,,,,,,,,,,,,,,,,,,,,,,,,,,,,,,,,0,2,,unit1 traveling leads ir according driver unit1 odot plow truck pushing snow . states snow thrown . unit1 hit snow caused car hydro plane . unit1 veered onto shoulder striking guard rail face coming rest yards away snow hill . damage contained ' guard rail .,O,"[0.9999998807907104, 1.524213359971327e-07, 2.0225028762865804e-08]",O,"[0.9739959239959717, 0.025664225220680237, 0.00033987138886004686]",O,"[1.0, 0.0, 0.0]"
1706,1706,186198435,"unit # 1 was traveling southbound on state route 7. unit # 2 hydro planed, ran off the left side of the roadway, struck the concrete median wall, drove off the right side of the roadway, struck the concrete wall, drove back off the left side of the roadway, and struck the median wall the second time.",20186198435,2018,AB,12/1/2018 0:00,11,SBELSR00007**N,S,BEL,24.455,40.128388,-80.712479,61378,94726.0,12/1/2018 0:00,13,7,N,2.0,Y,N,3.0,11,0,,,,N,24.466,SBELSR00007**C,N,1,07-1248-07,1,12,N,0,1,1,PEASE TOWNSHIP,1,N,Y,N,4.0,Y,0.4,,N,,N,PEASE TOWNSHIP,N,,0,,,,7,SR,,24.0,N,,,,2,,,,,N,N,Y,0,0,N,2.0,0,2,2,,148767.0,N,194.055,35,Y,5,1,2,1,F,N,N,N,0,2,35,1,2,55,1,9,35,8,51,9,35,1,6,NT,1,55,,,,,,,,,,,,,,,,,,,,,,,,,,,,,,,,,,0,4,,"unit1 traveling state . unit2 hydro planed , ran left side roadway , struck concrete median wall , drove side roadway , struck concrete wall , drove back left side roadway , struck median wall second time .",O,"[0.9999146461486816, 8.198618161259219e-05, 3.3681426430121064e-06]",O,"[0.9031459093093872, 0.09276577085256577, 0.004088331945240498]",O,"[0.95947265625, 0.039459228515625, 0.0006709098815917969]"
1707,1707,186198602,on 12-1-2018 at approx 0826hrs unit #1 was traveling south on sr 4 at approx 45mph in the left lane and when approx 1 mile north of the stanley ave off ramp apparently lost control and began to hydro plane and collided into unit #2 who was also traveling south on sr 4 at approx 55mph in the right lane. unit #2 was then pushed into the guard rail while unit #1 stopped in the median.,20186198602,2018,O,12/1/2018 0:00,7,SMOTSR00004**N,S,MOT,20.119,39.785098,-84.146899,21000,22528.0,12/1/2018 0:00,5,7,N,2.0,N,Y,2.0,8,0,,,,N,20.1,SMOTSR00004**C,N,1,1812010018,4,12,N,2,0,2,DAYTON,1,N,Y,N,4.0,N,1.0,,N,,N,DAYTON,N,,0,,STATE ROUTE 4 S,,4,SR,,,N,,,STANLEY,1,,,,AVE,N,N,N,0,0,N,1.0,0,2,2,,181469.0,N,57.305,31,Y,99,1,2,1,M,N,N,N,0,2,0,1,2,60,1,20,0,0,0,0,0,1,6,NT,3,45,54.0,1.0,1.0,2.0,1.0,M,,2.0,60.0,1.0,20.0,31.0,30.0,,,,1.0,6.0,NT,1.0,55.0,,,,,,,,,,,,,0,4,,approx 826hrs unit1 traveling approx 45mph left approx mile stanley ramp apparently lost control began hydro plane collided unit2 also traveling approx 55mph . unit2 pushed guard rail unit1 stopped median .,O,"[0.9999967813491821, 2.9851307772332802e-06, 2.1160732899261347e-07]",O,"[0.8998296856880188, 0.0984131246805191, 0.0017572477227076888]",O,"[0.86572265625, 0.11578369140625, 0.018463134765625]"
1708,1708,186199143,unit 1 traveling westbound on ir 70 in the right lane when unit 1 hydro planed and went off the right side of the road and struck a ditch.,20186199143,2018,O,12/1/2018 0:00,7,SCLAIR00070**N,S,CLA,8.903,39.892695,-83.893396,46788,99999.0,12/1/2018 0:00,13,7,N,2.0,Y,Y,1.0,8,0,,,,Y,8.9,SCLAIR00070**C,N,1,12-1417-12,1,12,N,2,0,1,MAD RIVER TOWNSHIP,1,E,Y,N,6.0,Y,0.1,,Y,,N,MAD RIVER TOWNSHIP,N,,0,,,,70,IR,,50.0,N,,,,2,,,,,N,N,N,0,0,N,1.0,0,2,1,,107382.0,N,50.107,22,Y,9,3,4,1,M,N,N,N,0,2,44,1,2,70,1,8,44,0,0,0,0,1,6,NT,1,60,,,,,,,,,,,,,,,,,,,,,,,,,,,,,,,,,,0,4,,unit1 traveling unit1 hydro planed went side struck ditch .,O,"[0.9999971389770508, 2.6415900720166974e-06, 2.4679181365172553e-07]",O,"[0.9999923706054688, 7.513729997299379e-06, 1.3006813048832555e-07]",O,"[1.0, 2.384185791015625e-07, 0.0]"
1709,1709,186200029,unit 1 was eastbound on sr 73. unit 1 struck a large amount of standing water on the roadway and hydro planned off the right side of the roadway striking a mail box and ditch.,20186200029,2018,O,12/1/2018 0:00,9,SSCISR00073**C,S,SCI,16.6,38.813913,-83.072284,78554,99999.0,12/1/2018 0:00,13,7,N,2.0,Y,N,5.0,12,0,,,,N,16.6,SSCISR00073**C,N,1,73-0999-73,1,12,,1,0,1,UNION TOWNSHIP,1,W,N,N,2.0,Y,0.4,,N,,N,RUSH TOWNSHIP,N,,0,,,,73,SR,,17.0,N,,,,2,,,,,N,N,Y,0,0,N,3.0,0,6,4,,173082.0,N,124.799,36,Y,5,4,3,1,M,N,N,N,0,2,44,1,2,55,1,8,47,44,0,0,0,1,6,NT,1,55,,,,,,,,,,,,,,,,,,,,,,,,,,,,,,,,,,0,2,,unit1 . unit1 struck large amount standing water roadway hydro planned side roadway striking mail box ditch .,O,"[0.9999793767929077, 1.9158393115503713e-05, 1.387871520819317e-06]",O,"[0.9999957084655762, 4.161577180639142e-06, 1.7688616082978115e-07]",O,"[0.98388671875, 0.015655517578125, 0.00046181678771972656]"
1710,1710,186200503,"unit 1 was traveling southbound on state route 4. unit 1 hydro planed and went off the left side of roadway, striking a guard rail.",20186200503,2018,O,12/1/2018 0:00,7,SCLASR00004**N,S,CLA,8.903,39.910063,-83.904238,74119,99999.0,12/1/2018 0:00,13,7,N,2.0,Y,Y,2.0,11,0,,10fd5f1e-3103-44ff-8292-0608482d7711,728c243e-d2e4-4a14-8ed9-6d072ca91f27,N,8.9,SCLASR00004**C,N,1,12-1418-12,1,12,N,1,0,1,SPRINGFIELD TOWNSHIP,1,S,Y,N,4.0,Y,0.1,,N,,N,BETHEL TOWNSHIP,N,,0,,,,4,SR,,9.0,N,,,,2,,,,,N,N,N,0,0,N,1.0,0,2,1,,148441.0,N,74.287,43,Y,9,1,2,1,F,N,N,N,0,2,30,1,2,70,1,9,30,0,0,0,0,1,6,NT,3,60,,,,,,,,,,,,,,,,,,,,,,,,,,,,,,,,,,0,4,,"unit1 traveling state . unit1 hydro planed went left side roadway , striking guard rail .",O,"[0.9999947547912598, 4.931543116981629e-06, 4.138915414841904e-07]",O,"[0.9985936284065247, 0.0013591268798336387, 4.730058572022244e-05]",O,"[0.9990234375, 0.0009179115295410156, 3.641843795776367e-05]"