,id,OBJECTID,Narrative,DOCUMENT_NBR,CRASH_YR,CRASH_SEVERITY_CD,CRASH_MONTH_YEAR,DISTRICT_NBR,NLFID,NLF_JUR_CD,NLF_COUNTY_CD,COUNTY_LOG_NBR,ODOT_LATITUDE_NBR,ODOT_LONGITUDE_NBR,ODOT_FIPS_CD,AREA_CODE,CRASH_DATE,CRASH_TYPE_CD,DAY_IN_WEEK_CD,DISTRACTED_DRIVER_IND,FACILITY_TYPE_CD,FHWA_RDWY_DEPARTURE_IND,FREEWAY_IND,FUNCTIONAL_CLASS_CD,HOUR_OF_CRASH,INCAPAC_INJURIES_NBR,INTERCHANGE_ID,INTERSECTION_ID_CURRENT,INTERSECTION_LEG_ID,INTERSTATE_IND,INV_LOG_NBR,INV_NLFID,IS_COMMERCIAL_RELATED,LIGHT_COND_PRIMARY_CD,LOCAL_REPORT_NUMBER_ID,MAINTENANCE_AUTHORITY_CD,MONTH_OF_CRASH,NHS_CD,NO_INJURY_REPORTED_NBR,NON_INCAPAC_INJURIES_NBR,NUMBER_OF_UNITS_NBR,ODOT_CITY_VILLAGE_TWP_NME,ODOT_CRASH_LOCATION_CD,ODOT_DIR_FROM_REF_CD,ODOT_DIV_UNDIV_IND,ODOT_INTERSECTION_REL_IND,ODOT_LANES_NBR,ODOT_MAINTAINED_HWY_IND,ODOT_MILES_FROM_REF_NBR,ODOT_REF_ROUTE_PREFIX_CD,ODOT_YOUNG_DRIVER_IND,ODPS_ADDRESS_REFERENCE,ODPS_ALCOHOL_IND,ODPS_CITY_VILLAGE_TWP_NME,ODPS_DRUG_IND,ODPS_LOC_DIR_SUFFIX_CD,ODPS_LOC_IN_WORK_ZONE_CD,ODPS_LOC_ROAD_DIRECTION_CD,ODPS_LOC_ROAD_NME,ODPS_LOC_ROAD_SUFFIX_CD,ODPS_LOC_ROUTE_ID,ODPS_LOC_ROUTE_PREFIX_CD,ODPS_LOC_ROUTE_SUFFIX_CD,ODPS_MILEPOST_REFERENCE,ODPS_MOTORCYCLE_IND,ODPS_REF_DIR_SUFFIX_CD,ODPS_REF_DIRECTION_CD,ODPS_REF_GIVEN,ODPS_REF_POINT_USED_CD,ODPS_REF_ROUTE_ID,ODPS_REF_ROUTE_PREFIX_CD,ODPS_REF_ROUTE_SUFFIX_CD,ODPS_REF_SUFFIX_CD,ODPS_SCHOOL_ZONE_IND,ODPS_SENIOR_DRIVER_IND,ODPS_SPEED_IND,ODPS_TOTAL_FATALITIES_NBR,ODPS_TYPE_OF_WORK_ZONE_CD,ODPS_WORK_ZONE_IND,OPER_ACCESS_CONTROL_CD,POSSIBLE_INJURIES_NBR,ROAD_COND_PRIMARY_CD,ROAD_CONTOUR_CD,SA_RAMP_ID,SA_SEGMENT_ID,SECONDARY_CRASH,STATE_TRUE_LOG_NBR,U1_AGE_NBR,U1_AT_FAULT_IND,U1_CONT_CIR_PRIMARY_CD,U1_DIRECTION_FROM_CD,U1_DIRECTION_TO_CD,U1_DISTRACTED_BY_1_CD,U1_GENDER_CD,U1_IS_ALCOHOL_SUSPECTED,U1_IS_MARIJUANA_SUSPECTED,U1_IS_OTHER_DRUG_SUSPECTED,U1_NON_MOTORIST_LOC_CD,U1_NUMBER_OF_THRU_LANES,U1_OBJECT_STRUCK,U1_ODPS_UNIT_NBR,U1_OPERATINGIN_AUTONOMOUS_MODE,U1_POSTED_SPEED_NBR,U1_PRECRASH_ACTION_CD,U1_SEQ_OF_EVENTS_1_CD,U1_SEQ_OF_EVENTS_2_CD,U1_SEQ_OF_EVENTS_3_CD,U1_SEQ_OF_EVENTS_4_CD,U1_SEQ_OF_EVENTS_5_CD,U1_SEQ_OF_EVENTS_6_CD,U1_SPECIAL_FUNCTION_CD,U1_TRAFFIC_CONTROL_CD,U1_TURN_CD,U1_TYPE_OF_UNIT_CD,U1_UNIT_SPEED_NBR,U2_AGE_NBR,U2_CONT_CIR_PRIMARY_CD,U2_DIRECTION_FROM_CD,U2_DIRECTION_TO_CD,U2_DISTRACTED_BY_1_CD,U2_GENDER_CD,U2_NON_MOTORIST_LOC_CD,U2_ODPS_UNIT_NBR,U2_POSTED_SPEED_NBR,U2_PRECRASH_ACTION_CD,U2_SEQ_OF_EVENTS_1_CD,U2_SEQ_OF_EVENTS_2_CD,U2_SEQ_OF_EVENTS_3_CD,U2_SEQ_OF_EVENTS_4_CD,U2_SEQ_OF_EVENTS_5_CD,U2_SEQ_OF_EVENTS_6_CD,U2_SPECIAL_FUNCTION_CD,U2_TRAFFIC_CONTROL_CD,U2_TURN_CD,U2_TYPE_OF_UNIT_CD,U2_UNIT_SPEED_NBR,U3_CONT_CIR_PRIMARY_CD,U3_ODPS_UNIT_NBR,U3_PRECRASH_ACTION_CD,U3_SEQ_OF_EVENTS_1_CD,U3_SEQ_OF_EVENTS_2_CD,U3_SEQ_OF_EVENTS_3_CD,U3_SEQ_OF_EVENTS_4_CD,U3_SEQ_OF_EVENTS_5_CD,U3_SEQ_OF_EVENTS_6_CD,U3_SPECIAL_FUNCTION_CD,U3_TRAFFIC_CONTROL_CD,U3_TYPE_OF_UNIT_CD,UNRESTRAIN_OCCUPANTS,WEATHER_COND_CD,V1,clean_Narrative,BERT_predictions,BERT_prediction_probabilities,RoBERTa_predictions,RoBERTa_predictions_probabilities,distilBERT_predictions,distilBERT_predictions_probabilities
1711,1711,186201435,unit 1 was traveling southbound on us 68 when unit 1 hydro planed and went off the roadway to the left into a ditch.,20186201435,2018,O,12/1/2018 0:00,7,SCLAUS00068**N,S,CLA,14.888,40.02318,-83.806356,29862,99999.0,12/1/2018 0:00,13,7,N,2.0,Y,Y,2.0,12,0,,03ee37ec-72ac-4c66-91f4-27ccaa1608d5,87470a79-49d8-45d0-92f6-d464d519a33e,N,14.88,SCLAUS00068**C,N,1,12-1420-12,1,12,N,1,0,1,GERMAN TOWNSHIP,1,S,Y,N,4.0,Y,0.1,,Y,,N,MOOREFIELD TOWNSHIP,N,,0,,,,68,US,,15.0,N,,,,2,,,,,N,N,N,0,0,N,1.0,0,2,1,,346541.0,N,104.543,18,Y,9,1,2,1,M,N,N,N,0,2,44,1,2,70,1,9,44,0,0,0,0,1,6,NT,1,70,,,,,,,,,,,,,,,,,,,,,,,,,,,,,,,,,,0,4,,unit1 traveling us unit1 hydro planed went roadway left ditch .,O,"[0.9999991655349731, 7.20095670203591e-07, 8.064886003467109e-08]",O,"[0.9999985694885254, 1.4305885542853503e-06, 2.2689974343848007e-08]",O,"[1.0, 6.556510925292969e-07, 5.960464477539063e-08]"
1712,1712,186207625,unit 1 was eastbound on interstate route 70 when it hydro planed and ran off the road right striking a ditch,20186207625,2018,O,12/1/2018 0:00,5,SLICIR00070**C,S,LIC,16.79,39.946761,-82.458478,43456,61705.0,12/15/2018 0:00,13,7,N,2.0,Y,Y,1.0,14,0,,,,Y,16.79,SLICIR00070**C,N,1,45-1091-45,1,12,N,3,0,1,LICKING TOWNSHIP,1,E,Y,N,6.0,Y,0.2,,N,,N,UNION TOWNSHIP,N,,0,,,,70,IR,,130.0,N,,,,2,,,,,N,N,Y,0,0,N,1.0,0,2,1,,107458.0,N,130.155,28,Y,5,4,3,1,M,N,N,N,0,2,44,1,2,70,1,8,44,0,0,0,0,1,6,NT,1,60,,,,,,,,,,,,,,,,,,,,,,,,,,,,,,,,,,0,4,,unit1 interstate hydro planed ran striking ditch,O,"[0.9999901056289673, 9.270750524592586e-06, 5.548150170398003e-07]",O,"[0.9999951124191284, 4.926251676806714e-06, 2.3103236657107118e-08]",O,"[1.0, 1.1920928955078125e-07, 0.0]"
1713,1713,186210001,unit 1 was traveling north on sr 201 (brandt pike) when his pick up truck began to hydro plane. unit 1 lost control of his vehicle and struck an enter/exit sign to the business at 7508 brandt pike.,20186210001,2018,O,12/1/2018 0:00,7,SMOTSR00201**C,S,MOT,7.757,39.861143,-84.1044,36610,22528.0,12/15/2018 0:00,13,7,N,2.0,Y,N,4.0,20,0,,dc913bcd-5d7f-4e19-ac00-2833c9d70dc2,36194d6e-26f9-4bab-bac2-2cc0135083a7,N,7.757,SMOTSR00201**C,N,3,18083557,4,12,,2,0,1,HUBER HEIGHTS,1,,N,Y,4.0,N,0.0,,N,7508,N,HUBER HEIGHTS,N,,0,,,,201,,,,N,,,,3,,,,,N,N,N,0,0,N,3.0,0,2,1,,144908.0,N,7.757,35,Y,99,2,1,1,M,N,N,N,0,2,54,1,2,35,1,8,54,0,0,0,0,1,2,NT,4,35,,,,,,,,,,,,,,,,,,,,,,,,,,,,,,,,,,0,4,,unit1 traveling pick truck began hydro plane . unit1 lost control vehicle struck enter exit sign business brandt pike .,O,"[1.0, 5.2469445677161275e-08, 1.3781149554858985e-08]",O,"[0.9999971389770508, 2.7515357032825705e-06, 1.103064732888015e-07]",O,"[1.0, 0.0, 0.0]"
1714,1714,186210494,simmons was the operator of a white 2005 buick lacrosse oh reg: gxm1355. he was found on i90w just past detroit rd in the high speed burm. the vehicle was severely damaged and disabled. simmons stated he was traveling in the middle lane when he hydro planed and lost control of the vehicle and struck the concrete median. resulting in severe damage to the vehicle. simmons suffered a bloody lip from the accident but declined a ambulance.,20186210494,2018,AB,10/1/2018 0:00,12,SCUYIR00090**N,S,CUY,5.558,41.475278,-81.864244,68056,17668.0,10/13/2018 0:00,13,7,N,2.0,Y,Y,1.0,2,0,,,,Y,5.547,SCUYIR00090**C,N,3,201801936,1,10,N,0,1,1,ROCKY RIVER,1,,Y,N,6.0,Y,0.0,,N,,N,ROCKY RIVER,N,,0,,,,90,IR,,,N,,,DETROIT,1,,,,RD,N,N,N,0,0,N,1.0,0,2,1,,47199.0,N,161.377,39,Y,99,3,4,1,M,N,N,N,0,2,35,1,2,60,1,35,0,0,0,0,0,1,6,NT,1,60,,,,,,,,,,,,,,,,,,,,,,,,,,,,,,,,,,0,4,,simmons operator white buick lacrosse oh reg : gxm1355 . found past detroit high speed burm . vehicle severely damaged disabled . simmons stated traveling middle hydro planed lost control vehicle struck concrete median . resulting severe damage vehicle . simmons suffered bloody lip accident declined ambulance .,C,"[1.3533757510231226e-06, 0.9999984502792358, 2.2048418202302855e-07]",C,"[1.3532417142414488e-06, 0.9999986886978149, 2.3918403257994214e-08]",C,"[0.00030303001403808594, 1.0, 6.020069122314453e-06]"
1715,1715,186210812,"unit # 1 was traveling northbound on state route 7. unit # 1 hydro planed, ran off the right side of the roadway, and struck the guardrail.",20186210812,2018,AB,12/1/2018 0:00,11,SBELSR00007**C,S,BEL,26.166,40.152644,-80.711841,69526,94726.0,12/20/2018 0:00,13,5,N,2.0,Y,N,3.0,18,0,,,,N,26.166,SBELSR00007**C,N,4,07-1326-07,4,12,N,1,1,1,SAINT CLAIRSVILLE,1,N,Y,N,4.0,N,0.1,,Y,,N,PEASE TOWNSHIP,N,,0,,,,7,SR,,26.0,N,,,,2,,,,,N,N,Y,0,0,N,2.0,0,2,2,,125182.0,N,195.766,17,Y,5,2,1,1,F,N,N,N,0,2,30,1,2,55,1,8,30,0,0,0,0,1,6,NT,3,50,,,,,,,,,,,,,,,,,,,,,,,,,,,,,,,,,,0,4,,"unit1 traveling state . unit1 hydro planed , ran side roadway , struck guardrail .",O,"[0.9999996423721313, 3.6720658158628794e-07, 4.906010531158245e-08]",O,"[0.9998332262039185, 0.0001626226439839229, 4.168908162682783e-06]",O,"[1.0, 0.0002149343490600586, 1.0967254638671875e-05]"
1716,1716,186217398,"unit #1 and unit #2 were both westbound on ir 70 just west of ir 270 on the west side of columbus.driver #1 did fail to control unit #1, hydro planing on the wet road surface, striking unit #2 and a construction barricade.no injuries were reported.driver #1 was cited for failure to control, ctc 2131.33a.",20186217398,2018,O,12/1/2018 0:00,6,SFRAIR00070**N,S,FRA,6.375,39.976839,-83.128881,18000,19234.0,12/31/2018 0:00,5,2,N,2.0,N,Y,1.0,14,0,,,,Y,6.39,SFRAIR00070**C,N,1,181 085201,1,12,N,2,0,2,COLUMBUS,1,W,Y,N,5.0,Y,0.4,,N,,N,COLUMBUS,N,,0,,I 70 W,,70,IR,,,N,,,I 270 W,1,270,IR,,,N,N,N,0,0,N,1.0,0,2,1,,56419.0,N,92.402,37,Y,99,3,4,1,M,N,N,N,0,2,32,1,2,65,1,20,32,0,0,0,0,1,6,NT,1,50,62.0,1.0,3.0,4.0,1.0,F,,2.0,65.0,1.0,20.0,,,,,,1.0,6.0,NT,3.0,60.0,,,,,,,,,,,,,0,4,,"unit1 unit2 side columbus.driver fail control unit1 , hydro planing wet surface , striking unit2 construction barricade.no injuries reported.driver cited failure control , ctc .33a .",O,"[0.9999998807907104, 6.102370520011391e-08, 1.88419857494182e-08]",O,"[1.0, 4.5136128168365985e-10, 1.3441759641116824e-13]",O,"[1.0, 0.0, 0.0]"
1717,1717,186218932,"unit #1 was n/b sr 56 when he reports he hydro planed and was unable to maintain control of the vehicle and slid off the road into the ditch right hand side of roadway. driver admitted to consuming alcohol, and had an odor of alcoholic beverage about his persons sfsts indicated signs of impairment and he was arrested for ovi.",20186218932,2018,O,12/1/2018 0:00,6,SMADSR00056**C,S,MAD,9.072,39.874941,-83.427924,78428,99999.0,12/31/2018 0:00,13,2,N,2.0,Y,N,5.0,19,0,,,,N,9.072,SMADSR00056**C,N,4,18  2050  12,1,12,,1,0,1,UNION TOWNSHIP,1,E,N,N,2.0,Y,0.1,,N,,Y,UNION TOWNSHIP,N,,0,,,,56,SR,,9.0,N,,,9,2,,,,,N,N,N,0,0,N,3.0,0,2,2,,135458.0,N,18.521,36,Y,99,2,1,1,M,Y,N,N,0,2,44,1,9,55,1,8,44,0,0,0,0,1,6,NT,3,45,,,,,,,,,,,,,,,,,,,,,,,,,,,,,,,,,,0,4,,"unit1 reports hydro planed unable maintain control vehicle slid ditch side roadway . driver admitted consuming alcohol , odor alcoholic beverage persons sfsts indicated signs impairment arrested ovi .",O,"[0.9903324246406555, 0.009194977581501007, 0.0004725526086986065]",O,"[0.9999918937683105, 8.143131708493456e-06, 8.991658972945515e-09]",O,"[1.0, 5.364418029785156e-07, 0.0]"
1718,1718,193028535,"unit 1 was traveling east on ir-480 in the left lane. unit 1 stated he hydro planned and lost control of his vehicle, causing him to spin out of control, cross all three lanes of traffic and strike the bridge wall before coming to a stop.",20193028535,2019,C,2/1/2019 0:00,12,SCUYIR00480**C,S,CUY,20.204,41.413445,-81.603878,29428,17668.0,2/26/2019 0:00,13,3,N,2.0,N,Y,1.0,12,0,,,,Y,20.204,SCUYIR00480**C,N,1,20190211,1,2,N,0,0,1,GARFIELD HEIGHTS,1,W,Y,N,8.0,Y,0.029,,N,,N,INDEPENDENCE,N,,3,,,,480,IR,,20.2,N,,,20 2,2,,,,,N,N,N,0,2,Y,1.0,1,2,4,,128877.0,N,22.508,47,Y,99,4,3,1,M,N,N,N,0,3,28,1,2,60,1,13,28,0,0,0,0,1,6,NT,1,55,,,,,,,,,,,,,,,,,,,,,,,,,,,,,,,,,,0,6,,"unit1 traveling ir left . unit1 stated hydro planned lost control vehicle , causing spin control , cross three lanes traffic strike bridge wall coming stop .",O,"[0.8810957074165344, 0.10650569945573807, 0.012398652732372284]",C,"[0.11265730857849121, 0.8803954720497131, 0.006947220768779516]",C,"[0.27392578125, 0.7119140625, 0.0139923095703125]"
1719,1719,193042676,"unit #1 was eastbound on i-270 east of smokey row rd. in the second lane from the center median. driver #1 stated that he attempted to change lanes to the right and while in the process, his vehicle hydro planed and he lost control. the vehicle continued to the right and struck the guardrail on the far right side of the road. driver #1 was not injured. driver 31 was cited for failure to control.",20193042676,2019,O,3/1/2019 0:00,6,SFRAIR00270**C,S,FRA,22.004,40.111632,-83.050366,18000,19234.0,3/14/2019 0:00,13,5,N,2.0,Y,Y,1.0,9,0,27900.0,,,Y,22.004,SFRAIR00270**C,N,1,190200389,1,3,N,1,0,1,COLUMBUS,1,E,Y,N,8.0,Y,0.1,,N,,N,COLUMBUS,N,E,0,,I 270 E,,270,IR,,,N,,,SMOKEY ROW,1,,,,RD,N,N,N,0,0,N,1.0,0,2,2,,56906.0,N,22.004,28,Y,99,4,3,1,M,N,N,N,0,5,30,1,2,65,3,8,30,0,0,0,0,1,6,NT,1,65,,,,,,,,,,,,,,,,,,,,,,,,,,,,,,,,,,0,4,,"unit1 smokey row second center median . driver stated attempted change lanes process , vehicle hydro planed lost control . vehicle continued struck guardrail far side . driver injured . driver cited failure control .",O,"[0.9999998807907104, 6.259320883827968e-08, 1.5984186418904756e-08]",O,"[1.0, 4.69054829699278e-11, 1.1965882826963942e-14]",O,"[1.0, 0.0, 0.0]"
1720,1720,193043952,"driver of unit # 1 stated that she was traveling w/b i-70 w/o i- 270 in the left lane on westside freeway. driver of unit # 1 stated; """" i was driving and just hydro planed due to the water on the road."""" driver of unit # 1 stated that she ran off the roadway to the left; striking the left side cable barrier separating w/b and e/b traffic on i-70.",20193043952,2019,O,3/1/2019 0:00,6,SFRAIR00070**N,S,FRA,5.756,39.977126,-83.140546,18000,19234.0,3/14/2019 0:00,13,5,N,2.0,Y,Y,1.0,9,0,,,,Y,5.777,SFRAIR00070**C,N,1,190200377,1,3,N,5,0,1,COLUMBUS,1,W,Y,N,6.0,Y,0.25,IR,Y,,N,COLUMBUS,N,W,0,,I 70 E,,70,IR,,,N,,,I 270 E,1,270,IR,,,N,N,N,0,0,N,1.0,0,2,1,,39409.0,N,91.783,21,Y,99,3,4,1,F,N,N,N,0,4,33,1,2,65,1,9,33,0,0,0,0,1,6,NT,1,65,,,,,,,,,,,,,,,,,,,,,,,,,,,,,,,,,,0,4,,driver unit1 stated traveling w left westside freeway . driver unit1 stated ; `` '' driving hydro planed due water . '' '' driver unit1 stated ran roadway left ; striking left side cable barrier separating traffic .,O,"[0.9999998807907104, 7.353455089287309e-08, 1.8718907313086675e-08]",O,"[0.9999982118606567, 1.745828058119514e-06, 2.8737234814002477e-08]",O,"[1.0, 1.2516975402832031e-06, 5.960464477539063e-08]"
1721,1721,193046594,"the driver of unit #1 stated that he was traveling eastbound on sr 104 when he attempted to change lanes, moving from left to right in an attempt to yield to traffic. driver stated that during his lane change he hit a patch of running water which was flowing under the s high st bridge, causing his vehicle to hydro plane and forcing him to lose control of his vehicle. driver stated that the rear of his vehicle slid around, sending the vehicle into a tailspin, and causing the vehicle to run off the road right and flip several times before coming to rest in the ditch to the south.no injuries were reported. officers observed that there was heavy rain and slick roads, and additionally observed a large patch of flowing water in the area that the driver had stated he lost control. officers cleared the roadway without further incident. officers did not issue a citation to the driver of unit #1 due to the hazrdous road conditions. no city or public property was damaged.",20193046594,2019,O,3/1/2019 0:00,6,SFRASR00104**C,S,FRA,9.955,39.916798,-82.97722,18000,19234.0,3/30/2019 0:00,17,7,N,2.0,Y,Y,2.0,16,0,,,,N,9.955,SFRASR00104**C,N,1,190246962,4,3,N,1,0,1,COLUMBUS,1,E,Y,N,4.0,N,0.057,,N,,N,COLUMBUS,N,E,0,,STATE ROUTE 104 E,,104,SR,,,N,,S,HIGH,1,,,,ST,N,N,N,0,0,N,1.0,0,2,4,,141155.0,N,91.955,42,Y,99,4,3,1,M,N,N,N,0,3,0,1,2,55,13,8,0,0,0,0,0,1,6,NT,1,55,,,,,,,,,,,,,,,,,,,,,,,,,,,,,,,,,,0,4,,"driver unit1 stated traveling attempted change lanes , moving left attempt yield traffic . driver stated change hit patch running water flowing high bridge , causing vehicle hydro plane forcing lose control vehicle . driver stated rear vehicle slid around , sending vehicle tailspin , causing vehicle run flip several times coming rest ditch .no injuries reported . officers observed heavy rain slick roads , additionally observed large patch flowing water area driver stated lost control . officers cleared roadway without incident . officers issue citation driver unit1 due hazrdous conditions . city public property damaged .",O,"[0.9999969005584717, 2.8620167995541124e-06, 2.970070909213973e-07]",O,"[1.0, 1.6088226584276555e-10, 4.710858100636338e-14]",O,"[1.0, 1.0311603546142578e-05, 7.748603820800781e-07]"
1722,1722,193110014,"the driver of unit 1 stated she was s/b on i-71 in the outside lane of travel when unit 1 hydro planned due to the rainy conditions. unit 1 ran off the right side of the road, flipped on the drivers side and then slid into a creek. witness 1 stated she was behind unit 1 when unit 1 hydro planned, did a 360, flipped onto its side and slid off the road into a creek. the driver of unit 1 was able to get out of the vehicle with cfd's help and was transported to st. ann's hospital. the driver of unit 1 was treated by dr. tumkara for shoulder pain. unit 1 was towed to cpd impound lot by pro tow for safe keeping.",20193110014,2019,AB,6/1/2019 0:00,6,SFRAIR00071**N,S,FRA,25.602,40.074874,-82.988265,18000,19234.0,6/16/2019 0:00,13,1,N,2.0,N,Y,1.0,7,0,,,,Y,25.6,SFRAIR00071**C,N,1,190489119,1,6,N,0,1,1,COLUMBUS,1,S,Y,N,6.0,Y,1.0,,N,,N,COLUMBUS,N,,0,,,,71,IR,,,N,,E,DUBLIN GRANVILLE,1,,,,RD,N,N,N,0,0,N,1.0,0,2,1,,45302.0,N,116.646,40,Y,1,1,2,1,F,N,N,N,0,4,44,1,2,65,1,13,8,1,44,0,0,1,6,NT,2,55,,,,,,,,,,,,,,,,,,,,,,,,,,,,,,,,,,0,4,,"driver unit1 stated outside travel unit1 hydro planned due rainy conditions . unit1 ran side , flipped drivers side slid creek . witness stated behind unit1 unit1 hydro planned , , flipped onto side slid creek . driver unit1 able get vehicle cfd 's help transported ann 's hospital . driver unit1 treated . tumkara shoulder pain . unit1 towed cpd impound lot pro tow safe keeping .",C,"[1.0589344128675293e-05, 0.9999699592590332, 1.937857268785592e-05]",C,"[5.413446046986792e-07, 0.999998927116394, 5.080439677840332e-07]",C,"[9.5367431640625e-07, 1.0, 1.0728836059570312e-06]"
1723,1723,193113089,unit 1 was traveling north on harshman road and when at the area of springfield street failed to maintain control of vehicle and hydro planed striking the concrete median divider and a metal guardrail.,20193113089,2019,O,6/1/2019 0:00,7,CMOTCR00074**C,C,MOT,7.182,39.783133,-84.118033,67468,22528.0,6/13/2019 0:00,13,5,N,,Y,N,3.0,10,0,,cf9bce6d-1a2d-4b1a-86b7-9de9b9ed514b,1b57c4fc-a83e-41e7-9fa2-3caa0e78d86b,N,7.182,CMOTCR00074**C,N,1,19-039425,4,6,N,1,0,1,RIVERSIDE,1,,Y,N,4.0,N,0.0,MR,N,,N,RIVERSIDE,N,,0,,HARSHMAN,RD,,,,,N,,,SPRINGFIELD,1,,,,ST,N,N,N,0,0,N,,0,2,3,,16849.0,N,7.182,49,Y,99,2,1,1,M,N,N,N,0,2,35,1,0,45,13,35,30,0,0,0,0,1,6,NT,3,45,,,,,,,,,,,,,,,,,,,,,,,,,,,,,,,,,,0,2,,unit1 traveling harshman area springfield failed maintain control vehicle hydro planed striking concrete median divider metal guardrail .,O,"[0.9977847933769226, 0.002120543271303177, 9.466125629842281e-05]",O,"[0.6934171915054321, 0.3034754991531372, 0.003107321448624134]",O,"[1.0, 0.0, 0.0]"
1724,1724,193128520,unit one was traveling north on i 75 and encountered standing water and hydro planed and went off the road right into deep water.,20193128520,2019,O,5/1/2019 0:00,7,SAUGIR00075**C,S,AUG,6.289,40.573524,-84.169871,22722,99778.0,5/17/2019 0:00,17,6,N,2.0,Y,Y,1.0,4,0,910000000.0,,,Y,6.289,SAUGIR00075**C,N,4,19-011641,1,5,N,1,0,1,DUCHOUQUET TOWNSHIP,1,N,Y,N,4.0,Y,0.17,,Y,,N,DUCHOUQUET TOWNSHIP,N,,0,,,,75,IR,,112.0,N,,,112,2,,,,,N,N,N,0,0,N,1.0,0,6,1,,81195.0,N,112.128,23,Y,11,2,1,1,F,N,N,N,0,4,0,1,0,70,1,8,0,0,0,0,0,1,6,NT,3,65,,,,,,,,,,,,,,,,,,,,,,,,,,,,,,,,,,0,4,,unit1 traveling encountered standing water hydro planed went deep water .,O,"[0.9999992847442627, 6.546487725245242e-07, 7.234159227209602e-08]",O,"[1.0, 2.3390491321606532e-08, 2.904716571439092e-11]",O,"[1.0, 0.0, 0.0]"
1725,1725,193135359,"unit # 1 states that while traveling east on st. st. rt. 39 he hydro planed on a puddle, drove off the road to the left, struck a concrete wall off the left side of the road, spun across the highway striking a guard rail before coming to a stop in the middle of the roadway. driver then drove to the bottom of the hill to mulberry st. in order to get the vehicle off of the roadway.",20193135359,2019,O,6/1/2019 0:00,11,SCOLSR00039**C,S,COL,20.067,40.623284,-80.563475,23730,99724.0,6/24/2019 0:00,13,2,N,2.0,Y,Y,2.0,22,0,12100.0,,,N,20.067,SCOLSR00039**C,N,4,201902258,4,6,N,1,0,1,EAST LIVERPOOL,1,W,Y,N,4.0,N,0.256,,N,,N,EAST LIVERPOOL,N,,0,,STATE ROUTE 39 E,,39,SR,,,N,,,MULBERRY,1,,,,ST,N,N,N,0,0,N,1.0,0,6,2,,151051.0,N,151.021,30,Y,99,4,3,1,M,N,N,N,0,2,54,1,2,50,1,9,54,0,0,0,0,1,6,NT,1,50,,,,,,,,,,,,,,,,,,,,,,,,,,,,,,,,,,0,4,,"unit1 states traveling . . hydro planed puddle , drove left , struck concrete wall left side , spun across striking guard rail coming stop middle roadway . driver drove bottom hill mulberry order get vehicle roadway .",O,"[0.9999998807907104, 9.026290115343727e-08, 1.6858304974221028e-08]",O,"[0.9999990463256836, 9.604366368876072e-07, 5.5311617508380095e-09]",O,"[1.0, 4.76837158203125e-07, 5.960464477539063e-08]"
1726,1726,193135370,on 7/17/2019 unit #1 was traveling east on sr 39. unit #1 attempted to pass another vehicle and hydro planed into the barrier. unit #1 was towed by first class towing.,20193135370,2019,O,7/1/2019 0:00,11,SCOLUS00030**C,S,COL,35.669,40.619839,-80.567503,23730,99724.0,7/17/2019 0:00,13,4,N,2.0,Y,Y,2.0,14,0,,,,N,35.669,SCOLUS00030**C,N,1,201902630,4,7,N,1,0,1,EAST LIVERPOOL,1,W,Y,N,6.0,N,0.1,US,Y,,N,EAST LIVERPOOL,N,,0,,STATE ROUTE 39 E,,39,SR,,,N,,,US ROUTE 30 E,1,30,US,,,N,N,Y,0,0,N,1.0,0,2,1,,264024.0,N,246.765,22,Y,11,4,3,1,M,N,N,N,0,2,51,1,2,50,1,8,51,0,0,0,0,1,6,NT,1,55,,,,,,,,,,,,,,,,,,,,,,,,,,,,,,,,,,0,4,,unit1 traveling . unit1 attempted pass another vehicle hydro planed barrier . unit1 towed first class towing .,O,"[0.9999963045120239, 3.4292731925233966e-06, 2.3106714763798664e-07]",O,"[1.0, 1.8064673312778723e-08, 7.289722991909997e-11]",O,"[1.0, 1.0788440704345703e-05, 7.748603820800781e-07]"
1727,1727,193137645,unit #1 was travelling south on ir 77 at the 105 mp when the driver stated he began to hydro plane striking the cement median barrier.,20193137645,2019,O,7/1/2019 0:00,4,SSTAIR00077**N,S,STA,10.093,40.795925,-81.390259,12000,13375.0,7/22/2019 0:00,13,2,N,2.0,Y,Y,1.0,11,0,,,,Y,10.08,SSTAIR00077**C,Y,1,1909620,1,7,N,2,0,1,CANTON,1,,Y,N,6.0,Y,0.0,,N,,N,CANTON,N,,0,,IR 77,HWY,77,IR,,105.0,N,,,105,2,,,,,N,N,N,0,0,N,1.0,0,2,4,,39609.0,N,105.075,30,Y,99,1,2,1,M,N,N,N,0,3,35,1,0,55,1,35,0,0,0,0,0,1,6,NT,15,45,,,,,,,,,,,,,,,,,,,,,,,,,,,,,,,,,,0,4,,unit1 travelling mp driver stated began hydro plane striking cement median barrier .,O,"[0.9999585151672363, 3.952481711166911e-05, 1.8862440356315346e-06]",O,"[0.9999353885650635, 6.327114533632994e-05, 1.281064328395587e-06]",O,"[0.9970703125, 0.002471923828125, 0.0001417398452758789]"