,id,OBJECTID,Narrative,DOCUMENT_NBR,CRASH_YR,CRASH_SEVERITY_CD,CRASH_MONTH_YEAR,DISTRICT_NBR,NLFID,NLF_JUR_CD,NLF_COUNTY_CD,COUNTY_LOG_NBR,ODOT_LATITUDE_NBR,ODOT_LONGITUDE_NBR,ODOT_FIPS_CD,AREA_CODE,CRASH_DATE,CRASH_TYPE_CD,DAY_IN_WEEK_CD,DISTRACTED_DRIVER_IND,FACILITY_TYPE_CD,FHWA_RDWY_DEPARTURE_IND,FREEWAY_IND,FUNCTIONAL_CLASS_CD,HOUR_OF_CRASH,INCAPAC_INJURIES_NBR,INTERCHANGE_ID,INTERSECTION_ID_CURRENT,INTERSECTION_LEG_ID,INTERSTATE_IND,INV_LOG_NBR,INV_NLFID,IS_COMMERCIAL_RELATED,LIGHT_COND_PRIMARY_CD,LOCAL_REPORT_NUMBER_ID,MAINTENANCE_AUTHORITY_CD,MONTH_OF_CRASH,NHS_CD,NO_INJURY_REPORTED_NBR,NON_INCAPAC_INJURIES_NBR,NUMBER_OF_UNITS_NBR,ODOT_CITY_VILLAGE_TWP_NME,ODOT_CRASH_LOCATION_CD,ODOT_DIR_FROM_REF_CD,ODOT_DIV_UNDIV_IND,ODOT_INTERSECTION_REL_IND,ODOT_LANES_NBR,ODOT_MAINTAINED_HWY_IND,ODOT_MILES_FROM_REF_NBR,ODOT_REF_ROUTE_PREFIX_CD,ODOT_YOUNG_DRIVER_IND,ODPS_ADDRESS_REFERENCE,ODPS_ALCOHOL_IND,ODPS_CITY_VILLAGE_TWP_NME,ODPS_DRUG_IND,ODPS_LOC_DIR_SUFFIX_CD,ODPS_LOC_IN_WORK_ZONE_CD,ODPS_LOC_ROAD_DIRECTION_CD,ODPS_LOC_ROAD_NME,ODPS_LOC_ROAD_SUFFIX_CD,ODPS_LOC_ROUTE_ID,ODPS_LOC_ROUTE_PREFIX_CD,ODPS_LOC_ROUTE_SUFFIX_CD,ODPS_MILEPOST_REFERENCE,ODPS_MOTORCYCLE_IND,ODPS_REF_DIR_SUFFIX_CD,ODPS_REF_DIRECTION_CD,ODPS_REF_GIVEN,ODPS_REF_POINT_USED_CD,ODPS_REF_ROUTE_ID,ODPS_REF_ROUTE_PREFIX_CD,ODPS_REF_ROUTE_SUFFIX_CD,ODPS_REF_SUFFIX_CD,ODPS_SCHOOL_ZONE_IND,ODPS_SENIOR_DRIVER_IND,ODPS_SPEED_IND,ODPS_TOTAL_FATALITIES_NBR,ODPS_TYPE_OF_WORK_ZONE_CD,ODPS_WORK_ZONE_IND,OPER_ACCESS_CONTROL_CD,POSSIBLE_INJURIES_NBR,ROAD_COND_PRIMARY_CD,ROAD_CONTOUR_CD,SA_RAMP_ID,SA_SEGMENT_ID,SECONDARY_CRASH,STATE_TRUE_LOG_NBR,U1_AGE_NBR,U1_AT_FAULT_IND,U1_CONT_CIR_PRIMARY_CD,U1_DIRECTION_FROM_CD,U1_DIRECTION_TO_CD,U1_DISTRACTED_BY_1_CD,U1_GENDER_CD,U1_IS_ALCOHOL_SUSPECTED,U1_IS_MARIJUANA_SUSPECTED,U1_IS_OTHER_DRUG_SUSPECTED,U1_NON_MOTORIST_LOC_CD,U1_NUMBER_OF_THRU_LANES,U1_OBJECT_STRUCK,U1_ODPS_UNIT_NBR,U1_OPERATINGIN_AUTONOMOUS_MODE,U1_POSTED_SPEED_NBR,U1_PRECRASH_ACTION_CD,U1_SEQ_OF_EVENTS_1_CD,U1_SEQ_OF_EVENTS_2_CD,U1_SEQ_OF_EVENTS_3_CD,U1_SEQ_OF_EVENTS_4_CD,U1_SEQ_OF_EVENTS_5_CD,U1_SEQ_OF_EVENTS_6_CD,U1_SPECIAL_FUNCTION_CD,U1_TRAFFIC_CONTROL_CD,U1_TURN_CD,U1_TYPE_OF_UNIT_CD,U1_UNIT_SPEED_NBR,U2_AGE_NBR,U2_CONT_CIR_PRIMARY_CD,U2_DIRECTION_FROM_CD,U2_DIRECTION_TO_CD,U2_DISTRACTED_BY_1_CD,U2_GENDER_CD,U2_NON_MOTORIST_LOC_CD,U2_ODPS_UNIT_NBR,U2_POSTED_SPEED_NBR,U2_PRECRASH_ACTION_CD,U2_SEQ_OF_EVENTS_1_CD,U2_SEQ_OF_EVENTS_2_CD,U2_SEQ_OF_EVENTS_3_CD,U2_SEQ_OF_EVENTS_4_CD,U2_SEQ_OF_EVENTS_5_CD,U2_SEQ_OF_EVENTS_6_CD,U2_SPECIAL_FUNCTION_CD,U2_TRAFFIC_CONTROL_CD,U2_TURN_CD,U2_TYPE_OF_UNIT_CD,U2_UNIT_SPEED_NBR,U3_CONT_CIR_PRIMARY_CD,U3_ODPS_UNIT_NBR,U3_PRECRASH_ACTION_CD,U3_SEQ_OF_EVENTS_1_CD,U3_SEQ_OF_EVENTS_2_CD,U3_SEQ_OF_EVENTS_3_CD,U3_SEQ_OF_EVENTS_4_CD,U3_SEQ_OF_EVENTS_5_CD,U3_SEQ_OF_EVENTS_6_CD,U3_SPECIAL_FUNCTION_CD,U3_TRAFFIC_CONTROL_CD,U3_TYPE_OF_UNIT_CD,UNRESTRAIN_OCCUPANTS,WEATHER_COND_CD,V1,clean_Narrative,BERT_predictions,BERT_prediction_probabilities,RoBERTa_predictions,RoBERTa_predictions_probabilities,distilBERT_predictions,distilBERT_predictions_probabilities
1728,1728,193142819,"unit 1 was traveling e/b ir-70, between central av/glenwood av (east of the 98.2 mp). the driver stated he hydro planed on the wet pavement. unit 1 spun counterclockwise, striking the front and rear of unit 1 against the center concrete wall.",20193142819,2019,O,7/1/2019 0:00,6,SFRAIR00070**N,S,FRA,12.11,39.947718,-83.033786,18000,19234.0,7/21/2019 0:00,13,1,N,2.0,Y,Y,1.0,22,0,,,,Y,12.113,SFRAIR00070**C,N,3,190604671,1,7,N,1,0,1,COLUMBUS,1,E,Y,N,6.0,Y,0.038,,Y,,N,COLUMBUS,N,,0,,,,70,IR,,98.2,N,,,98 2,2,,,,,N,N,Y,0,0,N,1.0,0,2,4,,56424.0,N,98.137,25,Y,5,4,3,1,M,N,N,N,0,3,35,1,2,55,1,35,35,0,0,0,0,1,6,NT,1,55,,,,,,,,,,,,,,,,,,,,,,,,,,,,,,,,,,0,4,,"unit1 traveling ir , central glenwood . driver stated hydro planed wet pavement . unit1 spun counterclockwise , striking front rear unit1 center concrete wall .",O,"[0.9999998807907104, 7.423039960485767e-08, 1.755077505549707e-08]",O,"[0.9999998807907104, 1.211512881127419e-07, 2.2846329272852017e-09]",O,"[1.0, 7.748603820800781e-07, 5.960464477539063e-08]"
1729,1729,193161256,"crash occurred on interstate 270 southbound approximately 600 feet north of mile marker 30. unit #1 was heading southbound on interstate 270 when hydro planning occurred. the driver of unit #1 was unable to maintain control on the roadway and struck the right hand side barrier, spun while crossing 4 lanes of traffic and struck the left hand side barrier ending with unit #1 on the left hand side shoulder facing oncoming traffic. unit #1 was no longer able to function due to the damage received. unit #1 had damage extending from the front passenger's side door to the driver's side door and extending from the rear driver's side to the rear passenger side. due to heavy water, inclement weather, and heavy traffic on the freeway officers decided not to cite the driver of unit #1. no injuries were reported at the scene.",20193161256,2019,O,8/1/2019 0:00,6,SFRARA25460**C,S,FRA,0.264,40.077003,-82.907828,18000,19234.0,8/13/2019 0:00,13,3,N,4.0,Y,Y,2.0,5,0,30400.0,,,N,0.264,SFRARA25460**C,N,3,190674463,4,8,,1,0,1,COLUMBUS,1,S,N,N,,N,0.114,,N,,N,COLUMBUS,N,,0,,,,270,IR,,117.0,N,,,,2,,,,,N,N,N,0,0,N,1.0,0,2,1,,,N,0.264,28,Y,11,1,2,1,M,N,N,N,0,4,51,1,0,65,1,8,51,9,51,0,0,1,6,NT,1,65,,,,,,,,,,,,,,,,,,,,,,,,,,,,,,,,,,0,4,,"crash occurred interstate approximately feet mile marker . unit1 heading interstate hydro planning occurred . driver unit1 unable maintain control roadway struck side barrier , spun crossing lanes traffic struck left side barrier ending unit1 left side shoulder facing oncoming traffic . unit1 longer able function due damage received . unit1 damage extending front passenger 's side door driver 's side door extending rear driver 's side rear passenger side . due heavy water , inclement weather , heavy traffic freeway officers decided cite driver unit1 . injuries reported scene .",O,"[0.9999998807907104, 1.237858384683932e-07, 2.0476905504551723e-08]",O,"[1.0, 3.6519440249627166e-11, 1.3964474006669409e-14]",O,"[1.0, 0.0, 0.0]"
1730,1730,193162665,unit1 was traveling westbound on i475 in the right lane at mile post 15/6. unit2 was traveling westbound on i475 in the left lane at mile post 15/6 next to unit1. unit2 hydro planned and lost control of his vehicle. unit2 entered the right lane and caused unit1 to strike unit2. unit2 then exited the roadway to the right and went into a ditch.there were no independent witnesses. neither party reported any injuries. the driver of unit2 was cited and advised of his court date.,20193162665,2019,O,8/1/2019 0:00,2,SLUCIR00475**N,S,LUC,11.296,41.689846,-83.666891,76025,87868.0,8/18/2019 0:00,5,1,N,2.0,N,Y,1.0,21,0,,,,Y,11.209,SLUCIR00475**C,N,3,1.90818E+13,1,8,N,2,0,2,SYLVANIA TOWNSHIP,1,N,Y,N,4.0,Y,0.009,,Y,,N,TOLEDO,N,,0,,,,475,IR,,15.0,N,,,15,2,,,,,N,N,N,0,0,N,1.0,0,2,1,,39764.0,N,15.31,24,Y,99,3,4,1,M,N,N,N,0,2,44,2,0,60,1,20,8,44,0,0,0,1,6,NT,1,0,38.0,1.0,3.0,4.0,1.0,M,,1.0,60.0,1.0,20.0,,,,,,1.0,6.0,NT,4.0,,,,,,,,,,,,,,1,4,,unit1 traveling mile post . unit2 traveling left mile post next unit1 . unit2 hydro planned lost control vehicle . unit2 entered caused unit1 strike unit2 . unit2 exited roadway went ditch.there independent witnesses . neither party reported injuries . driver unit2 cited advised date .,O,"[0.9999998807907104, 8.236295911956404e-08, 1.9841296605704883e-08]",O,"[0.9999995231628418, 4.3081769263153546e-07, 2.5941209180757596e-09]",O,"[1.0, 0.0, 0.0]"
1731,1731,193176708,unit 1 was traveling in the left lane of 2 on interstate 270 just south of interstate 70 when he hydro planed into the the center median. this was a single car accident. no damage to median. unit 1 had disabling damage and the driver of unit 1 was transported by cfd medic 26 to mount carmel frankliton in stable condition.,20193176708,2019,AB,9/1/2019 0:00,6,SFRAIR00270**N,S,FRA,8.714,39.976559,-83.119155,18000,19234.0,9/1/2019 0:00,13,1,N,2.0,Y,Y,1.0,18,0,27900.0,,,Y,8.701,SFRAIR00270**C,N,1,190736777,1,9,N,0,1,1,COLUMBUS,1,S,Y,N,4.0,Y,0.009,,Y,,N,COLUMBUS,N,,0,,,,270,IR,,,N,,E,,1,70,IR,,,N,N,N,0,0,N,1.0,0,2,1,,121857.0,N,8.714,17,Y,1,1,2,1,M,N,N,N,0,2,35,1,0,65,1,35,0,0,0,0,0,1,6,NT,1,50,,,,,,,,,,,,,,,,,,,,,,,,,,,,,,,,,,0,4,,unit1 traveling left interstate interstate hydro planed center median . single car accident . damage median . unit1 disabling damage driver unit1 transported cfd medic mount carmel frankliton stable condition .,C,"[2.457829282320745e-07, 0.9999996423721313, 1.4227497047158977e-07]",C,"[9.291532023780746e-07, 0.9999982118606567, 8.854414659253962e-07]",C,"[8.219480514526367e-05, 1.0, 0.00014209747314453125]"
1732,1732,193186780,driver states she hydro planed on the wet roadway and struck the right guard rail face before crossing the roadway and striking the left guard rail face.,20193186780,2019,C,9/1/2019 0:00,4,SSUMIR00076**C,S,SUM,0.266,41.04023,-81.683039,57260,766.0,9/13/2019 0:00,13,6,N,2.0,Y,Y,1.0,22,0,84500.0,,,Y,0.266,SSUMIR00076**C,N,4,21909076,1,9,N,0,0,1,NORTON,1,E,Y,N,6.0,Y,0.047,,Y,,N,NORTON,N,,0,,I 76 E,,76,IR,,,N,,,MEDINA LINE,1,,,,RD,N,N,Y,0,0,N,1.0,2,2,4,,118350.0,N,12.414,20,Y,5,4,3,1,F,N,N,N,0,2,30,1,2,65,13,8,30,13,9,30,0,1,6,NT,1,60,,,,,,,,,,,,,,,,,,,,,,,,,,,,,,,,,,0,4,,driver states hydro planed wet roadway struck guard rail face crossing roadway striking left guard rail face .,O,"[0.9999998807907104, 6.447207567816804e-08, 1.299621654737848e-08]",O,"[0.9999579191207886, 4.140677992836572e-05, 7.482383352908073e-07]",O,"[1.0, 5.960464477539063e-08, 0.0]"
1733,1733,193197830,"driver of unit 1 stated traffic was slowing in front of her while she was southbound on i-71s (south of e hudson st) and she hydro planed and struck the median wall. witness #1, an off duty clinton township officer, stated unit #1 lost control and struck the median wall. driver of unit 1 reported no injuries. unit 1 was disabled and towed at scene. driver of unit 1 was issued a citation for failure to control.",20193197830,2019,O,9/1/2019 0:00,6,SFRAIR00071**N,S,FRA,21.17,40.013487,-82.993383,18000,19234.0,9/29/2019 0:00,13,1,N,2.0,Y,Y,1.0,19,0,28500.0,,,Y,21.16,SFRAIR00071**C,N,3,190826093,1,9,N,1,0,1,COLUMBUS,1,S,Y,N,6.0,Y,0.085,,N,,N,COLUMBUS,N,,0,,I 71 N,,71,IR,,,N,,E,HUDSON,1,,,,ST,N,Y,N,0,0,N,1.0,0,2,3,,39473.0,N,112.214,69,Y,99,1,2,1,F,N,N,N,0,3,35,1,0,65,13,35,0,0,0,0,0,1,6,NT,1,65,,,,,,,,,,,,,,,,,,,,,,,,,,,,,,,,,,0,4,,"driver unit1 stated traffic slowing front hydro planed struck median wall . witness , duty clinton township officer , stated unit1 lost control struck median wall . driver unit1 reported injuries . unit1 disabled towed scene . driver unit1 issued citation failure control .",O,"[0.9999998807907104, 1.176799031554765e-07, 2.1446684428383378e-08]",O,"[1.0, 3.8727080209355336e-08, 5.54085492765477e-11]",O,"[1.0, 1.5914440155029297e-05, 1.2516975402832031e-06]"
1734,1734,193200172,"driver of unit # 1 stated that he was traveling i-670 w/b and took the ramp to travel sr-315 s/b. driver of unit # 1 stated that as he was negotiating a curve in the road, """" i hydro planed due to the wet road."""" driver of unit # 1 stated that that he ran off the roadway to the right striking the guard rail.",20193200172,2019,O,9/1/2019 0:00,6,SFRARA25568**C,S,FRA,0.206,39.968261,-83.022305,18000,19234.0,9/21/2019 0:00,13,7,N,4.0,Y,Y,2.0,11,0,31400.0,,,N,0.206,SFRARA25568**C,Y,1,190799954,4,9,,1,0,1,COLUMBUS,7,E,N,N,,N,0.095,SR,N,,N,COLUMBUS,N,,0,,,,670,IR,,,N,,,,1,315,SR,,,N,N,N,0,0,N,1.0,0,2,4,,,N,0.206,37,Y,99,3,8,1,M,N,N,N,0,1,30,1,2,40,13,8,30,0,0,0,0,1,6,LT,15,40,,,,,,,,,,,,,,,,,,,,,,,,,,,,,,,,,,0,4,,"driver unit1 stated traveling took ramp travel sr b. driver unit1 stated negotiating curve , `` '' hydro planed due wet . '' '' driver unit1 stated ran roadway striking guard rail .",O,"[0.9999998807907104, 7.887992126143217e-08, 1.9416305008235213e-08]",O,"[0.999896764755249, 9.795765072340146e-05, 5.227100700722076e-06]",O,"[1.0, 0.0, 0.0]"
1735,1735,193212800,unit 1 was eastbound on morse rd at sundance dr. unit 2 stopped in traffic eastbound on morse rd at sundance dr. unit 1 failed to assure clear distance ahead and collided with unit 2. driver of unit 1 stated that her car hydro planed on the wet road when she went to stop. no hospital transport at time of accident.,20193212800,2019,O,10/1/2019 0:00,6,CFRACR00017**C,C,FRA,3.79,40.058432,-82.929661,18000,19234.0,10/16/2019 0:00,2,4,N,,N,N,3.0,8,0,,,,N,3.79,CFRACR00017**C,N,1,190875131,4,10,,2,0,2,COLUMBUS,3,W,N,Y,4.0,N,0.004,,Y,,N,COLUMBUS,N,,0,,Morse,RD,,,,,N,,,Sundance,1,,,,DR,N,N,N,0,0,N,,0,2,1,,4600.0,N,3.79,25,Y,8,4,3,1,F,N,N,N,0,3,0,1,2,45,1,20,0,0,0,0,0,1,6,NT,1,45,28.0,1.0,4.0,3.0,1.0,F,,2.0,45.0,11.0,20.0,,,,,,1.0,6.0,NT,1.0,0.0,,,,,,,,,,,,,0,4,,unit1 morse sundance . unit2 stopped traffic morse sundance . unit1 failed assure clear distance ahead collided unit2 . driver unit1 stated car hydro planed wet went stop . hospital transport time accident .,O,"[0.6793875694274902, 0.3191553056240082, 0.0014571869978681207]",C,"[1.9411399989621714e-06, 0.9999979734420776, 9.925152255618741e-08]",C,"[9.298324584960938e-06, 1.0, 8.344650268554688e-07]"
1736,1736,193217541,unit 1 did hydro plane while northbound on interstate 77 . unit 1 did travel off the roadway and struck a guard rail face while spinning out. unit 1 suffered disabling damage and had to be towed from the scene by jeffreys towing. all occupants declined medical attention.,20193217541,2019,O,3/1/2019 0:00,4,SSUMIR00077**C,S,SUM,22.552,41.12602,-81.652806,18658,766.0,3/9/2019 0:00,13,7,N,2.0,Y,Y,1.0,21,0,,,,Y,22.552,SSUMIR00077**C,N,4,21903050,1,3,N,3,0,1,COPLEY TOWNSHIP,1,,Y,N,6.0,Y,0.0,,Y,,N,COPLEY TOWNSHIP,N,,0,,,,77,IR,,136.0,N,,,136,2,,,,,N,N,N,0,0,N,1.0,0,6,1,,39618.0,N,136.074,21,Y,1,2,1,1,M,N,N,N,0,3,30,1,2,65,1,8,30,0,0,0,0,1,6,NT,1,65,,,,,,,,,,,,,,,,,,,,,,,,,,,,,,,,,,0,4,,unit1 hydro plane interstate . unit1 travel roadway struck guard rail face spinning . unit1 suffered disabling damage towed scene jeffreys towing . occupants declined medical attention .,O,"[1.0, 4.238388484623101e-08, 1.0144889373009391e-08]",O,"[1.0, 4.061565750390628e-09, 1.0739224613753873e-11]",C,"[0.0743408203125, 0.92578125, 5.030632019042969e-05]"
1737,1737,193222924,"unit #1 was southbound on i-75 she hydro planed on the wet road surface, lost control, spun out, and struck the median cable barrier wire. unit #1 came to rest in the median.",20193222924,2019,O,10/1/2019 0:00,7,SSHEIR00075**N,S,SHE,8.554,40.314139,-84.175273,16168,99769.0,10/26/2019 0:00,13,7,N,2.0,Y,Y,1.0,18,0,80500.0,,,Y,8.544,SSHEIR00075**C,N,2,19-020470,1,10,N,1,0,1,CLINTON TOWNSHIP,1,,Y,N,4.0,Y,0.0,SR,Y,,N,CLINTON TOWNSHIP,N,,0,,I 75 S,,75,IR,,,N,,,STATE ROUTE 29 S,1,29,SR,,,N,N,N,0,0,N,1.0,0,2,1,,42916.0,N,93.842,18,Y,11,1,2,1,F,N,N,N,0,2,33,1,0,70,1,9,33,0,0,0,0,1,6,NT,3,70,,,,,,,,,,,,,,,,,,,,,,,,,,,,,,,,,,0,4,,"unit1 hydro planed wet surface , lost control , spun , struck median cable barrier wire . unit1 came rest median .",O,"[0.9999998807907104, 1.2402642823872156e-07, 2.212970962034433e-08]",O,"[0.9999998807907104, 1.490621173161344e-07, 1.00521591051006e-09]",O,"[0.9892578125, 0.010650634765625, 0.0003561973571777344]"
1738,1738,193224705,"unit 1 was traveling southbound on breiel blvd at grand ave in the center lane and stated a vehicle in front of it applied its brakes. unit 1 then swerved into the right hand lane, hydro planed, and struck unit 2 which was traveling southbound in the right hand lane of breiel blvd. unit 1 was found to be at fault and cited for failure to control.",20193224705,2019,C,10/1/2019 0:00,8,CBUTCR00600**C,C,BUT,2.192,39.503573,-84.355327,49840,56926.0,10/21/2019 0:00,5,2,N,,N,N,4.0,19,0,,d4a5785d-de1c-4c2a-8272-ee93ea88b51f,5a8ec92e-8929-4494-9e96-06ea292034f3,N,2.192,CBUTCR00600**C,N,3,19-058147,4,10,,1,0,2,MIDDLETOWN,2,,Y,Y,4.0,N,0.0,CR,Y,,N,MIDDLETOWN,N,,0,,BREIEL,BLVD,,,,,N,,,GRAND,1,,,,AVE,N,N,N,0,0,N,,1,2,2,,89933.0,N,2.192,16,Y,15,1,2,1,F,N,N,N,0,6,0,1,0,35,3,20,0,0,0,0,0,1,2,NT,3,0,43.0,1.0,1.0,2.0,1.0,F,,2.0,35.0,1.0,20.0,,,,,,1.0,2.0,NT,1.0,,,,,,,,,,,,,,0,4,,"unit1 traveling breiel grand center stated vehicle front applied brakes . unit1 swerved , hydro planed , struck unit2 traveling breiel . unit1 found fault cited failure control .",O,"[0.999771773815155, 0.0002208658988820389, 7.3546038947824854e-06]",O,"[0.9511523246765137, 0.04787835106253624, 0.0009692993480712175]",O,"[0.927734375, 0.07122802734375, 0.0015077590942382812]"
1739,1739,193227297,unit 1 was headed s.b. on s.r. 201 and unit 2 was headed n.b. on s.r. 201. unit 1 thought that the s.b. lanes had three lanes of traffic and when he realized that the far left lane was a turn lane he attempted to merge into a lane that continued s.b. upon attempting to merge unit stated that he started to hydro plane and started to spin. he spun into the n.b. lanes and that is where he struck unit 2.,20193227297,2019,AB,10/1/2019 0:00,7,SMOTSR00201**C,S,MOT,8.174,39.866595,-84.101076,36610,22528.0,10/26/2019 0:00,1,7,N,2.0,N,N,4.0,20,0,,,,N,8.174,SMOTSR00201**C,N,3,19-074842,4,10,,1,1,2,HUBER HEIGHTS,1,,N,N,4.0,N,0.0,,N,7888,N,HUBER HEIGHTS,N,,0,,,,201,,,,N,,,,3,,,,,N,N,Y,0,0,N,3.0,0,2,1,,190337.0,N,8.174,26,Y,99,1,2,1,M,N,N,N,0,5,0,1,0,35,1,20,0,0,0,0,0,1,6,NT,3,45,48.0,1.0,2.0,1.0,1.0,F,,2.0,35.0,1.0,20.0,,,,,,1.0,6.0,NT,1.0,35.0,,,,,,,,,,,,,0,4,,unit1 headed s.b . s.r . unit2 headed b. s.r . . unit1 thought s.b . lanes three lanes traffic realized far left turn attempted merge continued s.b . upon attempting merge unit stated started hydro plane started spin . spun b. lanes struck unit2 .,O,"[0.9995262622833252, 0.0004424911749083549, 3.1231975299306214e-05]",O,"[1.0, 7.634342047424525e-09, 1.73110119988662e-11]",O,"[1.0, 1.1920928955078125e-07, 0.0]"
1740,1740,193229753,"the accident occurred on 70 w/b, just e/o e livingston ave. driver of unit 1 stated she was changing lanes from the middle lane, to the fast lane, when she hydro planed on wet roads. unit 1 went off the road to the left and hit the center concrete wall, then came across the moving lanes, and went off the road to the right. unit 1 went into the ditch and lodged in some trees and brush. cfd m815 treated and released her at scene for a bloody nose and cut lip. driver of unit 1 was issued a citation for fail to control.",20193229753,2019,AB,10/1/2019 0:00,6,SFRAIR00070**N,S,FRA,18.689,39.931966,-82.92785,18000,19234.0,10/27/2019 0:00,13,1,N,2.0,Y,Y,1.0,2,0,,,,Y,18.686,SFRAIR00070**C,N,3,190907273,1,10,N,0,1,1,COLUMBUS,1,E,Y,N,6.0,Y,0.5,,Y,,N,COLUMBUS,N,,0,,I 70 W,,70,IR,,,N,,E,LIVINGSTON,1,,,,AVE,N,N,N,0,0,N,1.0,0,2,3,,90762.0,N,104.716,24,Y,11,3,4,1,F,N,N,N,0,3,35,1,2,65,3,9,35,8,48,0,0,1,6,NT,1,65,,,,,,,,,,,,,,,,,,,,,,,,,,,,,,,,,,0,2,,"accident occurred w b , e livingston . driver unit1 stated changing lanes middle , fast , hydro planed wet roads . unit1 went left hit center concrete wall , came across moving lanes , went . unit1 went ditch lodged trees brush . cfd treated released scene bloody nose cut lip . driver unit1 issued citation fail control .",C,"[3.707889106863149e-07, 0.9999995231628418, 1.3253178110517183e-07]",C,"[2.381013075591909e-07, 0.9999997615814209, 4.078521342876229e-08]",C,"[5.245208740234375e-06, 1.0, 6.556510925292969e-07]"
1741,1741,193232356,"driver of unit 1 said he was w/b ir 670 e/o sr 33 in the left center lane when he hydro planed due to water pooling from the down pour of rain. driver of unit 1 said this caused his unit 1 to spin off the right side of the road and hit the guard rail. driver of unit 1 was cited for failure to control, and said he would seek medical attention later if needed.",20193232356,2019,C,10/1/2019 0:00,6,SFRAIR00670**N,S,FRA,1.15,39.969079,-83.049637,18000,19234.0,10/31/2019 0:00,13,5,N,2.0,N,Y,1.0,8,0,,7ace4cf7-5fef-4726-bb4c-e361c4a4a66a,d313a7e4-252d-45b6-888a-7e48c596ed6e,Y,0.714,SFRAIR00670**C,N,1,190918705,1,10,N,0,0,1,COLUMBUS,1,E,Y,N,10.0,Y,0.1,RA,N,,N,COLUMBUS,N,,0,,I 670 W,,670,IR,,,N,,,US ROUTE 33 W,1,33,US,,,N,N,N,0,0,N,1.0,1,2,1,,91462.0,N,1.15,37,Y,99,3,4,1,M,N,N,N,0,4,30,1,2,65,1,13,8,30,0,0,0,1,6,NT,4,60,,,,,,,,,,,,,,,,,,,,,,,,,,,,,,,,,,0,4,,"driver unit1 said e left center hydro planed due water pooling pour rain . driver unit1 said caused unit1 spin side hit guard rail . driver unit1 cited failure control , said would seek medical attention later needed .",C,"[3.360494156368077e-05, 0.9999648332595825, 1.5060646774145425e-06]",C,"[0.00017002907407004386, 0.9998297691345215, 6.662044427230285e-08]",C,"[5.1856040954589844e-05, 1.0, 2.980232238769531e-07]"
1742,1742,193255644,unit 1 was traveling east on i275 in the middle lane. unit 1 hydro planed spinning out into the left guardrail at the 34/0 mile post.,20193255644,2019,O,11/1/2019 0:00,8,SHAMIR00275**C,S,HAM,16.239,39.258267,-84.598009,16616,16885.0,11/27/2019 0:00,13,4,N,2.0,N,Y,1.0,0,0,,,,Y,16.239,SHAMIR00275**C,N,4,2019-41765,1,11,N,2,0,1,COLERAIN TOWNSHIP,1,,Y,N,6.0,Y,0.0,,N,,N,COLERAIN TOWNSHIP,N,,0,,,,275,IR,,34.0,N,,,34 0,2,,,,,N,N,N,0,0,N,1.0,0,2,2,,47306.0,N,33.839,26,Y,1,4,3,1,M,N,N,N,0,3,36,1,0,65,1,99,9,36,0,0,0,1,6,NT,1,65,,,,,,,,,,,,,,,,,,,,,,,,,,,,,,,,,,0,4,,unit1 traveling middle . unit1 hydro planed spinning left guardrail mile post .,O,"[0.9999998807907104, 1.198216210696046e-07, 2.692603651155423e-08]",O,"[1.0, 7.3381514198445075e-09, 8.046012467399777e-11]",O,"[1.0, 3.3736228942871094e-05, 2.205371856689453e-06]"
1743,1743,193259320,both units were west bound on sr 63. unit #2 stopped at the traffic light. unit #1 was slowing to a stop when it hydro planed striking unit #2. both units had minor damage.,20193259320,2019,O,11/1/2019 0:00,8,SBUTSR00063**N,S,BUT,3.179,39.445449,-84.366562,51310,16885.0,11/30/2019 0:00,2,7,N,2.0,N,N,5.0,14,0,,5031e838-8bbb-4752-82d3-02a001abfea6,abfa0071-578d-4d8a-8ca8-53b4e8fa561b,N,3.18,SBUTSR00063**C,N,1,19-022016,4,11,,4,0,2,MONROE,1,E,Y,Y,4.0,N,0.004,CR,Y,,N,MONROE,N,,0,,,,63,SR,,,N,,,BRITTON,1,,,,LN,N,N,N,0,0,N,3.0,0,2,2,,327779.0,N,3.179,16,Y,8,3,4,1,F,N,N,N,0,2,0,1,0,50,11,20,0,0,0,0,0,1,2,NT,3,5,48.0,1.0,3.0,4.0,1.0,F,,2.0,50.0,11.0,20.0,,,,,,1.0,2.0,NT,3.0,,,,,,,,,,,,,,0,2,,units . unit2 stopped traffic light . unit1 slowing stop hydro planed striking unit2 . units minor damage .,O,"[0.9999998807907104, 6.594712687046922e-08, 1.2696999007744125e-08]",O,"[0.9999998807907104, 1.519545804740119e-07, 9.58371826342841e-10]",O,"[1.0, 2.8848648071289062e-05, 8.940696716308594e-07]"
1744,1744,193259668,unit #1 was southbound on i-71 passing over greenlawn ave. driver #1 stated that she attempted to change lanes and it felt like she hydro planed and lost control. unit #1 slid sideways struck the construction retaining wall and flipped upside down. driver #1 was checked by cfd medic 3 but chose not to be transported to the hospital. driver #1 was cited for failure to control.,20193259668,2019,C,12/1/2019 0:00,6,CFRACR00146**C,C,FRA,0.742,39.939552,-83.009931,18000,19234.0,12/2/2019 0:00,13,2,N,,Y,N,4.0,5,0,28100.0,b04e7cfb-9a02-4859-833a-f123d0d909dd,6abbe134-2dba-4038-ab7a-07648ba977c3,N,0.742,CFRACR00146**C,N,4,191007208,4,12,,0,0,1,COLUMBUS,1,S,N,N,4.0,N,0.095,RA,Y,,N,COLUMBUS,N,,4,,,,71,IR,,,N,,,Greenlawn,1,,,,AVE,N,N,Y,0,3,Y,,1,2,4,,29673.0,N,0.742,25,Y,99,1,2,1,F,N,N,N,0,2,31,1,2,55,3,31,1,0,0,0,0,1,6,NT,3,60,,,,,,,,,,,,,,,,,,,,,,,,,,,,,,,,,,0,4,,unit1 passing greenlawn . driver stated attempted change lanes felt like hydro planed lost control . unit1 slid sideways struck construction retaining wall flipped upside . driver checked cfd medic chose transported hospital . driver cited failure control .,C,"[4.707123025582405e-06, 0.9999942779541016, 1.1130033499284764e-06]",C,"[2.9246621124912053e-05, 0.9999707937240601, 1.3195458059556131e-08]",C,"[0.001056671142578125, 0.9990234375, 4.1604042053222656e-05]"