,id,OBJECTID,Narrative,DOCUMENT_NBR,CRASH_YR,CRASH_SEVERITY_CD,CRASH_MONTH_YEAR,DISTRICT_NBR,NLFID,NLF_JUR_CD,NLF_COUNTY_CD,COUNTY_LOG_NBR,ODOT_LATITUDE_NBR,ODOT_LONGITUDE_NBR,ODOT_FIPS_CD,AREA_CODE,CRASH_DATE,CRASH_TYPE_CD,DAY_IN_WEEK_CD,DISTRACTED_DRIVER_IND,FACILITY_TYPE_CD,FHWA_RDWY_DEPARTURE_IND,FREEWAY_IND,FUNCTIONAL_CLASS_CD,HOUR_OF_CRASH,INCAPAC_INJURIES_NBR,INTERCHANGE_ID,INTERSECTION_ID_CURRENT,INTERSECTION_LEG_ID,INTERSTATE_IND,INV_LOG_NBR,INV_NLFID,IS_COMMERCIAL_RELATED,LIGHT_COND_PRIMARY_CD,LOCAL_REPORT_NUMBER_ID,MAINTENANCE_AUTHORITY_CD,MONTH_OF_CRASH,NHS_CD,NO_INJURY_REPORTED_NBR,NON_INCAPAC_INJURIES_NBR,NUMBER_OF_UNITS_NBR,ODOT_CITY_VILLAGE_TWP_NME,ODOT_CRASH_LOCATION_CD,ODOT_DIR_FROM_REF_CD,ODOT_DIV_UNDIV_IND,ODOT_INTERSECTION_REL_IND,ODOT_LANES_NBR,ODOT_MAINTAINED_HWY_IND,ODOT_MILES_FROM_REF_NBR,ODOT_REF_ROUTE_PREFIX_CD,ODOT_YOUNG_DRIVER_IND,ODPS_ADDRESS_REFERENCE,ODPS_ALCOHOL_IND,ODPS_CITY_VILLAGE_TWP_NME,ODPS_DRUG_IND,ODPS_LOC_DIR_SUFFIX_CD,ODPS_LOC_IN_WORK_ZONE_CD,ODPS_LOC_ROAD_DIRECTION_CD,ODPS_LOC_ROAD_NME,ODPS_LOC_ROAD_SUFFIX_CD,ODPS_LOC_ROUTE_ID,ODPS_LOC_ROUTE_PREFIX_CD,ODPS_LOC_ROUTE_SUFFIX_CD,ODPS_MILEPOST_REFERENCE,ODPS_MOTORCYCLE_IND,ODPS_REF_DIR_SUFFIX_CD,ODPS_REF_DIRECTION_CD,ODPS_REF_GIVEN,ODPS_REF_POINT_USED_CD,ODPS_REF_ROUTE_ID,ODPS_REF_ROUTE_PREFIX_CD,ODPS_REF_ROUTE_SUFFIX_CD,ODPS_REF_SUFFIX_CD,ODPS_SCHOOL_ZONE_IND,ODPS_SENIOR_DRIVER_IND,ODPS_SPEED_IND,ODPS_TOTAL_FATALITIES_NBR,ODPS_TYPE_OF_WORK_ZONE_CD,ODPS_WORK_ZONE_IND,OPER_ACCESS_CONTROL_CD,POSSIBLE_INJURIES_NBR,ROAD_COND_PRIMARY_CD,ROAD_CONTOUR_CD,SA_RAMP_ID,SA_SEGMENT_ID,SECONDARY_CRASH,STATE_TRUE_LOG_NBR,U1_AGE_NBR,U1_AT_FAULT_IND,U1_CONT_CIR_PRIMARY_CD,U1_DIRECTION_FROM_CD,U1_DIRECTION_TO_CD,U1_DISTRACTED_BY_1_CD,U1_GENDER_CD,U1_IS_ALCOHOL_SUSPECTED,U1_IS_MARIJUANA_SUSPECTED,U1_IS_OTHER_DRUG_SUSPECTED,U1_NON_MOTORIST_LOC_CD,U1_NUMBER_OF_THRU_LANES,U1_OBJECT_STRUCK,U1_ODPS_UNIT_NBR,U1_OPERATINGIN_AUTONOMOUS_MODE,U1_POSTED_SPEED_NBR,U1_PRECRASH_ACTION_CD,U1_SEQ_OF_EVENTS_1_CD,U1_SEQ_OF_EVENTS_2_CD,U1_SEQ_OF_EVENTS_3_CD,U1_SEQ_OF_EVENTS_4_CD,U1_SEQ_OF_EVENTS_5_CD,U1_SEQ_OF_EVENTS_6_CD,U1_SPECIAL_FUNCTION_CD,U1_TRAFFIC_CONTROL_CD,U1_TURN_CD,U1_TYPE_OF_UNIT_CD,U1_UNIT_SPEED_NBR,U2_AGE_NBR,U2_CONT_CIR_PRIMARY_CD,U2_DIRECTION_FROM_CD,U2_DIRECTION_TO_CD,U2_DISTRACTED_BY_1_CD,U2_GENDER_CD,U2_NON_MOTORIST_LOC_CD,U2_ODPS_UNIT_NBR,U2_POSTED_SPEED_NBR,U2_PRECRASH_ACTION_CD,U2_SEQ_OF_EVENTS_1_CD,U2_SEQ_OF_EVENTS_2_CD,U2_SEQ_OF_EVENTS_3_CD,U2_SEQ_OF_EVENTS_4_CD,U2_SEQ_OF_EVENTS_5_CD,U2_SEQ_OF_EVENTS_6_CD,U2_SPECIAL_FUNCTION_CD,U2_TRAFFIC_CONTROL_CD,U2_TURN_CD,U2_TYPE_OF_UNIT_CD,U2_UNIT_SPEED_NBR,U3_CONT_CIR_PRIMARY_CD,U3_ODPS_UNIT_NBR,U3_PRECRASH_ACTION_CD,U3_SEQ_OF_EVENTS_1_CD,U3_SEQ_OF_EVENTS_2_CD,U3_SEQ_OF_EVENTS_3_CD,U3_SEQ_OF_EVENTS_4_CD,U3_SEQ_OF_EVENTS_5_CD,U3_SEQ_OF_EVENTS_6_CD,U3_SPECIAL_FUNCTION_CD,U3_TRAFFIC_CONTROL_CD,U3_TYPE_OF_UNIT_CD,UNRESTRAIN_OCCUPANTS,WEATHER_COND_CD,V1,clean_Narrative,BERT_predictions,BERT_prediction_probabilities,RoBERTa_predictions,RoBERTa_predictions_probabilities,distilBERT_predictions,distilBERT_predictions_probabilities
1745,1745,193266464,unit #1 was slowing due to traffic conditions. unit #2 hydro planed while braking and rear ended unit #1.,20193266464,2019,AB,12/1/2019 0:00,4,SSUMSR00008**C,S,SUM,14.738,41.25996,-81.501631,7790,17668.0,12/2/2019 0:00,2,2,N,2.0,N,Y,2.0,7,0,88700.0,,,N,14.738,SSUMSR00008**C,N,1,19-00642,4,12,N,1,1,2,BOSTON HEIGHTS,1,,Y,N,4.0,N,0.0,,Y,,N,BOSTON HEIGHTS,N,,0,,,,8,SR,,14.6,N,,,14 6,2,,,,,N,N,N,0,0,N,1.0,0,2,1,,182203.0,N,14.738,18,Y,8,1,2,1,F,N,N,N,0,3,0,2,2,65,11,20,0,0,0,0,0,1,6,NT,1,15,26.0,1.0,1.0,2.0,1.0,M,,1.0,65.0,11.0,20.0,,,,,,1.0,6.0,NT,1.0,,,,,,,,,,,,,,0,4,,unit1 slowing due traffic conditions . unit2 hydro planed braking rear ended unit1 .,O,"[0.9999121427536011, 8.352116128662601e-05, 4.311587872507516e-06]",O,"[0.859747588634491, 0.13477927446365356, 0.0054731364361941814]",O,"[0.998046875, 0.0014829635620117188, 2.5391578674316406e-05]"
1746,1746,193269986,"the accident occured on the ramp from 270 n, to e broad st. unit 1 stated he hydro planned while exiting the freeway. unit 1 went off the road to the left and stuck the guardrail end. driver of unit 1 transported himself to the hospital for a possible broken left hand. driver of unit 1 issued a summons for no ops, dus, and failt to control.",20193269986,2019,AB,12/1/2019 0:00,6,SFRASR00016**C,S,FRA,8.453,39.978977,-82.845947,18000,19234.0,12/14/2019 0:00,13,7,N,2.0,Y,N,3.0,23,1,,,,N,8.453,SFRASR00016**C,N,3,191042736,4,12,N,0,0,1,COLUMBUS,1,E,N,N,4.0,N,0.5,IR,N,,N,COLUMBUS,N,,0,E,BROAD,ST,,,,,N,,,I 270 E,1,270,IR,,,N,N,N,0,0,N,3.0,0,2,4,,182578.0,N,8.453,28,Y,11,2,3,1,M,N,N,N,0,6,31,1,2,65,13,9,31,0,0,0,0,1,6,RT,1,30,,,,,,,,,,,,,,,,,,,,,,,,,,,,,,,,,,0,4,,"accident occured ramp n , broad unit1 stated hydro planned exiting freeway . unit1 went left stuck guardrail end . driver unit1 transported hospital possible broken left . driver unit1 issued summons ops , dus , failt control .",AB,"[2.2699555302096996e-06, 1.9554052414605394e-05, 0.9999781847000122]",AB,"[7.486061804229394e-05, 0.0007115991902537644, 0.9992135763168335]",C,"[0.0016355514526367188, 0.65234375, 0.34619140625]"
1747,1747,193276196,"unit #3 was traveling north on sr-21 approaching johnson road. units #1 and #2 were traveling south on sr-21 approaching johnson road. unit #3 hit a puddle of water and began to hydro plane causing the unit to go off road left, go through the median, and enter the left lane of the south bound traffic before going back into median and stopping. unit #1 slowed to avoid hitting unit #3 and was rear ended by unit #2 which was not able to stop in time.",20193276196,2019,O,12/1/2019 0:00,4,SSUMSR00021**C,S,SUM,1.015,41.003155,-81.661623,57260,766.0,12/9/2019 0:00,1,2,N,2.0,Y,Y,2.0,16,0,,,,N,1.015,SSUMSR00021**C,N,1,21912046,4,12,N,3,0,3,NORTON,1,,Y,N,4.0,N,0.0,,Y,,N,NORTON,N,,0,,STATE ROUTE 21 N,,21,SR,,,N,,,JOHNSON,1,,,,RD,N,Y,Y,0,0,N,1.0,0,2,1,,183210.0,N,29.78,18,Y,5,2,1,1,M,N,N,N,0,2,0,3,2,60,1,9,10,11,10,0,0,1,6,NT,1,75,21.0,8.0,1.0,2.0,1.0,M,,2.0,60.0,11.0,20.0,,,,,,1.0,6.0,NT,1.0,50.0,1.0,1.0,11.0,20.0,,,,,,1.0,6.0,1.0,0,4,,"unit3 traveling sr approaching johnson . units traveling sr approaching johnson . unit3 hit puddle water began hydro plane causing unit go left , go median , enter left traffic going back median stopping . unit1 slowed avoid hitting unit3 rear ended unit2 able stop time .",O,"[0.9990617632865906, 0.0008922697161324322, 4.5947785110911354e-05]",O,"[0.8206131458282471, 0.17270097136497498, 0.00668592844158411]",O,"[0.82861328125, 0.166015625, 0.005283355712890625]"
1748,1748,193288268,"unit 1 was traveling west on i-480 when the vehicle hydro planed, going off the roadway to the right and rolling over. there were no reported injuries and the vehicle was towed from the scene.",20193288268,2019,O,12/1/2019 0:00,4,SPORIR00480**N,S,POR,1.205,41.257471,-81.373137,75014,17668.0,12/29/2019 0:00,16,1,N,2.0,Y,Y,1.0,12,0,,,,Y,1.185,SPORIR00480**C,N,1,201903177,1,12,N,2,0,1,STREETSBORO,1,E,Y,N,4.0,Y,0.057,,Y,,N,STREETSBORO,N,,0,,,,480,IR,,42.0,N,,,42,2,,,,,N,N,Y,0,0,N,1.0,0,2,2,,81550.0,N,42.212,23,Y,5,7,6,1,M,N,N,N,0,2,0,1,2,65,1,8,1,0,0,0,0,1,6,NT,1,60,,,,,,,,,,,,,,,,,,,,,,,,,,,,,,,,,,0,4,,"unit1 traveling vehicle hydro planed , going roadway rolling . reported injuries vehicle towed scene .",O,"[0.9999986886978149, 1.2314910691202385e-06, 1.2607725352609123e-07]",O,"[0.9997814297676086, 0.00021819808171130717, 4.107913582629408e-07]",O,"[1.0, 0.0, 0.0]"
1749,1749,193297907,unit 1 was attempting to enter i-75 north from us 33 when it hydro planed and struck unit 2.,20193297907,2019,O,10/1/2019 0:00,7,SAUGRA06040**C,S,AUG,0.184,40.553564,-84.169687,80766,,10/26/2019 0:00,5,7,N,4.0,Y,Y,,15,0,,3bec9181-2f59-4ffb-8cb0-29bcbc06cc29,1908e6a5-c266-4a1e-ad56-d00de57baa87,N,0.184,SAUGRA06040**C,N,1,19-025052,4,10,,3,0,2,WAPAKONETA,7,S,N,N,2.0,N,0.014,RA,N,,N,WAPAKONETA,N,,0,,I 75,HWY,,,,,N,,,US 33,1,,,,HWY,N,N,N,0,0,N,1.0,0,2,3,,,N,0.184,27,Y,1,2,1,1,M,N,N,N,0,2,0,1,0,45,8,10,0,0,0,0,0,1,6,NT,4,40,55.0,1.0,2.0,1.0,1.0,F,,2.0,70.0,1.0,20.0,,,,,,1.0,6.0,NT,3.0,60.0,,,,,,,,,,,,,0,4,,unit1 attempting enter us hydro planed struck unit2 .,O,"[0.9999992847442627, 6.334390150186664e-07, 8.200175471984039e-08]",O,"[0.9999998807907104, 1.2005965288608422e-07, 8.372342819029654e-10]",O,"[1.0, 1.9073486328125e-06, 1.1920928955078125e-07]"
1750,1750,195010087,unit #1 was traveling south on ir 71 in the left lane. unit #1 was traveling too fast for the roadway conditions and hydro planed. unit #1 traveled off the left side of the roadway and struck the median cable. unit #1 overturned and came to rest on its side.,20195010087,2019,C,1/1/2019 0:00,3,SMEDIR00071**N,S,MED,14.954,41.112076,-81.81238,51856,17668.0,1/23/2019 0:00,13,4,N,2.0,Y,Y,1.0,7,0,,,,Y,14.939,SMEDIR00071**C,N,1,52-0133-52,1,1,N,0,0,1,MONTVILLE TOWNSHIP,1,S,Y,N,8.0,Y,0.1,,N,,N,MONTVILLE TOWNSHIP,N,,0,,,,71,IR,,217.0,N,,,217,2,,,,,N,N,Y,0,0,N,1.0,1,2,2,,107600.0,N,216.958,39,Y,5,1,2,1,F,N,N,N,0,3,33,1,0,70,1,9,33,1,0,0,0,1,6,NT,1,60,,,,,,,,,,,,,,,,,,,,,,,,,,,,,,,,,,0,4,,unit1 traveling left . unit1 traveling fast roadway conditions hydro planed . unit1 traveled left side roadway struck median cable . unit1 overturned came rest side .,C,"[0.0033789705485105515, 0.9585283994674683, 0.038092706352472305]",C,"[0.004490624647587538, 0.9950020909309387, 0.0005073181819170713]",O,"[0.787109375, 0.1756591796875, 0.037322998046875]"
1751,1751,195109911,"unit 1 was traveling southbound on the sr-11 on-ramp from us- 224. unit 1 hydro planed, lost control, went off the roadway to the right and struck a ditch.",20195109911,2019,O,6/1/2019 0:00,4,SMAHSR00011**N,S,MAH,8.752,41.023195,-80.739586,11374,97831.0,6/16/2019 0:00,13,1,N,2.0,Y,Y,2.0,0,0,,,,N,8.759,SMAHSR00011**C,N,3,50-0548-50,1,6,N,1,0,1,CANFIELD TOWNSHIP,1,S,Y,N,4.0,Y,0.1,,Y,,N,CANFIELD TOWNSHIP,N,,0,,,,11,SR,,34.0,N,,,34,2,,,,,N,N,N,0,0,N,1.0,0,2,1,,167651.0,N,33.952,17,Y,11,1,2,1,M,N,N,N,0,1,44,1,0,70,1,8,44,0,0,0,0,1,6,NT,1,55,,,,,,,,,,,,,,,,,,,,,,,,,,,,,,,,,,0,4,,"unit1 traveling sr onramp us . unit1 hydro planed , lost control , went roadway struck ditch .",O,"[0.9999947547912598, 4.868407359026605e-06, 3.5093236760985747e-07]",O,"[0.9999992847442627, 7.002449251558573e-07, 1.81222592487984e-08]",O,"[1.0, 1.6689300537109375e-06, 1.1920928955078125e-07]"
1752,1752,195135135,unit #1 and #2 were traveling north on ir 71. unit #1 was traveling too fast for the weather conditions and hydro planed into unit #2.,20195135135,2019,O,7/1/2019 0:00,3,SMEDIR00071**C,S,MED,3.241,40.999731,-81.970472,83426,99999.0,7/11/2019 0:00,5,5,N,2.0,N,Y,1.0,12,0,,,,Y,3.241,SMEDIR00071**C,Y,1,52-0732-52,1,7,N,2,0,2,WESTFIELD TOWNSHIP,1,N,Y,N,6.0,Y,0.2,,N,,N,HARRISVILLE TOWNSHIP,N,,0,,,,71,IR,,205.0,N,,,205,2,,,,,N,Y,Y,0,0,N,1.0,0,2,1,,39492.0,N,205.245,72,Y,5,2,1,1,M,N,N,N,0,3,0,1,0,70,1,20,0,0,0,0,0,1,6,NT,4,60,59.0,1.0,2.0,1.0,1.0,M,,2.0,70.0,1.0,20.0,,,,,,1.0,6.0,NT,15.0,65.0,,,,,,,,,,,,,0,4,,unit1 traveling . unit1 traveling fast weather conditions hydro planed unit2 .,O,"[0.9999983310699463, 1.4955036249375553e-06, 1.197535794972282e-07]",O,"[0.9999692440032959, 3.004883910762146e-05, 7.66767925597378e-07]",O,"[1.0, 8.940696716308594e-07, 5.960464477539063e-08]"
1753,1753,195136245,"unit 1 was traveling northbound on interstate 75 near mile post 95. unit 1 hydro planed, lost control, ran off the left side of the roadway, struck the cable barrier, traveled back across both lanes, ran off the right side of the roadway, drove down an embankment, and stuck the tree line.",20195136245,2019,O,7/1/2019 0:00,7,SSHEIR00075**N,S,SHE,9.804,40.327597,-84.160015,28434,99769.0,7/16/2019 0:00,13,3,N,2.0,Y,Y,1.0,18,0,80600.0,,,Y,9.802,SSHEIR00075**C,N,1,55-0427-75,1,7,N,2,0,1,FRANKLIN TOWNSHIP,1,S,Y,N,4.0,Y,0.1,,Y,,N,FRANKLIN TOWNSHIP,N,,0,,,,75,IR,,95.0,N,,,95,2,,,,,N,N,Y,0,0,N,1.0,0,2,3,,42918.0,N,95.092,19,Y,5,2,1,1,F,N,N,N,0,2,33,1,0,70,1,9,33,8,45,48,0,1,6,NT,1,60,,,,,,,,,,,,,,,,,,,,,,,,,,,,,,,,,,0,4,,"unit1 traveling interstate near mile post . unit1 hydro planed , lost control , ran left side roadway , struck cable barrier , traveled back across lanes , ran side roadway , drove embankment , stuck tree line .",O,"[0.9999991655349731, 7.169484206315246e-07, 6.549930731125642e-08]",O,"[0.9999687671661377, 3.083515912294388e-05, 3.643154968813178e-07]",C,"[0.199951171875, 0.7939453125, 0.00655364990234375]"
1754,1754,195164775,"unit#1 was eastbound on ir 80 (ohio turnpike). unit#1 lost control on the wet pavement, hydro planed, drove off the left side of the roadway and struck the cement median barrier.",20195164775,2019,O,8/1/2019 0:00,4,SPORIR00080*KC,S,POR,11.989,41.243349,-81.163527,28742,99999.0,8/17/2019 0:00,13,7,N,2.0,Y,Y,1.0,16,0,,,,Y,11.989,SPORIR00080*KC,N,1,91-0456-67,31,8,N,6,0,1,FREEDOM TOWNSHIP,1,W,Y,N,6.0,N,0.3,,N,,N,FREEDOM TOWNSHIP,N,,0,,,,80,IR,K,198.0,N,,,198,2,,,,,N,N,Y,0,0,N,1.0,0,2,2,,118504.0,N,197.637,44,Y,5,4,3,1,M,N,N,N,0,3,35,1,0,70,1,9,35,0,0,0,0,1,6,NT,3,65,,,,,,,,,,,,,,,,,,,,,,,,,,,,,,,,,,0,4,,"unit1 . unit1 lost control wet pavement , hydro planed , drove left side roadway struck cement median barrier .",O,"[0.9715873003005981, 0.027614668011665344, 0.0007979830843396485]",O,"[0.99979168176651, 0.00020328692335169762, 5.010374025005149e-06]",O,"[1.0, 9.357929229736328e-06, 2.384185791015625e-07]"
1755,1755,196060345,unit #1 was traveling from east to west on w. sylvania ave. there was a large puddle of standing water on the roadway in front of 8210 w. sylvania ave. due to excessive rain. unit #1 drove across the standing water and began to hydro plane failing to maintain control and began to rotate in a counter clockwise direction leaving the south side of of the roadway. unit #1 came to a final resting place in the trees causing disabling damage. no further information.,20196060345,2019,O,4/1/2019 0:00,2,CLUCCR00005**N,C,LUC,7.092,41.6883,-83.742382,76025,87868.0,4/20/2019 0:00,17,7,N,,Y,N,4.0,10,0,,7ee8d462-48f3-480f-9b55-e20a08799495,d9711740-d54f-41f5-8566-dd9e07dfb106,N,7.097,CLUCCR00005**C,N,1,201900245,2,4,,2,0,1,SYLVANIA TOWNSHIP,1,,Y,N,2.0,N,0.0,,Y,8210,N,SYLVANIA TOWNSHIP,N,,0,,SYLVANIA,AV,,,,,N,,,,3,,,,,N,N,N,0,0,N,,0,2,1,,2656.0,N,7.092,19,Y,11,3,4,1,M,N,N,N,0,2,0,1,0,50,1,9,0,0,0,0,0,1,6,NT,3,45,,,,,,,,,,,,,,,,,,,,,,,,,,,,,,,,,,0,4,,unit1 traveling sylvania . large puddle standing water roadway front sylvania . due excessive rain . unit1 drove across standing water began hydro plane failing maintain control began rotate counter clockwise direction leaving side roadway . unit1 came final resting trees causing disabling damage . information .,O,"[0.9999996423721313, 3.4260307302247384e-07, 3.8585948658464986e-08]",O,"[0.9999890327453613, 1.092595630325377e-05, 2.1360229141009768e-08]",O,"[1.0, 0.0, 0.0]"
1756,1756,196087534,"unit 1 stated that he was traveling northbound on ir 280 when it began to rain heavily. unit 1 stated that he vehicle began to hydro plane and that he began to slide to the left and to the right. he stated that he began to regain control of his vehicle, but left the roadway near the guard rail at mile post 7.2. unit 1 stated that he missed the guard rail and continued off the roadway and into a ditch that runs alongside ir 280",20196087534,2019,O,5/1/2019 0:00,2,SLUCIR00280**C,S,LUC,0.566,41.626565,-83.47705,58730,87868.0,5/19/2019 0:00,13,1,N,2.0,Y,Y,1.0,15,0,,,,Y,0.566,SLUCIR00280**C,N,1,20190220,1,5,N,1,0,1,OREGON,1,,Y,N,4.0,Y,0.0,,N,,N,OREGON,N,,0,,,,280,IR,,7.2,N,,,7 2,2,,,,,N,N,N,0,0,N,1.0,0,2,4,,34959.0,N,7.199,55,Y,11,2,1,1,M,N,N,N,0,2,44,1,0,65,1,8,44,0,0,0,0,1,6,NT,1,45,,,,,,,,,,,,,,,,,,,,,,,,,,,,,,,,,,0,4,,"unit1 stated traveling began rain heavily . unit1 stated vehicle began hydro plane began slide left . stated began regain control vehicle , left roadway near guard rail mile post .. unit1 stated missed guard rail continued roadway ditch runs alongside",O,"[0.9999774694442749, 2.1663699953933246e-05, 8.424500492765219e-07]",O,"[0.999994158744812, 5.842452537763165e-06, 3.568665007946947e-08]",O,"[1.0, 9.918212890625e-05, 4.708766937255859e-06]"
1757,1757,196110262,"unit 1 was traveling southbound on ir 75 near the 14.6 mp in the center lane. according to unit 1, vehicles were driving close to the lane lines, and in order to move away from other vehicles, unit 1 attempted to merge into the right lane of travel. due to the heavy rain fall, unit 1 hydro planned while merging and lost control of the vehicle. unit 1 ran off the road way to the right, and then struck a utility pole head on with the front of unit 1.",20196110262,2019,C,6/1/2019 0:00,8,SHAMIR00075**N,S,HAM,14.419,39.258758,-84.441611,25802,16885.0,6/16/2019 0:00,13,1,N,2.0,Y,Y,1.0,2,0,,,,Y,14.609,SHAMIR00075**C,N,4,AA19-232,1,6,N,0,0,1,EVENDALE,1,,Y,N,6.0,Y,0.0,,N,,N,EVENDALE,N,,4,,,,75,IR,,14.6,N,,,14 6,2,,,,,N,N,Y,0,3,Y,1.0,1,2,2,,56742.0,N,14.419,28,Y,11,1,2,1,F,N,N,N,0,3,40,1,9,45,3,8,40,0,0,0,0,1,6,NT,1,50,,,,,,,,,,,,,,,,,,,,,,,,,,,,,,,,,,0,4,,"unit1 traveling near . mp center . according unit1 , vehicles driving close lines , order move away vehicles , unit1 attempted merge travel . due heavy rain fall , unit1 hydro planned merging lost control vehicle . unit1 ran , struck utility pole head front unit1 .",C,"[0.003590415697544813, 0.9707931280136108, 0.02561643160879612]",C,"[0.25456923246383667, 0.732795238494873, 0.012635516934096813]",O,"[0.97900390625, 0.0191650390625, 0.0015249252319335938]"
1758,1758,196113914,unit #1 was traveling southbound on taylor road towards contreras road. unit #1 hydro planed on running water in the roadway loosing control going left of center and down into a ditch about 20 feet off the roadway. the vehicle came to a rest in the ditch and was submerged in water. carstar was called to tow the vehicle out of the ditch at 7280 contreras road.,20196113914,2019,O,6/1/2019 0:00,8,CBUTCR00033**C,C,BUT,0.924,39.522943,-84.798129,59241,99999.0,6/17/2019 0:00,13,2,N,,N,N,5.0,19,0,,,,N,0.924,CBUTCR00033**C,N,1,19A-0230-06,2,6,,2,0,1,OXFORD TOWNSHIP,1,N,N,N,2.0,N,0.095,TR,N,,N,OXFORD TOWNSHIP,N,,0,,Taylor,RD,,,,,N,,,Contreras,1,,,,RD,N,N,Y,0,0,N,,0,2,1,,5590.0,N,0.924,31,Y,7,1,2,1,F,N,N,N,0,1,44,1,0,55,1,13,11,9,44,0,0,1,6,NT,6,60,,,,,,,,,,,,,,,,,,,,,,,,,,,,,,,,,,0,4,,unit1 traveling taylor towards contreras . unit1 hydro planed running water roadway loosing control going left center ditch feet roadway . vehicle came rest ditch submerged water . carstar called tow vehicle ditch contreras .,O,"[1.0, 5.866925434361292e-08, 1.6068034014438126e-08]",O,"[1.0, 8.011579843980599e-09, 1.9096597567158646e-11]",O,"[1.0, 0.0, 0.0]"
1759,1759,196154148,"unit #2 was traveling ir 90 e/b in the center lane near the 189.6 mile post. unit #1 was also traveling ir 90 e/b in the center lane. unit #1 hydro planed due to heavy rain and water, and moved in to the left lane, losing control of the vehicle. unit #1 sidewise unit #2 causing disabling damage.",20196154148,2019,O,8/1/2019 0:00,12,SLAKIR00090**C,S,LAK,3.59,41.604156,-81.435273,85512,17668.0,8/7/2019 0:00,5,4,N,2.0,N,Y,1.0,13,0,,,,Y,3.59,SLAKIR00090**C,N,1,19-007725,1,8,N,3,0,2,WILLOUGHBY HILLS,1,W,Y,N,10.0,Y,0.0,,Y,,N,WILLOUGHBY HILLS,N,,0,,,,90,IR,,189.6,N,,,189 6,2,,,,,N,N,N,0,0,N,1.0,0,2,1,,121788.0,N,189.642,21,Y,9,4,3,1,F,N,N,N,0,3,0,1,0,60,1,20,0,0,0,0,0,1,6,NT,1,45,35.0,1.0,4.0,3.0,1.0,F,,2.0,60.0,1.0,20.0,,,,,,1.0,6.0,NT,3.0,40.0,,,,,,,,,,,,,0,4,,"unit2 traveling center near . mile post . unit1 also traveling center . unit1 hydro planed due heavy rain water , moved left , losing control vehicle . unit1 sidewise unit2 causing disabling damage .",O,"[0.9999998807907104, 8.628996539528089e-08, 1.6614615461207904e-08]",O,"[0.9976517558097839, 0.0023173510562628508, 3.0869927286403254e-05]",O,"[1.0, 5.960464477539063e-08, 0.0]"
1760,1760,196160189,unit 1 was traveling north on waterville monclova road preparing to enter the traffic circle at dutch road. unit 1 lost control of the vehicle and struck the concrete lane divider with the left front tire before coming to rest in the traffic circle. the driver of unit 1 stated to me that he hydro planed due to the rainy conditions. no injuries were claimed to this officer.,20196160189,2019,O,8/1/2019 0:00,2,CLUCCR00133**C,C,LUC,2.528,41.521999,-83.732715,81872,87868.0,8/12/2019 0:00,13,2,N,,Y,N,5.0,20,0,,5b0b5052-a2c6-48fd-a10b-b15e353e85b4,dcf82858-0dd2-45eb-a32a-05101ef20894,N,2.528,CLUCCR00133**C,N,2,0028ACCPDA2019,2,8,,1,0,1,WATERVILLE TOWNSHIP,5,S,Y,Y,2.0,N,0.002,CR,N,,N,WATERVILLE TOWNSHIP,N,,0,,Waterville Monclova,RD,,,,,N,,,Dutch,1,,,,RD,N,N,Y,0,0,N,,0,2,1,,67986.0,N,2.528,47,Y,5,2,1,1,M,N,N,N,0,1,43,1,0,50,11,43,0,0,0,0,0,1,1,NT,1,20,,,,,,,,,,,,,,,,,,,,,,,,,,,,,,,,,,0,4,,unit1 traveling waterville monclova preparing enter traffic dutch . unit1 lost control vehicle struck concrete divider left front tire coming rest traffic . driver unit1 stated hydro planed due rainy conditions . injuries claimed officer .,O,"[1.0, 5.015386506102004e-08, 1.6232775124080945e-08]",O,"[0.9999997615814209, 1.7895163750836218e-07, 1.9160240061211198e-09]",O,"[1.0, 0.0, 0.0]"
1761,1761,196175335,unit 1 was traveling south on sr79 near john alford pkwy when it hydro planed out of control spinning in circles and striking chain link fence next to the roadway on sr79 and coming to a rest.,20196175335,2019,AB,8/1/2019 0:00,5,SLICSR00079**N,S,LIC,6.56,39.974483,-82.487888,34790,61705.0,8/17/2019 0:00,13,7,N,2.0,Y,N,3.0,14,0,,,,N,6.576,SLICSR00079**C,N,1,19-1712,4,8,N,0,1,1,HEBRON,1,,Y,N,4.0,N,0.0,,N,,N,HEBRON,N,,0,,,,79,SR,,,N,,,JOHN ALFORD,1,,,,PKWY,N,Y,N,0,0,N,3.0,0,2,1,,327955.0,N,6.56,66,Y,18,1,2,1,F,N,N,N,0,4,44,1,0,50,1,8,46,44,0,0,0,1,6,NT,1,50,,,,,,,,,,,,,,,,,,,,,,,,,,,,,,,,,,0,4,,unit1 traveling near john alford hydro planed control spinning circles striking chain link fence next roadway coming rest .,O,"[0.9999998807907104, 1.680656112057477e-07, 2.7887098852374947e-08]",O,"[0.9999998807907104, 6.196589197315916e-08, 2.2466520310793214e-10]",O,"[1.0, 4.172325134277344e-07, 5.960464477539063e-08]"