,id,OBJECTID,Narrative,DOCUMENT_NBR,CRASH_YR,CRASH_SEVERITY_CD,CRASH_MONTH_YEAR,DISTRICT_NBR,NLFID,NLF_JUR_CD,NLF_COUNTY_CD,COUNTY_LOG_NBR,ODOT_LATITUDE_NBR,ODOT_LONGITUDE_NBR,ODOT_FIPS_CD,AREA_CODE,CRASH_DATE,CRASH_TYPE_CD,DAY_IN_WEEK_CD,DISTRACTED_DRIVER_IND,FACILITY_TYPE_CD,FHWA_RDWY_DEPARTURE_IND,FREEWAY_IND,FUNCTIONAL_CLASS_CD,HOUR_OF_CRASH,INCAPAC_INJURIES_NBR,INTERCHANGE_ID,INTERSECTION_ID_CURRENT,INTERSECTION_LEG_ID,INTERSTATE_IND,INV_LOG_NBR,INV_NLFID,IS_COMMERCIAL_RELATED,LIGHT_COND_PRIMARY_CD,LOCAL_REPORT_NUMBER_ID,MAINTENANCE_AUTHORITY_CD,MONTH_OF_CRASH,NHS_CD,NO_INJURY_REPORTED_NBR,NON_INCAPAC_INJURIES_NBR,NUMBER_OF_UNITS_NBR,ODOT_CITY_VILLAGE_TWP_NME,ODOT_CRASH_LOCATION_CD,ODOT_DIR_FROM_REF_CD,ODOT_DIV_UNDIV_IND,ODOT_INTERSECTION_REL_IND,ODOT_LANES_NBR,ODOT_MAINTAINED_HWY_IND,ODOT_MILES_FROM_REF_NBR,ODOT_REF_ROUTE_PREFIX_CD,ODOT_YOUNG_DRIVER_IND,ODPS_ADDRESS_REFERENCE,ODPS_ALCOHOL_IND,ODPS_CITY_VILLAGE_TWP_NME,ODPS_DRUG_IND,ODPS_LOC_DIR_SUFFIX_CD,ODPS_LOC_IN_WORK_ZONE_CD,ODPS_LOC_ROAD_DIRECTION_CD,ODPS_LOC_ROAD_NME,ODPS_LOC_ROAD_SUFFIX_CD,ODPS_LOC_ROUTE_ID,ODPS_LOC_ROUTE_PREFIX_CD,ODPS_LOC_ROUTE_SUFFIX_CD,ODPS_MILEPOST_REFERENCE,ODPS_MOTORCYCLE_IND,ODPS_REF_DIR_SUFFIX_CD,ODPS_REF_DIRECTION_CD,ODPS_REF_GIVEN,ODPS_REF_POINT_USED_CD,ODPS_REF_ROUTE_ID,ODPS_REF_ROUTE_PREFIX_CD,ODPS_REF_ROUTE_SUFFIX_CD,ODPS_REF_SUFFIX_CD,ODPS_SCHOOL_ZONE_IND,ODPS_SENIOR_DRIVER_IND,ODPS_SPEED_IND,ODPS_TOTAL_FATALITIES_NBR,ODPS_TYPE_OF_WORK_ZONE_CD,ODPS_WORK_ZONE_IND,OPER_ACCESS_CONTROL_CD,POSSIBLE_INJURIES_NBR,ROAD_COND_PRIMARY_CD,ROAD_CONTOUR_CD,SA_RAMP_ID,SA_SEGMENT_ID,SECONDARY_CRASH,STATE_TRUE_LOG_NBR,U1_AGE_NBR,U1_AT_FAULT_IND,U1_CONT_CIR_PRIMARY_CD,U1_DIRECTION_FROM_CD,U1_DIRECTION_TO_CD,U1_DISTRACTED_BY_1_CD,U1_GENDER_CD,U1_IS_ALCOHOL_SUSPECTED,U1_IS_MARIJUANA_SUSPECTED,U1_IS_OTHER_DRUG_SUSPECTED,U1_NON_MOTORIST_LOC_CD,U1_NUMBER_OF_THRU_LANES,U1_OBJECT_STRUCK,U1_ODPS_UNIT_NBR,U1_OPERATINGIN_AUTONOMOUS_MODE,U1_POSTED_SPEED_NBR,U1_PRECRASH_ACTION_CD,U1_SEQ_OF_EVENTS_1_CD,U1_SEQ_OF_EVENTS_2_CD,U1_SEQ_OF_EVENTS_3_CD,U1_SEQ_OF_EVENTS_4_CD,U1_SEQ_OF_EVENTS_5_CD,U1_SEQ_OF_EVENTS_6_CD,U1_SPECIAL_FUNCTION_CD,U1_TRAFFIC_CONTROL_CD,U1_TURN_CD,U1_TYPE_OF_UNIT_CD,U1_UNIT_SPEED_NBR,U2_AGE_NBR,U2_CONT_CIR_PRIMARY_CD,U2_DIRECTION_FROM_CD,U2_DIRECTION_TO_CD,U2_DISTRACTED_BY_1_CD,U2_GENDER_CD,U2_NON_MOTORIST_LOC_CD,U2_ODPS_UNIT_NBR,U2_POSTED_SPEED_NBR,U2_PRECRASH_ACTION_CD,U2_SEQ_OF_EVENTS_1_CD,U2_SEQ_OF_EVENTS_2_CD,U2_SEQ_OF_EVENTS_3_CD,U2_SEQ_OF_EVENTS_4_CD,U2_SEQ_OF_EVENTS_5_CD,U2_SEQ_OF_EVENTS_6_CD,U2_SPECIAL_FUNCTION_CD,U2_TRAFFIC_CONTROL_CD,U2_TURN_CD,U2_TYPE_OF_UNIT_CD,U2_UNIT_SPEED_NBR,U3_CONT_CIR_PRIMARY_CD,U3_ODPS_UNIT_NBR,U3_PRECRASH_ACTION_CD,U3_SEQ_OF_EVENTS_1_CD,U3_SEQ_OF_EVENTS_2_CD,U3_SEQ_OF_EVENTS_3_CD,U3_SEQ_OF_EVENTS_4_CD,U3_SEQ_OF_EVENTS_5_CD,U3_SEQ_OF_EVENTS_6_CD,U3_SPECIAL_FUNCTION_CD,U3_TRAFFIC_CONTROL_CD,U3_TYPE_OF_UNIT_CD,UNRESTRAIN_OCCUPANTS,WEATHER_COND_CD,V1,clean_Narrative,BERT_predictions,BERT_prediction_probabilities,RoBERTa_predictions,RoBERTa_predictions_probabilities,distilBERT_predictions,distilBERT_predictions_probabilities
1762,1762,196225502,"unit 1 was s/b on i75 and lost control while hydro planning, sliding off the road to the left and striking the median cable.",20196225502,2019,O,10/1/2019 0:00,1,SALLIR00075**N,S,ALL,3.521,40.69895,-84.103815,61742,49852.0,10/26/2019 0:00,13,7,N,2.0,Y,Y,1.0,17,0,,,,Y,3.498,SALLIR00075**C,N,1,201951041,1,10,N,1,0,1,PERRY TOWNSHIP,1,S,Y,N,4.0,Y,0.095,,Y,,N,PERRY TOWNSHIP,N,,0,,,,75,IR,,122.0,N,,,122,2,,,,,N,N,Y,0,0,N,1.0,0,2,1,,81181.0,N,121.877,19,Y,5,1,2,1,M,N,N,N,0,2,33,1,0,70,1,9,33,0,0,0,0,1,6,NT,1,70,,,,,,,,,,,,,,,,,,,,,,,,,,,,,,,,,,0,4,,"unit1 lost control hydro planning , sliding left striking median cable .",O,"[0.9991663694381714, 0.000784167496021837, 4.941686347592622e-05]",O,"[0.9997555613517761, 0.0002365226246183738, 7.922231816337444e-06]",O,"[0.9921875, 0.0074005126953125, 0.00027823448181152344]"
1763,1763,196227940,"unit 1 and unit 2 were traveling southbound on st rt 315 near bethel rd. the driver of unit 1 stated she attempted to stop for slowing traffic, but her car began to hydro plane, causing the center front of unit 1 to strike the left rear of unit 2. the driver of unit 1 was issued a citation for assured clear distance ahead.",20196227940,2019,O,10/1/2019 0:00,6,SFRASR00315**N,S,FRA,8.59,40.063225,-83.031968,71787,19234.0,10/31/2019 0:00,2,5,N,2.0,N,Y,2.0,9,0,34600.0,,,N,8.594,SFRASR00315**C,N,1,10-19-141A,1,10,N,2,0,2,SHARON TOWNSHIP,1,N,Y,N,6.0,Y,0.002,,Y,,N,SHARON TOWNSHIP,N,,0,,STATE ROUTE 315 S,,315,SR,,,N,,,BETHEL,1,,,,RD,N,N,N,0,0,N,1.0,0,2,2,,179919.0,N,8.59,25,Y,8,1,2,1,F,N,N,N,0,3,0,1,0,65,1,20,0,0,0,0,0,1,6,NT,1,55,33.0,1.0,1.0,2.0,1.0,F,,2.0,65.0,11.0,20.0,,,,,,1.0,6.0,NT,1.0,50.0,,,,,,,,,,,,,0,4,,"unit1 unit2 traveling near bethel driver unit1 stated attempted stop slowing traffic , car began hydro plane , causing center front unit1 strike left rear unit2 . driver unit1 issued citation assured clear distance ahead .",O,"[0.999996542930603, 3.3383287245669635e-06, 1.6798492197267478e-07]",O,"[0.9999657869338989, 3.36399934894871e-05, 6.504424732156622e-07]",O,"[0.998046875, 0.0014600753784179688, 4.190206527709961e-05]"
1764,1764,196250488,"on 11-23-19, at 1148hrs, unit 1 was traveling southbound on layhigh rd, up the hill. the driver stated she hydro planed and the vehicle began spinning. the vehicle spun out across the road ending up in a ditch. there was damage to the front of the vehicle. the driver did not claim any injuries. she was cited for failure to control #361354. refitt's towed the vehicle.",20196250488,2019,O,11/1/2019 0:00,8,CBUTCR00042**C,C,BUT,5.926,39.351469,-84.68451,68616,99999.0,11/23/2019 0:00,13,7,N,,Y,N,6.0,11,0,,,,N,5.926,CBUTCR00042**C,N,1,19-052-11,2,11,,1,0,1,ROSS TOWNSHIP,1,,N,N,2.0,N,0.0,,Y,2730,N,ROSS TOWNSHIP,N,,0,,Layhigh,RD,,,,,N,,,2730TH,3,,,,,N,N,N,0,0,N,,0,2,2,,8603.0,N,5.926,17,Y,11,1,2,1,F,N,N,N,0,2,44,1,0,55,1,9,44,0,0,0,0,1,6,NT,1,45,,,,,,,,,,,,,,,,,,,,,,,,,,,,,,,,,,0,4,,", 1148hrs , unit1 traveling layhigh , hill . driver stated hydro planed vehicle began spinning . vehicle spun across ending ditch . damage front vehicle . driver claim injuries . cited failure control . refitt 's towed vehicle .",O,"[1.0, 4.8947590869374835e-08, 1.1842899994007894e-08]",O,"[1.0, 7.738774031318396e-12, 8.855391497397756e-15]",O,"[1.0, 2.1278858184814453e-05, 7.748603820800781e-07]"
1765,1765,203000424,"driver of unit 2 stated that he was stopped southbound on high st in the center turn lane when they were struck from behind by unit 1. driver of unit 1 stated that he was traveling southbound on high st in the second lane from the curb. driver of unit 1 stated he is unsure if he hydro planed or not, but he struck the rear of unit 2. driver of unit 1 was cited for acda and driving under suspension.",20203000424,2020,O,1/1/2020 0:00,6,SFRAUS00023**C,S,FRA,6.444,39.894218,-82.995548,18000,19234.0,1/3/2020 0:00,2,6,N,2.0,N,N,3.0,16,0,,d69410e2-4498-4c17-b93e-44daf2411c2a,624fbe11-b9d9-44da-9caa-1a00a9f49510,N,6.444,SFRAUS00023**C,N,1,200007496,4,1,N,3,0,2,COLUMBUS,1,S,N,N,4.0,N,0.006,MR,N,,N,COLUMBUS,N,,0,S,High,ST,,,,,N,,,Rumsey,1,,,,RD,N,N,N,0,0,N,3.0,0,2,1,,316153.0,N,84.764,34,Y,8,1,2,1,M,N,N,N,0,4,0,1,0,45,1,20,0,0,0,0,0,1,6,NT,1,45,50.0,1.0,1.0,2.0,1.0,M,,2.0,45.0,11.0,20.0,,,,,,1.0,6.0,NT,5.0,0.0,,,,,,,,,,,,,0,4,2301.0,"driver unit2 stated stopped high center turn struck behind unit1 . driver unit1 stated traveling high second curb . driver unit1 stated unsure hydro planed , struck rear unit2 . driver unit1 cited acda driving suspension .",O,"[0.9999990463256836, 7.916921163086954e-07, 7.003673374583741e-08]",O,"[0.5779925584793091, 0.4153135120868683, 0.006693962961435318]",O,"[1.0, 1.7881393432617188e-07, 0.0]"
1766,1766,203003625,"driver of unit 1 said she was n/b sr 315 n/o medical center dr in the center lane when she hydro planed causing her unit 1 to spin out. driver of unit 1 said as she was trying to regain control of her unit 1, she collided with unit 2 in the left lane. driver of unit 2 said she was n/b sr 315 n/o medical center dr in the left lane when she saw unit 1 spin out in the center lane. driver of unit 2 said she slowed down, but unit 1 spun into the front right corner of her unit 2. driver of unit 1 was cited for failure to control.",20203003625,2020,C,1/1/2020 0:00,6,SFRASR00315**C,S,FRA,3.459,39.995549,-83.024553,18000,19234.0,1/10/2020 0:00,5,6,N,2.0,N,Y,2.0,5,0,34100.0,,,N,3.459,SFRASR00315**C,N,3,200025355,4,1,N,1,0,2,COLUMBUS,1,N,Y,N,6.0,N,0.2,,Y,,N,COLUMBUS,N,,0,,STATE ROUTE 315 N,,315,SR,,,N,,,MEDICAL CENTER,1,,,,DR,N,N,Y,0,0,N,1.0,1,2,2,,329318.0,N,3.459,37,Y,99,2,1,1,F,N,N,N,0,3,0,1,2,55,1,13,20,0,0,0,0,1,6,NT,1,62,24.0,1.0,2.0,1.0,8.0,F,,2.0,55.0,11.0,13.0,20.0,,,,,1.0,6.0,NT,1.0,40.0,,,,,,,,,,,,,0,4,2463.0,"driver unit1 said n medical center center hydro planed causing unit1 spin . driver unit1 said trying regain control unit1 , collided unit2 left . driver unit2 said n medical center left saw unit1 spin center . driver unit2 said slowed , unit1 spun front corner unit2 . driver unit1 cited failure control .",C,"[8.5456260421779e-05, 0.9997712969779968, 0.00014329269470181316]",C,"[0.273555725812912, 0.6539677977561951, 0.07247643172740936]",C,"[0.004192352294921875, 0.994140625, 0.0015535354614257812]"
1767,1767,203014414,driver of unit 1 stated he hydro planed of the road and struck a sign at the double happy ice cream shop at 1280 brown rd. owner of shop one ryan troup was called and informed phone number 614 973-4144. unit 1 was impounded.,20203014414,2020,O,1/1/2020 0:00,6,CFRACR00142**C,C,FRA,0.984,39.930311,-83.038199,28280,19234.0,1/26/2020 0:00,13,1,N,,Y,N,4.0,9,0,,0f2478ba-111a-4259-8d73-0209ec5a2b00,f22340dc-8614-409e-a6d5-ba99d125d21d,N,0.984,CFRACR00142**C,N,1,33200016678-13,2,1,,1,0,1,FRANKLIN TOWNSHIP,1,E,N,N,2.0,N,0.002,TR,Y,,N,FRANKLIN TOWNSHIP,N,,0,,BROWN,RD,,,,,N,,,HOPKINS,1,,,,AVE,N,N,N,0,0,N,,0,2,1,,24667.0,N,0.984,25,Y,11,1,2,1,M,N,N,N,0,1,41,1,0,35,1,9,54,41,0,0,0,1,6,NT,1,0,,,,,,,,,,,,,,,,,,,,,,,,,,,,,,,,,,0,4,5202.0,driver unit1 stated hydro planed struck sign double happy ice cream shop brown owner shop one ryan troup called informed phone number . unit1 impounded .,O,"[1.0, 4.630315686426911e-08, 1.4985998220140573e-08]",O,"[1.0, 5.83182876989774e-11, 2.145381989464637e-14]",O,"[1.0, 0.0, 0.0]"
1768,1768,203018086,"driver of unit 1 stated he was on the n/b i 270 ramp to e. broad st. when unit 1 hydro planed, spun off the road, and struck the guard rail. no injuries were reported. unit 1 was towed.",20203018086,2020,O,1/1/2020 0:00,6,MFRAMR03652**C,M,FRA,0.065,40.130919,-82.922654,83342,19234.0,1/24/2020 0:00,13,6,N,,N,N,7.0,11,0,,,,N,0.065,MFRAMR03652**C,N,1,200064744,4,1,,1,0,1,WESTERVILLE,1,S,N,N,2.0,N,0.007,,N,,N,COLUMBUS,N,,0,,I 270 N,,270,IR,,,N,,E,BROAD,1,,,,ST,N,N,N,0,0,N,,0,2,4,,120727.0,N,0.065,37,Y,11,2,1,1,M,N,N,N,0,1,31,1,2,65,9,13,8,31,0,0,0,1,6,NT,1,0,,,,,,,,,,,,,,,,,,,,,,,,,,,,,,,,,,0,4,21410.0,"driver unit1 stated ramp broad unit1 hydro planed , spun , struck guard rail . injuries reported . unit1 towed .",O,"[1.0, 5.18623153311637e-08, 1.363624324568491e-08]",O,"[1.0, 3.500198464401194e-10, 1.853910633949768e-13]",O,"[1.0, 0.0, 0.0]"
1769,1769,203037417,unit #1 was eastbound on i-670 just east of cleveland ave. in the far left lane. driver #1 stated that the vehicle hydro planed and he lost control and the vehicle struck the concrete median retaining wall. driver #1 was not injured and no other property was damaged.,20203037417,2020,O,2/1/2020 0:00,6,SFRAIR00670**C,S,FRA,4.476,39.971699,-82.987488,18000,19234.0,2/26/2020 0:00,13,4,N,2.0,Y,Y,1.0,11,0,28200.0,,,Y,4.476,SFRAIR00670**C,N,1,200154649,1,2,N,1,0,1,COLUMBUS,1,E,Y,N,6.0,Y,0.076,,Y,,N,COLUMBUS,N,,0,,I 670 E,,670,IR,,,N,,,CLEVELAND,1,,,,AVE,N,N,N,0,0,N,1.0,0,2,4,,35198.0,N,4.476,19,Y,99,4,3,1,M,N,N,N,0,4,35,1,2,55,13,9,35,0,0,0,0,1,6,NT,1,55,,,,,,,,,,,,,,,,,,,,,,,,,,,,,,,,,,0,4,21864.0,unit1 cleveland . far left . driver stated vehicle hydro planed lost control vehicle struck concrete median retaining wall . driver injured property damaged .,O,"[0.9999998807907104, 9.922332111500509e-08, 2.0178060111675222e-08]",O,"[0.9999911785125732, 8.65082984091714e-06, 9.246451071476258e-08]",O,"[1.0, 0.0, 0.0]"
1770,1770,203048477,"unit 1 was traveling west on i-480. unit 1 stated he hydro planed and went off the road to the right. unit 1 went right across all 4 lanes, over a concrete curb and onto the grass where unit 1 struck the guard rail for the on ramp to i-480 west from warrensville center road.",20203048477,2020,O,3/1/2020 0:00,12,SCUYRA18293**C,S,CUY,0.006,41.42522,-81.539822,80990,17668.0,3/18/2020 0:00,13,4,N,4.0,Y,Y,1.0,20,0,20600.0,37c917cc-a1dd-466a-964f-c3a2940058b9,6da75517-07b2-471b-a989-c7b722d8e28e,Y,0.006,SCUYRA18293**C,N,3,20200805,1,3,,1,0,1,WARRENSVILLE HEIGHTS,1,W,N,N,,Y,0.038,CR,N,,N,WARRENSVILLE HEIGHTS,N,,0,,,,480,IR,,,N,,,WARRENSVILLE CENTER,1,,,,RD,N,N,Y,0,0,N,1.0,0,2,1,,,N,0.006,32,Y,5,3,4,1,M,N,N,N,0,4,30,1,2,60,1,30,0,0,0,0,0,1,6,NT,1,50,,,,,,,,,,,,,,,,,,,,,,,,,,,,,,,,,,0,4,9840.0,"unit1 traveling . unit1 stated hydro planed went . unit1 went across lanes , concrete curb onto grass unit1 struck guard rail ramp warrensville center .",O,"[0.9999986886978149, 1.1332990652590524e-06, 1.1248417308706848e-07]",C,"[0.3461494743824005, 0.6470849514007568, 0.006765620317310095]",O,"[0.76318359375, 0.2308349609375, 0.006496429443359375]"
1771,1771,203048723,unit 1 was traveling s/b on talmadge rd. in the curb lane when the driver drove through a puddle. the puddle caused unit 1 to hydro plane off the road to the right on carskaddon ave and struck a pole. unit 1 after striking the pole spun out on the grass and ended up facing towards talmadge.,20203048723,2020,O,3/1/2020 0:00,2,MLUCMR00852**N,M,LUC,0.377,41.684247,-83.644324,77000,87868.0,3/19/2020 0:00,13,5,N,,Y,N,7.0,19,0,,104708b2-8e6a-4baa-8105-45e4cd40f8cc,c1a2c0a3-ab54-4da3-b2f4-2c03281cb165,N,0.395,MLUCMR00852**C,N,2,2.00319E+13,4,3,,1,0,1,TOLEDO,1,,Y,Y,2.0,N,0.0,CR,N,,N,TOLEDO,N,,0,,CARSKADDON,AVE,,,,,N,,,TALMADGE,1,,,,RD,N,N,N,0,0,N,,0,2,1,,317134.0,N,0.377,52,Y,1,1,2,1,M,N,N,N,0,2,41,1,0,40,1,8,41,0,0,0,0,1,6,NT,1,0,,,,,,,,,,,,,,,,,,,,,,,,,,,,,,,,,,0,4,10465.0,unit1 traveling talmadge curb driver drove puddle . puddle caused unit1 hydro plane carskaddon struck pole . unit1 striking pole spun grass ended facing towards talmadge .,O,"[0.9999978542327881, 1.8931701788460487e-06, 1.9375988813408185e-07]",C,"[0.4381943345069885, 0.5563256740570068, 0.005479965824633837]",O,"[0.99609375, 0.0041046142578125, 4.774332046508789e-05]"
1772,1772,203049295,driver of unit #2 stated he was traveling northbound on i-270 in the middle lane approaching roberts rd when he observed unit #1 approaching him and attempted to pass him in the number 1 lane. driver of unit #2 stated driver of unit #1 had lost control and started to spin and struck his rear left wheel on the trailer. driver of unit #1 stated she was traveling northbound on i-270 approaching roberts rd in the fast lane when she started to hydro plane. driver of unit #1 stated she lost control of her vehicle and started to spin struck unit #2. no injuries were reported at scene. driver of unit #1 was cited for fail to control 2131.33a with a court date on 4-9-2020 at 9:00am. unit #1 was towed from scene.,20203049295,2020,O,3/1/2020 0:00,6,SFRAIR00270**C,S,FRA,10.037,39.995921,-83.118215,18000,19234.0,3/19/2020 0:00,5,5,N,2.0,N,Y,1.0,19,0,27900.0,,,Y,10.037,SFRAIR00270**C,Y,3,200216502,1,3,N,2,0,2,COLUMBUS,1,S,Y,N,8.0,Y,0.057,,Y,,N,COLUMBUS,N,,0,,I 270 E,,270,IR,,,N,,,ROBERTS,1,,,,RD,N,N,N,0,0,N,1.0,0,2,1,,81470.0,N,10.037,23,Y,99,2,1,1,F,N,N,N,0,3,0,1,0,65,1,20,0,0,0,0,0,1,6,NT,1,65,58.0,1.0,2.0,1.0,1.0,M,,2.0,65.0,1.0,20.0,,,,,,1.0,6.0,NT,15.0,65.0,,,,,,,,,,,,,0,4,11034.0,driver unit2 stated traveling middle approaching roberts observed unit1 approaching attempted pass number . driver unit2 stated driver unit1 lost control started spin struck rear left wheel trailer . driver unit1 stated traveling approaching roberts fast started hydro plane . driver unit1 stated lost control vehicle started spin struck unit2 . injuries reported scene . driver unit1 cited fail control .33a date : . unit1 towed scene .,O,"[0.9999998807907104, 7.709294891355967e-08, 2.2222003792649048e-08]",O,"[1.0, 6.279967657008001e-10, 8.568162455577233e-13]",O,"[1.0, 0.0, 0.0]"
1773,1773,203050831,"unit 1 was going e/b on w 33rd st at the intersection of broadway ave. unit 1 attempted to stop for the flashing traffic signal, but hydro planed due to the weather. unit 2 was n/b on broadway ave. unit 1 stuck unit 2 on the driver side rear.",20203050831,2020,O,3/1/2020 0:00,3,CLORCR00655**C,C,LOR,0.8,41.440479,-82.164202,44856,51364.0,3/18/2020 0:00,6,4,N,,N,N,5.0,18,0,,cdaee77b-2b50-4648-aec3-5c10795db5c4,213802e2-354c-40fe-a3ab-ecb83d1bd58a,N,0.8,CLORCR00655**C,N,1,2020-00009394,4,3,,3,0,2,LORAIN,2,,N,Y,2.0,N,0.0,CR,N,,N,LORAIN,N,,0,W,33RD,ST,,,,,N,,,Broadway,1,,,,AVE,N,N,N,0,0,N,,0,2,1,,52067.0,N,0.8,30,Y,99,4,3,1,M,N,N,N,0,2,0,1,0,25,1,20,0,0,0,0,0,1,3,NT,4,20,41.0,1.0,2.0,1.0,1.0,M,,2.0,35.0,1.0,20.0,,,,,,1.0,3.0,NT,1.0,30.0,,,,,,,,,,,,,0,4,12874.0,"unit1 going intersection broadway . unit1 attempted stop flashing traffic signal , hydro planed due weather . unit2 broadway . unit1 stuck unit2 driver side rear .",O,"[0.9990382194519043, 0.0009137805318459868, 4.8051311750896275e-05]",C,"[0.2731814682483673, 0.7106119990348816, 0.016206491738557816]",O,"[0.86865234375, 0.1298828125, 0.0019683837890625]"
1774,1774,203055418,"unit 1 was traveling southbound when unit 2 hydro planed and side swiped unit 1, causing unit 1 to also hydro plane and strike the center concrete wall. then the vehicle came to rest in the right shoulder of the roadway. with heavy front end damage. the driver of unit one was transported to the hospital for injures.",20203055418,2020,AB,3/1/2020 0:00,12,SCUYIR00077**N,S,CUY,9.956,41.417953,-81.643497,37240,17668.0,3/20/2020 0:00,13,6,N,2.0,Y,Y,1.0,8,0,,,,Y,9.958,SCUYIR00077**C,N,1,202000183,1,3,N,0,1,1,INDEPENDENCE,1,N,Y,N,6.0,Y,0.038,IR,N,,N,NEWBURGH HEIGHTS,N,,0,S,Interstate,HWY,77,IR,,157.0,N,,,157,2,,IR,,,N,N,N,0,0,N,1.0,0,2,1,,47025.0,N,157.098,0,Y,1,1,2,1,M,N,N,N,0,6,35,1,2,60,1,9,35,0,0,0,0,1,6,NT,1,60,,,,,,,,,,,,,,,,,,,,,,,,,,,,,,,,,,0,4,17679.0,"unit1 traveling unit2 hydro planed side swiped unit1 , causing unit1 also hydro plane strike center concrete wall . vehicle came rest shoulder roadway . heavy front end damage . driver unit1 transported hospital injures .",C,"[2.034220779023599e-05, 0.9995088577270508, 0.00047074101166799664]",AB,"[0.00035753045813180506, 0.09265605360269547, 0.9069863557815552]",C,"[0.002166748046875, 0.9951171875, 0.002773284912109375]"
1775,1775,203061367,unit 1 was traveling i-90 e/b when the driver stated his vehicle hit water and hydro planed. the vehicle then struck the center median before coming to final rest. the driver then fled the accident on foot and was apprehended a short time later. the driver was later arrested for ovi.,20203061367,2020,O,4/1/2020 0:00,12,SCUYIR00090**C,S,CUY,5.636,41.474546,-81.862987,68056,17668.0,4/7/2020 0:00,13,3,N,2.0,Y,Y,1.0,23,0,,be4fca60-7caa-4658-8371-9170b507f028,8a61fd67-5264-40cd-aff8-3699882780a0,Y,5.636,SCUYIR00090**C,N,3,202000412,1,4,N,1,0,1,ROCKY RIVER,1,W,Y,N,6.0,Y,0.014,,N,,N,ROCKY RIVER,N,,0,,,,90,IR,,161.6,N,,,161 6,2,,,,,N,N,Y,0,0,N,1.0,0,2,1,,34756.0,N,161.455,26,Y,5,4,3,1,M,N,N,N,0,3,35,1,2,60,1,35,0,0,0,0,0,1,6,NT,1,55,,,,,,,,,,,,,,,,,,,,,,,,,,,,,,,,,,0,4,10537.0,unit1 traveling driver stated vehicle hit water hydro planed . vehicle struck center median coming final rest . driver fled accident foot apprehended short time later . driver later arrested ovi .,O,"[0.9990108013153076, 0.0009414199739694595, 4.779957816936076e-05]",O,"[0.8894525170326233, 0.11033404618501663, 0.00021343589469324797]",C,"[0.2232666015625, 0.77587890625, 0.0013113021850585938]"
1776,1776,203061368,"unit 1 was traveling w/b on i-90 in a heavy rainfall. unit 1 hit a high level of water in the roadway, causing the driver to lose control of the vehicle. the vehicle hydro planed into the center median and crossed back into the slow speed berm, striking the guard rail. no injuries reported.",20203061368,2020,O,4/1/2020 0:00,12,SCUYIR00090**N,S,CUY,5.719,41.474114,-81.861552,68056,17668.0,4/7/2020 0:00,13,3,N,2.0,Y,Y,1.0,23,0,,7449e34e-c955-44f3-b92e-b35ce350be04,99e18d76-7396-4cc4-b269-e0d368fd59c7,Y,5.708,SCUYIR00090**C,N,3,202000413,1,4,N,1,0,1,ROCKY RIVER,1,W,Y,N,6.0,Y,0.019,,N,,N,ROCKY RIVER,N,,0,,,,90,IR,,161.6,N,,,161 6,2,,,,,N,N,N,0,0,N,1.0,0,2,1,,34756.0,N,161.538,34,Y,1,3,4,1,M,N,N,N,0,3,35,1,2,60,1,35,30,0,0,0,0,1,6,NT,1,55,,,,,,,,,,,,,,,,,,,,,,,,,,,,,,,,,,0,4,10538.0,"unit1 traveling heavy rainfall . unit1 hit high level water roadway , causing driver lose control vehicle . vehicle hydro planed center median crossed back slow speed berm , striking guard rail . injuries reported .",O,"[0.9999997615814209, 1.9917060001262143e-07, 3.235188117400867e-08]",O,"[1.0, 2.603375015564069e-10, 1.5532930844330828e-13]",O,"[1.0, 0.0, 0.0]"
1777,1777,203064928,unit #1 was northbound on sr 315 crossing over henderson rd. unit #1 hit standing water and hydro planed. unit #1 lost control and struck the guard rail on the right side of the road. cfd medic 19 responded and checked driver #1 but no transport was made. driver #1 was cited for failure to control.,20203064928,2020,C,4/1/2020 0:00,6,SFRASR00315**C,S,FRA,7.929,40.053819,-83.031796,18000,19234.0,4/5/2020 0:00,13,1,N,2.0,Y,Y,2.0,7,0,34500.0,50f9438c-1344-453c-b4b0-86b8a9b4bf2d,26fcb685-7d76-44f7-81eb-c59d0ae04ba5,N,7.929,SFRASR00315**C,N,2,200255452,4,4,N,0,0,1,COLUMBUS,1,N,Y,N,6.0,N,0.114,RA,Y,,N,COLUMBUS,N,,0,,STATE ROUTE 315 N,,315,SR,,,N,,,HENDERSON,1,,,,RD,N,N,N,0,0,N,1.0,1,2,4,,161208.0,N,7.929,19,Y,99,2,1,1,M,N,N,N,0,3,30,1,2,65,1,8,30,0,0,0,0,1,6,NT,1,60,,,,,,,,,,,,,,,,,,,,,,,,,,,,,,,,,,0,4,22682.0,unit1 crossing henderson unit1 hit standing water hydro planed . unit1 lost control struck guard rail side . cfd medic responded checked driver transport made . driver cited failure control .,C,"[4.632247055269545e-06, 0.9999946355819702, 7.706229894210992e-07]",C,"[0.000873358512762934, 0.9991266131401062, 5.4532215187919064e-08]",C,"[1.806020736694336e-05, 1.0, 2.384185791015625e-07]"