,id,OBJECTID,Narrative,DOCUMENT_NBR,CRASH_YR,CRASH_SEVERITY_CD,CRASH_MONTH_YEAR,DISTRICT_NBR,NLFID,NLF_JUR_CD,NLF_COUNTY_CD,COUNTY_LOG_NBR,ODOT_LATITUDE_NBR,ODOT_LONGITUDE_NBR,ODOT_FIPS_CD,AREA_CODE,CRASH_DATE,CRASH_TYPE_CD,DAY_IN_WEEK_CD,DISTRACTED_DRIVER_IND,FACILITY_TYPE_CD,FHWA_RDWY_DEPARTURE_IND,FREEWAY_IND,FUNCTIONAL_CLASS_CD,HOUR_OF_CRASH,INCAPAC_INJURIES_NBR,INTERCHANGE_ID,INTERSECTION_ID_CURRENT,INTERSECTION_LEG_ID,INTERSTATE_IND,INV_LOG_NBR,INV_NLFID,IS_COMMERCIAL_RELATED,LIGHT_COND_PRIMARY_CD,LOCAL_REPORT_NUMBER_ID,MAINTENANCE_AUTHORITY_CD,MONTH_OF_CRASH,NHS_CD,NO_INJURY_REPORTED_NBR,NON_INCAPAC_INJURIES_NBR,NUMBER_OF_UNITS_NBR,ODOT_CITY_VILLAGE_TWP_NME,ODOT_CRASH_LOCATION_CD,ODOT_DIR_FROM_REF_CD,ODOT_DIV_UNDIV_IND,ODOT_INTERSECTION_REL_IND,ODOT_LANES_NBR,ODOT_MAINTAINED_HWY_IND,ODOT_MILES_FROM_REF_NBR,ODOT_REF_ROUTE_PREFIX_CD,ODOT_YOUNG_DRIVER_IND,ODPS_ADDRESS_REFERENCE,ODPS_ALCOHOL_IND,ODPS_CITY_VILLAGE_TWP_NME,ODPS_DRUG_IND,ODPS_LOC_DIR_SUFFIX_CD,ODPS_LOC_IN_WORK_ZONE_CD,ODPS_LOC_ROAD_DIRECTION_CD,ODPS_LOC_ROAD_NME,ODPS_LOC_ROAD_SUFFIX_CD,ODPS_LOC_ROUTE_ID,ODPS_LOC_ROUTE_PREFIX_CD,ODPS_LOC_ROUTE_SUFFIX_CD,ODPS_MILEPOST_REFERENCE,ODPS_MOTORCYCLE_IND,ODPS_REF_DIR_SUFFIX_CD,ODPS_REF_DIRECTION_CD,ODPS_REF_GIVEN,ODPS_REF_POINT_USED_CD,ODPS_REF_ROUTE_ID,ODPS_REF_ROUTE_PREFIX_CD,ODPS_REF_ROUTE_SUFFIX_CD,ODPS_REF_SUFFIX_CD,ODPS_SCHOOL_ZONE_IND,ODPS_SENIOR_DRIVER_IND,ODPS_SPEED_IND,ODPS_TOTAL_FATALITIES_NBR,ODPS_TYPE_OF_WORK_ZONE_CD,ODPS_WORK_ZONE_IND,OPER_ACCESS_CONTROL_CD,POSSIBLE_INJURIES_NBR,ROAD_COND_PRIMARY_CD,ROAD_CONTOUR_CD,SA_RAMP_ID,SA_SEGMENT_ID,SECONDARY_CRASH,STATE_TRUE_LOG_NBR,U1_AGE_NBR,U1_AT_FAULT_IND,U1_CONT_CIR_PRIMARY_CD,U1_DIRECTION_FROM_CD,U1_DIRECTION_TO_CD,U1_DISTRACTED_BY_1_CD,U1_GENDER_CD,U1_IS_ALCOHOL_SUSPECTED,U1_IS_MARIJUANA_SUSPECTED,U1_IS_OTHER_DRUG_SUSPECTED,U1_NON_MOTORIST_LOC_CD,U1_NUMBER_OF_THRU_LANES,U1_OBJECT_STRUCK,U1_ODPS_UNIT_NBR,U1_OPERATINGIN_AUTONOMOUS_MODE,U1_POSTED_SPEED_NBR,U1_PRECRASH_ACTION_CD,U1_SEQ_OF_EVENTS_1_CD,U1_SEQ_OF_EVENTS_2_CD,U1_SEQ_OF_EVENTS_3_CD,U1_SEQ_OF_EVENTS_4_CD,U1_SEQ_OF_EVENTS_5_CD,U1_SEQ_OF_EVENTS_6_CD,U1_SPECIAL_FUNCTION_CD,U1_TRAFFIC_CONTROL_CD,U1_TURN_CD,U1_TYPE_OF_UNIT_CD,U1_UNIT_SPEED_NBR,U2_AGE_NBR,U2_CONT_CIR_PRIMARY_CD,U2_DIRECTION_FROM_CD,U2_DIRECTION_TO_CD,U2_DISTRACTED_BY_1_CD,U2_GENDER_CD,U2_NON_MOTORIST_LOC_CD,U2_ODPS_UNIT_NBR,U2_POSTED_SPEED_NBR,U2_PRECRASH_ACTION_CD,U2_SEQ_OF_EVENTS_1_CD,U2_SEQ_OF_EVENTS_2_CD,U2_SEQ_OF_EVENTS_3_CD,U2_SEQ_OF_EVENTS_4_CD,U2_SEQ_OF_EVENTS_5_CD,U2_SEQ_OF_EVENTS_6_CD,U2_SPECIAL_FUNCTION_CD,U2_TRAFFIC_CONTROL_CD,U2_TURN_CD,U2_TYPE_OF_UNIT_CD,U2_UNIT_SPEED_NBR,U3_CONT_CIR_PRIMARY_CD,U3_ODPS_UNIT_NBR,U3_PRECRASH_ACTION_CD,U3_SEQ_OF_EVENTS_1_CD,U3_SEQ_OF_EVENTS_2_CD,U3_SEQ_OF_EVENTS_3_CD,U3_SEQ_OF_EVENTS_4_CD,U3_SEQ_OF_EVENTS_5_CD,U3_SEQ_OF_EVENTS_6_CD,U3_SPECIAL_FUNCTION_CD,U3_TRAFFIC_CONTROL_CD,U3_TYPE_OF_UNIT_CD,UNRESTRAIN_OCCUPANTS,WEATHER_COND_CD,V1,clean_Narrative,BERT_predictions,BERT_prediction_probabilities,RoBERTa_predictions,RoBERTa_predictions_probabilities,distilBERT_predictions,distilBERT_predictions_probabilities
1778,1778,203071231,unit #1 was southbound on the ramp from i-71 south to go west on i-670. driver #1 stated that he lost control and hydro planed into the guard rail on the left side of the roadway. the guard rail was damaged. no injuries were reported. driver #1 was cited for failure to control.,20203071231,2020,O,4/1/2020 0:00,6,SFRARA25487**C,S,FRA,0.291,39.979714,-82.98731,18000,19234.0,4/26/2020 0:00,13,1,N,4.0,Y,Y,2.0,10,0,28200.0,1be626a7-1d3f-4b5e-aa2c-7f723f67c8d5,fb8eae8c-e484-4b63-b726-16a8b7278087,N,0.291,SFRARA25487**C,N,1,200302196,1,4,,1,0,1,COLUMBUS,7,N,N,N,,Y,0.095,RA,Y,,N,COLUMBUS,N,,0,,,,71,IR,,,N,,,,1,670,IR,,,N,N,N,0,0,N,1.0,0,2,4,,,N,0.291,18,Y,99,1,4,1,M,N,N,N,0,2,30,1,2,55,13,9,30,0,0,0,0,1,6,RT,1,45,,,,,,,,,,,,,,,,,,,,,,,,,,,,,,,,,,0,4,27085.0,unit1 ramp go i. driver stated lost control hydro planed guard rail left side roadway . guard rail damaged . injuries reported . driver cited failure control .,O,"[1.0, 5.828123406104169e-08, 1.354184586688234e-08]",O,"[1.0, 1.2536192917078637e-10, 5.3861602000325123e-14]",O,"[1.0, 0.0, 0.0]"
1779,1779,203074891,unit #1 was traveling in the far left lane of 480 west. unit #1 hit a puddle of standing water and began to hydro plane. unit #1 struck the media wall and the vehicle spun out of control. unit #1 had heavy front end damage and damage to the rear passenger side bumper. no reported injuries at the scene.,20203074891,2020,O,5/1/2020 0:00,12,SCUYIR00480**C,S,CUY,23.88,41.424746,-81.537471,80990,17668.0,5/14/2020 0:00,13,5,N,2.0,Y,Y,1.0,19,0,20600.0,,,Y,23.88,SCUYIR00480**C,N,1,20201202,1,5,N,1,0,1,WARRENSVILLE HEIGHTS,1,W,Y,N,7.0,Y,0.01,,N,,N,WARRENSVILLE HEIGHTS,N,,0,,,,480,IR,,,N,,,Warrensville Center,1,,,,RD,N,N,Y,0,0,N,1.0,0,2,3,,54083.0,N,26.184,56,Y,5,3,4,1,M,N,N,N,0,4,35,1,2,60,1,9,35,0,0,0,0,1,6,NT,3,60,,,,,,,,,,,,,,,,,,,,,,,,,,,,,,,,,,0,4,3377.0,unit1 traveling far left . unit1 hit puddle standing water began hydro plane . unit1 struck media wall vehicle spun control . unit1 heavy front end damage damage rear passenger side bumper . reported injuries scene .,O,"[0.9999998807907104, 1.038135337694257e-07, 2.3252992420452756e-08]",O,"[1.0, 7.581818506352533e-11, 5.6781324569510697e-14]",O,"[1.0, 5.960464477539063e-08, 0.0]"
1780,1780,203075532,"unit #1 and unit #2 were both southbound on ir 71 just south of e. hudson st. driver #1 stated she hydro planed on the wet road surface, spinning to the right, striking unit #2, then going back to the left, off the left side of the roadway and striking the median concrete barrier. driver #1 was treated at scene by columbus fire department medic #18 for minor injuries. no transport was made. no other injuries were reported. driver #1 was cited for failure to control, ctc 2131.33a.",20203075532,2020,C,5/1/2020 0:00,6,SFRAIR00071**C,S,FRA,20.918,40.011087,-82.989977,18000,19234.0,5/14/2020 0:00,5,5,N,2.0,N,Y,1.0,18,0,,,,Y,20.918,SFRAIR00071**C,Y,1,200345844,1,5,N,1,0,2,COLUMBUS,1,S,Y,N,6.0,Y,0.2,,N,,N,COLUMBUS,N,,0,,I 71 S,,71,IR,,,N,,E,HUDSON,1,,,,ST,N,N,Y,0,0,N,1.0,1,2,4,,39473.0,N,111.962,39,Y,5,1,2,1,F,N,N,N,0,3,35,1,0,65,1,20,9,35,0,0,0,1,6,NT,3,64,44.0,1.0,1.0,2.0,1.0,M,,2.0,65.0,1.0,20.0,,,,,,1.0,6.0,NT,15.0,65.0,,,,,,,,,,,,,0,4,3660.0,"unit1 unit2 hudson driver stated hydro planed wet surface , spinning , striking unit2 , going back left , left side roadway striking median concrete barrier . driver treated scene columbus fire department medic minor injuries . transport made . injuries reported . driver cited failure control , ctc .33a .",C,"[4.202028662803059e-07, 0.9999994039535522, 1.4816039595189068e-07]",C,"[3.243779246986378e-06, 0.9999967813491821, 1.5675393427727613e-08]",C,"[3.3974647521972656e-06, 1.0, 1.7881393432617188e-07]"
1781,1781,203076106,unit 1 and unit 2 were traveling west on i-480. unit 1 slowed due to an accident and traffic ahead. unit 2 attempted to slow down and hydro planed and rear ended unit 2. unit 2 stated a 3rd unit struck her unit and left the area after unit 2 struck unit 1.,20203076106,2020,AB,5/1/2020 0:00,12,CCUYCR00014**C,C,CUY,0.13,41.426129,-81.517039,80990,17668.0,5/15/2020 0:00,2,6,N,,N,N,4.0,19,1,,348f55fa-1ed5-446a-a873-2a01ad2a8078,0b34ff15-57e9-48a7-8f83-0658d8a9dc3a,N,0.13,CCUYCR00014**C,N,1,20201212,4,5,,2,1,3,WARRENSVILLE HEIGHTS,1,,N,N,2.0,N,0.0,MR,Y,,N,WARRENSVILLE HEIGHTS,N,,0,,I 480 E,,480,IR,,,N,,,MILES,1,,,,RD,N,N,N,0,0,N,,0,2,1,,3938.0,N,0.13,19,Y,8,3,4,1,F,N,N,N,0,4,0,2,2,60,1,20,0,0,0,0,0,1,6,NT,1,45,20.0,1.0,3.0,4.0,1.0,F,,1.0,60.0,11.0,20.0,,,,,,1.0,6.0,NT,1.0,20.0,8.0,3.0,1.0,20.0,,,,,,99.0,6.0,1.0,0,4,4056.0,unit1 unit2 traveling . unit1 slowed due accident traffic ahead . unit2 attempted slow hydro planed rear ended unit2 . unit2 stated unit struck unit left area unit2 struck unit1 .,O,"[0.9999971389770508, 2.5766598810150754e-06, 1.988102837913175e-07]",O,"[0.9705735445022583, 0.028831930831074715, 0.0005944622098468244]",O,"[0.97314453125, 0.0255889892578125, 0.0010051727294921875]"
1782,1782,203077617,unit one was driving westbound on 480 before miles. unit one hydro planed due to standing water. unit one lost control and struck the left guardrail causing damage to her vehicle.,20203077617,2020,O,5/1/2020 0:00,12,SCUYIR00480*NC,S,CUY,1.16,41.426681,-81.514903,80990,17668.0,5/15/2020 0:00,13,6,N,2.0,Y,Y,1.0,18,0,,,,Y,1.16,SCUYIR00480*NC,N,1,20201232,1,5,N,1,0,1,WARRENSVILLE HEIGHTS,1,E,Y,N,6.0,Y,0.057,,N,,N,WARRENSVILLE HEIGHTS,N,,0,,I 480 W,,480,IR,,,N,,,MILES,1,,,,RD,N,N,Y,0,0,N,1.0,0,6,1,,128890.0,N,1.16,28,Y,5,3,4,1,F,N,N,N,0,4,30,1,2,60,1,9,30,0,0,0,0,1,6,NT,1,60,,,,,,,,,,,,,,,,,,,,,,,,,,,,,,,,,,0,4,6291.0,unit1 driving miles . unit1 hydro planed due standing water . unit1 lost control struck left guardrail causing damage vehicle .,O,"[0.9999998807907104, 1.4718997931595368e-07, 2.491163542117647e-08]",O,"[1.0, 3.884239152540658e-09, 9.400476924659174e-12]",O,"[1.0, 0.00011962652206420898, 7.271766662597656e-06]"
1783,1783,203078125,unit 1 and unit 2 were traveling west on 480. unit 1 was stopped to check on disabled vehicle and unit 2 hydro planed and struck unit 1.,20203078125,2020,AB,5/1/2020 0:00,12,SCUYIR00480**C,S,CUY,23.78,41.424735,-81.539394,80990,17668.0,5/15/2020 0:00,5,6,N,2.0,N,Y,1.0,18,1,20600.0,,,Y,23.78,SCUYIR00480**C,N,1,20201211,1,5,N,0,1,2,WARRENSVILLE HEIGHTS,1,,Y,N,7.0,Y,0.0,,Y,,N,WARRENSVILLE HEIGHTS,N,,0,,I 480 E,,480,IR,,,N,,,MILES,1,,,,RD,N,N,N,0,0,N,1.0,0,2,1,,54083.0,N,26.084,24,Y,99,3,4,1,F,N,N,N,0,4,0,2,2,60,1,20,0,0,0,0,0,1,6,NT,1,55,27.0,1.0,3.0,4.0,1.0,M,,1.0,60.0,11.0,20.0,,,,,,1.0,6.0,NT,4.0,,,,,,,,,,,,,,0,4,7108.0,unit1 unit2 traveling . unit1 stopped check disabled vehicle unit2 hydro planed struck unit1 .,O,"[0.9997313618659973, 0.0002600024454295635, 8.536353561794385e-06]",O,"[0.9999980926513672, 1.8894442064265604e-06, 1.2474761668102019e-08]",O,"[0.9990234375, 0.00046515464782714844, 3.063678741455078e-05]"
1784,1784,203078186,unit 1 was traveling w/b when the vehicle hit a pool of water. the vehicle began to hydro plane and the driver lost control. the vehicle crossed all lanes of the highway before striking the concrete barrier on the shoulder.,20203078186,2020,O,5/1/2020 0:00,12,SCUYIR00090**N,S,CUY,7.699,41.47198,-81.823956,41664,17668.0,5/18/2020 0:00,13,2,N,2.0,Y,Y,1.0,19,0,,,,Y,7.693,SCUYIR00090**C,N,1,202000527,1,5,N,1,0,1,LAKEWOOD,1,W,Y,N,8.0,Y,1.0,,Y,,N,ROCKY RIVER,N,,0,,I 90 W,,90,IR,,,N,,,HILLIARD,1,,,,BLVD,N,N,Y,0,0,N,1.0,0,2,1,,47200.0,N,163.518,24,Y,5,3,4,1,M,N,N,N,0,3,35,1,2,60,1,8,35,0,0,0,0,1,6,NT,1,65,,,,,,,,,,,,,,,,,,,,,,,,,,,,,,,,,,0,4,7273.0,unit1 traveling vehicle hit pool water . vehicle began hydro plane driver lost control . vehicle crossed lanes striking concrete barrier shoulder .,O,"[0.9987996816635132, 0.0011197803542017937, 8.049157622735947e-05]",O,"[0.566662073135376, 0.4146701991558075, 0.01866770349442959]",O,"[0.505859375, 0.483154296875, 0.0109100341796875]"
1785,1785,203078307,the driver stated that she hydro planed while coming around the curve which caused her to lose control and strike the barrier rail.,20203078307,2020,O,5/1/2020 0:00,4,SSUMIR00076**N,S,SUM,10.562,41.062516,-81.523369,1000,766.0,5/19/2020 0:00,13,3,N,2.0,Y,Y,1.0,12,0,,,,Y,10.59,SSUMIR00076**C,N,1,T20058842,1,5,N,1,0,1,AKRON,1,,Y,N,8.0,Y,0.0,,Y,,N,AKRON,N,,0,,,,76,IR,,22.0,N,,,,2,,,,,N,N,N,0,0,N,1.0,0,1,4,,56798.0,N,22.71,19,Y,99,2,1,1,F,N,N,N,0,1,36,1,9,55,1,36,0,0,0,0,0,1,6,NT,1,0,,,,,,,,,,,,,,,,,,,,,,,,,,,,,,,,,,0,2,7358.0,driver stated hydro planed coming around curve caused lose control strike barrier rail .,O,"[0.9999949932098389, 4.725608050648589e-06, 2.6940870156977326e-07]",O,"[0.9667786955833435, 0.03154091164469719, 0.0016804340993985534]",O,"[1.0, 1.7881393432617188e-06, 5.960464477539063e-08]"
1786,1786,203082860,"the driver of unit #1 stated he was traveling eastbound on west broad st near lechner ave when his vehicle hydro planed in some standing water. the driver of unit #1 lost control of the vehicle, crossed all lanes of travel and struck an electric utility pole on the north side of the roadway. city of columbus electric crews responded to scene and replaced the damaged pole. unit #1 was towed to the city of columbus impound lot. the driver of unit #1 was issued a citation for driving without a license.",20203082860,2020,O,5/1/2020 0:00,6,SFRAUS00040**C,S,FRA,9.827,39.956114,-83.051625,18000,19234.0,5/18/2020 0:00,13,2,N,2.0,Y,N,3.0,23,0,,,,N,9.827,SFRAUS00040**C,N,3,200357143,4,5,N,1,0,1,COLUMBUS,1,E,N,N,4.0,N,0.057,MR,Y,,N,COLUMBUS,N,,0,W,BROAD,ST,,,,,N,,,LECHNER,1,,,,AVE,N,N,N,0,0,N,3.0,0,2,2,,285468.0,N,97.67,23,Y,11,4,3,1,M,N,N,N,0,4,40,1,0,40,1,9,40,0,0,0,0,1,6,NT,1,40,,,,,,,,,,,,,,,,,,,,,,,,,,,,,,,,,,0,4,14731.0,"driver unit1 stated traveling broad near lechner vehicle hydro planed standing water . driver unit1 lost control vehicle , crossed lanes travel struck electric utility pole side roadway . city columbus electric crews responded scene replaced damaged pole . unit1 towed city columbus impound lot . driver unit1 issued citation driving without license .",O,"[0.9999996423721313, 3.9539449403491744e-07, 4.173003276264353e-08]",O,"[0.9999998807907104, 5.96701568156277e-08, 6.782532174787193e-11]",O,"[1.0, 6.556510925292969e-07, 5.960464477539063e-08]"
1787,1787,203082895,"unit 1 was traveling on ir77n in the left lane. the operator of unit 1 stated the vehicle hydro planed due to the wet road, and the vehicle ran off the road left and struck the concrete median. the operator of unit 1 could not gain control and unit 1 slid back into the lanes of travel. unit 2 was in the far right lane when unit 1 slid in front of unit 2. the front end of unit 2 struck the right side of unit 1. unit 1 then traveled into the right shoulder, coming to rest after the right side of unit 1 struck the right wall.",20203082895,2020,O,5/1/2020 0:00,12,SCUYIR00077**C,S,CUY,9.711,41.414294,-81.643399,37240,17668.0,5/29/2020 0:00,5,6,N,2.0,Y,Y,1.0,14,0,,,,Y,9.711,SCUYIR00077**C,N,1,20200354,1,5,N,3,0,2,INDEPENDENCE,1,,Y,N,6.0,Y,0.0,,Y,,N,INDEPENDENCE,N,,0,,,,77,IR,,156.8,N,,,156 8,2,,,,,N,N,N,0,0,N,1.0,0,2,4,,56808.0,N,156.853,30,Y,99,2,1,1,M,N,N,N,0,4,51,1,2,60,1,9,35,20,8,51,0,1,6,NT,3,60,23.0,1.0,2.0,1.0,1.0,M,,2.0,60.0,1.0,20.0,,,,,,1.0,6.0,NT,1.0,50.0,,,,,,,,,,,,,0,4,14772.0,"unit1 traveling ir77n left . operator unit1 stated vehicle hydro planed due wet , vehicle ran left struck concrete median . operator unit1 could gain control unit1 slid back lanes travel . unit2 far unit1 slid front unit2 . front end unit2 struck side unit1 . unit1 traveled shoulder , coming rest side unit1 struck wall .",C,"[0.007582314778119326, 0.9499340057373047, 0.04248368740081787]",C,"[0.07549622654914856, 0.9211543202400208, 0.0033493852242827415]",C,"[0.069580078125, 0.9091796875, 0.0209197998046875]"
1788,1788,203092730,"unit 1, unit 2, and unit 3 were traveling eastbound on i-475 in the rain storm. unit 1 hit a puddle, lost control of his vehicle, and struck the center median. unit 1 bounced off the wall and hydro planned to the right. unit 1 tried to correct his vehicle and struck unit 2. unit 2 spun out and struck unit 3 in the rear passenger bumper.unit 1 stated he hit a puddle, lost control, and hit the wall. unit 1 stated his vehicle pulled the opposite direction and tried to correct it, when he hit unit 2. unit 2 stated he saw unit 1 hit the wall and bounce off. unit 2 stated he knew that he was getting ready to get hit. unit 2 stated he was hit and spun out and struck unit 3.unit 3 stated he saw unit 2 speeding and then spun out. unit 3 stated he then tried to put on his brakes but was still struck.unit 1 passenger stated he chest hurt on scene but declined medical multiple times. she was then advised on scene",20203092730,2020,C,6/1/2020 0:00,2,SLUCIR00475**C,S,LUC,15.296,41.679704,-83.591264,77000,87868.0,6/10/2020 0:00,5,4,N,2.0,Y,Y,1.0,19,0,61690.0,,,Y,15.296,SLUCIR00475**C,N,2,2.0061E+13,1,6,N,4,0,3,TOLEDO,1,,Y,N,7.0,Y,0.0,,Y,,N,TOLEDO,N,,0,,,,475,IR,,,N,,,PROMEDICA,1,,,,PKWY,N,N,N,0,0,N,1.0,1,2,1,,54044.0,N,19.31,42,Y,99,4,3,1,M,N,N,N,0,3,51,1,0,60,99,51,20,0,0,0,0,1,6,NT,3,50,21.0,1.0,4.0,3.0,1.0,M,,2.0,60.0,99.0,20.0,,,,,,1.0,6.0,NT,3.0,55.0,1.0,3.0,1.0,20.0,,,,,,1.0,6.0,1.0,1,4,17529.0,"unit1 , unit2 , unit3 traveling rain storm . unit1 hit puddle , lost control vehicle , struck center median . unit1 bounced wall hydro planned . unit1 tried correct vehicle struck unit2 . unit2 spun struck unit3 rear passenger bumper.unit1 stated hit puddle , lost control , hit wall . unit1 stated vehicle pulled opposite direction tried correct , hit unit2 . unit2 stated saw unit1 hit wall bounce . unit2 stated knew getting ready get hit . unit2 stated hit spun struck unit3.unit3 stated saw unit2 speeding spun . unit3 stated tried put brakes still struck.unit1 passenger stated chest hurt scene declined medical multiple times . advised scene",C,"[4.1613802181927895e-07, 0.9999995231628418, 1.1227528062818237e-07]",C,"[2.0350834972759912e-07, 0.9999996423721313, 1.5723176716164744e-07]",C,"[2.205371856689453e-06, 1.0, 4.172325134277344e-07]"
1789,1789,203094214,"unit #1 was traveling on ir 480 eastbound near mp 18. unit #1 lost control and hydro planed, and as a result struck the guard rail on the southside of the freeway.",20203094214,2020,O,5/1/2020 0:00,12,SCUYIR00480**C,S,CUY,15.837,41.420023,-81.681447,9274,17668.0,5/18/2020 0:00,13,2,N,2.0,Y,Y,1.0,18,0,20100.0,,,Y,15.837,SCUYIR00480**C,N,2,202000066,1,5,N,1,0,1,BROOKLYN HEIGHTS,1,E,Y,N,8.0,Y,0.019,,N,,N,BROOKLYN HEIGHTS,N,,0,,,,480,IR,,18.0,N,,,18,2,,,,,N,Y,N,0,0,N,1.0,0,2,1,,128873.0,N,18.141,71,Y,99,4,3,1,M,N,N,N,0,4,30,1,2,60,1,30,0,0,0,0,0,1,6,NT,1,60,,,,,,,,,,,,,,,,,,,,,,,,,,,,,,,,,,0,4,20931.0,"unit1 traveling near mp . unit1 lost control hydro planed , result struck guard rail southside freeway .",O,"[0.9999979734420776, 1.9265594346506987e-06, 1.3630710782308597e-07]",O,"[0.9999995231628418, 4.213204931602377e-07, 1.3563993483955983e-08]",O,"[1.0, 1.341104507446289e-05, 1.3709068298339844e-06]"
1790,1790,203097528,"driver #1 stated she was southbound on sr 315 just north of ackerman rd in the #1 lane when she hydro planed on the wet road surface, going off the left side of the roadway into the median concrete barrier. driver #1 stated she then spun off the right side of the roadway into a guard rail. no injuries were reported. driver #1 was cited for failure to control, no operators license and driving under suspension.",20203097528,2020,O,6/1/2020 0:00,6,SFRASR00315**N,S,FRA,5.484,40.023821,-83.036147,18000,19234.0,6/18/2020 0:00,13,5,N,2.0,Y,Y,2.0,16,0,,,,N,5.56,SFRASR00315**C,N,1,200442664,4,6,N,1,0,1,COLUMBUS,1,N,Y,N,6.0,N,0.5,,N,,N,COLUMBUS,N,,0,,STATE ROUTE 315 S,,315,SR,,,N,,,ACKERMAN,1,,,,RD,N,N,Y,0,0,N,1.0,0,2,4,,195973.0,N,5.484,26,Y,5,1,2,1,F,N,N,N,0,3,35,1,0,65,1,9,35,8,30,0,0,1,6,NT,1,75,,,,,,,,,,,,,,,,,,,,,,,,,,,,,,,,,,0,4,19226.0,"driver stated ackerman hydro planed wet surface , going left side roadway median concrete barrier . driver stated spun side roadway guard rail . injuries reported . driver cited failure control , operators license driving suspension .",O,"[1.0, 3.7988755252627016e-08, 1.3467816195600335e-08]",O,"[1.0, 9.157979263818561e-09, 1.214974735402885e-11]",O,"[1.0, 0.0, 0.0]"
1791,1791,203101698,unit 1 was traveling west on i-480 in the left lane. unit 1 began to hydro plane due to heavy rain. unit 1 spun counter clockwise striking the median wall to the left .,20203101698,2020,O,6/1/2020 0:00,12,CCUYCR00004**C,C,CUY,2.22,41.424929,-81.537218,80990,17668.0,6/27/2020 0:00,13,7,N,,Y,N,4.0,3,0,20600.0,733e3ed7-9670-4273-ad2d-21c047994576,695ec609-8728-4e05-ae29-9ef48f90404d,N,2.22,CCUYCR00004**C,N,3,20201637,4,6,,1,0,1,WARRENSVILLE HEIGHTS,1,,N,N,4.0,N,0.0,RA,Y,,N,WARRENSVILLE HEIGHTS,N,,0,,I 480 W,,480,IR,,,N,,,WARRENSVILLE,1,,,,RD,N,N,N,0,0,N,,0,2,1,,1540.0,N,2.22,19,Y,99,3,4,1,M,N,N,N,0,4,35,1,2,60,1,9,35,0,0,0,0,1,6,NT,1,60,,,,,,,,,,,,,,,,,,,,,,,,,,,,,,,,,,0,4,23354.0,unit1 traveling left . unit1 began hydro plane due heavy rain . unit1 spun counter clockwise striking median wall left .,O,"[0.9999997615814209, 2.3062938225848484e-07, 3.228198153237827e-08]",O,"[0.9984723925590515, 0.001512673799879849, 1.4904494491929654e-05]",O,"[1.0, 0.00010150671005249023, 7.092952728271484e-06]"
1792,1792,203101709,unit 1 was traveling east bound on i-480. unit 1 then hydro planed then struck the attenuator and spun counter clockwise approx. 50 feet from the exit. unit 1 was then towed by united. driver of unit 1 sustained no apparent injuries.,20203101709,2020,O,6/1/2020 0:00,12,SCUYIR00480**C,S,CUY,23.529,41.424713,-81.543799,80990,17668.0,6/27/2020 0:00,13,7,N,2.0,Y,Y,1.0,0,0,20600.0,,,Y,23.529,SCUYIR00480**C,N,3,20201636,1,6,N,1,0,1,WARRENSVILLE HEIGHTS,1,E,Y,N,8.0,Y,0.009,,N,,N,WARRENSVILLE HEIGHTS,N,,0,,I 480 E,,480,IR,,,N,,,WARRENSVILLE,1,,,,RD,N,N,Y,0,0,N,1.0,0,2,1,,45584.0,N,25.833,43,Y,5,4,3,1,M,N,N,N,0,2,25,1,2,60,1,25,30,0,0,0,0,1,6,NT,3,60,,,,,,,,,,,,,,,,,,,,,,,,,,,,,,,,,,1,4,23357.0,unit1 traveling . unit1 hydro planed struck attenuator spun counter clockwise approx . feet exit . unit1 towed united . driver unit1 sustained apparent injuries .,O,"[0.8938718438148499, 0.10419107228517532, 0.0019371076487004757]",C,"[6.109332025516778e-05, 0.9999387264251709, 1.487267127231462e-07]",C,"[0.0061492919921875, 0.994140625, 4.947185516357422e-06]"
1793,1793,203110631,unit 1 was traveling east on i-480 in the left lane. unit 1 encountered standing water and started to hydro plane. unit 1 went into the left shoulder and struck a concrete median. unit 1 careened off of the wall and returned to the lanes of travel coming to rest in the 2nd lane. no damage to the median.,20203110631,2020,C,7/1/2020 0:00,12,SCUYIR00480**C,S,CUY,23.86,41.424745,-81.537856,80990,17668.0,7/11/2020 0:00,13,7,N,2.0,Y,Y,1.0,8,0,20600.0,,,Y,23.86,SCUYIR00480**C,N,1,20201772,1,7,N,0,0,1,WARRENSVILLE HEIGHTS,1,,Y,N,7.0,Y,0.0,,N,,N,WARRENSVILLE HEIGHTS,N,,0,,I 480 E,,480,IR,,,N,,,WARRENSVILLE,1,,,,RD,N,N,Y,0,0,N,1.0,1,2,1,,54083.0,N,26.164,27,Y,5,4,3,1,F,N,N,N,0,3,35,1,2,65,1,9,35,0,0,0,0,1,6,NT,1,65,,,,,,,,,,,,,,,,,,,,,,,,,,,,,,,,,,0,4,41229.0,unit1 traveling left . unit1 encountered standing water started hydro plane . unit1 went left shoulder struck concrete median . unit1 careened wall returned lanes travel coming rest . damage median .,O,"[0.63291335105896, 0.3521779179573059, 0.0149086844176054]",O,"[0.9976106882095337, 0.002366759581491351, 2.264226168335881e-05]",C,"[0.337646484375, 0.6611328125, 0.0010175704956054688]"