,id,OBJECTID,Narrative,DOCUMENT_NBR,CRASH_YR,CRASH_SEVERITY_CD,CRASH_MONTH_YEAR,DISTRICT_NBR,NLFID,NLF_JUR_CD,NLF_COUNTY_CD,COUNTY_LOG_NBR,ODOT_LATITUDE_NBR,ODOT_LONGITUDE_NBR,ODOT_FIPS_CD,AREA_CODE,CRASH_DATE,CRASH_TYPE_CD,DAY_IN_WEEK_CD,DISTRACTED_DRIVER_IND,FACILITY_TYPE_CD,FHWA_RDWY_DEPARTURE_IND,FREEWAY_IND,FUNCTIONAL_CLASS_CD,HOUR_OF_CRASH,INCAPAC_INJURIES_NBR,INTERCHANGE_ID,INTERSECTION_ID_CURRENT,INTERSECTION_LEG_ID,INTERSTATE_IND,INV_LOG_NBR,INV_NLFID,IS_COMMERCIAL_RELATED,LIGHT_COND_PRIMARY_CD,LOCAL_REPORT_NUMBER_ID,MAINTENANCE_AUTHORITY_CD,MONTH_OF_CRASH,NHS_CD,NO_INJURY_REPORTED_NBR,NON_INCAPAC_INJURIES_NBR,NUMBER_OF_UNITS_NBR,ODOT_CITY_VILLAGE_TWP_NME,ODOT_CRASH_LOCATION_CD,ODOT_DIR_FROM_REF_CD,ODOT_DIV_UNDIV_IND,ODOT_INTERSECTION_REL_IND,ODOT_LANES_NBR,ODOT_MAINTAINED_HWY_IND,ODOT_MILES_FROM_REF_NBR,ODOT_REF_ROUTE_PREFIX_CD,ODOT_YOUNG_DRIVER_IND,ODPS_ADDRESS_REFERENCE,ODPS_ALCOHOL_IND,ODPS_CITY_VILLAGE_TWP_NME,ODPS_DRUG_IND,ODPS_LOC_DIR_SUFFIX_CD,ODPS_LOC_IN_WORK_ZONE_CD,ODPS_LOC_ROAD_DIRECTION_CD,ODPS_LOC_ROAD_NME,ODPS_LOC_ROAD_SUFFIX_CD,ODPS_LOC_ROUTE_ID,ODPS_LOC_ROUTE_PREFIX_CD,ODPS_LOC_ROUTE_SUFFIX_CD,ODPS_MILEPOST_REFERENCE,ODPS_MOTORCYCLE_IND,ODPS_REF_DIR_SUFFIX_CD,ODPS_REF_DIRECTION_CD,ODPS_REF_GIVEN,ODPS_REF_POINT_USED_CD,ODPS_REF_ROUTE_ID,ODPS_REF_ROUTE_PREFIX_CD,ODPS_REF_ROUTE_SUFFIX_CD,ODPS_REF_SUFFIX_CD,ODPS_SCHOOL_ZONE_IND,ODPS_SENIOR_DRIVER_IND,ODPS_SPEED_IND,ODPS_TOTAL_FATALITIES_NBR,ODPS_TYPE_OF_WORK_ZONE_CD,ODPS_WORK_ZONE_IND,OPER_ACCESS_CONTROL_CD,POSSIBLE_INJURIES_NBR,ROAD_COND_PRIMARY_CD,ROAD_CONTOUR_CD,SA_RAMP_ID,SA_SEGMENT_ID,SECONDARY_CRASH,STATE_TRUE_LOG_NBR,U1_AGE_NBR,U1_AT_FAULT_IND,U1_CONT_CIR_PRIMARY_CD,U1_DIRECTION_FROM_CD,U1_DIRECTION_TO_CD,U1_DISTRACTED_BY_1_CD,U1_GENDER_CD,U1_IS_ALCOHOL_SUSPECTED,U1_IS_MARIJUANA_SUSPECTED,U1_IS_OTHER_DRUG_SUSPECTED,U1_NON_MOTORIST_LOC_CD,U1_NUMBER_OF_THRU_LANES,U1_OBJECT_STRUCK,U1_ODPS_UNIT_NBR,U1_OPERATINGIN_AUTONOMOUS_MODE,U1_POSTED_SPEED_NBR,U1_PRECRASH_ACTION_CD,U1_SEQ_OF_EVENTS_1_CD,U1_SEQ_OF_EVENTS_2_CD,U1_SEQ_OF_EVENTS_3_CD,U1_SEQ_OF_EVENTS_4_CD,U1_SEQ_OF_EVENTS_5_CD,U1_SEQ_OF_EVENTS_6_CD,U1_SPECIAL_FUNCTION_CD,U1_TRAFFIC_CONTROL_CD,U1_TURN_CD,U1_TYPE_OF_UNIT_CD,U1_UNIT_SPEED_NBR,U2_AGE_NBR,U2_CONT_CIR_PRIMARY_CD,U2_DIRECTION_FROM_CD,U2_DIRECTION_TO_CD,U2_DISTRACTED_BY_1_CD,U2_GENDER_CD,U2_NON_MOTORIST_LOC_CD,U2_ODPS_UNIT_NBR,U2_POSTED_SPEED_NBR,U2_PRECRASH_ACTION_CD,U2_SEQ_OF_EVENTS_1_CD,U2_SEQ_OF_EVENTS_2_CD,U2_SEQ_OF_EVENTS_3_CD,U2_SEQ_OF_EVENTS_4_CD,U2_SEQ_OF_EVENTS_5_CD,U2_SEQ_OF_EVENTS_6_CD,U2_SPECIAL_FUNCTION_CD,U2_TRAFFIC_CONTROL_CD,U2_TURN_CD,U2_TYPE_OF_UNIT_CD,U2_UNIT_SPEED_NBR,U3_CONT_CIR_PRIMARY_CD,U3_ODPS_UNIT_NBR,U3_PRECRASH_ACTION_CD,U3_SEQ_OF_EVENTS_1_CD,U3_SEQ_OF_EVENTS_2_CD,U3_SEQ_OF_EVENTS_3_CD,U3_SEQ_OF_EVENTS_4_CD,U3_SEQ_OF_EVENTS_5_CD,U3_SEQ_OF_EVENTS_6_CD,U3_SPECIAL_FUNCTION_CD,U3_TRAFFIC_CONTROL_CD,U3_TYPE_OF_UNIT_CD,UNRESTRAIN_OCCUPANTS,WEATHER_COND_CD,V1,clean_Narrative,BERT_predictions,BERT_prediction_probabilities,RoBERTa_predictions,RoBERTa_predictions_probabilities,distilBERT_predictions,distilBERT_predictions_probabilities
1794,1794,203110684,unit#1 was e/b on ir480. as unit#1 was approaching mile post 20 it hydro planed out of control and went off the left side of the roadway. as unit#1 was going off the roadway it struck the guard rail with the right front. unit #1 continued to spin out of control and struck the guard rail a second time with the right rear causing listed damage.,20203110684,2020,O,7/1/2020 0:00,12,SCUYIR00480**C,S,CUY,17.872,41.407166,-81.647959,37240,17668.0,7/11/2020 0:00,13,7,N,2.0,Y,Y,1.0,1,0,15000.0,,,Y,17.872,SCUYIR00480**C,N,3,20200469,1,7,N,1,0,1,INDEPENDENCE,1,,Y,N,6.0,Y,0.0,,Y,,N,INDEPENDENCE,N,,0,,,,480,IR,,20.0,N,,,20,2,,,,,N,N,N,0,0,N,1.0,0,2,2,,45580.0,N,20.176,23,Y,99,4,3,1,M,N,N,N,0,3,30,1,2,60,1,9,30,0,0,0,0,1,6,NT,1,50,,,,,,,,,,,,,,,,,,,,,,,,,,,,,,,,,,0,4,41372.0,unit1 . unit1 approaching mile post hydro planed control went left side roadway . unit1 going roadway struck guard rail front . unit1 continued spin control struck guard rail second time rear causing listed damage .,O,"[0.9999891519546509, 1.01115483630565e-05, 6.70186977913545e-07]",O,"[0.9488588571548462, 0.05024879798293114, 0.0008923944551497698]",O,"[1.0, 5.841255187988281e-06, 4.172325134277344e-07]"
1795,1795,203114085,"unit 1 was traveling eastbound on state route 30. unit 1 began to hydro plane, struck a guard rail on the north side of the roadway, and came to final rest in the median.",20203114085,2020,C,5/1/2020 0:00,3,SRICUS00030**C,S,RIC,7.58,40.784705,-82.589966,58520,54091.0,5/22/2020 0:00,13,6,N,2.0,Y,Y,2.0,14,0,76300.0,,,N,7.58,SRICUS00030**C,N,1,20-06490,4,5,N,3,0,1,ONTARIO,1,S,Y,N,4.0,N,0.069,,N,,N,ONTARIO,N,,0,,US ROUTE 30 E,,30,US,,,N,,N,LEXINGTON SPRINGMILL,1,,,,RD,N,N,N,0,0,N,1.0,1,2,1,,284929.0,N,126.237,55,Y,99,4,3,1,M,N,N,N,0,2,31,1,2,70,1,31,0,0,0,0,0,1,6,NT,1,70,,,,,,,,,,,,,,,,,,,,,,,,,,,,,,,,,,0,4,49422.0,"unit1 traveling state . unit1 began hydro plane , struck guard rail side roadway , came final rest median .",O,"[0.9999884366989136, 1.0761606063169893e-05, 8.092152370409167e-07]",O,"[0.9984188079833984, 0.0014679052401334047, 0.00011329912376822904]",O,"[0.98193359375, 0.0162353515625, 0.0016469955444335938]"
1796,1796,203117959,unit #2 was traveling westbound on tussing rd. just east of grand haven dr. unit #1 turned eastbound on tussing rd. from grand haven dr. as unit #1 continued traveling eastbound unit #1 began to hydro plane and struck the driver side of unit #2 causing unit #2 to run off the roadway. the driver of unit #1 was cited for failure to control ctc #2131.33a citation #1840819. the driver of unit #2 was transported to ohio health pickerington hospital to be treated for head pain. unit #1 was towed from the scene by speedway towing to a location he requested. unit #2 was towed away from the scene by speedway towing to the columbus police impound lot for safe keeping.,20203117959,2020,AB,7/1/2020 0:00,5,TFAITR00110**C,T,FAI,0.67,39.926518,-82.79966,18000,19234.0,7/21/2020 0:00,1,3,N,,N,N,4.0,19,0,,,,N,0.67,TFAITR00110**C,N,1,200539894,4,7,,1,1,2,COLUMBUS,1,E,N,N,2.0,N,0.019,,Y,,N,COLUMBUS,N,,0,,TUSSING,RD,,,,,N,,,GRAND HAVEN,1,,,,DR,N,N,Y,0,0,N,,0,2,1,,194403.0,N,0.67,25,Y,1,4,3,1,M,N,N,N,0,2,0,1,2,35,1,20,0,0,0,0,0,1,6,NT,1,40,54.0,1.0,3.0,4.0,1.0,F,,2.0,35.0,1.0,20.0,,,,,,1.0,6.0,NT,3.0,35.0,,,,,,,,,,,,,0,4,1185.0,unit2 traveling tussing grand . unit1 turned tussing grand . unit1 continued traveling unit1 began hydro plane struck driver side unit2 causing unit2 run roadway . driver unit1 cited failure control ctc .33a citation . driver unit2 transported ohio health pickerington hospital treated head pain . unit1 towed scene speedway towing location requested . unit2 towed away scene speedway towing columbus police impound lot safe keeping .,C,"[9.438199413125403e-07, 0.9999967813491821, 2.271199718961725e-06]",C,"[5.795424726784404e-07, 0.9999788999557495, 2.0457378923310898e-05]",C,"[3.337860107421875e-06, 1.0, 2.1457672119140625e-06]"
1797,1797,203124940,"unit 1 was traveling eastbound on sr 611(colorado ave) driving in right lane, hydro planed in heavy rain conditions, failed to control vehicle and struck items in the yard of 5500 colorado avenue and came to rest.",20203124940,2020,O,8/1/2020 0:00,3,SLORSR00611**C,S,LOR,8.95,41.467023,-82.070188,72060,51364.0,8/2/2020 0:00,13,1,N,2.0,Y,N,3.0,9,0,,,,N,8.95,SLORSR00611**C,N,1,2020-00007367,4,8,N,1,0,1,SHEFFIELD,1,,N,N,4.0,N,0.0,,Y,5500,N,SHEFFIELD,N,,0,,COLORADO,AVE,611,,,,N,,,,3,,,,,N,N,N,0,0,N,3.0,0,2,1,,198316.0,N,8.95,18,Y,11,4,4,1,F,N,N,N,0,4,54,1,0,50,3,8,54,0,0,0,0,1,6,UT,1,50,,,,,,,,,,,,,,,,,,,,,,,,,,,,,,,,,,0,4,33609.0,"unit1 traveling driving , hydro planed heavy rain conditions , failed control vehicle struck items yard colorado came rest .",O,"[0.9999977350234985, 1.9686640371219255e-06, 1.814707530911619e-07]",O,"[0.9999998807907104, 1.1326559246072065e-07, 1.121623488531398e-10]",O,"[1.0, 1.2040138244628906e-05, 1.0728836059570312e-06]"
1798,1798,203125778,"unit #1 was e/b i-70 in lane# 1 between the main street exit and e. livingston ave.when the driver stated his truck hydro planed and he lost control. unit #1 the flipped onto its side and went up on top of the concrete center divider wall. the truck then broke the concrete wall, knocked down a light pole blocking the e/b lanes of i-70, and 2 of the w/b lanes of i-70. driver of unit #1 was transported to grant hospital by columbus fire medic #815 where he was treated for minor injuries and released. driver of unit #1 was cited as the at fault driver for failure to control.",20203125778,2020,AB,8/1/2020 0:00,6,SFRAIR00070**C,S,FRA,17.077,39.949973,-82.943859,18000,19234.0,8/1/2020 0:00,13,7,N,2.0,Y,Y,1.0,9,0,,9c1fdf80-be96-4ae6-bde6-bdbfbae3bfc9,07c43597-b17a-4096-949b-875cd7a35fe0,Y,17.077,SFRAIR00070**C,Y,1,200570346,1,8,N,0,1,1,COLUMBUS,1,W,Y,N,7.0,Y,0.019,RA,N,,N,COLUMBUS,N,,0,,I 70 E,,70,IR,,,N,,,LIVINGSTON,1,,,,AVE,N,N,N,0,0,N,1.0,0,2,4,,45245.0,N,103.104,59,Y,99,4,3,1,M,N,N,N,0,3,35,1,0,55,1,35,0,0,0,0,0,1,6,NT,15,45,,,,,,,,,,,,,,,,,,,,,,,,,,,,,,,,,,0,4,34934.0,"unit1 main exit livingston .when driver stated truck hydro planed lost control . unit1 flipped onto side went top concrete center divider wall . truck broke concrete wall , knocked light pole blocking lanes , lanes i. driver unit1 transported grant hospital columbus fire medic treated minor injuries released . driver unit1 cited fault driver failure control .",C,"[1.3708026358472125e-07, 0.9999997615814209, 9.308747905834025e-08]",C,"[1.619605143332592e-07, 0.9999986886978149, 1.168762310044258e-06]",C,"[1.430511474609375e-06, 1.0, 3.5762786865234375e-07]"
1799,1799,203126569,unit#1 was west on i480 in a heavy rain storm. unit#1 hydro planed in flowing water across the roadway from the heavy storm. unit#1 slid off the roadway and struck a over head light pole. unit#1 then rolled over in the ditch after striking the light pole.,20203126569,2020,O,8/1/2020 0:00,4,SPORIR00480**N,S,POR,1.223,41.257263,-81.372902,75014,17668.0,8/1/2020 0:00,13,7,N,2.0,N,Y,1.0,17,0,,,,Y,1.204,SPORIR00480**C,N,1,202001572,1,8,N,1,0,1,STREETSBORO,1,E,Y,N,4.0,Y,0.17,,N,,N,STREETSBORO,N,,0,,I 480 W,,480,IR,,,N,,,FROST,1,,,,RD,N,N,N,0,0,N,1.0,0,2,2,,81550.0,N,42.23,28,Y,99,3,4,1,F,N,N,N,0,2,39,1,2,65,1,13,8,39,0,0,0,1,6,NT,3,50,,,,,,,,,,,,,,,,,,,,,,,,,,,,,,,,,,0,4,35578.0,unit1 heavy rain storm . unit1 hydro planed flowing water across roadway heavy storm . unit1 slid roadway struck head light pole . unit1 rolled ditch striking light pole .,C,"[0.02205548994243145, 0.7120935320854187, 0.2658509612083435]",C,"[0.44430986046791077, 0.5534375309944153, 0.0022526101674884558]",C,"[0.1829833984375, 0.76318359375, 0.053802490234375]"
1800,1800,203127801,unit 1 was traveling west on i-480 in the second lane. unit 2 was traveling west in the third lane . unit 2 began to hydro plane due to heavy rain and standing water. unit 2 veered left into unit 1.,20203127801,2020,AB,8/1/2020 0:00,12,SCUYIR00480**C,S,CUY,23.91,41.424735,-81.536895,80990,17668.0,8/3/2020 0:00,5,2,N,2.0,N,Y,1.0,15,0,20600.0,4ecb1b61-a99c-414e-80e4-351b19a3b6db,d0d7c52a-2aef-40c0-a09c-62f70ade332d,Y,23.91,SCUYIR00480**C,Y,1,20202032,1,8,N,4,1,2,WARRENSVILLE HEIGHTS,1,,Y,N,7.0,Y,0.0,IR,N,,N,WARRENSVILLE HEIGHTS,N,,0,,I 480 W,,480,IR,,,N,,,WARRENSVILLER,1,,,,RD,N,Y,N,0,0,N,1.0,0,2,1,,54083.0,N,26.214,30,Y,99,3,4,1,F,N,N,N,0,4,0,2,2,60,1,20,0,0,0,0,0,1,6,NT,3,50,65.0,1.0,3.0,4.0,1.0,M,,1.0,60.0,1.0,20.0,,,,,,1.0,6.0,NT,15.0,50.0,,,,,,,,,,,,,0,4,42489.0,unit1 traveling second . unit2 traveling third . unit2 began hydro plane due heavy rain standing water . unit2 veered left unit1 .,C,"[0.02716626599431038, 0.9363052845001221, 0.036528464406728745]",O,"[0.9935305714607239, 0.006412530783563852, 5.700062683899887e-05]",O,"[1.0, 0.000110626220703125, 5.066394805908203e-06]"
1801,1801,203130164,"unit one was westbound on us 33 near mp 24, hydro planed on the water, failed to control the vehicle, went off the right side of the roadway and struck the ditch.",20203130164,2020,O,8/1/2020 0:00,7,SLOGUS00033**N,S,LOG,24.463,40.32632,-83.615814,61938,99999.0,8/3/2020 0:00,13,2,N,2.0,Y,Y,2.0,15,0,,,,N,24.473,SLOGUS00033**C,N,1,20-031925,1,8,N,1,0,1,PERRY TOWNSHIP,1,E,Y,N,4.0,Y,0.5,,Y,,N,JEFFERSON TOWNSHIP,N,,0,,,,33,US,,24.0,N,,,24,2,,,,,N,N,Y,0,0,N,1.0,0,2,2,,316357.0,N,75.949,23,Y,5,3,4,1,F,N,N,N,0,4,44,1,0,70,1,8,44,0,0,0,0,1,6,NT,1,60,,,,,,,,,,,,,,,,,,,,,,,,,,,,,,,,,,0,4,56022.0,"unit1 us near mp , hydro planed water , failed control vehicle , went side roadway struck ditch .",O,"[0.9999948740005493, 4.767173777509015e-06, 3.336869838221901e-07]",O,"[0.9994245767593384, 0.0005500742117874324, 2.5331153665320016e-05]",O,"[0.9990234375, 0.0005702972412109375, 1.7940998077392578e-05]"
1802,1802,203134156,"#1 stopped, traveling eastbound on washington blvd, curb lane. #1 is stopped in traffic just west of stone road intersection.#2 is traveling behind #1#2 reports attempting to break before impact and reports brakes locking up and causing vehicle to hydro plane and then strike #1.",20203134156,2020,O,8/1/2020 0:00,10,SWASSR00618**C,S,WAS,5.81,39.273016,-81.577473,5424,67672.0,8/15/2020 0:00,2,7,N,2.0,N,N,4.0,12,0,,ddb614df-bb24-40f0-9c87-55cf2904d15f,77041138-7a11-416d-8645-6be131cb430a,N,5.81,SWASSR00618**C,N,1,20-004116,4,8,,2,0,2,BELPRE,1,W,N,N,4.0,N,0.005,CR,Y,,N,BELPRE,N,,0,,WASHINGTON,BLVD,,,,,N,,,STONE,1,,,,RD,N,Y,N,0,0,N,3.0,0,2,1,,194639.0,N,5.81,21,Y,8,4,3,1,F,N,N,N,0,4,0,2,0,35,1,20,0,0,0,0,0,1,6,NT,1,10,78.0,1.0,4.0,3.0,1.0,M,,1.0,35.0,11.0,20.0,,,,,,1.0,6.0,NT,1.0,,,,,,,,,,,,,,0,4,78031.0,"stopped , traveling washington , curb . stopped traffic stone intersection . traveling behind reports attempting break impact reports brakes locking causing vehicle hydro plane strike .",O,"[0.9990361928939819, 0.0009442419977858663, 1.9571212760638446e-05]",O,"[0.9999915361404419, 8.475262802676298e-06, 3.992582975342884e-08]",O,"[1.0, 1.9252300262451172e-05, 2.384185791015625e-07]"
1803,1803,203136177,unit # 1 was traveling e/b on ir-275. unit 1 hydro planed and struck the center median wall.,20203136177,2020,O,7/1/2020 0:00,8,SHAMIR00275**N,S,HAM,40.427,39.055682,-84.405884,1980,16885.0,7/30/2020 0:00,13,5,N,2.0,Y,Y,1.0,12,0,,,,Y,40.177,SHAMIR00275**C,N,1,202001246,1,7,N,1,0,1,ANDERSON TOWNSHIP,1,,Y,N,6.0,Y,0.0,,Y,,N,SPRINGDALE,N,,0,,IR 275,HWY,275,IR,,40.2,N,,,40 2,2,,,,,N,N,Y,0,0,N,1.0,0,2,2,,91426.0,N,71.907,24,Y,5,4,3,1,M,N,N,N,0,4,35,1,2,65,1,35,0,0,0,0,0,1,6,NT,4,65,,,,,,,,,,,,,,,,,,,,,,,,,,,,,,,,,,0,4,79345.0,unit1 traveling ir . unit1 hydro planed struck center median wall .,O,"[0.6164564490318298, 0.37320825457572937, 0.010335320606827736]",C,"[0.1357596218585968, 0.8597036004066467, 0.004536776803433895]",O,"[1.0, 2.6702880859375e-05, 5.364418029785156e-07]"
1804,1804,203141873,unit # 2 while traveling west bound on ir-480 left passing lane struck a patch of standing water hydro planed losing control changing traffic lane into the path of unit # 1 occupied right traffic lane was then struck by that unit then came to final rest.,20203141873,2020,O,8/1/2020 0:00,12,SCUYIR00480**C,S,CUY,24.62,41.421266,-81.524344,4920,17668.0,8/28/2020 0:00,2,6,N,2.0,N,Y,1.0,10,0,20600.0,,,Y,24.62,SCUYIR00480**C,Y,1,2000250,1,8,N,2,0,2,BEDFORD HEIGHTS,1,W,Y,N,4.0,Y,0.009,,N,,N,BEDFORD HEIGHTS,N,,0,,,,480,IR,,26.8,N,,,26 8,2,,,,,N,N,N,0,0,N,1.0,0,2,1,,45587.0,N,26.924,40,Y,15,3,4,1,M,N,N,N,0,2,0,2,0,60,9,20,0,0,0,0,0,1,6,NT,1,60,48.0,1.0,3.0,4.0,1.0,M,,1.0,60.0,1.0,20.0,,,,,,1.0,6.0,NT,15.0,50.0,,,,,,,,,,,,,0,4,13085.0,unit2 traveling ir left passing struck patch standing water hydro planed losing control changing traffic path unit1 occupied traffic struck unit came final rest .,O,"[0.870076596736908, 0.12313655763864517, 0.006786827929317951]",O,"[0.9996292591094971, 0.00036076936521567404, 1.0008286153606605e-05]",O,"[1.0, 0.0, 0.0]"
1805,1805,203156239,"unit 3 traveling e/b on i480 at mile post 22/4 when due to flooding slowed in traffic, unit 1 traveling behind unit 3 hydro planed and struck unit 1. unit 2 traveling behind unit 1 also could not stop due to flooding and struck unit 1 from behind.",20203156239,2020,O,9/1/2020 0:00,12,SCUYIR00480**C,S,CUY,22.423,41.424588,-81.565489,16000,17668.0,9/7/2020 0:00,2,2,N,2.0,N,Y,1.0,10,0,,,,Y,22.423,SCUYIR00480**C,N,1,20202672,1,9,N,3,0,3,CLEVELAND,1,,Y,N,8.0,Y,0.0,,Y,,N,GARFIELD HEIGHTS,N,,0,,,,480,IR,,22.4,N,,,22 4,2,,,,,N,N,N,0,0,N,1.0,0,2,1,,81546.0,N,24.727,61,Y,8,4,3,1,M,N,N,N,0,4,0,1,2,60,1,20,0,0,0,0,0,1,6,NT,2,50,39.0,8.0,4.0,3.0,1.0,M,,2.0,60.0,1.0,20.0,,,,,,1.0,6.0,NT,1.0,50.0,1.0,3.0,11.0,20.0,,,,,,1.0,6.0,1.0,0,4,4114.0,"unit3 traveling mile post due flooding slowed traffic , unit1 traveling behind unit3 hydro planed struck unit1 . unit2 traveling behind unit1 also could stop due flooding struck unit1 behind .",O,"[0.9999986886978149, 1.1411163995944662e-06, 9.36812227791961e-08]",O,"[0.9999827146530151, 1.6448959286208265e-05, 8.780933171692595e-07]",O,"[1.0, 2.467632293701172e-05, 2.3245811462402344e-06]"
1806,1806,203163054,unit was traveling west on i-480 and drove over a puddle of water. unit 1 hydro planed and lost control of vehicle and ran off road left and struck concrete median.,20203163054,2020,O,9/1/2020 0:00,12,SCUYIR00480*NC,S,CUY,1.11,41.426405,-81.515791,80990,17668.0,9/28/2020 0:00,13,2,N,2.0,Y,Y,1.0,21,0,,926dee23-7f27-459c-9b93-da194235a621,52854669-cd18-4cb8-ab1c-9a46402542e9,Y,1.11,SCUYIR00480*NC,N,3,20202644,1,9,N,1,0,1,WARRENSVILLE HEIGHTS,1,,Y,N,6.0,Y,0.0,RA,N,,N,WARRENSVILLE HEIGHTS,N,,0,,I 480 E,,480,IR,,,N,,,MILES,1,,,,RD,N,N,N,0,0,N,1.0,0,2,1,,128890.0,N,1.11,28,Y,99,3,4,1,F,N,N,N,0,4,35,1,2,60,1,9,35,0,0,0,0,1,6,NT,1,60,,,,,,,,,,,,,,,,,,,,,,,,,,,,,,,,,,0,4,7002.0,unit traveling drove puddle water . unit1 hydro planed lost control vehicle ran left struck concrete median .,O,"[0.9889742136001587, 0.010334109887480736, 0.0006917198188602924]",O,"[0.9373291730880737, 0.062146130949258804, 0.0005245644133538008]",O,"[0.9990234375, 0.0012598037719726562, 0.0001271963119506836]"
1807,1807,203164930,unit 01 was eastbound on us20a (illinois avenue) and went over the railroad tracks. unit 01 lost control and slid off the road to the right striking the curb and several signs on the property of 322 illinois avenue.unit 01 driver was uninjured and the vehicle suffered disabling damage. unit 01 driver stated once she drove over the railroad tracks she hydro planned and was unable to regain control of the vehicle.unit 01 was towed by ankenbrandts towing. business card with the report number was left with the owner of wardog surplus at 322 illinois avenue for the damages to the property.,20203164930,2020,O,9/1/2020 0:00,2,SLUCUS00020*AC,S,LUC,12.087,41.56764,-83.661458,48342,87868.0,9/28/2020 0:00,13,2,N,2.0,Y,N,4.0,16,0,,,,N,12.087,SLUCUS00020*AC,N,1,20024500,4,9,,1,0,1,MAUMEE,1,N,N,N,4.0,N,0.001,,Y,322,N,MAUMEE,N,,0,,ILLINOIS,AVE,20,US,,,N,,,322ND,3,,,,,N,N,N,0,0,N,3.0,0,2,2,,284714.0,N,52.18,25,Y,11,4,3,1,F,N,N,N,0,4,54,1,0,35,1,8,43,54,0,0,0,1,6,NT,1,30,,,,,,,,,,,,,,,,,,,,,,,,,,,,,,,,,,0,4,8058.0,unit1 us2a went railroad tracks . unit1 lost control slid striking curb several signs property illinois .unit1 driver uninjured vehicle suffered disabling damage . unit1 driver stated drove railroad tracks hydro planned unable regain control vehicle.unit1 towed ankenbrandts towing . business card report number left owner wardog surplus illinois damages property .,O,"[0.9998779296875, 0.00011718241148628294, 4.8579604481346905e-06]",O,"[1.0, 6.058503698724849e-10, 4.2685410869998386e-13]",O,"[1.0, 0.0, 0.0]"
1808,1808,203178160,unit #1 hydro planed in the left lane of travel and lost control and struck unit #2. unit #2 then struck the guard rail and stopped facing the wrong direction.,20203178160,2020,O,10/1/2020 0:00,8,SHAMIR00075**C,S,HAM,11.722,39.218943,-84.448792,2428,16885.0,10/19/2020 0:00,9,2,N,2.0,N,Y,1.0,9,0,,,,Y,11.722,SHAMIR00075**C,N,1,202000343,1,10,N,2,0,2,ARLINGTON HEIGHTS,1,,Y,N,6.0,Y,0.0,,Y,,N,LOCKLAND,N,,0,N,IR 75,HWY,75,IR,,11.9,N,,,11 9,2,,,,,N,N,Y,0,0,N,1.0,0,2,2,,56739.0,N,11.722,19,Y,15,2,1,1,F,N,N,N,0,3,0,1,2,55,1,19,0,0,0,0,0,1,6,NT,1,60,56.0,1.0,2.0,1.0,1.0,F,,2.0,55.0,1.0,20.0,,,,,,1.0,6.0,NT,2.0,50.0,,,,,,,,,,,,,0,4,14336.0,unit1 hydro planed left travel lost control struck unit2 . unit2 struck guard rail stopped facing wrong direction .,O,"[0.9989938139915466, 0.0009591798298060894, 4.700250065070577e-05]",C,"[0.16623130440711975, 0.8276426196098328, 0.006126035936176777]",O,"[0.97607421875, 0.022430419921875, 0.0016622543334960938]"
1809,1809,203178385,on the above listed date and time units 1 and 2 were southbound on i 71 approaching i 270. driver of unit 2 stated traffic began to slow and then a vehicle several vehicles ahead of him came to a sudden stop. driver of unit 2 stated he came to a sudden stop to avoid striking the vehicle in front of him. driver of unit 2 stated as he began to accelerate his vehicle was struck in the rear by unit 1. driver of unit 1 stated she observed unit 2 come to a sudden stop and was unable to come to a stop before striking unit 2 in the center rear with unit 1's center front. driver of unit 1 stated that due to the conditions she believes she hydro planed before the collision. unit 1 suffered disabling damage and unit 2 suffered minor damage to its rear. unit 2 was driven from scene and unit 1 was towed from scene by driver of unit 1. no injuries were reported by any party.,20203178385,2020,O,10/1/2020 0:00,6,SFRAIR00071**N,S,FRA,29.254,40.125586,-82.972295,18000,19234.0,10/19/2020 0:00,2,2,N,2.0,N,Y,1.0,15,0,,,,Y,29.254,SFRAIR00071**C,N,1,200790540,1,10,N,2,0,2,COLUMBUS,1,N,Y,N,8.0,Y,1.0,IR,Y,,N,COLUMBUS,N,,0,,I 71 S,,71,IR,,,N,,,I 270 S,1,270,IR,,,N,N,N,0,0,N,1.0,0,2,1,,56678.0,N,120.298,22,Y,8,1,2,1,F,N,N,N,0,4,0,1,0,65,1,20,0,0,0,0,0,1,6,NT,1,25,34.0,1.0,1.0,2.0,1.0,M,,2.0,65.0,1.0,20.0,,,,,,1.0,6.0,NT,4.0,5.0,,,,,,,,,,,,,0,2,14494.0,listed date time unit1 unit2 approaching . driver unit2 stated traffic began slow vehicle several vehicles ahead came sudden stop . driver unit2 stated came sudden stop avoid striking vehicle front . driver unit2 stated began accelerate vehicle struck rear unit1 . driver unit1 stated observed unit2 come sudden stop unable come stop striking unit2 center rear unit1 's center front . driver unit1 stated due conditions believes hydro planed collision . unit1 suffered disabling damage unit2 suffered minor damage rear . unit2 driven scene unit1 towed scene driver unit1 . injuries reported party .,O,"[0.9999998807907104, 8.521961092355923e-08, 1.4536510661855573e-08]",O,"[1.0, 2.535551213433962e-10, 1.947656852420085e-13]",O,"[1.0, 0.0, 0.0]"