,id,OBJECTID,Narrative,DOCUMENT_NBR,CRASH_YR,CRASH_SEVERITY_CD,CRASH_MONTH_YEAR,DISTRICT_NBR,NLFID,NLF_JUR_CD,NLF_COUNTY_CD,COUNTY_LOG_NBR,ODOT_LATITUDE_NBR,ODOT_LONGITUDE_NBR,ODOT_FIPS_CD,AREA_CODE,CRASH_DATE,CRASH_TYPE_CD,DAY_IN_WEEK_CD,DISTRACTED_DRIVER_IND,FACILITY_TYPE_CD,FHWA_RDWY_DEPARTURE_IND,FREEWAY_IND,FUNCTIONAL_CLASS_CD,HOUR_OF_CRASH,INCAPAC_INJURIES_NBR,INTERCHANGE_ID,INTERSECTION_ID_CURRENT,INTERSECTION_LEG_ID,INTERSTATE_IND,INV_LOG_NBR,INV_NLFID,IS_COMMERCIAL_RELATED,LIGHT_COND_PRIMARY_CD,LOCAL_REPORT_NUMBER_ID,MAINTENANCE_AUTHORITY_CD,MONTH_OF_CRASH,NHS_CD,NO_INJURY_REPORTED_NBR,NON_INCAPAC_INJURIES_NBR,NUMBER_OF_UNITS_NBR,ODOT_CITY_VILLAGE_TWP_NME,ODOT_CRASH_LOCATION_CD,ODOT_DIR_FROM_REF_CD,ODOT_DIV_UNDIV_IND,ODOT_INTERSECTION_REL_IND,ODOT_LANES_NBR,ODOT_MAINTAINED_HWY_IND,ODOT_MILES_FROM_REF_NBR,ODOT_REF_ROUTE_PREFIX_CD,ODOT_YOUNG_DRIVER_IND,ODPS_ADDRESS_REFERENCE,ODPS_ALCOHOL_IND,ODPS_CITY_VILLAGE_TWP_NME,ODPS_DRUG_IND,ODPS_LOC_DIR_SUFFIX_CD,ODPS_LOC_IN_WORK_ZONE_CD,ODPS_LOC_ROAD_DIRECTION_CD,ODPS_LOC_ROAD_NME,ODPS_LOC_ROAD_SUFFIX_CD,ODPS_LOC_ROUTE_ID,ODPS_LOC_ROUTE_PREFIX_CD,ODPS_LOC_ROUTE_SUFFIX_CD,ODPS_MILEPOST_REFERENCE,ODPS_MOTORCYCLE_IND,ODPS_REF_DIR_SUFFIX_CD,ODPS_REF_DIRECTION_CD,ODPS_REF_GIVEN,ODPS_REF_POINT_USED_CD,ODPS_REF_ROUTE_ID,ODPS_REF_ROUTE_PREFIX_CD,ODPS_REF_ROUTE_SUFFIX_CD,ODPS_REF_SUFFIX_CD,ODPS_SCHOOL_ZONE_IND,ODPS_SENIOR_DRIVER_IND,ODPS_SPEED_IND,ODPS_TOTAL_FATALITIES_NBR,ODPS_TYPE_OF_WORK_ZONE_CD,ODPS_WORK_ZONE_IND,OPER_ACCESS_CONTROL_CD,POSSIBLE_INJURIES_NBR,ROAD_COND_PRIMARY_CD,ROAD_CONTOUR_CD,SA_RAMP_ID,SA_SEGMENT_ID,SECONDARY_CRASH,STATE_TRUE_LOG_NBR,U1_AGE_NBR,U1_AT_FAULT_IND,U1_CONT_CIR_PRIMARY_CD,U1_DIRECTION_FROM_CD,U1_DIRECTION_TO_CD,U1_DISTRACTED_BY_1_CD,U1_GENDER_CD,U1_IS_ALCOHOL_SUSPECTED,U1_IS_MARIJUANA_SUSPECTED,U1_IS_OTHER_DRUG_SUSPECTED,U1_NON_MOTORIST_LOC_CD,U1_NUMBER_OF_THRU_LANES,U1_OBJECT_STRUCK,U1_ODPS_UNIT_NBR,U1_OPERATINGIN_AUTONOMOUS_MODE,U1_POSTED_SPEED_NBR,U1_PRECRASH_ACTION_CD,U1_SEQ_OF_EVENTS_1_CD,U1_SEQ_OF_EVENTS_2_CD,U1_SEQ_OF_EVENTS_3_CD,U1_SEQ_OF_EVENTS_4_CD,U1_SEQ_OF_EVENTS_5_CD,U1_SEQ_OF_EVENTS_6_CD,U1_SPECIAL_FUNCTION_CD,U1_TRAFFIC_CONTROL_CD,U1_TURN_CD,U1_TYPE_OF_UNIT_CD,U1_UNIT_SPEED_NBR,U2_AGE_NBR,U2_CONT_CIR_PRIMARY_CD,U2_DIRECTION_FROM_CD,U2_DIRECTION_TO_CD,U2_DISTRACTED_BY_1_CD,U2_GENDER_CD,U2_NON_MOTORIST_LOC_CD,U2_ODPS_UNIT_NBR,U2_POSTED_SPEED_NBR,U2_PRECRASH_ACTION_CD,U2_SEQ_OF_EVENTS_1_CD,U2_SEQ_OF_EVENTS_2_CD,U2_SEQ_OF_EVENTS_3_CD,U2_SEQ_OF_EVENTS_4_CD,U2_SEQ_OF_EVENTS_5_CD,U2_SEQ_OF_EVENTS_6_CD,U2_SPECIAL_FUNCTION_CD,U2_TRAFFIC_CONTROL_CD,U2_TURN_CD,U2_TYPE_OF_UNIT_CD,U2_UNIT_SPEED_NBR,U3_CONT_CIR_PRIMARY_CD,U3_ODPS_UNIT_NBR,U3_PRECRASH_ACTION_CD,U3_SEQ_OF_EVENTS_1_CD,U3_SEQ_OF_EVENTS_2_CD,U3_SEQ_OF_EVENTS_3_CD,U3_SEQ_OF_EVENTS_4_CD,U3_SEQ_OF_EVENTS_5_CD,U3_SEQ_OF_EVENTS_6_CD,U3_SPECIAL_FUNCTION_CD,U3_TRAFFIC_CONTROL_CD,U3_TYPE_OF_UNIT_CD,UNRESTRAIN_OCCUPANTS,WEATHER_COND_CD,V1,clean_Narrative,BERT_predictions,BERT_prediction_probabilities,RoBERTa_predictions,RoBERTa_predictions_probabilities,distilBERT_predictions,distilBERT_predictions_probabilities
1810,1810,203178757,"driver of unit #1 stated driver of unit #2 drifted over into his lane of travel where they made contact and went off the road to the left. driver of unit #2 stated driver of unit #1 hydro planed causing him to loose control and make contact with unit #2 forcing both unit's off the road. due to lack of independent witnesses, reporting officer was unable to determine the at fault driver or issue a citation.",20203178757,2020,O,10/1/2020 0:00,6,CFRACR00067**C,C,FRA,0.426,40.065383,-83.096666,18000,19234.0,10/21/2020 0:00,5,4,N,,N,N,7.0,1,0,,f31726c5-f2d1-4658-a8e2-52769de57f26,99a17eee-3a53-4876-bb6b-3ccd8d67e433,N,0.426,CFRACR00067**C,N,4,200794332,4,10,,5,0,2,COLUMBUS,1,W,N,N,4.0,N,0.008,CR,Y,,N,COLUMBUS,N,,0,,Bethel,RD,,,,,N,,,Hayden,1,,,,RD,N,N,N,0,0,N,,0,2,4,,51194.0,N,0.426,24,N,22,3,4,1,M,N,N,N,0,4,0,1,0,45,1,20,9,0,0,0,0,1,6,NT,3,40,21.0,22.0,3.0,4.0,1.0,M,,2.0,45.0,1.0,20.0,9.0,,,,,1.0,6.0,NT,1.0,35.0,,,,,,,,,,,,,0,4,14655.0,"driver unit1 stated driver unit2 drifted travel made contact went left . driver unit2 stated driver unit1 hydro planed causing loose control make contact unit2 forcing unit 's . due lack independent witnesses , reporting officer unable determine fault driver issue citation .",O,"[0.9998959302902222, 0.00010065124661196023, 3.493065833026776e-06]",C,"[0.01239821221679449, 0.9862452745437622, 0.001356549677439034]",O,"[1.0, 1.0788440704345703e-05, 1.3113021850585938e-06]"
1811,1811,203180230,"the driver/donna slars of unit #1 stated while traveling west on ir-480 near warrensville center rd. unit #1 started to hydro planed. unit #1 lost control and ran of the road to the left, striking the concert barrier. the driver of unit #1 was transported to south pointe hospital for treatment.",20203180230,2020,AB,10/1/2020 0:00,12,SCUYIR00480**C,S,CUY,23.86,41.424745,-81.537856,80990,17668.0,10/21/2020 0:00,13,4,N,2.0,Y,Y,1.0,6,0,20600.0,,,Y,23.86,SCUYIR00480**C,N,3,20202897,1,10,N,0,1,1,WARRENSVILLE HEIGHTS,1,W,Y,N,7.0,Y,0.009,,Y,,N,WARRENSVILLE HEIGHTS,N,,0,,,,480,IR,,,N,,,WARRENSVILLE CENTER,1,,,,RD,N,N,N,0,0,N,1.0,0,2,2,,54083.0,N,26.164,22,Y,99,3,4,1,F,N,N,N,0,4,35,1,2,60,1,9,35,0,0,0,0,1,6,NT,1,50,,,,,,,,,,,,,,,,,,,,,,,,,,,,,,,,,,0,4,15416.0,"driver donna slars unit1 stated traveling ir near warrensville center unit1 started hydro planed . unit1 lost control ran left , striking concert barrier . driver unit1 transported pointe hospital treatment .",C,"[0.31245967745780945, 0.6469231247901917, 0.040617186576128006]",C,"[7.593333521072054e-06, 0.9999910593032837, 1.347234729109914e-06]",C,"[0.0013036727905273438, 0.998046875, 0.0006551742553710938]"
1812,1812,203191483,both units were traveling south on sr-21 near the dorothy road overpass in the right lane. unit #2 attempted to pass unit #1 using the left lane and hit some water causing unit #2 to hydro plane. unit #2 then struck unit #1 causing both units to spin out and come to rest in the median.,20203191483,2020,O,10/1/2020 0:00,4,SSUMSR00021**N,S,SUM,1.776,41.013925,-81.664261,57260,766.0,10/29/2020 0:00,5,5,N,2.0,N,Y,2.0,21,0,,,,N,1.78,SSUMSR00021**C,N,5,22010150,4,10,N,3,0,2,NORTON,1,S,Y,N,4.0,N,0.057,,Y,,N,NORTON,N,,0,,STATE ROUTE 21 S,,21,SR,,,N,,,DOROTHY,1,,,,RD,N,N,N,0,0,N,1.0,0,2,1,,183210.0,N,30.541,22,Y,1,1,2,1,F,N,N,N,0,2,0,2,2,60,3,20,9,0,0,0,0,1,6,NT,1,60,22.0,1.0,1.0,2.0,1.0,M,,1.0,60.0,1.0,20.0,9.0,,,,,1.0,6.0,NT,1.0,50.0,,,,,,,,,,,,,0,4,20540.0,units traveling sr near dorothy overpass . unit2 attempted pass unit1 using left hit water causing unit2 hydro plane . unit2 struck unit1 causing units spin come rest median .,O,"[0.999808132648468, 0.0001831479457905516, 8.65257879922865e-06]",O,"[0.7677724361419678, 0.22325994074344635, 0.008967586793005466]",O,"[0.994140625, 0.0057525634765625, 0.00024020671844482422]"
1813,1813,203199539,unit one and unit two were both northbound on sr315 near mile marker 4. unit one attempted to brake for standing water and hydro planed into unit two and then struck the cement barrier. no damage to unit two and no injuries reported when asked by officer.,20203199539,2020,O,11/1/2020 0:00,6,SFRASR00315**N,S,FRA,3.463,39.9955,-83.024706,18000,19234.0,11/15/2020 0:00,5,1,N,2.0,N,Y,2.0,6,0,34100.0,,,N,3.466,SFRASR00315**C,N,2,200861045,4,11,N,2,0,2,COLUMBUS,1,,Y,N,6.0,N,0.0,,Y,,N,COLUMBUS,N,,0,,,,315,SR,,4.0,N,,,4,2,,,,,N,N,N,0,0,N,1.0,0,2,3,,329318.0,N,3.463,19,Y,15,2,1,1,M,N,N,N,0,3,0,1,0,55,1,20,0,0,0,0,0,1,6,NT,1,55,28.0,1.0,2.0,1.0,1.0,M,,2.0,55.0,1.0,20.0,,,,,,14.0,6.0,NT,14.0,55.0,,,,,,,,,,,,,0,4,23557.0,unit1 unit2 near mile marker . unit1 attempted brake standing water hydro planed unit2 struck cement barrier . damage unit2 injuries reported asked officer .,O,"[1.0, 5.898859711805926e-08, 1.7998329937540802e-08]",O,"[1.0, 5.854363521740069e-11, 1.5671002296930962e-14]",O,"[1.0, 0.0, 0.0]"
1814,1814,203204149,unit 1 was traveling nb on 77 near the 137a when it hydro planed and went off the right side of the roadway into trees.,20203204149,2020,O,11/1/2020 0:00,4,SSUMIR00077**C,S,SUM,22.846,41.130309,-81.651855,18658,766.0,11/15/2020 0:00,17,1,N,2.0,Y,Y,1.0,8,0,,,,Y,22.846,SSUMIR00077**C,N,2,22011064,1,11,N,1,0,1,COPLEY TOWNSHIP,1,S,Y,N,6.0,Y,0.057,,N,,N,COPLEY TOWNSHIP,N,,0,N,77,HWY,77,IR,,137.0,N,,,137,2,,,,,N,N,N,0,0,N,1.0,0,2,2,,91298.0,N,136.368,30,Y,1,2,1,1,F,N,N,N,0,3,0,1,2,65,1,8,0,0,0,0,0,1,6,NT,1,60,,,,,,,,,,,,,,,,,,,,,,,,,,,,,,,,,,0,4,25659.0,unit1 traveling near 137a hydro planed went side roadway trees .,O,"[0.9999994039535522, 4.4034368329448625e-07, 6.592394896642872e-08]",O,"[0.9242749810218811, 0.06939434260129929, 0.006330622360110283]",O,"[1.0, 7.605552673339844e-05, 1.150369644165039e-05]"
1815,1815,203205520,unit 1 hydro planed and went of the road right. unit 1 rolled at least twice.,20203205520,2020,AB,11/1/2020 0:00,12,CCUYCR00051**C,C,CUY,6.7,41.40736,-81.414722,5550,17668.0,11/22/2020 0:00,16,1,N,,Y,N,4.0,14,1,,,,N,6.7,CCUYCR00051**C,N,1,20200834,4,11,,0,0,1,BENTLEYVILLE,1,W,N,N,2.0,N,0.019,SR,N,,N,BENTLEYVILLE,N,,0,,I 480 W,,480,IR,,,N,,,STATE ROUTE 21 W,1,21,SR,,,N,N,N,0,0,N,,0,2,2,,52893.0,N,6.7,31,Y,1,3,4,1,F,N,N,N,0,3,0,1,2,60,1,8,1,0,0,0,0,1,6,NT,3,60,,,,,,,,,,,,,,,,,,,,,,,,,,,,,,,,,,0,4,26071.0,unit1 hydro planed went . unit1 rolled least twice .,O,"[0.999998927116394, 9.002345677799894e-07, 1.0390376559143988e-07]",O,"[0.9455029368400574, 0.05432267487049103, 0.00017435378686059266]",O,"[1.0, 2.753734588623047e-05, 4.589557647705078e-06]"
1816,1816,203211918,"unit #1 was northbound on i-270 north of morse rd. driver #1 stated that he hit standing water and hydro planed, and spun across the northbound lanes and struck the guard rail in the center median. no injuries were reported.",20203211918,2020,O,11/1/2020 0:00,6,SFRARA25460**C,S,FRA,1.856,40.054329,-82.903279,18000,19234.0,11/25/2020 0:00,13,4,N,4.0,Y,Y,2.0,9,0,30400.0,,,N,1.856,SFRARA25460**C,N,1,200886119,4,11,,2,0,1,COLUMBUS,1,N,N,N,,N,0.2,,N,,N,COLUMBUS,N,,0,,I 270 N,,270,IR,,,N,,,MORSE,1,,,,RD,N,N,N,0,0,N,1.0,0,2,2,,,N,1.856,48,Y,99,2,1,1,M,N,N,N,0,8,30,1,2,65,3,9,30,0,0,0,0,1,6,NT,1,60,,,,,,,,,,,,,,,,,,,,,,,,,,,,,,,,,,0,4,28759.0,"unit1 morse driver stated hit standing water hydro planed , spun across lanes struck guard rail center median . injuries reported .",O,"[1.0, 4.912904216780589e-08, 1.3648212338068788e-08]",O,"[1.0, 5.613340348098461e-10, 3.10751831168396e-13]",O,"[1.0, 0.0, 0.0]"
1817,1817,203218631,"unit # 1 was traveling east on ir 480 near mile marker 21.6 in the middle inside lane. unit # 2 was traveling east on ir 480 near mile marker 21.6 in the middle inside lane after control was regained. unit # 2 lost control after hydro planing from the inside lane. as a result, the front of unit # 1 collided with the rear of unit # 2. both units were moved from final rest and were parked in the inside lane facing east near mile marker 21.6 upon arrival.",20203218631,2020,O,12/1/2020 0:00,12,SCUYIR00480**C,S,CUY,19.291,41.410439,-81.621101,29428,17668.0,12/4/2020 0:00,2,6,N,2.0,N,Y,1.0,14,0,,6d54237d-88ff-4d9d-89de-7cb2b6e4f983,5c9f36c7-0611-4808-a064-90eeb415025a,Y,19.291,SCUYIR00480**C,N,1,20203648,1,12,N,2,0,2,GARFIELD HEIGHTS,1,,Y,N,8.0,Y,0.0,,Y,,N,GARFIELD HEIGHTS,N,,4,,,HWY,480,IR,,21.6,N,,,21 6,2,,,,,N,N,N,0,3,Y,1.0,0,1,1,,39773.0,N,21.595,35,Y,8,4,3,1,M,N,N,N,0,4,0,1,2,55,1,20,0,0,0,0,0,1,6,NT,4,55,24.0,99.0,4.0,3.0,1.0,F,,2.0,55.0,11.0,20.0,,,,,,1.0,6.0,NT,1.0,50.0,,,,,,,,,,,,,0,2,31750.0,"unit1 traveling near mile marker . middle inside . unit2 traveling near mile marker . middle inside control regained . unit2 lost control hydro planing inside . result , front unit1 collided rear unit2 . units moved final rest parked inside facing near mile marker . upon arrival .",O,"[0.9999947547912598, 4.850361165154027e-06, 3.9967579823496635e-07]",C,"[0.2067164033651352, 0.7886936068534851, 0.004590079188346863]",O,"[0.5263671875, 0.4462890625, 0.02734375]"
1818,1818,203223215,unit #2 was traveling eastbound on i-480 in lane #2 just before the transportation overpass when she was struck on the driver side rear of her vehicle by unit #1. driver of unit #1 stated he was traveling eastbound behind unit #2 when he hydro planed due to standing water. his vehicle then struck unit #2 with he believes his front right bumper.,20203223215,2020,O,12/1/2020 0:00,12,SCUYIR00480**C,S,CUY,19.449,41.410958,-81.618125,29428,17668.0,12/12/2020 0:00,5,7,N,2.0,N,Y,1.0,16,0,20200.0,,,Y,19.449,SCUYIR00480**C,N,2,20203733,1,12,N,4,0,2,GARFIELD HEIGHTS,1,E,Y,N,8.0,Y,0.047,,N,,N,GARFIELD HEIGHTS,N,,0,,,,480,IR,,21.6,N,,,21 6,2,,,,,N,N,N,0,0,N,1.0,0,2,1,,39773.0,N,21.753,55,Y,99,4,3,1,M,N,N,N,0,4,0,1,2,55,1,20,0,0,0,0,0,1,6,NT,4,50,55.0,1.0,4.0,3.0,1.0,F,,2.0,55.0,1.0,20.0,,,,,,1.0,6.0,NT,1.0,50.0,,,,,,,,,,,,,0,4,33895.0,unit2 traveling transportation overpass struck driver side rear vehicle unit1 . driver unit1 stated traveling behind unit2 hydro planed due standing water . vehicle struck unit2 believes front bumper .,O,"[0.9999523162841797, 4.508092024479993e-05, 2.6699308364186436e-06]",O,"[0.999998927116394, 9.798867495192098e-07, 1.1317532511156969e-07]",O,"[1.0, 5.185604095458984e-06, 2.384185791015625e-07]"
1819,1819,203232832,unit #1 was s/b i-270 (local lanes) s/o 161 in lane # 3 when she lost control (raining and she hydro planed) striking the left wall with her vehicle. driver complained of right shoulder pain and was transported by c.f.d. medic #28 to mt carmel east where she was treated for her injury. driver of unit #1 was also cited for failure to control for the accident.,20203232832,2020,AB,11/1/2020 0:00,6,TFRATR00182**C,T,FRA,0.483,40.069328,-82.90835,6922,19234.0,11/25/2020 0:00,13,4,N,,Y,N,7.0,9,0,,3fa4641c-ddc2-4bde-befe-95f564f354f8,b92234f7-0d15-4e43-a91f-d9b7920953c5,N,0.483,TFRATR00182**C,N,1,200886104,3,11,,0,1,1,BLENDON TOWNSHIP,1,S,N,N,2.0,N,0.5,MR,N,,N,BLENDON TOWNSHIP,N,,0,,I 270 S,,270,IR,,,N,,,STATE ROUTE 161 S,1,161,SR,,,N,N,N,0,0,N,,0,2,1,,302724.0,N,0.483,59,Y,99,1,2,1,F,N,N,N,0,3,35,1,0,65,1,35,0,0,0,0,0,1,6,NT,1,55,,,,,,,,,,,,,,,,,,,,,,,,,,,,,,,,,,0,4,38242.0,unit1 lost control striking left wall vehicle . driver complained shoulder pain transported c.f.d . medic mt carmel treated injury . driver unit1 also cited failure control accident .,C,"[0.004110387526452541, 0.9765769839286804, 0.019312690943479538]",C,"[5.034269747739017e-07, 0.9999810457229614, 1.8493923562346026e-05]",C,"[0.0012578964233398438, 0.998046875, 0.0004949569702148438]"
1820,1820,205008130,unit 1 was northbound on sr 7. unit 1 hydro planed and traveled off the left side of the roadway and struck the embankment. unit 1 spun out and struck the embankment a second time and became disabled in the roadway.,20205008130,2020,C,1/1/2020 0:00,11,SBELSR00007**C,S,BEL,2.544,39.87586,-80.796056,86996,99999.0,1/18/2020 0:00,13,7,N,2.0,Y,N,3.0,12,0,,,,N,2.544,SBELSR00007**C,N,1,07-0042-07,1,1,N,0,0,1,YORK TOWNSHIP,1,S,N,N,2.0,Y,0.5,,N,,N,YORK TOWNSHIP,N,,0,,,,7,SR,,3.0,N,,,3,2,,,,,N,N,N,0,0,N,3.0,1,2,2,,180431.0,N,172.144,44,Y,11,2,1,1,M,N,N,N,0,2,45,1,0,35,1,11,9,45,0,0,0,1,6,NT,4,35,,,,,,,,,,,,,,,,,,,,,,,,,,,,,,,,,,0,4,50748.0,unit1 . unit1 hydro planed traveled left side roadway struck embankment . unit1 spun struck embankment second time became disabled roadway .,O,"[0.9999831914901733, 1.558466647111345e-05, 1.1558583992155036e-06]",O,"[0.9885427951812744, 0.011195195838809013, 0.00026193109806627035]",O,"[1.0, 1.150369644165039e-05, 1.0728836059570312e-06]"
1821,1821,205020243,"unit #1 was traveling southbound on interstate route 275, unit #1 hydro planed, traveled off the right side of the roadway, and struck a guardrail.",20205020243,2020,O,2/1/2020 0:00,8,SCLEIR00275**C,S,CLE,8.23,39.130507,-84.268906,78288,16885.0,2/5/2020 0:00,13,4,N,2.0,Y,Y,1.0,19,0,,,,Y,8.23,SCLEIR00275**C,N,4,13-0213-13,1,2,N,1,0,1,UNION TOWNSHIP,1,S,Y,N,6.0,Y,0.2,,Y,,N,UNION TOWNSHIP,N,,0,,,,275,IR,,61.0,N,,,61,2,,,,,N,N,N,0,0,N,1.0,0,2,2,,91412.0,N,60.897,25,Y,11,1,2,1,M,N,N,N,0,3,30,1,0,65,1,8,30,0,0,0,0,1,6,NT,1,65,,,,,,,,,,,,,,,,,,,,,,,,,,,,,,,,,,0,4,53979.0,"unit1 traveling interstate , unit1 hydro planed , traveled side roadway , struck guardrail .",O,"[0.9999953508377075, 4.295111466490198e-06, 3.2723522735977895e-07]",O,"[0.9970857501029968, 0.0027677484322339296, 0.00014658614236395806]",O,"[1.0, 4.827976226806641e-06, 1.7881393432617188e-07]"
1822,1822,205021615,"unit #1 was negotiating a curve, northbound on state route 232. unit #1 hydro planed, traveled off the right side of the roadway, and struck a guardrail.",20205021615,2020,O,2/1/2020 0:00,8,SCLESR00232**C,S,CLE,0.6,38.895564,-84.22239,51338,99999.0,2/9/2020 0:00,13,1,N,2.0,Y,N,5.0,17,0,,,,N,0.6,SCLESR00232**C,N,4,13-0253-13,1,2,,1,0,1,MONROE TOWNSHIP,1,N,N,N,2.0,Y,0.4,,N,,N,MONROE TOWNSHIP,N,,0,,,,232,SR,,1.0,N,,,1,2,,,,,N,N,Y,0,0,N,3.0,0,2,4,,297700.0,N,0.6,35,Y,5,4,1,1,F,N,N,N,0,2,30,1,0,55,13,8,30,0,0,0,0,1,6,LT,3,40,,,,,,,,,,,,,,,,,,,,,,,,,,,,,,,,,,0,2,54355.0,"unit1 negotiating curve , state . unit1 hydro planed , traveled side roadway , struck guardrail .",O,"[0.9999850988388062, 1.3978214155940805e-05, 8.941275950746785e-07]",O,"[0.9568797945976257, 0.03963984549045563, 0.003480353858321905]",O,"[1.0, 1.5497207641601562e-06, 1.1920928955078125e-07]"
1823,1823,205024491,"unit #1 was traveling southbound on laurel lindale road. unit #1 came around a right curve, hydro planed, and travled off the left side of the roadway, striking a tree.",20205024491,2020,O,2/1/2020 0:00,8,CCLECR00067**C,C,CLE,4.337,38.971147,-84.202358,51338,99999.0,2/11/2020 0:00,13,3,N,,Y,N,6.0,14,0,,,,N,4.337,CCLECR00067**C,N,1,13-0268-13,2,2,,1,0,1,MONROE TOWNSHIP,1,S,N,N,2.0,N,0.2,,N,,N,MONROE TOWNSHIP,N,,0,,LAUREL LINDALE,RD,,,,,N,,,12 MILE,1,,,,RD,N,N,N,0,0,N,,0,2,4,,53323.0,N,4.337,34,Y,11,1,2,1,M,N,N,N,0,2,48,1,0,55,13,9,48,0,0,0,0,1,6,NT,4,25,,,,,,,,,,,,,,,,,,,,,,,,,,,,,,,,,,0,2,54974.0,"unit1 traveling laurel lindale . unit1 came around curve , hydro planed , travled left side roadway , striking tree .",O,"[0.9999990463256836, 8.636130814920762e-07, 8.002565721199062e-08]",O,"[0.9231244325637817, 0.07502822577953339, 0.001847349340096116]",O,"[1.0, 0.0, 0.0]"
1824,1824,205042809,unit 1 was traveling in the middle lane on ir 70 eastbound. the driver said that her car started to hydro plane. unit 1 went off the right side of the road and struck the embankment.,20205042809,2020,O,3/1/2020 0:00,7,SMOTIR00070**C,S,MOT,13.326,39.864143,-84.243306,10618,22528.0,3/10/2020 0:00,13,3,N,2.0,Y,Y,1.0,8,0,,,,Y,13.326,SMOTIR00070**C,N,1,57-0221-57,1,3,N,1,0,1,BUTLER TOWNSHIP,1,W,Y,N,6.0,Y,0.001,,N,,N,BUTLER TOWNSHIP,N,,0,,,,70,IR,,31.0,N,,,31,2,,,,,N,N,N,0,0,N,1.0,0,2,2,,56607.0,N,30.986,41,Y,11,4,3,1,F,N,N,N,0,3,45,1,1,65,1,8,45,0,0,0,0,1,6,NT,1,60,,,,,,,,,,,,,,,,,,,,,,,,,,,,,,,,,,0,4,58961.0,unit1 traveling middle . driver said car started hydro plane . unit1 went side struck embankment .,O,"[0.9999977350234985, 1.973461166926427e-06, 2.154457519054631e-07]",O,"[0.9917575716972351, 0.007860912941396236, 0.0003815708332695067]",O,"[0.994140625, 0.00475311279296875, 0.0007004737854003906]"
1825,1825,205048859,"unit 1 was northbound on upper valley pike. unit 1 drove through standing water on the roadway, hydro planned, and struck a pole.",20205048859,2020,O,3/1/2020 0:00,7,CCLACR00327**C,C,CLA,2.233,39.955759,-83.847994,29862,83980.0,3/20/2020 0:00,13,6,N,,Y,N,5.0,4,0,,,,N,2.233,CCLACR00327**C,N,4,12-0282-12,2,3,,1,0,1,GERMAN TOWNSHIP,1,S,N,N,2.0,N,0.25,TR,N,,N,GERMAN TOWNSHIP,N,,0,,UPPER VALLEY,PIKE,,,,,N,,,FOX HOLLOW,1,,,,RD,N,N,Y,0,0,N,,0,2,1,,31614.0,N,2.233,32,Y,5,2,1,1,M,N,N,N,0,2,40,1,0,45,1,9,40,0,0,0,0,1,6,NT,4,40,,,,,,,,,,,,,,,,,,,,,,,,,,,,,,,,,,0,4,60218.0,"unit1 upper valley pike . unit1 drove standing water roadway , hydro planned , struck pole .",O,"[0.9999966621398926, 2.9870982416468905e-06, 3.247423592256382e-07]",O,"[1.0, 2.512239838381447e-08, 1.4382778301680332e-09]",O,"[1.0, 0.0, 0.0]"
1826,1826,205098623,unit 1 was westbound on ir 70. unit 1 hydro planed and traveled off the left side of the roadway and struck the median concrete barrier.,20205098623,2020,C,6/1/2020 0:00,11,SBELIR00070**C,S,BEL,19.907,40.072349,-80.869745,66628,94726.0,6/23/2020 0:00,13,3,N,2.0,Y,Y,1.0,15,0,,b42ee0c4-3210-4f60-b0ee-49bcf897805b,a9295054-e6f0-4d29-a63c-daf420655c60,Y,19.907,SBELIR00070**C,Y,1,07-0412-07,1,6,N,0,0,1,RICHLAND TOWNSHIP,1,W,Y,N,5.0,Y,0.4,,Y,,N,RICHLAND TOWNSHIP,N,,0,,,,70,IR,,219.0,N,,,219,2,,,,,N,N,Y,0,0,N,1.0,1,2,4,,45235.0,N,218.526,24,Y,5,3,4,1,M,N,N,N,0,3,35,1,0,65,13,9,35,0,0,0,0,1,6,NT,14,65,,,,,,,,,,,,,,,,,,,,,,,,,,,,,,,,,,0,4,55561.0,unit1 . unit1 hydro planed traveled left side roadway struck median concrete barrier .,O,"[0.9999840259552002, 1.5273031749529764e-05, 7.671976618439658e-07]",O,"[0.9907551407814026, 0.00915173813700676, 9.309137385571375e-05]",O,"[1.0, 0.00023424625396728516, 1.0609626770019531e-05]"
1827,1827,205102034,"unit 1 was southbound on interstate 71 and hydro planned, spun out and struck the cable barrier in the median.",20205102034,2020,O,6/1/2020 0:00,6,SMRWIR00071**N,S,MRW,5.109,40.418504,-82.821054,33600,99999.0,6/26/2020 0:00,13,6,N,2.0,Y,Y,1.0,19,0,,,,Y,5.104,SMRWIR00071**C,N,1,59-0610-59,1,6,N,1,0,1,HARMONY TOWNSHIP,1,S,Y,N,6.0,Y,0.1,,Y,,N,BENNINGTON TOWNSHIP,N,,0,,,,71,IR,,143.4,N,,,143 4,2,,,,,N,N,Y,0,0,N,1.0,0,2,3,,91055.0,N,143.282,18,Y,5,5,8,1,M,N,N,N,0,3,33,1,0,70,1,9,33,0,0,0,0,1,6,NT,3,75,,,,,,,,,,,,,,,,,,,,,,,,,,,,,,,,,,0,4,56658.0,"unit1 interstate hydro planned , spun struck cable barrier median .",O,"[0.9999384880065918, 5.9094065363751724e-05, 2.348460611756309e-06]",O,"[0.9999856948852539, 1.4146959074423648e-05, 1.6842872696543054e-07]",O,"[1.0, 0.00010073184967041016, 7.867813110351562e-06]"
1828,1828,205112894,unit#1 was traveling westbound on ir. 70. unit #1 hydro planed then slid off the right side of the roadway and struck a guardrail.,20205112894,2020,O,7/1/2020 0:00,7,SCLAIR00070**N,S,CLA,1.36,39.864799,-84.026704,6054,99999.0,7/12/2020 0:00,13,1,N,2.0,Y,Y,1.0,9,0,,,,Y,1.36,SCLAIR00070**C,N,1,12-0609-12,1,7,N,1,0,1,BETHEL TOWNSHIP,1,W,Y,N,6.0,Y,0.5,,Y,,N,BETHEL TOWNSHIP,N,,0,,,,70,IR,,43.0,N,,,43,2,,,,,N,N,Y,0,0,N,1.0,0,2,1,,39400.0,N,42.564,23,Y,5,3,4,1,M,N,N,N,0,3,30,1,0,70,1,8,30,0,0,0,0,1,6,NT,1,65,,,,,,,,,,,,,,,,,,,,,,,,,,,,,,,,,,0,4,59176.0,unit1 traveling ir . . unit1 hydro planed slid side roadway struck guardrail .,O,"[0.9999995231628418, 4.4968868451178423e-07, 4.907872508397304e-08]",O,"[0.9999984502792358, 1.5180002037595841e-06, 1.8039612470488464e-08]",O,"[1.0, 0.0, 0.0]"
1829,1829,205128228,unit # 1 was traveling northbound on interstate 75 near mile post 26. unit # 1 hydro planed while changing lanes and lost control of the vehicle. unit # 1 drove off the right side of roadway and struck a ditch.,20205128228,2020,O,8/1/2020 0:00,8,SBUTIR00075**C,S,BUT,8.531,39.398858,-84.360554,43050,16885.0,8/1/2020 0:00,13,7,N,2.0,Y,Y,1.0,20,0,,,,Y,8.531,SBUTIR00075**C,N,4,09-0312-09,1,8,N,2,0,1,LIBERTY TOWNSHIP,1,N,Y,N,8.0,Y,0.001,,Y,,N,LIBERTY TOWNSHIP,N,,0,,,,75,IR,,26.0,N,,,26,2,,,,,N,N,Y,0,0,N,1.0,0,2,1,,81197.0,N,26.011,22,Y,5,2,1,1,M,N,N,N,0,4,44,1,0,65,3,8,44,0,0,0,0,1,6,NT,1,65,,,,,,,,,,,,,,,,,,,,,,,,,,,,,,,,,,0,4,62732.0,unit1 traveling interstate near mile post . unit1 hydro planed changing lanes lost control vehicle . unit1 drove side roadway struck ditch .,O,"[0.9999481439590454, 4.885079397354275e-05, 3.0244691515690647e-06]",O,"[0.9984595775604248, 0.0014871038729324937, 5.3356445278041065e-05]",O,"[1.0, 5.960464477539062e-07, 5.960464477539063e-08]"