,id,OBJECTID,Narrative,DOCUMENT_NBR,CRASH_YR,CRASH_SEVERITY_CD,CRASH_MONTH_YEAR,DISTRICT_NBR,NLFID,NLF_JUR_CD,NLF_COUNTY_CD,COUNTY_LOG_NBR,ODOT_LATITUDE_NBR,ODOT_LONGITUDE_NBR,ODOT_FIPS_CD,AREA_CODE,CRASH_DATE,CRASH_TYPE_CD,DAY_IN_WEEK_CD,DISTRACTED_DRIVER_IND,FACILITY_TYPE_CD,FHWA_RDWY_DEPARTURE_IND,FREEWAY_IND,FUNCTIONAL_CLASS_CD,HOUR_OF_CRASH,INCAPAC_INJURIES_NBR,INTERCHANGE_ID,INTERSECTION_ID_CURRENT,INTERSECTION_LEG_ID,INTERSTATE_IND,INV_LOG_NBR,INV_NLFID,IS_COMMERCIAL_RELATED,LIGHT_COND_PRIMARY_CD,LOCAL_REPORT_NUMBER_ID,MAINTENANCE_AUTHORITY_CD,MONTH_OF_CRASH,NHS_CD,NO_INJURY_REPORTED_NBR,NON_INCAPAC_INJURIES_NBR,NUMBER_OF_UNITS_NBR,ODOT_CITY_VILLAGE_TWP_NME,ODOT_CRASH_LOCATION_CD,ODOT_DIR_FROM_REF_CD,ODOT_DIV_UNDIV_IND,ODOT_INTERSECTION_REL_IND,ODOT_LANES_NBR,ODOT_MAINTAINED_HWY_IND,ODOT_MILES_FROM_REF_NBR,ODOT_REF_ROUTE_PREFIX_CD,ODOT_YOUNG_DRIVER_IND,ODPS_ADDRESS_REFERENCE,ODPS_ALCOHOL_IND,ODPS_CITY_VILLAGE_TWP_NME,ODPS_DRUG_IND,ODPS_LOC_DIR_SUFFIX_CD,ODPS_LOC_IN_WORK_ZONE_CD,ODPS_LOC_ROAD_DIRECTION_CD,ODPS_LOC_ROAD_NME,ODPS_LOC_ROAD_SUFFIX_CD,ODPS_LOC_ROUTE_ID,ODPS_LOC_ROUTE_PREFIX_CD,ODPS_LOC_ROUTE_SUFFIX_CD,ODPS_MILEPOST_REFERENCE,ODPS_MOTORCYCLE_IND,ODPS_REF_DIR_SUFFIX_CD,ODPS_REF_DIRECTION_CD,ODPS_REF_GIVEN,ODPS_REF_POINT_USED_CD,ODPS_REF_ROUTE_ID,ODPS_REF_ROUTE_PREFIX_CD,ODPS_REF_ROUTE_SUFFIX_CD,ODPS_REF_SUFFIX_CD,ODPS_SCHOOL_ZONE_IND,ODPS_SENIOR_DRIVER_IND,ODPS_SPEED_IND,ODPS_TOTAL_FATALITIES_NBR,ODPS_TYPE_OF_WORK_ZONE_CD,ODPS_WORK_ZONE_IND,OPER_ACCESS_CONTROL_CD,POSSIBLE_INJURIES_NBR,ROAD_COND_PRIMARY_CD,ROAD_CONTOUR_CD,SA_RAMP_ID,SA_SEGMENT_ID,SECONDARY_CRASH,STATE_TRUE_LOG_NBR,U1_AGE_NBR,U1_AT_FAULT_IND,U1_CONT_CIR_PRIMARY_CD,U1_DIRECTION_FROM_CD,U1_DIRECTION_TO_CD,U1_DISTRACTED_BY_1_CD,U1_GENDER_CD,U1_IS_ALCOHOL_SUSPECTED,U1_IS_MARIJUANA_SUSPECTED,U1_IS_OTHER_DRUG_SUSPECTED,U1_NON_MOTORIST_LOC_CD,U1_NUMBER_OF_THRU_LANES,U1_OBJECT_STRUCK,U1_ODPS_UNIT_NBR,U1_OPERATINGIN_AUTONOMOUS_MODE,U1_POSTED_SPEED_NBR,U1_PRECRASH_ACTION_CD,U1_SEQ_OF_EVENTS_1_CD,U1_SEQ_OF_EVENTS_2_CD,U1_SEQ_OF_EVENTS_3_CD,U1_SEQ_OF_EVENTS_4_CD,U1_SEQ_OF_EVENTS_5_CD,U1_SEQ_OF_EVENTS_6_CD,U1_SPECIAL_FUNCTION_CD,U1_TRAFFIC_CONTROL_CD,U1_TURN_CD,U1_TYPE_OF_UNIT_CD,U1_UNIT_SPEED_NBR,U2_AGE_NBR,U2_CONT_CIR_PRIMARY_CD,U2_DIRECTION_FROM_CD,U2_DIRECTION_TO_CD,U2_DISTRACTED_BY_1_CD,U2_GENDER_CD,U2_NON_MOTORIST_LOC_CD,U2_ODPS_UNIT_NBR,U2_POSTED_SPEED_NBR,U2_PRECRASH_ACTION_CD,U2_SEQ_OF_EVENTS_1_CD,U2_SEQ_OF_EVENTS_2_CD,U2_SEQ_OF_EVENTS_3_CD,U2_SEQ_OF_EVENTS_4_CD,U2_SEQ_OF_EVENTS_5_CD,U2_SEQ_OF_EVENTS_6_CD,U2_SPECIAL_FUNCTION_CD,U2_TRAFFIC_CONTROL_CD,U2_TURN_CD,U2_TYPE_OF_UNIT_CD,U2_UNIT_SPEED_NBR,U3_CONT_CIR_PRIMARY_CD,U3_ODPS_UNIT_NBR,U3_PRECRASH_ACTION_CD,U3_SEQ_OF_EVENTS_1_CD,U3_SEQ_OF_EVENTS_2_CD,U3_SEQ_OF_EVENTS_3_CD,U3_SEQ_OF_EVENTS_4_CD,U3_SEQ_OF_EVENTS_5_CD,U3_SEQ_OF_EVENTS_6_CD,U3_SPECIAL_FUNCTION_CD,U3_TRAFFIC_CONTROL_CD,U3_TYPE_OF_UNIT_CD,UNRESTRAIN_OCCUPANTS,WEATHER_COND_CD,V1,clean_Narrative,BERT_predictions,BERT_prediction_probabilities,RoBERTa_predictions,RoBERTa_predictions_probabilities,distilBERT_predictions,distilBERT_predictions_probabilities
1847,1847,206141952,unit#1 was traveling west on st rt 16 when unit#1 began to hydro plane on water in the roadway. unit#1 lost control and began to spin striking the center median. unit#1 came to a rest approximately one hundred feet from the beginning of the crash.,20206141952,2020,O,8/1/2020 0:00,5,SLICSR00016**N,S,LIC,21.911,40.060845,-82.38911,54040,61705.0,8/28/2020 0:00,13,6,N,2.0,Y,Y,2.0,18,0,,,,N,21.943,SLICSR00016**C,N,1,20-26371,4,8,N,2,0,1,NEWARK,1,W,Y,N,4.0,N,0.019,,Y,,N,NEWARK,N,,0,,STATE ROUTE 16 W,,16,SR,,,N,,N,CEDAR,1,,,,ST,N,N,Y,0,0,N,1.0,0,2,4,,179681.0,N,34.321,23,Y,5,3,4,1,M,N,N,N,0,2,35,1,0,55,1,9,35,0,0,0,0,1,6,NT,1,60,,,,,,,,,,,,,,,,,,,,,,,,,,,,,,,,,,0,4,77091.0,unit1 traveling unit1 began hydro plane water roadway . unit1 lost control began spin striking center median . unit1 came rest approximately one hundred feet beginning crash .,O,"[0.9999998807907104, 1.0067326883245187e-07, 1.8579010330199708e-08]",O,"[0.9980862140655518, 0.0018556875875219703, 5.8149595133727416e-05]",O,"[0.998046875, 0.0014371871948242188, 0.0001709461212158203]"
1848,1848,206150459,unit 1 was traveling west on s.r. 739 towards s.r. 31. unit 1 hydro planed off the road. unit 1 struck a utility pole (century link) and slid into a corn field.,20206150459,2020,AB,9/1/2020 0:00,6,SUNISR00739**C,S,UNI,15.809,40.463227,-83.443197,81662,99999.0,9/7/2020 0:00,13,2,N,2.0,Y,N,5.0,16,0,,,,N,15.809,SUNISR00739**C,N,2,80-20-284,1,9,,0,1,1,WASHINGTON TOWNSHIP,1,W,N,N,2.0,Y,0.057,,N,19735,Y,WASHINGTON TOWNSHIP,N,,0,,,,739,,,,N,,,,3,,,,,N,N,N,0,0,N,3.0,0,2,3,,200404.0,N,15.809,39,Y,1,5,8,1,M,Y,N,N,0,2,40,1,0,55,1,40,9,0,0,0,0,1,6,NT,1,55,,,,,,,,,,,,,,,,,,,,,,,,,,,,,,,,,,0,4,80479.0,unit1 traveling s.r . towards s.r . . unit1 hydro planed . unit1 struck utility pole slid corn field .,O,"[0.9997395873069763, 0.00023642368614673615, 2.390895679127425e-05]",O,"[0.9999988079071045, 1.175462557512219e-06, 6.965712451290074e-09]",O,"[1.0, 3.5762786865234375e-07, 5.960464477539063e-08]"
1849,1849,206150713,"unit 2 was northbound on i280 in the right through lane at mile post 7.8. unit 1 was northbound on i280 in the left through lane at mile post 7.8. unit 1 was passing unit 2. unit 1 lost control and struck the driver front of unit 2 with the passenger rear of unit 1. the operator of unit 1 stated that his vehicle hydro planed on the wet road. after unit 1 struck unit 2, unit 1 then struck the center concrete median with the driver front and driver rear. as a result of the crash unit 1 and unit 2 had minor damage. both operators of unit 1 and unit 2 did not claim any injury as a result of the crash.",20206150713,2020,O,9/1/2020 0:00,2,SLUCIR00280**C,S,LUC,1.304,41.633072,-83.487813,58730,87868.0,9/8/2020 0:00,5,3,N,2.0,Y,Y,1.0,5,0,60500.0,,,Y,1.304,SLUCIR00280**C,N,3,20200350,1,9,N,2,0,2,OREGON,1,,Y,N,4.0,Y,0.0,,Y,,N,OREGON,N,,0,,,,280,IR,,7.8,N,,,7 8,2,,,,,N,N,Y,0,0,N,1.0,0,2,3,,56957.0,N,7.937,25,Y,5,2,1,1,M,N,N,N,0,2,35,1,0,60,13,35,13,20,9,0,0,1,6,NT,1,65,46.0,1.0,2.0,1.0,1.0,M,,2.0,60.0,13.0,20.0,,,,,,1.0,6.0,NT,3.0,60.0,,,,,,,,,,,,,0,4,80492.0,"unit2 mile post .. unit1 left mile post .. unit1 passing unit2 . unit1 lost control struck driver front unit2 passenger rear unit1 . operator unit1 stated vehicle hydro planed wet . unit1 struck unit2 , unit1 struck center concrete median driver front driver rear . result crash unit1 unit2 minor damage . operators unit1 unit2 claim injury result crash .",O,"[0.9999982118606567, 1.6459168818983017e-06, 9.49600789112992e-08]",O,"[1.0, 5.981096951046538e-09, 4.030031516832899e-11]",O,"[1.0, 3.319978713989258e-05, 1.1324882507324219e-06]"
1850,1850,206177568,"on october 19, 2020 at approximately 1125 hours, unit number one was traveling south on interstate 75 in the for left lane at a stated 65 miles per hour. when near mile post 58.8, started to hydro plane, losing control and and striking unit number two which was traveling south on interstate 75 in the far right lane at a stated 55 miles per hour.",20206177568,2020,O,10/1/2020 0:00,7,SMOTIR00075**C,S,MOT,14.363,39.77919,-84.185393,21000,22528.0,10/19/2020 0:00,5,2,N,2.0,N,Y,1.0,11,0,,,,Y,14.363,SMOTIR00075**C,Y,1,2010190030,1,10,N,2,0,2,DAYTON,1,N,Y,N,6.0,Y,0.019,,Y,,N,DAYTON,N,,0,,,,75,IR,,54.8,N,,,54 8,2,,,,,N,N,Y,0,0,N,1.0,0,2,3,,56768.0,N,55.333,20,Y,9,1,2,1,F,N,N,N,0,4,0,1,0,55,1,20,0,0,0,0,0,1,6,NT,1,65,51.0,1.0,1.0,2.0,1.0,M,,2.0,55.0,1.0,20.0,,,,,,15.0,6.0,NT,20.0,55.0,,,,,,,,,,,,,0,4,83835.0,"october , approximately , unit number one traveling interstate left stated miles per hour . near mile post . , started hydro plane , losing control striking unit number two traveling interstate far stated miles per hour .",O,"[0.999997615814209, 2.218229383288417e-06, 1.7729672663335805e-07]",O,"[0.9997522234916687, 0.00024205897352658212, 5.717028216167819e-06]",O,"[0.916015625, 0.08050537109375, 0.0033817291259765625]"
1851,1851,206177975,unit one advised she hydro planed and ran off of the right side of the road.,20206177975,2020,O,10/1/2020 0:00,8,TCLETR00146**C,T,CLE,0.105,39.219188,-84.007232,82110,99999.0,10/19/2020 0:00,13,2,N,,Y,N,7.0,19,0,,,,N,0.105,TCLETR00146**C,N,4,000200039667,3,10,,1,0,1,WAYNE TOWNSHIP,1,E,N,Y,2.0,N,0.057,,N,,Y,WAYNE TOWNSHIP,N,,0,,BAUER,RD,,,,,N,,,LONG GLADY,1,,,,RD,N,N,N,0,0,N,,0,2,1,,209220.0,N,0.105,43,Y,11,4,3,1,F,Y,N,N,0,2,25,1,0,55,1,8,25,0,0,0,0,1,4,NT,1,35,,,,,,,,,,,,,,,,,,,,,,,,,,,,,,,,,,0,4,83906.0,unit1 advised hydro planed ran side .,O,"[0.9999998807907104, 1.5353595017586485e-07, 2.506849838823655e-08]",O,"[1.0, 2.0157049362978796e-09, 2.174472082429324e-13]",O,"[1.0, 0.0, 0.0]"
1852,1852,206179185,driver of unit #1 stated she hydro planed off of the road to the right striking a mailbox at 2553 woodville pk and stopping in the ditch.,20206179185,2020,O,9/1/2020 0:00,8,CCLECR00133**C,C,CLE,6.446,39.225229,-84.107224,31010,99999.0,9/13/2020 0:00,13,1,N,,Y,N,5.0,0,0,,,,N,6.446,CCLECR00133**C,N,4,2020123,2,9,,4,0,1,GOSHEN TOWNSHIP,1,E,N,N,2.0,N,0.019,,Y,,Y,GOSHEN TOWNSHIP,N,,0,,WOODVILLE,PIKE,,,,,N,,,SHILOH,1,,,,RD,N,N,N,0,0,N,,0,2,1,,27187.0,N,6.446,22,Y,11,4,3,1,F,Y,N,N,0,2,47,1,0,50,1,8,47,44,0,0,0,1,6,NT,1,35,,,,,,,,,,,,,,,,,,,,,,,,,,,,,,,,,,0,4,84093.0,driver unit1 stated hydro planed striking mailbox woodville pk stopping ditch .,O,"[1.0, 5.602735342336018e-08, 1.2713430308508578e-08]",O,"[0.9999938011169434, 6.03536500420887e-06, 7.973164173336045e-08]",O,"[1.0, 0.0, 0.0]"
1853,1853,206180808,unit 1 was traveling westbound on us rt 6 when the vehicle hydro planed and went off the roadway on the right side. unit 1 then traveled off the roadway going through a fence and ended up on co rd 15.,20206180808,2020,O,10/1/2020 0:00,2,SHENUS00006**N,S,HEN,10.657,41.398725,-84.153308,53564,99750.0,10/15/2020 0:00,13,5,N,2.0,Y,N,3.0,8,0,,,,N,10.656,SHENUS00006**C,N,2,20-02322,1,10,N,1,0,1,NAPOLEON TOWNSHIP,1,E,Y,N,2.0,Y,0.1,CR,Y,,N,NAPOLEON TOWNSHIP,N,,0,,,,6,US,,,N,,,,1,15,CR,,,N,N,N,0,0,N,3.0,0,2,1,,270854.0,N,34.91,17,Y,11,3,4,1,M,N,N,N,0,2,46,1,0,55,1,8,46,0,0,0,0,1,6,NT,1,55,,,,,,,,,,,,,,,,,,,,,,,,,,,,,,,,,,0,4,84271.0,unit1 traveling us vehicle hydro planed went roadway side . unit1 traveled roadway going fence ended co .,O,"[0.9999948740005493, 4.723246547655435e-06, 3.986027650171309e-07]",O,"[0.9998911619186401, 0.00010612505866447464, 2.714700713113416e-06]",O,"[1.0, 0.0, 0.0]"
1854,1854,206205429,"unit # 1 was traveling west on u.s. 50 when it began to hydro plane on the wet roadway, the operator of unit # 1 was not able to keep control of the vehicle which caused the vehicle to spin and slide off the north side of the roadway striking a pole and breaking the pole in half which also brought unit # 1 to a stop.",20206205429,2020,O,11/1/2020 0:00,8,SHAMUS00050**C,S,HAM,7.205,39.140047,-84.718156,436,16885.0,11/22/2020 0:00,13,1,N,2.0,Y,N,3.0,9,0,,,,N,7.205,SHAMUS00050**C,N,1,20AA021,4,11,3,1,0,1,ADDYSTON,1,W,N,N,2.0,N,0.1,,Y,,N,ADDYSTON,N,,0,,,,50,US,,,N,,,GERMANY,1,,,,LN,N,N,N,0,0,N,3.0,0,2,2,,346359.0,N,7.205,17,Y,99,3,4,1,M,N,N,N,0,4,40,1,0,50,1,8,40,0,0,0,0,1,6,NT,1,50,,,,,,,,,,,,,,,,,,,,,,,,,,,,,,,,,,0,4,87309.0,"unit1 traveling u.s. began hydro plane wet roadway , operator unit1 able keep control vehicle caused vehicle spin slide side roadway striking pole breaking pole half also brought unit1 stop .",O,"[0.9999997615814209, 1.863281653413651e-07, 2.4958239919214975e-08]",O,"[0.9999998807907104, 1.569130461120949e-07, 1.5603127678787132e-09]",O,"[1.0, 6.377696990966797e-06, 8.940696716308594e-07]"
1855,1855,206206133,unit #1 was traveling on i.r. 271 n/b taking the exit to i.r. 90 w/b in the left lane. unit #2 was in the right lane next to unit #1. unit #1 stated that they hydro planed and struck unit #2.,20206206133,2020,O,11/1/2020 0:00,12,SLAKRA43006**C,S,LAK,0.628,41.59175,-81.449749,85512,99999.0,11/22/2020 0:00,5,1,N,4.0,N,Y,2.0,19,0,52200.0,,,N,0.628,SLAKRA43006**C,N,3,20-010058,4,11,,2,0,2,WILLOUGHBY HILLS,1,E,N,N,,N,0.019,IR,N,,N,WILLOUGHBY HILLS,N,,0,,I 271 W,,271,IR,,,N,,,I 90 W,1,90,IR,,,N,N,N,0,0,N,1.0,0,2,4,,,N,0.628,34,Y,99,2,1,1,F,N,N,N,0,2,0,1,0,60,1,20,0,0,0,0,0,1,6,NT,2,60,55.0,1.0,2.0,1.0,1.0,F,,2.0,60.0,1.0,20.0,,,,,,1.0,6.0,NT,3.0,60.0,,,,,,,,,,,,,0,4,87390.0,unit1 traveling i.r . taking exit i.r . left . unit2 next unit1 . unit1 stated hydro planed struck unit2 .,O,"[0.9999997615814209, 1.8806180435149145e-07, 3.832088779631704e-08]",O,"[0.999419093132019, 0.0005708085955120623, 1.0124054824700579e-05]",O,"[1.0, 0.0002002716064453125, 1.0967254638671875e-05]"
1856,1856,213000091,"driver of unit 1 stated he could feel the rear of the vehicle begin to hydro plane prior to losing control. responding officer did not observe a significant amount of standing water on the roadway. unit 1 slid off the roadway, down the embankment and into a wire fence. cfd medic 3 transported the driver to grant medical center for treatment for injury to his head. officers impounded the vehicle for safe keeping. driver of unit 1 was cited for 2131.33a fail to control.",20213000091,2021,AB,1/1/2021 0:00,6,SFRAIR00071**C,S,FRA,12.961,39.919346,-83.013224,18000,19234.0,1/1/2021 0:00,13,6,N,2.0,Y,Y,1.0,14,0,28000.0,,,Y,12.961,SFRAIR00071**C,N,1,210001908,1,1,N,0,1,1,COLUMBUS,1,N,Y,N,8.0,Y,0.114,SR,Y,,N,COLUMBUS,N,,0,,I 71 N,,71,IR,,,N,,,STATE ROUTE 104 N,1,104,SR,,,N,N,N,0,0,N,1.0,0,2,1,,39470.0,N,104.005,21,Y,1,2,1,1,M,N,N,N,0,5,46,1,0,65,1,46,8,0,0,0,0,1,6,NT,1,65,,,,,,,,,,,,,,,,,,,,,,,,,,,,,,,,,,0,4,,"driver unit1 stated could feel rear vehicle begin hydro plane prior losing control . responding officer observe significant amount standing water roadway . unit1 slid roadway , embankment wire fence . cfd medic transported driver grant medical center treatment injury head . officers impounded vehicle safe keeping . driver unit1 cited .33a fail control .",C,"[1.3750353900832124e-05, 0.9992188215255737, 0.0007674830849282444]",C,"[4.114756393391872e-07, 0.9999160766601562, 8.356403122888878e-05]",C,"[2.086162567138672e-06, 1.0, 3.814697265625e-06]"
1857,1857,213001919,unit #1 was traveling in the left lane (#1). the driver of unit #1 stated he hit a puddle and hydro planed across the lanes striking the concrete barrier.,20213001919,2021,O,1/1/2021 0:00,12,SCUYIR00480**C,S,CUY,19.579,41.41138,-81.61572,29428,17668.0,1/1/2021 0:00,13,6,N,2.0,Y,Y,1.0,16,0,,,,Y,19.579,SCUYIR00480**C,N,1,20210008,1,1,N,2,0,1,GARFIELD HEIGHTS,1,,Y,N,8.0,Y,0.0,,Y,,N,GARFIELD HEIGHTS,N,,0,,,,480,IR,,,N,,,TRANSPORTATION,1,,,,BLVD,N,N,N,0,0,N,1.0,0,2,2,,39773.0,N,21.883,23,Y,99,4,3,1,M,N,N,N,0,4,35,1,2,60,1,35,0,0,0,0,0,1,6,NT,3,60,,,,,,,,,,,,,,,,,,,,,,,,,,,,,,,,,,0,4,,unit1 traveling left . driver unit1 stated hit puddle hydro planed across lanes striking concrete barrier .,O,"[0.9999994039535522, 6.010054676153231e-07, 5.842410999434833e-08]",O,"[0.9762458205223083, 0.023506294935941696, 0.0002478730457369238]",O,"[1.0, 0.0003542900085449219, 3.7550926208496094e-06]"
1858,1858,213009776,"unit #1 turned w/b onto us 24 from n/b ford, hydro planed and lost control. unit #1 turned sideways, went off the road, and struck a sign. unit #1 came to rest in the ditch.no injuries",20213009776,2021,O,1/1/2021 0:00,2,SLUCUS00024**N,S,LUC,15.71,41.562584,-83.663793,48342,87868.0,1/15/2021 0:00,13,6,N,2.0,Y,N,3.0,7,0,,,,N,15.715,SLUCUS00024**C,N,2,21001468,4,1,H,1,0,1,MAUMEE,1,W,Y,N,4.0,N,0.095,CR,Y,,N,MAUMEE,N,,0,,ANTHONY WAYNE,TRL,24,US,,,N,,,FORD,1,,,,ST,N,N,N,0,0,N,2.0,0,2,1,,275400.0,N,69.302,16,Y,11,3,4,1,M,N,N,N,0,2,37,1,0,50,1,8,51,37,44,0,0,1,6,NT,4,30,,,,,,,,,,,,,,,,,,,,,,,,,,,,,,,,,,0,4,,"unit1 turned onto us ford , hydro planed lost control . unit1 turned sideways , went , struck sign . unit1 came rest ditch.no injuries",O,"[1.0, 5.778215239615747e-08, 1.6910059130736954e-08]",O,"[1.0, 1.2810363013426862e-11, 5.161443121455599e-15]",O,"[1.0, 0.0, 0.0]"
1859,1859,213037430,vehicle 1 was traveling ir-75 n near the 12.6 mile marker when he hydro planed causing the car to spin and hit the concrete median.,20213037430,2021,O,3/1/2021 0:00,2,SWOOIR00075**C,S,WOO,12.599,41.346026,-83.623632,13015,99708.0,3/11/2021 0:00,13,5,N,2.0,Y,Y,1.0,19,0,,1c8b2141-1460-4ed0-89a0-053d02f50e7b,b4fe214a-04bf-46e1-8d66-a9e6ee078499,Y,12.599,SWOOIR00075**C,N,3,202100119,1,3,N,1,0,1,CENTER TOWNSHIP,1,,Y,N,6.0,Y,0.0,,Y,,N,LOCKLAND,N,,0,N,IR 75,HWY,75,IR,,12.6,N,,,12 6,2,,,,,N,N,N,0,0,N,1.0,0,2,1,,45398.0,N,179.304,22,Y,99,2,1,1,M,N,N,N,0,3,35,1,2,55,1,35,0,0,0,0,0,1,6,NT,1,55,,,,,,,,,,,,,,,,,,,,,,,,,,,,,,,,,,0,4,,vehicle traveling ir near . mile marker hydro planed causing car spin hit concrete median .,O,"[0.5258444547653198, 0.43769463896751404, 0.03646090254187584]",O,"[0.9999690055847168, 3.045373159693554e-05, 5.727423513235408e-07]",O,"[1.0, 5.227327346801758e-05, 4.76837158203125e-06]"
1860,1860,213072514,"unit 1 was traveling eastbound on ir-275 near the 38.07mp in the #2 lane. unit 1 hit a pot hole, hydro planed and the tractor trailer jack-knifed causing the front of unit 1 to collide with the concrete median. unit 1 then slid off the roadway to the right where it came to final rest.",20213072514,2021,O,5/1/2021 0:00,8,SHAMIR00275**C,S,HAM,20.215,39.294646,-84.542437,27706,16885.0,5/3/2021 0:00,13,2,N,2.0,N,Y,1.0,15,0,,,,Y,20.215,SHAMIR00275**C,Y,1,202100671,1,5,N,1,0,1,FOREST PARK,1,,Y,N,6.0,Y,0.0,,N,,N,FOREST PARK,N,,0,,,,275,IR,,38.07,N,,,38 07,2,,,,,N,N,N,0,0,N,1.0,0,2,3,,47309.0,N,37.815,41,Y,1,4,3,1,M,N,N,N,0,4,35,1,2,65,13,4,35,8,0,0,0,1,6,NT,15,55,,,,,,,,,,,,,,,,,,,,,,,,,,,,,,,,,,0,4,,"unit1 traveling ir near .7mp . unit1 hit pot hole , hydro planed tractor trailer jackknifed causing front unit1 collide concrete median . unit1 slid roadway came final rest .",O,"[0.9999998807907104, 7.157291292969603e-08, 1.6901385180290163e-08]",O,"[1.0, 5.663979862902124e-08, 1.3171640167453091e-10]",O,"[1.0, 2.014636993408203e-05, 8.344650268554688e-07]"
1861,1861,213072652,"unit 1 was northbound on ir 71 in the center lane. unit 1 hydro planed, traveled off the left side of the road, struck a concrete median barrier, and rolled onto the right side.",20213072652,2021,AB,5/1/2021 0:00,8,SWARIR00071**C,S,WAR,14.695,39.415983,-84.114649,77868,99999.0,5/4/2021 0:00,13,3,N,2.0,Y,Y,1.0,9,0,,,,Y,14.695,SWARIR00071**C,N,1,202102891,1,5,N,1,1,1,TURTLECREEK TOWNSHIP,1,,Y,N,4.0,Y,0.0,,N,,N,MONTGOMERY,N,,0,,,,71,IR,,14.7,N,,,,2,,,,,N,Y,N,0,0,N,1.0,0,2,1,,45333.0,N,34.595,78,Y,22,2,1,1,F,N,N,N,0,3,35,1,2,65,1,9,35,1,0,0,0,1,6,NT,1,40,,,,,,,,,,,,,,,,,,,,,,,,,,,,,,,,,,0,4,,"unit1 center . unit1 hydro planed , traveled left side , struck concrete median barrier , rolled onto side .",C,"[0.012776563875377178, 0.9844531416893005, 0.002770313061773777]",C,"[0.2834893465042114, 0.7088214755058289, 0.007689136546105146]",O,"[0.76806640625, 0.2275390625, 0.004604339599609375]"
1862,1862,213073010,"unit 1 struck unit 2 as unit 2 started hydro planing on the wet pavement of i 70 e.b. at 105.8 mile marker. it was raining heavily at the time. unit 2 was in the fast lane, unit 1 was in the next lane when this took place. both parties refused medical attention.unit 1 did strike the guardrail thereof and caused damage to it. unit 2 was driven away by it's owner and unit 1 was towed at owner's expense. unit 1 driver had no driving privileges and was cited for such as well as fail to control and ordered to court.",20213073010,2021,O,5/1/2021 0:00,6,SFRAIR00070**N,S,FRA,19.002,39.931885,-82.921888,18000,19234.0,5/4/2021 0:00,5,3,N,2.0,N,Y,1.0,12,0,,,,Y,19.02,SFRAIR00070**C,N,1,210308942,1,5,N,2,0,2,COLUMBUS,1,,Y,N,6.0,Y,0.0,,N,,N,COLUMBUS,N,,0,,,,70,IR,,105.0,N,,,105,2,,,,,N,N,N,0,0,N,1.0,0,2,1,,42771.0,N,105.029,31,Y,15,9,9,1,M,N,N,N,0,3,0,1,0,0,99,20,0,0,0,0,0,1,6,NT,1,0,46.0,1.0,4.0,3.0,1.0,F,,2.0,65.0,1.0,20.0,,,,,,1.0,6.0,NT,1.0,55.0,,,,,,,,,,,,,0,4,,"unit1 struck unit2 unit2 started hydro planing wet pavement e.b . . mile marker . raining heavily time . unit2 fast , unit1 next took . parties refused medical attention.unit1 strike guardrail thereof caused damage . unit2 driven away 's owner unit1 towed owner 's expense . unit1 driver driving privileges cited well fail control ordered .",O,"[1.0, 4.450298618507986e-08, 1.2971205443079725e-08]",O,"[1.0, 9.061895331341496e-12, 1.946530501888144e-14]",O,"[1.0, 0.0, 0.0]"
1863,1863,213076742,"unit 1 was eastbound ir-275 at the 37.80 mp in the left lane. unit 1 hydro planed, ran of the road to the right and collided with trees.",20213076742,2021,O,5/1/2021 0:00,8,SHAMIR00275**C,S,HAM,19.945,39.293489,-84.547249,27706,16885.0,5/9/2021 0:00,13,1,N,2.0,Y,Y,1.0,11,0,,,,Y,19.945,SHAMIR00275**C,N,1,202100698,1,5,N,1,0,1,FOREST PARK,1,,Y,N,6.0,Y,0.0,,Y,,N,FOREST PARK,N,,0,,,,275,IR,,37.8,N,,,37 80,2,,,,,N,N,N,0,0,N,1.0,0,2,1,,47309.0,N,37.545,16,Y,22,4,3,1,F,N,N,N,0,3,48,1,2,65,1,8,48,0,0,0,0,1,6,NT,1,65,,,,,,,,,,,,,,,,,,,,,,,,,,,,,,,,,,0,4,,"unit1 ir . mp left . unit1 hydro planed , ran collided trees .",O,"[0.9999996423721313, 3.533419317136577e-07, 4.269446307603175e-08]",O,"[0.5685165524482727, 0.4279322922229767, 0.003551158355548978]",O,"[1.0, 0.0, 0.0]"
1864,1864,213082370,"driver of unit # 1 stated that she was traveling n/b sr 315 s/o of w. lane ave exit in the left lane. driver of unit # 1 stated: i hit some water in the roadway and i hydro planed."""" driver of unit # 1 stated that she """" spun"""" off the roadway to the left striking the concrete barrier. driver of unit # 1 complained of left knee and leg pain. driver of unit # 1 was treated at scene by cfd medic # 25 and was not transported, opting to seek medical attention later if needed. witness stated that she was in the middle lane of n/b sr 315 s/o w. lane ave and observed unit # 1 """" spin out"""" after hitting some water in the roadway. witness stayed at scene and provided medical care until officer and medic arrival.",20213082370,2021,C,4/1/2021 0:00,6,SFRASR00315**C,S,FRA,4.03,40.002062,-83.030048,18000,19234.0,4/29/2021 0:00,13,5,N,2.0,Y,Y,2.0,8,0,,,,N,4.03,SFRASR00315**C,N,1,210294632,4,4,N,0,0,1,COLUMBUS,1,S,Y,N,8.0,N,0.095,,Y,,N,COLUMBUS,N,,0,,STATE ROUTE 315 N,,315,SR,,,N,,W,LANE,1,,,,AVE,N,N,N,0,0,N,1.0,1,2,3,,179918.0,N,4.03,23,Y,99,2,1,1,F,N,N,N,0,3,35,1,2,55,13,9,35,0,0,0,0,1,6,NT,1,55,,,,,,,,,,,,,,,,,,,,,,,,,,,,,,,,,,0,4,,"driver unit1 stated traveling exit left . driver unit1 stated : hit water roadway hydro planed . '' '' driver unit1 stated `` '' spun '' '' roadway left striking concrete barrier . driver unit1 complained left knee leg pain . driver unit1 treated scene cfd medic transported , opting seek medical attention later needed . witness stated middle observed unit1 `` '' spin '' '' hitting water roadway . witness stayed scene provided medical care officer medic arrival .",C,"[1.3048173059360124e-05, 0.9999818801879883, 5.070621682534693e-06]",C,"[5.376983835958526e-07, 0.999996542930603, 2.849966449502972e-06]",C,"[3.5762786865234375e-06, 1.0, 1.2516975402832031e-06]"