,id,OBJECTID,Narrative,DOCUMENT_NBR,CRASH_YR,CRASH_SEVERITY_CD,CRASH_MONTH_YEAR,DISTRICT_NBR,NLFID,NLF_JUR_CD,NLF_COUNTY_CD,COUNTY_LOG_NBR,ODOT_LATITUDE_NBR,ODOT_LONGITUDE_NBR,ODOT_FIPS_CD,AREA_CODE,CRASH_DATE,CRASH_TYPE_CD,DAY_IN_WEEK_CD,DISTRACTED_DRIVER_IND,FACILITY_TYPE_CD,FHWA_RDWY_DEPARTURE_IND,FREEWAY_IND,FUNCTIONAL_CLASS_CD,HOUR_OF_CRASH,INCAPAC_INJURIES_NBR,INTERCHANGE_ID,INTERSECTION_ID_CURRENT,INTERSECTION_LEG_ID,INTERSTATE_IND,INV_LOG_NBR,INV_NLFID,IS_COMMERCIAL_RELATED,LIGHT_COND_PRIMARY_CD,LOCAL_REPORT_NUMBER_ID,MAINTENANCE_AUTHORITY_CD,MONTH_OF_CRASH,NHS_CD,NO_INJURY_REPORTED_NBR,NON_INCAPAC_INJURIES_NBR,NUMBER_OF_UNITS_NBR,ODOT_CITY_VILLAGE_TWP_NME,ODOT_CRASH_LOCATION_CD,ODOT_DIR_FROM_REF_CD,ODOT_DIV_UNDIV_IND,ODOT_INTERSECTION_REL_IND,ODOT_LANES_NBR,ODOT_MAINTAINED_HWY_IND,ODOT_MILES_FROM_REF_NBR,ODOT_REF_ROUTE_PREFIX_CD,ODOT_YOUNG_DRIVER_IND,ODPS_ADDRESS_REFERENCE,ODPS_ALCOHOL_IND,ODPS_CITY_VILLAGE_TWP_NME,ODPS_DRUG_IND,ODPS_LOC_DIR_SUFFIX_CD,ODPS_LOC_IN_WORK_ZONE_CD,ODPS_LOC_ROAD_DIRECTION_CD,ODPS_LOC_ROAD_NME,ODPS_LOC_ROAD_SUFFIX_CD,ODPS_LOC_ROUTE_ID,ODPS_LOC_ROUTE_PREFIX_CD,ODPS_LOC_ROUTE_SUFFIX_CD,ODPS_MILEPOST_REFERENCE,ODPS_MOTORCYCLE_IND,ODPS_REF_DIR_SUFFIX_CD,ODPS_REF_DIRECTION_CD,ODPS_REF_GIVEN,ODPS_REF_POINT_USED_CD,ODPS_REF_ROUTE_ID,ODPS_REF_ROUTE_PREFIX_CD,ODPS_REF_ROUTE_SUFFIX_CD,ODPS_REF_SUFFIX_CD,ODPS_SCHOOL_ZONE_IND,ODPS_SENIOR_DRIVER_IND,ODPS_SPEED_IND,ODPS_TOTAL_FATALITIES_NBR,ODPS_TYPE_OF_WORK_ZONE_CD,ODPS_WORK_ZONE_IND,OPER_ACCESS_CONTROL_CD,POSSIBLE_INJURIES_NBR,ROAD_COND_PRIMARY_CD,ROAD_CONTOUR_CD,SA_RAMP_ID,SA_SEGMENT_ID,SECONDARY_CRASH,STATE_TRUE_LOG_NBR,U1_AGE_NBR,U1_AT_FAULT_IND,U1_CONT_CIR_PRIMARY_CD,U1_DIRECTION_FROM_CD,U1_DIRECTION_TO_CD,U1_DISTRACTED_BY_1_CD,U1_GENDER_CD,U1_IS_ALCOHOL_SUSPECTED,U1_IS_MARIJUANA_SUSPECTED,U1_IS_OTHER_DRUG_SUSPECTED,U1_NON_MOTORIST_LOC_CD,U1_NUMBER_OF_THRU_LANES,U1_OBJECT_STRUCK,U1_ODPS_UNIT_NBR,U1_OPERATINGIN_AUTONOMOUS_MODE,U1_POSTED_SPEED_NBR,U1_PRECRASH_ACTION_CD,U1_SEQ_OF_EVENTS_1_CD,U1_SEQ_OF_EVENTS_2_CD,U1_SEQ_OF_EVENTS_3_CD,U1_SEQ_OF_EVENTS_4_CD,U1_SEQ_OF_EVENTS_5_CD,U1_SEQ_OF_EVENTS_6_CD,U1_SPECIAL_FUNCTION_CD,U1_TRAFFIC_CONTROL_CD,U1_TURN_CD,U1_TYPE_OF_UNIT_CD,U1_UNIT_SPEED_NBR,U2_AGE_NBR,U2_CONT_CIR_PRIMARY_CD,U2_DIRECTION_FROM_CD,U2_DIRECTION_TO_CD,U2_DISTRACTED_BY_1_CD,U2_GENDER_CD,U2_NON_MOTORIST_LOC_CD,U2_ODPS_UNIT_NBR,U2_POSTED_SPEED_NBR,U2_PRECRASH_ACTION_CD,U2_SEQ_OF_EVENTS_1_CD,U2_SEQ_OF_EVENTS_2_CD,U2_SEQ_OF_EVENTS_3_CD,U2_SEQ_OF_EVENTS_4_CD,U2_SEQ_OF_EVENTS_5_CD,U2_SEQ_OF_EVENTS_6_CD,U2_SPECIAL_FUNCTION_CD,U2_TRAFFIC_CONTROL_CD,U2_TURN_CD,U2_TYPE_OF_UNIT_CD,U2_UNIT_SPEED_NBR,U3_CONT_CIR_PRIMARY_CD,U3_ODPS_UNIT_NBR,U3_PRECRASH_ACTION_CD,U3_SEQ_OF_EVENTS_1_CD,U3_SEQ_OF_EVENTS_2_CD,U3_SEQ_OF_EVENTS_3_CD,U3_SEQ_OF_EVENTS_4_CD,U3_SEQ_OF_EVENTS_5_CD,U3_SEQ_OF_EVENTS_6_CD,U3_SPECIAL_FUNCTION_CD,U3_TRAFFIC_CONTROL_CD,U3_TYPE_OF_UNIT_CD,UNRESTRAIN_OCCUPANTS,WEATHER_COND_CD,V1,clean_Narrative,BERT_predictions,BERT_prediction_probabilities,RoBERTa_predictions,RoBERTa_predictions_probabilities,distilBERT_predictions,distilBERT_predictions_probabilities
1865,1865,213085891,"unit 1 was traveling north bound on interstate 77 near mile marker 136. unit 1 hydro planed, lost control of the vehicle, ran off the road to the left and struck a concrete barrier. noting this was the fourth crash in this location on the report date. it is a known issue of water laying in the roadway in this area. o.d.o.t. has been contacted and advised.",20213085891,2021,O,5/1/2021 0:00,4,SSUMIR00077**C,S,SUM,22.607,41.126809,-81.652673,18658,766.0,5/9/2021 0:00,13,1,N,2.0,Y,Y,1.0,11,0,,8e69e54c-b92b-40af-b108-cbe4f61d7929,bcbf07a3-16b3-4d9d-9bc1-776dc8cf0dd3,Y,22.607,SSUMIR00077**C,N,1,22105033,1,5,N,5,0,1,COPLEY TOWNSHIP,1,N,Y,N,6.0,Y,0.057,,N,,N,COPLEY TOWNSHIP,N,,0,,,,77,IR,,136.0,N,,,136,2,,,,,N,N,N,0,0,N,1.0,0,7,1,,39618.0,N,136.129,26,Y,11,2,1,1,F,N,N,N,0,3,35,1,2,65,1,9,35,0,0,0,0,1,6,NT,1,65,,,,,,,,,,,,,,,,,,,,,,,,,,,,,,,,,,0,5,,"unit1 traveling interstate near mile marker . unit1 hydro planed , lost control vehicle , ran left struck concrete barrier . noting fourth crash location report date . known issue water laying roadway area . o.d.o.t . contacted advised .",O,"[0.9999998807907104, 1.235817848055376e-07, 2.3147675776158394e-08]",O,"[0.9999386072158813, 6.116618169471622e-05, 2.74088449714327e-07]",O,"[1.0, 0.0, 0.0]"
1866,1866,213091209,unit 1 was driving west on 480. unit 1 was driving under the warrensville center road bridge when the vehicle hydro planed and struck the cement wall.,20213091209,2021,C,5/1/2021 0:00,12,SCUYIR00480**N,S,CUY,23.799,41.424932,-81.538654,80990,17668.0,5/28/2021 0:00,13,6,N,2.0,Y,Y,1.0,11,0,20600.0,,,Y,23.819,SCUYIR00480**C,N,1,20211403,1,5,N,0,0,1,WARRENSVILLE HEIGHTS,1,W,Y,N,7.0,Y,0.028,,N,,N,WARRENSVILLE HEIGHTS,N,,0,,,,480,IR,,,N,,,warrensville center,1,,,,RD,N,N,N,0,0,N,1.0,1,2,1,,54083.0,N,26.103,32,Y,1,3,4,1,M,N,N,N,0,4,35,1,2,60,1,35,0,0,0,0,0,1,6,NT,1,60,,,,,,,,,,,,,,,,,,,,,,,,,,,,,,,,,,0,4,,unit1 driving . unit1 driving warrensville center bridge vehicle hydro planed struck cement wall .,O,"[0.9999749660491943, 2.3909022274892777e-05, 1.0449236924614524e-06]",O,"[0.9999996423721313, 3.674735182812583e-07, 3.4499778589491825e-09]",O,"[1.0, 5.4836273193359375e-06, 1.7881393432617188e-07]"
1867,1867,213094082,unit 1 was traveling s/b s.detroit. unit 1 started to hydro plane and lost control. unit 1 then struck the curb and then a utility pole.,20213094082,2021,O,6/1/2021 0:00,2,SLUCUS00024**C,S,LUC,21.013,41.617537,-83.600445,77000,87868.0,6/2/2021 0:00,13,4,N,2.0,Y,N,4.0,22,0,,,,N,21.013,SLUCUS00024**C,N,3,2.10602E+13,4,6,,1,0,1,TOLEDO,1,,N,N,4.0,N,0.0,,N,1200,N,TOLEDO,N,,0,S,DETROIT,AVE,,,,,N,,,1200TH,3,,,,,N,N,N,0,0,N,3.0,0,2,1,,240610.0,N,74.605,37,Y,99,1,2,1,M,N,N,N,0,4,40,1,0,40,1,43,40,0,0,0,0,1,6,NT,3,40,,,,,,,,,,,,,,,,,,,,,,,,,,,,,,,,,,0,4,,unit1 traveling s.detroit . unit1 started hydro plane lost control . unit1 struck curb utility pole .,O,"[0.9997143149375916, 0.0002635760756675154, 2.206030512752477e-05]",O,"[0.9203375577926636, 0.07301915436983109, 0.006643352564424276]",O,"[0.99609375, 0.003108978271484375, 0.00031638145446777344]"
1868,1868,213097547,"unit 1 was traveling southbound on i-71s in the westernmost lane of travel. the driver of unit 1 stated that he began to hydro plane and slid off of the western side of the roadway. unit 1 struck a tree and then a fence before coming to rest. the driver of unit 1 did not need a medic. per leads, the driver of unit 1 had never possessed a valid driver's license. he was cited with no-ops and failure to control. unit 1 was impounded at city impound lot.",20213097547,2021,O,6/1/2021 0:00,6,SFRAIR00071**N,S,FRA,20.095,40.00071,-82.984608,18000,19234.0,6/3/2021 0:00,13,5,N,2.0,Y,Y,1.0,19,0,28400.0,,,Y,20.102,SFRAIR00071**C,N,1,210394785,1,6,N,1,0,1,COLUMBUS,1,N,Y,N,6.0,Y,0.038,,Y,,N,COLUMBUS,N,,0,,,,71,IR,,,N,,E,17TH,1,,,,AVE,N,N,N,0,0,N,1.0,0,2,1,,42826.0,N,111.139,25,Y,99,1,2,1,M,N,N,N,0,3,48,1,0,65,1,8,48,46,0,0,0,1,6,NT,1,65,,,,,,,,,,,,,,,,,,,,,,,,,,,,,,,,,,0,4,,"unit1 traveling westernmost travel . driver unit1 stated began hydro plane slid western side roadway . unit1 struck tree fence coming rest . driver unit1 need medic . per leads , driver unit1 never possessed valid driver 's license . cited noops failure control . unit1 impounded city impound lot .",O,"[1.0, 4.1875715339756425e-08, 1.2337967092435065e-08]",O,"[1.0, 3.1597982008690906e-09, 1.3186967143252737e-11]",O,"[1.0, 1.0728836059570312e-06, 5.960464477539063e-08]"
1869,1869,213098325,unit #1 was entering i-70 west on the ramp from i-270 southbound. driver #1 stated that while she was negotiating the curve of the ramp she hit some standing water and hydro planed and spun around and struck the concrete barrier on the right shoulder. driver #1 stated that as she attempted to correct the vehicle it spun her into the grass. driver #1 was transported to mt. carmel east hospital by madison twp. medic 183. driver #1 was cited for failure to control.,20213098325,2021,AB,6/1/2021 0:00,6,SFRAIR00070**C,S,FRA,22.334,39.934534,-82.860656,18000,19234.0,6/3/2021 0:00,13,5,N,2.0,Y,Y,1.0,8,0,,4d76daf6-06a1-45c9-9ceb-0c23f9c33596,8012bfbd-46f5-4dc1-80a9-fe45d52e426f,Y,22.334,SFRAIR00070**C,N,1,210393191,1,6,N,0,1,1,COLUMBUS,1,W,Y,N,6.0,Y,0.152,RA,N,,N,COLUMBUS,N,,0,,I 70 W,,70,IR,,,N,,,I 270 W,1,270,IR,,,N,N,N,0,0,N,1.0,0,2,4,,90763.0,N,108.361,29,Y,99,1,4,1,F,N,N,N,0,4,35,1,2,65,13,8,35,0,0,0,0,1,6,RT,3,55,,,,,,,,,,,,,,,,,,,,,,,,,,,,,,,,,,0,4,,unit1 entering ramp . driver stated negotiating curve ramp hit standing water hydro planed spun around struck concrete barrier shoulder . driver stated attempted correct vehicle spun grass . driver transported mt . carmel hospital madison twp . medic . driver cited failure control .,C,"[0.00012162336497567594, 0.999060332775116, 0.0008180406875908375]",C,"[7.004317694736528e-07, 0.9999990463256836, 2.8553475317494303e-07]",C,"[0.0012063980102539062, 0.998046875, 0.00039458274841308594]"
1870,1870,213098349,"unit 1 was traveling north on interstate 271. unit 1 drove through a puddle and hydro planed causing unit to lose control, run off the road left, and strike concrete median barrier.",20213098349,2021,C,6/1/2021 0:00,12,SCUYSR00175**C,S,CUY,2.915,41.437762,-81.497837,80990,17668.0,6/7/2021 0:00,13,2,N,2.0,Y,N,4.0,13,0,18400.0,,,N,2.915,SCUYSR00175**C,N,1,20211526,4,6,,0,0,1,WARRENSVILLE HEIGHTS,1,,N,N,4.0,N,0.0,,N,,N,WARRENSVILLE HEIGHTS,N,,0,,,,271,IR,,,N,,,EMERY,1,,,,RD,N,N,N,0,0,N,2.0,1,2,1,,328760.0,N,2.915,60,Y,99,2,1,1,M,N,N,N,0,4,36,1,2,60,1,9,36,0,0,0,0,1,6,NT,4,55,,,,,,,,,,,,,,,,,,,,,,,,,,,,,,,,,,0,1,,"unit1 traveling interstate . unit1 drove puddle hydro planed causing unit lose control , run left , strike concrete median barrier .",C,"[0.044852711260318756, 0.9359771609306335, 0.019170217216014862]",O,"[0.5838157534599304, 0.407642662525177, 0.008541551418602467]",O,"[0.92919921875, 0.061981201171875, 0.00914764404296875]"
1871,1871,213100490,"unit # 1 was traveling east on ir 480 near mile marker 21.6 in the inside lane. unit # 2 was traveling east on ir 480 near mile marker 21.6 in the inside middle lane. unit # 1 failed to maintain control. as a result, the right front of unit # 1 collided with the left rear of unit # 2. both units were at final rest parked in the north median upon arrival. note: driver of unit # 1 stated, my fault, i hydro planed.",20213100490,2021,O,5/1/2021 0:00,12,SCUYIR00480**N,S,CUY,19.451,41.411528,-81.617509,29428,17668.0,5/28/2021 0:00,5,6,N,2.0,N,Y,1.0,12,0,,fe2fafa1-dbf7-4c1f-889b-e7107da2df14,8f9467ae-af73-449e-9adf-d6c3e60cc3e0,Y,19.484,SCUYIR00480**C,N,1,20211440,1,5,N,3,0,2,GARFIELD HEIGHTS,1,,Y,N,8.0,Y,0.0,,N,,N,GARFIELD HEIGHTS,N,,4,,,HWY,480,IR,,21.6,N,,,21 6,2,,,,,N,Y,Y,0,2,Y,1.0,0,6,1,,39773.0,N,21.755,43,Y,99,4,3,1,M,N,N,N,0,4,0,1,2,55,1,20,0,0,0,0,0,1,6,NT,3,55,67.0,1.0,4.0,3.0,1.0,F,,2.0,55.0,1.0,20.0,,,,,,1.0,6.0,NT,3.0,60.0,,,,,,,,,,,,,0,4,,"unit1 traveling near mile marker . inside . unit2 traveling near mile marker . inside middle . unit1 failed maintain control . result , front unit1 collided left rear unit2 . units final rest parked median upon arrival . note : driver unit1 stated , fault , hydro planed .",C,"[0.006711077876389027, 0.9913573265075684, 0.0019316918915137649]",O,"[0.892773449420929, 0.10641716420650482, 0.0008094017975963652]",O,"[0.68896484375, 0.3046875, 0.00652313232421875]"
1872,1872,213112886,"unit # 1 was attempting to turn left and travel north near 5555 transportation blvd in the inside lane. unit # 1 failed to maintain control. as a result, unit # 1 traveled through the outside lane and struck a curb on the east shoulder. unit # 1 continued in a northeastern direction and traveled off the roadway and the right front collided with a traffic signal post. unit # 1 was at final rest upon arrival. note: driver of unit # 1 stated, he hydro planed.",20213112886,2021,C,6/1/2021 0:00,12,CCUYCR00778**C,C,CUY,0.106,41.410616,-81.615676,29428,17668.0,6/18/2021 0:00,13,6,N,,Y,N,5.0,13,0,,428d6316-a9b8-4e8e-b319-ca98823a4934,83e2d509-f2a1-4f33-a34b-09cc4f34f2ee,N,0.106,CCUYCR00778**C,N,1,20211663,4,6,,0,0,1,GARFIELD HEIGHTS,2,,N,Y,4.0,N,0.0,,Y,5555,N,GARFIELD HEIGHTS,N,,0,,Transportation,BLVD,,,,,N,,,5555TH,3,,,,,N,N,N,0,0,N,,1,2,1,,32006.0,N,0.106,22,Y,99,4,1,1,M,N,N,N,0,5,37,1,2,35,6,43,8,37,0,0,0,1,2,LT,1,30,,,,,,,,,,,,,,,,,,,,,,,,,,,,,,,,,,0,2,,"unit1 attempting turn left travel near transportation inside . unit1 failed maintain control . result , unit1 traveled outside struck curb shoulder . unit1 continued northeastern direction traveled roadway front collided traffic signal post . unit1 final rest upon arrival . note : driver unit1 stated , hydro planed .",C,"[0.0001535906339995563, 0.9997995495796204, 4.6792581997578964e-05]",C,"[0.11881410330533981, 0.8566733598709106, 0.024512629956007004]",O,"[0.86328125, 0.1334228515625, 0.002880096435546875]"
1873,1873,213118387,"unit #1 was eastbound on anthony wayne trail, it was raining heavy and the driver hit a pool of water and hydro planed. the vehicle pulled left and the car went across the grassy median over the curb then hit the fence to the zoo. no others were involved. unit 1 cited.",20213118387,2021,O,6/1/2021 0:00,2,SLUCSR00025**C,S,LUC,6.681,41.625687,-83.574297,77000,87868.0,6/30/2021 0:00,13,4,N,2.0,Y,N,3.0,14,0,,,,N,6.681,SLUCSR00025**C,N,1,2.1063E+13,4,6,H,1,0,1,TOLEDO,1,E,Y,N,6.0,N,0.284,,N,,N,TOLEDO,N,,0,,ANTHONY WAYNE,TRL,,,,,N,,,HIPPO,1,,,,WAY,N,N,N,0,0,N,2.0,0,6,1,,180340.0,N,29.92,46,Y,99,4,3,1,M,N,N,N,0,2,46,1,0,45,1,9,43,46,0,0,0,1,6,NT,3,45,,,,,,,,,,,,,,,,,,,,,,,,,,,,,,,,,,0,4,,"unit1 anthony wayne trail , raining heavy driver hit pool water hydro planed . vehicle pulled left car went across grassy median curb hit fence zoo . others involved . unit1 cited .",O,"[0.9999216794967651, 7.583678234368563e-05, 2.5455137802055106e-06]",O,"[0.9999998807907104, 1.4509676304896857e-07, 4.134046438508676e-10]",O,"[0.9658203125, 0.033782958984375, 0.0004241466522216797]"
1874,1874,213126133,"unit#2 was traveling west on i-480 in the left middle lane west of camden road. unit #1 was traveling on i-480 in the right lane west of camden road. unit #2 failed to maintain control of the vehicle and hydro planed in front of unit #1. unit #1 attempted to avoid hitting unit#2, but struck it with its rear passenger side trailer tire. unit #1 trailer information will be on oh-2.",20213126133,2021,O,7/1/2021 0:00,12,SCUYIR00480**C,S,CUY,23.195,41.424671,-81.550635,80990,17668.0,7/17/2021 0:00,5,7,N,2.0,N,Y,1.0,9,0,,,,Y,23.195,SCUYIR00480**C,Y,1,20212012,1,7,N,2,0,2,WARRENSVILLE HEIGHTS,1,W,Y,N,8.0,Y,0.095,,N,,N,WARRENSVILLE HEIGHTS,N,,0,,I 480 E,,480,IR,,,N,,,CAMDEN,1,,,,RD,N,N,Y,0,0,N,1.0,0,2,1,,45584.0,N,25.499,29,Y,5,4,3,1,F,N,N,N,0,4,0,2,2,60,1,20,0,0,0,0,0,1,6,NT,3,65,63.0,1.0,4.0,3.0,1.0,M,,1.0,60.0,1.0,20.0,,,,,,1.0,6.0,NT,15.0,50.0,,,,,,,,,,,,,1,4,,"unit2 traveling left middle camden . unit1 traveling camden . unit2 failed maintain control vehicle hydro planed front unit1 . unit1 attempted avoid hitting unit2 , struck rear passenger side trailer tire . unit1 trailer information oh .",O,"[0.9999972581863403, 2.4909552394092316e-06, 2.6302191713512e-07]",O,"[0.9999314546585083, 6.446358020184562e-05, 4.111424914299278e-06]",O,"[0.61865234375, 0.3056640625, 0.075927734375]"
1875,1875,213127454,"unit one was traveling north on 77. the driver of unit one stated that she hydro planed. unit one lost control, struck the right gardrail and vehicle slid along the rail for a short distance. the vehicle was half on the gardrail when it came to a stop hitting the speed limit sign. the driver of unit one was uninjured and refused ems.",20213127454,2021,O,7/1/2021 0:00,12,SCUYIR00077**C,S,CUY,12.674,41.455353,-81.657121,16000,17668.0,7/17/2021 0:00,13,7,N,2.0,Y,Y,1.0,7,0,15400.0,,,Y,12.674,SCUYIR00077**C,N,1,202100505,1,7,N,1,0,1,CLEVELAND,1,N,Y,N,6.0,Y,0.007,,N,,N,NEWBURGH HEIGHTS,N,,0,,I 77 N,,77,IR,,,N,,N,FLEET,1,,,,AVE,N,N,N,0,0,N,1.0,0,2,1,,91246.0,N,159.816,37,Y,17,2,1,1,F,N,N,N,0,3,30,1,2,60,1,8,30,0,0,0,0,1,6,NT,1,60,,,,,,,,,,,,,,,,,,,,,,,,,,,,,,,,,,0,4,,"unit1 traveling . driver unit1 stated hydro planed . unit1 lost control , struck gardrail vehicle slid along rail short distance . vehicle half gardrail came stop hitting speed limit sign . driver unit1 uninjured refused ems .",O,"[1.0, 4.6216069193860676e-08, 1.3366934226155536e-08]",O,"[1.0, 2.6714828266216628e-11, 6.78070838342512e-15]",O,"[1.0, 0.0, 0.0]"
1876,1876,213132072,unit 1 was traveling west on i-480 in the left lane. unit 1 began to hydro plane due to water on the highway. unit 1 spun counterclockwise crossing over the left shoulder and eventually striking the concrete median. no damage to the median.,20213132072,2021,O,7/1/2021 0:00,12,SCUYIR00480**N,S,CUY,23.861,41.424937,-81.537461,80990,17668.0,7/24/2021 0:00,13,7,N,2.0,N,Y,1.0,11,0,20600.0,,,Y,23.88,SCUYIR00480**C,N,1,20212082,1,7,N,1,0,1,WARRENSVILLE HEIGHTS,1,,Y,N,7.0,Y,0.0,,N,,N,WARRENSVILLE HEIGHTS,N,,0,,I 480 W,,480,IR,,,N,,,WARRENSVILLE,1,,,,RD,N,N,N,0,0,N,1.0,0,2,1,,54083.0,N,26.165,35,Y,99,3,4,1,M,N,N,N,0,4,35,1,2,60,1,13,9,35,0,0,0,1,6,NT,1,60,,,,,,,,,,,,,,,,,,,,,,,,,,,,,,,,,,0,4,,unit1 traveling left . unit1 began hydro plane due water . unit1 spun counterclockwise crossing left shoulder eventually striking concrete median . damage median .,O,"[0.9999998807907104, 1.1680130995728177e-07, 1.5861338908962352e-08]",O,"[1.0, 1.9503234582884943e-08, 6.184230211259134e-11]",O,"[1.0, 1.0132789611816406e-06, 5.960464477539063e-08]"
1877,1877,213134431,"unit 1 was heading westbound on u.s. 24, when she passed a slow moving vehicle then hydro plane causing her to go off the left side of the road. unit 1 then over corrected and went sideways in front of the slow moving vehicle striking an exit ramp marker.",20213134431,2021,C,7/1/2021 0:00,2,,S,HEN,,41.35991,-84.222072,53564,99999.0,7/23/2021 0:00,13,6,N,2.0,Y,N,,11,0,,,,N,,,N,1,21-007590,1,7,,0,0,1,NAPOLEON TOWNSHIP,1,W,N,N,2.0,Y,0.114,,N,,N,NAPOLEON,N,,0,,,,24,US,,,N,,,SCOTT,1,,,,ST,N,N,Y,0,0,N,,1,2,2,,,N,,28,Y,5,3,4,1,F,N,N,N,0,2,37,1,0,70,4,9,13,37,0,0,0,1,6,NT,3,65,,,,,,,,,,,,,,,,,,,,,,,,,,,,,,,,,,0,4,,"unit1 heading u.s. , passed slow moving vehicle hydro plane causing go left side . unit1 corrected went sideways front slow moving vehicle striking exit ramp marker .",C,"[0.24084573984146118, 0.715528130531311, 0.04362614452838898]",O,"[0.9895539283752441, 0.010153102688491344, 0.00029297627042979]",O,"[0.88818359375, 0.1072998046875, 0.004344940185546875]"
1878,1878,213136610,unit #1 was traveling e/b on ir 480. unit #1 switched lanes from lane #3 to #4. the driver of unit #1 stated she hydro planed and was unable to stop. unit #1 stuck the concrete barrier and metal stop/attenuator in font of the barrier.,20213136610,2021,O,7/1/2021 0:00,12,SCUYIR00480**C,S,CUY,19.318,41.410555,-81.620495,29428,17668.0,7/17/2021 0:00,13,7,N,2.0,Y,Y,1.0,10,0,20200.0,,,Y,19.318,SCUYIR00480**C,N,1,20211957,1,7,N,1,0,1,GARFIELD HEIGHTS,1,,Y,N,8.0,Y,0.0,,Y,,N,GARFIELD HEIGHTS,N,,4,,I 480 E,,480,IR,,,N,,,TRANSPORTATION,1,,,,BLVD,N,N,N,0,5,Y,1.0,0,2,1,,39773.0,N,21.622,19,Y,1,4,3,1,F,N,N,N,0,4,35,1,2,60,3,35,0,0,0,0,0,1,6,NT,1,45,,,,,,,,,,,,,,,,,,,,,,,,,,,,,,,,,,0,4,,unit1 traveling . unit1 switched lanes . driver unit1 stated hydro planed unable stop . unit1 stuck concrete barrier metal stop attenuator font barrier .,O,"[0.9999998807907104, 1.6075168218776525e-07, 1.9978195098246943e-08]",O,"[0.9993703961372375, 0.0006218859925866127, 7.790199560986366e-06]",O,"[1.0, 0.0, 0.0]"
1879,1879,213137890,"on 07/16/2021, unit #1 was traveling south on sr 7 when the vehicle began to hydro plane because of the wet road conditions. unit #1 began to swerve on the roadway rear ending unit #2 then striking the front end of unit #3 that was stopped at the stop on on shadyside rd. unit #1 is at fault.",20213137890,2021,O,7/1/2021 0:00,11,SCOLSR00007**C,S,COL,5.52,40.626584,-80.593799,23730,99724.0,7/16/2021 0:00,2,6,N,2.0,N,N,3.0,17,0,,b5762679-eeca-472c-b9d0-0897a8ca6b87,52a6e915-a907-4bd1-aeee-0ca0d6d37b4a,N,5.52,SCOLSR00007**C,N,1,202102775,4,7,N,4,0,3,EAST LIVERPOOL,1,S,Y,Y,4.0,N,0.006,CR,Y,,N,EAST LIVERPOOL,N,,0,,STATE ROUTE 7 S,,7,SR,,,N,,,SHADYSIDE,1,,,,RD,N,N,N,0,0,N,3.0,0,2,4,,125185.0,N,236.172,24,Y,99,1,2,1,M,N,N,N,0,2,0,1,2,35,1,20,0,0,0,0,0,1,6,NT,1,35,39.0,1.0,1.0,2.0,1.0,F,,2.0,35.0,1.0,20.0,,,,,,1.0,6.0,NT,3.0,35.0,1.0,3.0,11.0,20.0,,,,,,1.0,4.0,1.0,0,4,,", unit1 traveling vehicle began hydro plane wet conditions . unit1 began swerve roadway rear ending unit2 striking front end unit3 stopped stop shadyside unit1 fault .",C,"[0.2653510868549347, 0.6998987197875977, 0.03475014865398407]",O,"[0.9042847156524658, 0.08650678396224976, 0.009208519011735916]",O,"[0.9990234375, 0.0007910728454589844, 0.00013124942779541016]"
1880,1880,213138894,"unit 1 e/b on i-90, hydro planed in the rain, lost control and struck center median.",20213138894,2021,O,7/1/2021 0:00,12,SCUYIR00090**C,S,CUY,5.104,41.476115,-81.872628,68056,17668.0,7/15/2021 0:00,13,5,N,2.0,Y,Y,1.0,19,0,,,,Y,5.104,SCUYIR00090**C,N,1,202100850,1,7,N,1,0,1,ROCKY RIVER,1,,Y,N,6.0,Y,0.0,,N,,N,ROCKY RIVER,N,,0,,,,90,IR,,161.0,N,,,161,2,,,,,N,N,N,0,0,N,1.0,0,2,3,,121722.0,N,160.923,29,Y,99,4,3,1,M,N,N,N,0,3,35,1,2,60,13,9,35,0,0,0,0,1,6,NT,3,60,,,,,,,,,,,,,,,,,,,,,,,,,,,,,,,,,,0,4,,"unit1 , hydro planed rain , lost control struck center median .",O,"[0.9999966621398926, 3.1209669941745233e-06, 2.05932551011756e-07]",C,"[0.20143695175647736, 0.7976534366607666, 0.0009096178691834211]",O,"[1.0, 7.200241088867188e-05, 1.9669532775878906e-06]"
1881,1881,213139936,unit 1 was traveling south on state route 11 and hydro planed on water just past the calcutta exit ramp. the vehicle went off the right side of the roadway striking a hillside and overturning. all three occupants were able to get out of the vehicle but were transported to east liverpool city hospital for treatment. calcutta towing removed the vehicle.,20213139936,2021,AB,7/1/2021 0:00,11,SCOLUS00030**C,S,COL,31.074,40.666164,-80.593166,69512,99724.0,7/16/2021 0:00,16,6,N,2.0,N,Y,2.0,14,0,11800.0,,,N,31.074,SCOLUS00030**C,N,1,202100796,1,7,N,0,3,1,SAINT CLAIR TOWNSHIP,1,,Y,N,4.0,Y,0.0,SR,N,,N,SAINT CLAIR TOWNSHIP,N,,0,,STATE ROUTE 11 S,,11,SR,,,N,,,STATE ROUTE 170 S,1,170,SR,,,N,N,Y,0,0,N,1.0,0,2,2,,275433.0,N,242.17,55,Y,5,1,2,1,F,N,N,N,0,4,0,1,2,70,1,1,0,0,0,0,0,1,6,NT,1,70,,,,,,,,,,,,,,,,,,,,,,,,,,,,,,,,,,3,4,,unit1 traveling state hydro planed water past calcutta exit ramp . vehicle went side roadway striking hillside overturning . three occupants able get vehicle transported liverpool city hospital treatment . calcutta towing removed vehicle .,C,"[0.004539694637060165, 0.9798243045806885, 0.01563604548573494]",C,"[0.0006605613161809742, 0.8953539729118347, 0.10398542135953903]",C,"[2.9265880584716797e-05, 0.998046875, 0.001934051513671875]"