,id,OBJECTID,Narrative,DOCUMENT_NBR,CRASH_YR,CRASH_SEVERITY_CD,CRASH_MONTH_YEAR,DISTRICT_NBR,NLFID,NLF_JUR_CD,NLF_COUNTY_CD,COUNTY_LOG_NBR,ODOT_LATITUDE_NBR,ODOT_LONGITUDE_NBR,ODOT_FIPS_CD,AREA_CODE,CRASH_DATE,CRASH_TYPE_CD,DAY_IN_WEEK_CD,DISTRACTED_DRIVER_IND,FACILITY_TYPE_CD,FHWA_RDWY_DEPARTURE_IND,FREEWAY_IND,FUNCTIONAL_CLASS_CD,HOUR_OF_CRASH,INCAPAC_INJURIES_NBR,INTERCHANGE_ID,INTERSECTION_ID_CURRENT,INTERSECTION_LEG_ID,INTERSTATE_IND,INV_LOG_NBR,INV_NLFID,IS_COMMERCIAL_RELATED,LIGHT_COND_PRIMARY_CD,LOCAL_REPORT_NUMBER_ID,MAINTENANCE_AUTHORITY_CD,MONTH_OF_CRASH,NHS_CD,NO_INJURY_REPORTED_NBR,NON_INCAPAC_INJURIES_NBR,NUMBER_OF_UNITS_NBR,ODOT_CITY_VILLAGE_TWP_NME,ODOT_CRASH_LOCATION_CD,ODOT_DIR_FROM_REF_CD,ODOT_DIV_UNDIV_IND,ODOT_INTERSECTION_REL_IND,ODOT_LANES_NBR,ODOT_MAINTAINED_HWY_IND,ODOT_MILES_FROM_REF_NBR,ODOT_REF_ROUTE_PREFIX_CD,ODOT_YOUNG_DRIVER_IND,ODPS_ADDRESS_REFERENCE,ODPS_ALCOHOL_IND,ODPS_CITY_VILLAGE_TWP_NME,ODPS_DRUG_IND,ODPS_LOC_DIR_SUFFIX_CD,ODPS_LOC_IN_WORK_ZONE_CD,ODPS_LOC_ROAD_DIRECTION_CD,ODPS_LOC_ROAD_NME,ODPS_LOC_ROAD_SUFFIX_CD,ODPS_LOC_ROUTE_ID,ODPS_LOC_ROUTE_PREFIX_CD,ODPS_LOC_ROUTE_SUFFIX_CD,ODPS_MILEPOST_REFERENCE,ODPS_MOTORCYCLE_IND,ODPS_REF_DIR_SUFFIX_CD,ODPS_REF_DIRECTION_CD,ODPS_REF_GIVEN,ODPS_REF_POINT_USED_CD,ODPS_REF_ROUTE_ID,ODPS_REF_ROUTE_PREFIX_CD,ODPS_REF_ROUTE_SUFFIX_CD,ODPS_REF_SUFFIX_CD,ODPS_SCHOOL_ZONE_IND,ODPS_SENIOR_DRIVER_IND,ODPS_SPEED_IND,ODPS_TOTAL_FATALITIES_NBR,ODPS_TYPE_OF_WORK_ZONE_CD,ODPS_WORK_ZONE_IND,OPER_ACCESS_CONTROL_CD,POSSIBLE_INJURIES_NBR,ROAD_COND_PRIMARY_CD,ROAD_CONTOUR_CD,SA_RAMP_ID,SA_SEGMENT_ID,SECONDARY_CRASH,STATE_TRUE_LOG_NBR,U1_AGE_NBR,U1_AT_FAULT_IND,U1_CONT_CIR_PRIMARY_CD,U1_DIRECTION_FROM_CD,U1_DIRECTION_TO_CD,U1_DISTRACTED_BY_1_CD,U1_GENDER_CD,U1_IS_ALCOHOL_SUSPECTED,U1_IS_MARIJUANA_SUSPECTED,U1_IS_OTHER_DRUG_SUSPECTED,U1_NON_MOTORIST_LOC_CD,U1_NUMBER_OF_THRU_LANES,U1_OBJECT_STRUCK,U1_ODPS_UNIT_NBR,U1_OPERATINGIN_AUTONOMOUS_MODE,U1_POSTED_SPEED_NBR,U1_PRECRASH_ACTION_CD,U1_SEQ_OF_EVENTS_1_CD,U1_SEQ_OF_EVENTS_2_CD,U1_SEQ_OF_EVENTS_3_CD,U1_SEQ_OF_EVENTS_4_CD,U1_SEQ_OF_EVENTS_5_CD,U1_SEQ_OF_EVENTS_6_CD,U1_SPECIAL_FUNCTION_CD,U1_TRAFFIC_CONTROL_CD,U1_TURN_CD,U1_TYPE_OF_UNIT_CD,U1_UNIT_SPEED_NBR,U2_AGE_NBR,U2_CONT_CIR_PRIMARY_CD,U2_DIRECTION_FROM_CD,U2_DIRECTION_TO_CD,U2_DISTRACTED_BY_1_CD,U2_GENDER_CD,U2_NON_MOTORIST_LOC_CD,U2_ODPS_UNIT_NBR,U2_POSTED_SPEED_NBR,U2_PRECRASH_ACTION_CD,U2_SEQ_OF_EVENTS_1_CD,U2_SEQ_OF_EVENTS_2_CD,U2_SEQ_OF_EVENTS_3_CD,U2_SEQ_OF_EVENTS_4_CD,U2_SEQ_OF_EVENTS_5_CD,U2_SEQ_OF_EVENTS_6_CD,U2_SPECIAL_FUNCTION_CD,U2_TRAFFIC_CONTROL_CD,U2_TURN_CD,U2_TYPE_OF_UNIT_CD,U2_UNIT_SPEED_NBR,U3_CONT_CIR_PRIMARY_CD,U3_ODPS_UNIT_NBR,U3_PRECRASH_ACTION_CD,U3_SEQ_OF_EVENTS_1_CD,U3_SEQ_OF_EVENTS_2_CD,U3_SEQ_OF_EVENTS_3_CD,U3_SEQ_OF_EVENTS_4_CD,U3_SEQ_OF_EVENTS_5_CD,U3_SEQ_OF_EVENTS_6_CD,U3_SPECIAL_FUNCTION_CD,U3_TRAFFIC_CONTROL_CD,U3_TYPE_OF_UNIT_CD,UNRESTRAIN_OCCUPANTS,WEATHER_COND_CD,V1,clean_Narrative,BERT_predictions,BERT_prediction_probabilities,RoBERTa_predictions,RoBERTa_predictions_probabilities,distilBERT_predictions,distilBERT_predictions_probabilities
1882,1882,213141397,driver of unit 1 stated he was traveling northbound on noe bixby rd at i270 when he hydro planed and went into the southbound lanes and struck unit 2 which was pulling unit 3. driver of unit 2 stated he was pulling unit 3 and was traveling southbound on noe bixby rd at i270 when unit 1 who was traveling northbound drove into the southbound lanes after losing control and struck unit 2. cfd medic 23 treated driver of unit 1 for a cut to the hand. driver of unit 1 was issued an at fault citation for failure to control. driver of unit 2 could not show proof of insurance.,20213141397,2021,C,8/1/2021 0:00,6,CFRACR00371**C,C,FRA,2.566,39.927424,-82.864788,18000,19234.0,8/7/2021 0:00,1,7,N,,N,N,4.0,19,0,,,,N,2.566,CFRACR00371**C,N,1,210586575,4,8,,2,0,3,COLUMBUS,1,N,N,N,2.0,N,0.016,IR,Y,,N,COLUMBUS,N,,0,,NOE BIXBY,RD,,,,,N,,,I 270 E,1,270,IR,,,N,N,Y,0,0,N,,1,2,1,,31501.0,N,2.566,23,Y,99,2,1,1,M,N,N,N,0,1,0,1,0,35,13,20,0,0,0,0,0,1,6,NT,1,38,33.0,1.0,1.0,2.0,1.0,M,,2.0,35.0,13.0,20.0,,,,,,1.0,6.0,NT,1.0,35.0,1.0,3.0,99.0,99.0,30.0,,,,,99.0,6.0,20.0,0,2,,driver unit1 stated traveling noe bixby hydro planed went lanes struck unit2 pulling unit3 . driver unit2 stated pulling unit3 traveling noe bixby unit1 traveling drove lanes losing control struck unit2 . cfd medic treated driver unit1 cut . driver unit1 issued fault citation failure control . driver unit2 could show proof insurance .,C,"[8.491585504089016e-06, 0.9999901056289673, 1.390047032145958e-06]",C,"[3.565923520909564e-07, 0.9999995231628418, 1.7835903065588354e-07]",C,"[3.2782554626464844e-06, 1.0, 5.960464477539062e-07]"
1883,1883,213145283,units 1 and 2 were traveling south on i-271. unit 2 hydro planed due to standing water and spun into unit 1 .,20213145283,2021,O,8/1/2021 0:00,12,SCUYIR00271**N,S,CUY,6.01,41.434127,-81.501638,80990,17668.0,8/11/2021 0:00,5,4,N,2.0,N,Y,1.0,18,0,18400.0,,,Y,5.983,SCUYIR00271**C,N,1,20212271,1,8,N,3,0,2,WARRENSVILLE HEIGHTS,1,,Y,N,5.0,Y,0.0,,Y,,N,WARRENSVILLE HEIGHTS,N,,0,,I 271 S,HWY,271,IR,,,N,,,Richmond,1,,,,RD,N,N,N,0,0,N,1.0,0,2,1,,81490.0,N,27.974,18,Y,99,1,2,1,M,N,N,N,0,3,0,2,2,60,1,20,0,0,0,0,0,1,6,NT,1,60,39.0,1.0,1.0,2.0,1.0,F,,1.0,60.0,1.0,20.0,,,,,,1.0,6.0,NT,1.0,60.0,,,,,,,,,,,,,1,4,,unit1 unit2 traveling . unit2 hydro planed due standing water spun unit1 .,O,"[0.9999998807907104, 1.319645264175051e-07, 2.5864405728270867e-08]",O,"[0.9999815225601196, 1.778204932634253e-05, 7.3835889224938e-07]",O,"[1.0, 3.516674041748047e-06, 1.7881393432617188e-07]"
1884,1884,213148912,"unit 1,2 and 3 were all driving on 480 west just passing the miles exit. unit 1 and unit 3 were in the far left lane and unit 2 was in the second to left lane. unit 1 hydro planed under the warrensville center road bridge. unit 1 spun out striking unit 3. unit 1 then went into the second to left lane and stuck unit 2.unit 2 then also lost control and struck unit 3 causing unit 3 to go into the cement wall.",20213148912,2021,C,8/1/2021 0:00,12,SCUYRA18295**C,S,CUY,0.29,41.424606,-81.537345,80990,17668.0,8/12/2021 0:00,5,5,N,4.0,N,Y,1.0,9,0,20600.0,d4a145b2-4fa8-4266-98d7-4a8ca0006e8e,95a3428b-873e-4d64-ac22-5d8c85b08066,Y,0.29,SCUYRA18295**C,N,1,20212275,1,8,,3,0,3,WARRENSVILLE HEIGHTS,1,W,N,N,,Y,0.038,RA,Y,,N,WARRENSVILLE HEIGHTS,N,,0,,I 480 W,,480,IR,,,N,,,WARRENSVILLE CENTER,1,,,,RD,N,N,N,0,0,N,1.0,1,2,1,,,N,0.29,18,Y,99,3,4,1,F,N,N,N,0,5,0,1,2,60,1,20,20,0,0,0,0,1,6,NT,1,60,58.0,1.0,3.0,4.0,1.0,F,,2.0,60.0,1.0,20.0,20.0,,,,,1.0,6.0,NT,1.0,50.0,1.0,3.0,1.0,20.0,34.0,,,,,1.0,6.0,1.0,0,4,,"unit1 , driving passing miles exit . unit1 unit3 far left unit2 second left . unit1 hydro planed warrensville center bridge . unit1 spun striking unit3 . unit1 went second left stuck unit2.unit2 also lost control struck unit3 causing unit3 go cement wall .",C,"[0.011648186482489109, 0.8991553783416748, 0.08919647336006165]",C,"[0.007242304738610983, 0.9909896850585938, 0.001767983427271247]",C,"[0.020233154296875, 0.97509765625, 0.004550933837890625]"
1885,1885,213149663,"unit #1 and unit #2 were both traveling east on i-670. the driver of unit#1 stated that he was driving in the center lane when a vehicle in front of him hit the brakes causing him to have to apply his brakes. when the driver of unit #1 applied his brakes, he began to hydro plane causing him to lose control. unit #1 then began to slide south into the far right lane of i-670 striking unit #2. both vehicles left the roadway at the e. 5th ave. exit ramp coming to rest against the median. cfd medic 8 responded and treated the driver of unit #2 at scene.",20213149663,2021,O,8/1/2021 0:00,6,SFRAIR00670**C,S,FRA,7.467,39.98559,-82.938993,18000,19234.0,8/16/2021 0:00,5,2,N,2.0,Y,Y,1.0,11,0,31900.0,,,Y,7.467,SFRAIR00670**C,N,1,210611370,1,8,N,2,0,2,COLUMBUS,1,W,Y,N,6.0,Y,0.002,,Y,,N,COLUMBUS,N,,0,,I 670 E,,670,IR,,,N,,E,Fifth,1,,,,AVE,N,N,N,0,0,N,1.0,0,2,4,,57030.0,N,7.467,24,Y,15,4,3,1,M,N,N,N,0,3,0,1,0,55,1,20,8,0,0,0,0,1,6,NT,2,45,20.0,1.0,4.0,3.0,1.0,F,,2.0,55.0,1.0,8.0,20.0,,,,,1.0,6.0,NT,1.0,45.0,,,,,,,,,,,,,0,4,,"unit1 unit2 traveling i. driver unit1 stated driving center vehicle front hit brakes causing apply brakes . driver unit1 applied brakes , began hydro plane causing lose control . unit1 began slide far striking unit2 . vehicles left roadway . exit ramp coming rest median . cfd medic responded treated driver unit2 scene .",C,"[0.00038721805321983993, 0.9995957016944885, 1.709569914964959e-05]",C,"[0.002075929893180728, 0.9976358413696289, 0.0002882793196476996]",C,"[0.0003669261932373047, 1.0, 7.486343383789062e-05]"
1886,1886,213150068,unit#1 was east on i-480 and lost control due to hydro planing in standing water on the roadway due to heavy rain. unit# 1 slid off the right side of the roadway striking a posted highway road sign. unit#1 then traveled down the embankment and into the ditch alongside the roadway.,20213150068,2021,O,8/1/2021 0:00,4,SPORIR00480**C,S,POR,1.138,41.257922,-81.373826,75014,17668.0,8/13/2021 0:00,13,6,N,2.0,Y,Y,1.0,19,0,,,,Y,1.138,SPORIR00480**C,N,1,202102147,1,8,N,2,0,1,STREETSBORO,1,E,Y,N,4.0,Y,0.152,,Y,,N,STREETSBORO,N,,0,,I 480 E,,480,IR,,,N,,,FROST,1,,,,RD,N,N,N,0,0,N,1.0,0,2,2,,81550.0,N,42.145,20,Y,99,4,3,1,M,N,N,N,0,2,44,1,2,65,1,37,44,8,45,0,0,1,6,NT,1,45,,,,,,,,,,,,,,,,,,,,,,,,,,,,,,,,,,0,4,,unit1 lost control due hydro planing standing water roadway due heavy rain . unit slid side roadway striking posted sign . unit1 traveled embankment ditch alongside roadway .,O,"[0.9804192185401917, 0.01809724234044552, 0.0014835135079920292]",O,"[0.9999995231628418, 5.253343715594383e-07, 5.033465200199316e-09]",O,"[1.0, 0.0, 0.0]"
1887,1887,213153547,unit #1 was traveling wb on ir 275 maintaining the center lane. unit #1 drove into high water and began to hydro plane. unit #1 started to slide to the right of the roadway. the driver of unit #1 reported over correcting causing vehicle to swerve to the left across the lanes of travel. it then struck the concrete barrier before coming to final rest.,20213153547,2021,O,8/1/2021 0:00,8,SHAMIR00275**N,S,HAM,25.518,39.292566,-84.450252,74104,16885.0,8/16/2021 0:00,13,2,N,2.0,N,Y,1.0,18,0,42100.0,,,Y,25.286,SHAMIR00275**C,N,1,202101486,1,8,N,1,0,1,SPRINGDALE,1,,Y,N,8.0,Y,0.0,,Y,,N,SPRINGDALE,N,,0,,,HWY,275,IR,,43.2,N,,,43 2,2,,,,,N,N,N,0,0,N,1.0,0,2,1,,47362.0,N,43.118,17,Y,15,3,4,1,M,N,N,N,0,5,35,1,2,65,1,99,35,0,0,0,0,1,6,NT,1,62,,,,,,,,,,,,,,,,,,,,,,,,,,,,,,,,,,0,4,,unit1 traveling maintaining center . unit1 drove high water began hydro plane . unit1 started slide roadway . driver unit1 reported correcting causing vehicle swerve left across lanes travel . struck concrete barrier coming final rest .,O,"[0.958238422870636, 0.03989502415060997, 0.0018665854586288333]",O,"[0.9996709823608398, 0.0003249285218771547, 4.104399522475433e-06]",O,"[1.0, 6.812810897827148e-05, 4.887580871582031e-06]"
1888,1888,213175033,"unit 2 was traveling north on kennedy ave. near hill and dale dr.ÃÂÃÂ¨ÃÂÃÂ¨ unit 1 was traveling south on kennedy ave. just north of hill and dale, driving around a sharp curve.ÃÂÃÂ¨ÃÂÃÂ¨ due to the rain, the grade of the hill, and the curve, unit 1 failed to maintain reasonable control. unit 1 hydro planed crossing the center lane, and struck unit 2 on the passenger front with his passenger front causing disabling damage to both vehicles. the operator of unit 1 was determined to be at fault.",20213175033,2021,O,9/1/2021 0:00,8,CHAMCR00339**C,C,HAM,0.658,39.173969,-84.4166,16882,16885.0,9/20/2021 0:00,6,2,N,,Y,N,5.0,15,0,,4ccc86c9-823f-47a9-8938-38820f4608e7,af739577-cc04-4ad1-abb2-2f7ed1047a1a,N,0.658,CHAMCR00339**C,N,1,CR-2021-002173,2,9,,2,0,2,COLUMBIA TOWNSHIP,1,,N,N,2.0,N,0.0,TR,N,,N,COLUMBIA TOWNSHIP,N,,0,,KENNEDY,AVE,,,,,N,,,HILLS AND DALES,1,,,,DR,N,N,N,0,0,N,,0,2,4,,37509.0,N,0.658,40,Y,7,1,2,9,M,N,N,N,0,2,0,1,2,35,1,11,20,0,0,0,0,1,6,NT,1,0,32.0,1.0,2.0,1.0,1.0,F,,2.0,35.0,1.0,20.0,,,,,,1.0,6.0,NT,3.0,,,,,,,,,,,,,,0,4,,"unit2 traveling kennedy . near hill dale .ÃÂÃÂ¨ÃÂÃÂ¨ unit1 traveling kennedy . hill dale , driving around sharp curve.ÃÂÃÂ¨ÃÂÃÂ¨ due rain , grade hill , curve , unit1 failed maintain reasonable control . unit1 hydro planed crossing center , struck unit2 passenger front passenger front causing disabling damage vehicles . operator unit1 determined fault .",O,"[0.9202591180801392, 0.078292615711689, 0.0014482560800388455]",O,"[0.9612005949020386, 0.03864477574825287, 0.0001547127467347309]",O,"[0.8095703125, 0.148681640625, 0.04156494140625]"
1889,1889,213176954,unit one hydro planned on the roadway over correcting into a fence and field,20213176954,2021,O,9/1/2021 0:00,5,SCOSSR00060**C,S,COS,7.108,40.249373,-82.052011,4864,99999.0,9/22/2021 0:00,13,4,N,2.0,Y,N,5.0,12,0,,,,N,7.108,SCOSSR00060**C,N,1,21-002917,1,9,,1,0,1,BEDFORD TOWNSHIP,12,,N,N,2.0,Y,0.0,,N,20033,N,BEDFORD TOWNSHIP,N,,0,,,,60,,,,N,,,,3,,,,,N,N,N,0,0,N,3.0,0,2,1,,327724.0,N,88.544,43,Y,11,1,2,1,U,N,N,N,0,2,46,1,0,55,1,9,46,0,0,0,0,1,6,NT,3,0,,,,,,,,,,,,,,,,,,,,,,,,,,,,,,,,,,0,4,,unit1 hydro planned roadway correcting fence field,O,"[0.9996672868728638, 0.0003167647810187191, 1.597997652424965e-05]",O,"[0.9999014139175415, 9.39200326683931e-05, 4.6955447032814845e-06]",O,"[1.0, 1.9848346710205078e-05, 4.172325134277344e-07]"
1890,1890,213177098,"unit 1 was traveling on i77n at the 154 mp in the left lane. unit 2 was traveling behind unit 1. unit 1 hydro planed due to weather and the rear of unit 1 struck the center median, coming to rest in the left and middle left lanes. unit 2 attempted to avoid unit 1 but the left front end of unit 2 struck the front right side of unit 1.",20213177098,2021,O,9/1/2021 0:00,12,SCUYIR00077**C,S,CUY,6.949,41.375827,-81.65248,37240,17668.0,9/22/2021 0:00,5,4,N,2.0,Y,Y,1.0,13,0,,,,Y,6.949,SCUYIR00077**C,N,1,20210822,1,9,N,2,0,2,INDEPENDENCE,1,,Y,N,8.0,Y,0.0,,N,,N,INDEPENDENCE,N,,0,,,,77,IR,,154.0,N,,,154,2,,,,,N,N,N,0,0,N,1.0,0,2,1,,91242.0,N,154.091,61,Y,99,2,1,1,M,N,N,N,0,4,35,1,2,60,1,9,35,20,0,0,0,1,6,NT,3,60,50.0,1.0,2.0,1.0,1.0,M,,2.0,60.0,1.0,20.0,,,,,,1.0,6.0,NT,1.0,60.0,,,,,,,,,,,,,0,4,,"unit1 traveling mp left . unit2 traveling behind unit1 . unit1 hydro planed due weather rear unit1 struck center median , coming rest left middle left lanes . unit2 attempted avoid unit1 left front end unit2 struck front side unit1 .",O,"[0.9625899791717529, 0.036453768610954285, 0.0009562250343151391]",O,"[0.9999134540557861, 8.489975152770057e-05, 1.6884732758626342e-06]",O,"[0.9990234375, 0.0008325576782226562, 7.194280624389648e-05]"
1891,1891,213177612,"unit 1 was traveling northbound on us 23 just south of mile post 4. unit 1 hydro planed and lost control of her vehicle. unit 1 was unable to maintain her lane and swerved to the left side of the road from the right lane, sticking the median. unit 1 then spun around and struck the right barrier. unit 1 had disabling damage to the vehicle.no injuries were reported on scene.",20213177612,2021,O,9/1/2021 0:00,2,SLUCIR00475**C,S,LUC,0.12,41.547207,-83.683362,48342,87868.0,9/22/2021 0:00,13,4,N,2.0,Y,Y,1.0,3,0,,139facf7-a613-4aed-b4b9-92a806a8f82f,92789840-31bd-4e70-8e27-42f12a3a2fab,Y,0.12,SLUCIR00475**C,N,4,21020866,1,9,N,1,0,1,MAUMEE,1,S,Y,N,4.0,Y,0.057,,N,,N,MAUMEE,N,,0,,,,23,US,,4.0,N,,,,2,,,,,N,N,Y,0,0,N,1.0,0,2,1,,45568.0,N,4.134,41,Y,5,2,1,1,F,N,N,N,0,4,35,1,0,65,1,35,0,0,0,0,0,1,6,NT,1,65,,,,,,,,,,,,,,,,,,,,,,,,,,,,,,,,,,0,4,,"unit1 traveling us mile post . unit1 hydro planed lost control vehicle . unit1 unable maintain swerved left side , sticking median . unit1 spun around struck barrier . unit1 disabling damage vehicle.no injuries reported scene .",O,"[0.9999998807907104, 1.4266100833992823e-07, 2.925978570544885e-08]",O,"[1.0, 5.169298877838457e-10, 1.3070463765127438e-13]",O,"[1.0, 0.0, 0.0]"
1892,1892,213177928,the driver of unit 1 was traveling on i-480e in the number one lane. the driver of unit 1 stated a truck made an improper lane change from lane two into lane one. as a result of the improper lane change unit 1 had to brake hard in order to avoid striking the truck. unit 1 then began to hydro plane and struck the concrete divider.,20213177928,2021,O,9/1/2021 0:00,12,SCUYIR00480**C,S,CUY,12.928,41.421921,-81.736946,9246,17668.0,9/22/2021 0:00,13,4,N,2.0,Y,Y,1.0,14,0,19900.0,,,Y,12.928,SCUYIR00480**C,N,1,2120131102,1,9,N,1,0,1,BROOKLYN,1,E,Y,N,8.0,Y,0.014,,Y,,N,BROOKLYN,N,,0,,,,480,IR,,15.2,N,,,15 2,2,,,,,N,N,N,0,0,N,1.0,0,2,1,,45577.0,N,15.232,20,Y,1,4,3,1,M,N,N,N,0,4,35,1,0,60,1,35,0,0,0,0,0,1,6,NT,1,50,,,,,,,,,,,,,,,,,,,,,,,,,,,,,,,,,,0,4,,driver unit1 traveling 8e number one . driver unit1 stated truck made improper change two one . result improper change unit1 brake hard order avoid striking truck . unit1 began hydro plane struck concrete divider .,O,"[0.9999535083770752, 4.443830039235763e-05, 1.9777071429416537e-06]",O,"[0.9998779296875, 0.00012054527178406715, 1.5704908946645446e-06]",O,"[1.0, 5.960464477539063e-08, 0.0]"
1893,1893,213179894,unit #1 was northbound on i-71 just north of e. spring st. in the middle lane. driver #1 stated that she hit some water rolling across the freeway and hydro planed into the left retaining wall. driver #1 had some minor injuries but did not want a medic to respond.,20213179894,2021,C,9/1/2021 0:00,6,SFRAIR00071**C,S,FRA,18.258,39.974033,-82.983127,18000,19234.0,9/21/2021 0:00,13,3,N,2.0,Y,Y,1.0,9,0,28200.0,,,Y,18.258,SFRAIR00071**C,N,1,210716634,1,9,N,0,0,1,COLUMBUS,1,N,Y,N,6.0,Y,0.1,,N,,N,COLUMBUS,N,,0,,I 71 N,,71,IR,,,N,,E,SPRING,1,,,,ST,N,N,N,0,0,N,1.0,1,2,4,,56676.0,N,109.302,54,Y,99,2,1,1,F,N,N,N,0,3,35,1,2,55,13,9,35,0,0,0,0,1,6,NT,3,55,,,,,,,,,,,,,,,,,,,,,,,,,,,,,,,,,,0,4,,unit1 spring middle . driver stated hit water rolling across freeway hydro planed left retaining wall . driver minor injuries want medic respond .,C,"[3.0336090276250616e-05, 0.9999685287475586, 1.1650956821540603e-06]",C,"[5.138476240063028e-07, 0.9999994039535522, 8.705482201776249e-08]",C,"[0.001346588134765625, 0.9990234375, 4.76837158203125e-07]"
1894,1894,213179897,"unit #1 was eastbound on i-70 in the far left lane negotiating the curve approaching the alum creek dr. entrance ramp. unit #1 lost control of his vehicle crossed 4 lanes of traffic, crossed the entrance ramp from alum creek dr. and went down into the ditch on the other side before coming to rest in the trees and brush. driver #1 stated that he did not know what happened the car just lost control. witness #1 stated that it appeared that unit #1 hit some standing water and hydro planed across the freeway. driver #1 was checked by cfd medic 15 but chose not to be transported. driver #1 was cited for failure to control.",20213179897,2021,C,9/1/2021 0:00,6,SFRAIR00070**C,S,FRA,17.526,39.944045,-82.941819,18000,19234.0,9/22/2021 0:00,13,4,N,2.0,Y,Y,1.0,10,0,,,,Y,17.526,SFRAIR00070**C,N,1,210719556,1,9,N,0,0,1,COLUMBUS,1,E,Y,N,7.0,Y,0.038,,Y,,N,COLUMBUS,N,,0,,I 70 E,,70,IR,,,N,,,ALUM CREEK,1,,,,DR,N,N,Y,0,0,N,1.0,1,2,3,,39413.0,N,103.553,22,Y,99,4,3,1,M,N,N,N,0,4,48,1,2,55,13,8,43,43,43,44,48,1,6,NT,1,60,,,,,,,,,,,,,,,,,,,,,,,,,,,,,,,,,,0,4,,"unit1 far left negotiating curve approaching alum creek . entrance ramp . unit1 lost control vehicle crossed lanes traffic , crossed entrance ramp alum creek . went ditch side coming rest trees brush . driver stated know happened car lost control . witness stated appeared unit1 hit standing water hydro planed across freeway . driver checked cfd medic chose transported . driver cited failure control .",C,"[0.13537192344665527, 0.86295485496521, 0.001673243590630591]",C,"[9.7068099421449e-05, 0.9999029636383057, 4.163473121820971e-08]",C,"[0.321044921875, 0.67919921875, 7.68899917602539e-05]"
1895,1895,213179981,"unit #1 was w/b i-70 @ sr 33 in lane #3 when he hydro planed loosing control, crossing all the lanes of w/b i-70 striking unit #2 who was w/b i-70 in lane #1. driver of unit #1 was transported to grant hospital by cfd medic #15 for minor injuries, and was also cited as the at fault driver for failure to maintain control.",20213179981,2021,AB,9/1/2021 0:00,6,SFRAUS00033**C,S,FRA,21.859,39.932906,-82.928426,18000,19234.0,9/1/2021 0:00,5,4,N,2.0,N,N,4.0,6,0,,,,N,21.859,SFRAUS00033**C,N,2,210658345,4,9,,0,2,2,COLUMBUS,1,E,Y,N,4.0,N,0.002,US,N,,N,COLUMBUS,N,,0,,I 70 W,,70,IR,,,N,,,US ROUTE 33 W,1,33,US,,,N,N,N,0,0,N,2.0,0,2,3,,346054.0,N,128.102,33,Y,99,3,4,1,M,N,N,N,0,3,35,1,0,65,1,20,35,0,0,0,0,1,6,NT,3,65,48.0,1.0,3.0,4.0,1.0,M,,2.0,65.0,1.0,20.0,,,,,,1.0,6.0,NT,3.0,60.0,,,,,,,,,,,,,0,4,,"unit1 hydro planed loosing control , crossing lanes striking unit2 . driver unit1 transported grant hospital cfd medic minor injuries , also cited fault driver failure maintain control .",C,"[1.3659519026987255e-07, 0.9999997615814209, 9.61648467523446e-08]",C,"[4.209040866953728e-07, 0.9996088147163391, 0.0003907785576302558]",C,"[7.152557373046875e-07, 1.0, 1.1324882507324219e-06]"
1896,1896,213179991,"unit 1 was traveling w/b on delphos ave in the 900 blk. unit 1, with bald, racing tires, drove through standing water on the roadway and hydro planed. unit 1 lost control of the vehicle and exited the roadway right. unit 1 traveled through the grass and rail tracks, colliding and coming to rest with a stopped and parked train car on the tracks. the driver of unit 1 was complaining of neck, chest and back pain and was transported to srmc, by lfd for medical treatment. the railroad car is owned by bunge north america (1200 n. 2nd st., decatur, in, 46733, phone number (260)760-5427). their insurance is with old republic ins. co (policy #mwzy31467021)",20213179991,2021,C,9/1/2021 0:00,1,MALLMR00451**C,M,ALL,0.425,40.747612,-84.118813,43554,49852.0,9/22/2021 0:00,10,4,N,,Y,N,7.0,12,0,,b6df8753-ff62-41c3-ab41-f9219528377f,4ad5c9ee-7402-49f8-a982-8cdbb9447a88,N,0.425,MALLMR00451**C,N,1,21-026544,4,9,,0,0,1,LIMA,1,N,N,N,2.0,N,0.011,MR,Y,,N,LIMA,N,,0,W,DELPHOS,AVE,,,,,N,,,CHARLES,1,,,,ST,N,N,Y,0,0,N,,1,2,1,,85150.0,N,0.425,22,Y,5,3,6,1,M,N,N,N,0,2,0,1,0,35,1,8,16,0,0,0,0,1,6,RT,1,40,,,,,,,,,,,,,,,,,,,,,,,,,,,,,,,,,,0,4,,"unit1 traveling delphos blk . unit1 , bald , racing tires , drove standing water roadway hydro planed . unit1 lost control vehicle exited roadway . unit1 traveled grass rail tracks , colliding coming rest stopped parked train car tracks . driver unit1 complaining neck , chest back pain transported srmc , lfd medical treatment . railroad car owned bunge america ) . insurance old republic ins . co",C,"[0.0025472422130405903, 0.9575586318969727, 0.039894070476293564]",C,"[4.154116595600499e-06, 0.9985858201980591, 0.0014100222615525126]",C,"[6.854534149169922e-06, 1.0, 1.3232231140136719e-05]"