,id,OBJECTID,Narrative,DOCUMENT_NBR,CRASH_YR,CRASH_SEVERITY_CD,CRASH_MONTH_YEAR,DISTRICT_NBR,NLFID,NLF_JUR_CD,NLF_COUNTY_CD,COUNTY_LOG_NBR,ODOT_LATITUDE_NBR,ODOT_LONGITUDE_NBR,ODOT_FIPS_CD,AREA_CODE,CRASH_DATE,CRASH_TYPE_CD,DAY_IN_WEEK_CD,DISTRACTED_DRIVER_IND,FACILITY_TYPE_CD,FHWA_RDWY_DEPARTURE_IND,FREEWAY_IND,FUNCTIONAL_CLASS_CD,HOUR_OF_CRASH,INCAPAC_INJURIES_NBR,INTERCHANGE_ID,INTERSECTION_ID_CURRENT,INTERSECTION_LEG_ID,INTERSTATE_IND,INV_LOG_NBR,INV_NLFID,IS_COMMERCIAL_RELATED,LIGHT_COND_PRIMARY_CD,LOCAL_REPORT_NUMBER_ID,MAINTENANCE_AUTHORITY_CD,MONTH_OF_CRASH,NHS_CD,NO_INJURY_REPORTED_NBR,NON_INCAPAC_INJURIES_NBR,NUMBER_OF_UNITS_NBR,ODOT_CITY_VILLAGE_TWP_NME,ODOT_CRASH_LOCATION_CD,ODOT_DIR_FROM_REF_CD,ODOT_DIV_UNDIV_IND,ODOT_INTERSECTION_REL_IND,ODOT_LANES_NBR,ODOT_MAINTAINED_HWY_IND,ODOT_MILES_FROM_REF_NBR,ODOT_REF_ROUTE_PREFIX_CD,ODOT_YOUNG_DRIVER_IND,ODPS_ADDRESS_REFERENCE,ODPS_ALCOHOL_IND,ODPS_CITY_VILLAGE_TWP_NME,ODPS_DRUG_IND,ODPS_LOC_DIR_SUFFIX_CD,ODPS_LOC_IN_WORK_ZONE_CD,ODPS_LOC_ROAD_DIRECTION_CD,ODPS_LOC_ROAD_NME,ODPS_LOC_ROAD_SUFFIX_CD,ODPS_LOC_ROUTE_ID,ODPS_LOC_ROUTE_PREFIX_CD,ODPS_LOC_ROUTE_SUFFIX_CD,ODPS_MILEPOST_REFERENCE,ODPS_MOTORCYCLE_IND,ODPS_REF_DIR_SUFFIX_CD,ODPS_REF_DIRECTION_CD,ODPS_REF_GIVEN,ODPS_REF_POINT_USED_CD,ODPS_REF_ROUTE_ID,ODPS_REF_ROUTE_PREFIX_CD,ODPS_REF_ROUTE_SUFFIX_CD,ODPS_REF_SUFFIX_CD,ODPS_SCHOOL_ZONE_IND,ODPS_SENIOR_DRIVER_IND,ODPS_SPEED_IND,ODPS_TOTAL_FATALITIES_NBR,ODPS_TYPE_OF_WORK_ZONE_CD,ODPS_WORK_ZONE_IND,OPER_ACCESS_CONTROL_CD,POSSIBLE_INJURIES_NBR,ROAD_COND_PRIMARY_CD,ROAD_CONTOUR_CD,SA_RAMP_ID,SA_SEGMENT_ID,SECONDARY_CRASH,STATE_TRUE_LOG_NBR,U1_AGE_NBR,U1_AT_FAULT_IND,U1_CONT_CIR_PRIMARY_CD,U1_DIRECTION_FROM_CD,U1_DIRECTION_TO_CD,U1_DISTRACTED_BY_1_CD,U1_GENDER_CD,U1_IS_ALCOHOL_SUSPECTED,U1_IS_MARIJUANA_SUSPECTED,U1_IS_OTHER_DRUG_SUSPECTED,U1_NON_MOTORIST_LOC_CD,U1_NUMBER_OF_THRU_LANES,U1_OBJECT_STRUCK,U1_ODPS_UNIT_NBR,U1_OPERATINGIN_AUTONOMOUS_MODE,U1_POSTED_SPEED_NBR,U1_PRECRASH_ACTION_CD,U1_SEQ_OF_EVENTS_1_CD,U1_SEQ_OF_EVENTS_2_CD,U1_SEQ_OF_EVENTS_3_CD,U1_SEQ_OF_EVENTS_4_CD,U1_SEQ_OF_EVENTS_5_CD,U1_SEQ_OF_EVENTS_6_CD,U1_SPECIAL_FUNCTION_CD,U1_TRAFFIC_CONTROL_CD,U1_TURN_CD,U1_TYPE_OF_UNIT_CD,U1_UNIT_SPEED_NBR,U2_AGE_NBR,U2_CONT_CIR_PRIMARY_CD,U2_DIRECTION_FROM_CD,U2_DIRECTION_TO_CD,U2_DISTRACTED_BY_1_CD,U2_GENDER_CD,U2_NON_MOTORIST_LOC_CD,U2_ODPS_UNIT_NBR,U2_POSTED_SPEED_NBR,U2_PRECRASH_ACTION_CD,U2_SEQ_OF_EVENTS_1_CD,U2_SEQ_OF_EVENTS_2_CD,U2_SEQ_OF_EVENTS_3_CD,U2_SEQ_OF_EVENTS_4_CD,U2_SEQ_OF_EVENTS_5_CD,U2_SEQ_OF_EVENTS_6_CD,U2_SPECIAL_FUNCTION_CD,U2_TRAFFIC_CONTROL_CD,U2_TURN_CD,U2_TYPE_OF_UNIT_CD,U2_UNIT_SPEED_NBR,U3_CONT_CIR_PRIMARY_CD,U3_ODPS_UNIT_NBR,U3_PRECRASH_ACTION_CD,U3_SEQ_OF_EVENTS_1_CD,U3_SEQ_OF_EVENTS_2_CD,U3_SEQ_OF_EVENTS_3_CD,U3_SEQ_OF_EVENTS_4_CD,U3_SEQ_OF_EVENTS_5_CD,U3_SEQ_OF_EVENTS_6_CD,U3_SPECIAL_FUNCTION_CD,U3_TRAFFIC_CONTROL_CD,U3_TYPE_OF_UNIT_CD,UNRESTRAIN_OCCUPANTS,WEATHER_COND_CD,V1,clean_Narrative,BERT_predictions,BERT_prediction_probabilities,RoBERTa_predictions,RoBERTa_predictions_probabilities,distilBERT_predictions,distilBERT_predictions_probabilities
1897,1897,213185982,"the driver of unit 1 stated he was s/b on i71 near e north broadway when he lost control of his vehicle and hydro planed off the roadway to the right, when over the curb into a sign and rolled over. no injuries were reported at scene. the driver of unit 1 was cited for fail to control.",20213185982,2021,O,10/1/2021 0:00,6,SFRAIR00071**N,S,FRA,22.301,40.029766,-82.99447,18000,19234.0,10/2/2021 0:00,13,7,N,2.0,Y,Y,1.0,16,0,28700.0,cdf6e836-a70e-44e0-98d8-07831dc45d48,c6b5d872-5499-49ed-9a25-04839acb7fe1,Y,22.311,SFRAIR00071**C,N,1,210749443,1,10,N,2,0,1,COLUMBUS,1,S,Y,N,6.0,Y,0.064,RA,N,,N,COLUMBUS,N,,0,,I 71 S,,71,IR,,,N,,E,NORTH BROADWAY,1,,,,ST,N,N,N,0,0,N,1.0,0,2,1,,91005.0,N,113.345,30,Y,11,1,2,1,M,N,N,N,0,3,37,1,0,65,1,8,43,37,1,0,0,1,6,NT,3,55,,,,,,,,,,,,,,,,,,,,,,,,,,,,,,,,,,0,4,,"driver unit1 stated near broadway lost control vehicle hydro planed roadway , curb sign rolled . injuries reported scene . driver unit1 cited fail control .",O,"[0.9999984502792358, 1.4654666529168026e-06, 1.444156936258878e-07]",O,"[0.999998927116394, 1.1011280776074273e-06, 1.8643624422054472e-09]",O,"[0.9951171875, 0.00482940673828125, 0.00023663043975830078]"
1898,1898,213188006,"both units were traveling on 77sb approaching rt 21 unit #1 was in high speed lane when the driver hydro planed and lost control of his vehicle and side swiped unit #2 in the center lane, both units went side ways and came to a rest in the emergency berm. photo's were taking and statements were made.",20213188006,2021,O,4/1/2021 0:00,12,SCUYSR00021**N,S,CUY,10.487,41.425996,-81.645736,19806,17668.0,4/29/2021 0:00,5,5,N,6.0,N,N,4.0,9,0,15100.0,ae19f7cf-352d-44cc-9e67-44dee5ff5841,1bcf5b2c-1b1a-433a-950e-87bd345bd20a,N,10.487,SCUYSR00021**N,N,1,202100071,4,4,,2,0,2,CUYAHOGA HEIGHTS,1,N,Y,N,,N,0.142,,Y,,N,CUYAHOGA HEIGHTS,N,,0,,,,77,IR,,157.0,N,,,,2,,,,,N,N,Y,0,0,N,,0,2,2,,,N,10.487,23,Y,99,1,2,1,M,N,N,N,0,3,0,1,2,60,1,13,0,0,0,0,0,1,6,NT,1,65,54.0,15.0,1.0,2.0,1.0,M,,2.0,60.0,1.0,20.0,,,,,,1.0,6.0,NT,1.0,50.0,,,,,,,,,,,,,0,4,,"units traveling 77sb approaching unit1 high speed driver hydro planed lost control vehicle side swiped unit2 center , units went side ways came rest emergency berm . photo 's taking statements made .",O,"[0.9999998807907104, 7.149623826308016e-08, 1.9029869235964725e-08]",O,"[1.0, 5.643609313210618e-08, 1.0713411408014295e-10]",O,"[1.0, 1.0728836059570312e-06, 5.960464477539063e-08]"
1899,1899,213188008,unit 1 was traveling in the left lane on ir 77 sb. unit 2 was traveling in the middle lane on ir 77 sb. unit 1 lost control of the vehicle and hydro planed into unit 2 striking the front left side.,20213188008,2021,O,4/1/2021 0:00,12,SCUYSR00021**N,S,CUY,10.487,41.425996,-81.645736,19806,17668.0,4/29/2021 0:00,5,5,N,6.0,N,N,4.0,12,0,15100.0,ae19f7cf-352d-44cc-9e67-44dee5ff5841,1bcf5b2c-1b1a-433a-950e-87bd345bd20a,N,10.487,SCUYSR00021**N,Y,3,202100072,4,4,,2,0,2,CUYAHOGA HEIGHTS,1,N,Y,N,,N,0.038,,N,,N,CUYAHOGA HEIGHTS,N,,0,,,,77,IR,,157.0,N,,,157,2,,,,,N,Y,N,0,0,N,,0,2,1,,,N,10.487,69,Y,15,1,2,1,M,N,N,N,0,3,0,1,2,60,1,20,0,0,0,0,0,1,6,NT,1,0,42.0,1.0,1.0,2.0,1.0,M,,2.0,60.0,1.0,20.0,,,,,,1.0,6.0,NT,15.0,45.0,,,,,,,,,,,,,0,4,,unit1 traveling left . unit2 traveling middle . unit1 lost control vehicle hydro planed unit2 striking front left side .,O,"[0.9948655962944031, 0.004797433502972126, 0.0003370209888089448]",O,"[0.9999918937683105, 7.996703971002717e-06, 1.2208128907786886e-07]",O,"[0.99609375, 0.0041046142578125, 0.00019037723541259766]"
1900,1900,213189018,"the driver of unit 1 stated he was s/b on i71 south of e 5th ave when he struck the rear of unit 2. the driver of unit 1 stated he attempted to brake, but hydro planed into the rear of unit 2. the driver of unit 2 stated he was stopped in traffic when he was struck in the rear. the driver of unit 2 complained of neck, shoulder and wrist pain at scene. the occupants of unit 1 were transported to grant hospital for treatment in the er for their injuries. the driver of unit 1 was cited for acda and no ops (mr leak has a north carolina id card and has never had a valid ohio driver's license).",20213189018,2021,AB,10/1/2021 0:00,6,SFRAIR00071**N,S,FRA,19.094,39.98631,-82.985446,18000,19234.0,10/6/2021 0:00,2,4,N,2.0,N,Y,1.0,18,0,28200.0,,,Y,19.112,SFRAIR00071**C,N,1,210760757,1,10,N,0,2,2,COLUMBUS,1,S,Y,N,8.0,Y,0.043,,N,,N,COLUMBUS,N,,0,,I 71 S,,71,IR,,,N,,E,5TH,1,,,,AVE,N,N,N,0,0,N,1.0,1,2,2,,91003.0,N,110.138,40,Y,8,1,2,1,M,N,N,N,0,4,35,1,0,65,1,20,9,35,0,0,0,1,6,NT,1,55,28.0,1.0,1.0,2.0,1.0,M,,2.0,65.0,11.0,20.0,,,,,,1.0,6.0,NT,1.0,0.0,,,,,,,,,,,,,0,4,,"driver unit1 stated struck rear unit2 . driver unit1 stated attempted brake , hydro planed rear unit2 . driver unit2 stated stopped traffic struck rear . driver unit2 complained neck , shoulder wrist pain scene . occupants unit1 transported grant hospital treatment injuries . driver unit1 cited acda ops .",C,"[5.34794780833181e-05, 0.9997439980506897, 0.00020253514230716974]",C,"[4.2441015466465615e-06, 0.9968525767326355, 0.0031431198585778475]",C,"[2.980232238769531e-07, 1.0, 1.0132789611816406e-06]"
1901,1901,213189019,the driver of unit 1 stated he was w/b on the ramp from i70 to rich/town st exit when he lost control of his vehicle as he began to hydro plane. unit 1 ran off the road to the left and struck the guard rail. no injuries were reported at scene. the driver of unit 1 was cited for failure to control.,20213189019,2021,O,10/1/2021 0:00,6,SFRARA25375**C,S,FRA,0.0,39.954245,-83.017914,18000,19234.0,10/7/2021 0:00,13,5,N,4.0,Y,Y,1.0,13,0,32800.0,639ece44-5081-47a9-a7e9-7a3b805ed267,4568bb38-b066-47e5-b46b-0f0a080677ac,Y,0.0,SFRARA25375**C,N,1,210762830,1,10,,1,0,1,COLUMBUS,8,,N,N,,Y,0.0,SR,Y,,N,COLUMBUS,N,,0,,,,70,IR,,,N,,,,1,315,SR,,,N,N,N,0,0,N,1.0,0,2,4,,,N,0.0,22,Y,11,3,4,1,M,N,N,N,0,1,30,1,0,55,13,9,30,0,0,0,0,1,6,NT,1,45,,,,,,,,,,,,,,,,,,,,,,,,,,,,,,,,,,0,4,,driver unit1 stated ramp rich town exit lost control vehicle began hydro plane . unit1 ran left struck guard rail . injuries reported scene . driver unit1 cited failure control .,O,"[0.9999998807907104, 7.095351151065188e-08, 1.6220516485532244e-08]",O,"[1.0, 3.418130015142573e-11, 1.0385952080999017e-14]",O,"[1.0, 0.0, 0.0]"
1902,1902,213192654,unit 1 (oh/jbx1777) was traveling east bound on i-275 in the middle lane going 72 mph when the vehicle hydro planed and the driver lost control of the vehicle causing the vehicle to cross over the right lane and hit the 34 mile post sign in the right berm then crossed over the east bound on ramp from colerain ave where the vehicle came to rest. vehicle was towed by engels.,20213192654,2021,AB,10/1/2021 0:00,8,SHAMIR00275**C,S,HAM,16.196,39.25785,-84.598684,16616,16885.0,10/7/2021 0:00,13,5,N,2.0,Y,Y,1.0,3,0,,fcbcd87b-e93b-4f14-8aaf-613b62699626,9b907396-702b-4abc-a3d2-dee6a4b9f4bf,Y,16.196,SHAMIR00275**C,N,3,1007210091,1,10,N,0,1,1,COLERAIN TOWNSHIP,1,,Y,N,6.0,Y,0.0,,N,,N,COLERAIN TOWNSHIP,N,,0,,,,275,IR,,34.0,N,,,,2,,,,,N,N,Y,0,0,N,1.0,0,2,1,,47306.0,N,33.796,63,Y,5,4,3,1,M,N,N,N,0,3,41,1,0,65,1,8,41,0,0,0,0,1,6,NT,1,72,,,,,,,,,,,,,,,,,,,,,,,,,,,,,,,,,,1,4,,unit1 traveling middle going mph vehicle hydro planed driver lost control vehicle causing vehicle cross hit mile post sign berm crossed ramp colerain vehicle came rest . vehicle towed engels .,O,"[0.5032957196235657, 0.47066622972488403, 0.02603810653090477]",O,"[0.9999998807907104, 1.7441126942685514e-07, 5.359055421649828e-10]",O,"[0.9990234375, 0.0011472702026367188, 4.64320182800293e-05]"
1903,1903,213209121,unit 1 was traveling south on i-271 in the right lane. unit 1 started to hydro plane due to standing water on the highway. unit 1 went onto the right shoulder and then struck the guard rail face.,20213209121,2021,C,10/1/2021 0:00,12,SCUYIR00271**N,S,CUY,5.879,41.432693,-81.503287,80990,17668.0,10/29/2021 0:00,13,6,N,2.0,Y,Y,1.0,8,0,18400.0,d7f419d3-4934-4f6b-988a-3ed6d2202850,7ae899c2-48f0-444b-9578-28a017b036be,Y,5.852,SCUYIR00271**C,N,1,20213088,1,10,N,0,0,1,WARRENSVILLE HEIGHTS,1,,Y,N,5.0,Y,0.0,,Y,,N,WARRENSVILLE HEIGHTS,N,,0,,,HWY,271,IR,,27.6,N,,,27 6,2,,,,,N,N,N,0,0,N,1.0,1,2,1,,81490.0,N,27.843,22,Y,99,1,2,1,F,N,N,N,0,3,30,1,2,60,1,8,30,0,0,0,0,1,6,NT,1,50,,,,,,,,,,,,,,,,,,,,,,,,,,,,,,,,,,0,4,,unit1 traveling . unit1 started hydro plane due standing water . unit1 went onto shoulder struck guard rail face .,O,"[0.9999871253967285, 1.1858791367558297e-05, 1.0151456990570296e-06]",O,"[0.9999996423721313, 3.967304564866936e-07, 2.9095090781083854e-09]",O,"[1.0, 7.62939453125e-06, 4.76837158203125e-07]"
1904,1904,213220024,"unit one was eastbound on us 33 near mp 26, hydro planed, went off the right side of the roadway and struck the ditch.",20213220024,2021,O,10/1/2021 0:00,7,SLOGUS00033**N,S,LOG,25.945,40.323277,-83.588083,61938,99999.0,10/24/2021 0:00,13,1,N,2.0,Y,Y,2.0,19,0,57300.0,,,N,25.951,SLOGUS00033**C,N,3,21-044172,1,10,N,1,0,1,PERRY TOWNSHIP,1,W,Y,N,4.0,Y,0.341,,Y,,N,PERRY TOWNSHIP,N,,0,,,,33,US,,26.0,N,,,26,2,,,,,N,N,Y,0,0,N,1.0,0,2,4,,264489.0,N,77.431,25,Y,5,4,3,1,F,N,N,N,0,4,44,1,0,70,1,8,44,0,0,0,0,1,6,NT,1,60,,,,,,,,,,,,,,,,,,,,,,,,,,,,,,,,,,0,4,,"unit1 us near mp , hydro planed , went side roadway struck ditch .",O,"[0.9999978542327881, 1.942402832355583e-06, 1.8855152461583202e-07]",O,"[0.9999910593032837, 8.594418432039674e-06, 3.1115328624764516e-07]",O,"[1.0, 0.0, 0.0]"
1905,1905,213227434,"unit #1 stated while traveling w/b on i-480 it was heavy traffic, stop and go. that is when unit #2 struck her in the rear, then hydro planed and struck her again. unit #2 stated she was traveling w/b on i-480 and struck unit #1 then hydro planed and struck her again. both units pulled of to the side of the highway.",20213227434,2021,O,11/1/2021 0:00,12,SCUYIR00480**N,S,CUY,19.444,41.411459,-81.617941,29428,17668.0,11/18/2021 0:00,2,5,N,2.0,N,Y,1.0,8,0,,fe2fafa1-dbf7-4c1f-889b-e7107da2df14,0df4bc45-18fd-4793-b4da-6dbd94b911f9,Y,19.461,SCUYIR00480**C,N,1,202100285,1,11,N,2,0,2,GARFIELD HEIGHTS,1,E,Y,N,8.0,Y,0.004,,Y,,N,BROOKLYN HEIGHTS,N,,0,,,HWY,480,IR,,19.4,N,,,19 4,2,,,,,N,N,N,0,0,N,1.0,0,2,1,,39773.0,N,21.748,18,Y,8,3,4,1,F,N,N,N,0,4,0,2,2,60,1,20,0,0,0,0,0,1,6,NT,1,25,54.0,1.0,3.0,4.0,1.0,F,,1.0,60.0,11.0,20.0,,,,,,1.0,6.0,NT,1.0,5.0,,,,,,,,,,,,,0,4,,"unit1 stated traveling heavy traffic , stop go . unit2 struck rear , hydro planed struck . unit2 stated traveling struck unit1 hydro planed struck . units pulled side .",O,"[0.9999998807907104, 9.118886623582512e-08, 1.820954942388653e-08]",O,"[0.9999983310699463, 1.7209005136464839e-06, 3.738760412375086e-08]",O,"[1.0, 2.9206275939941406e-06, 2.384185791015625e-07]"
1906,1906,213236691,the driver of unit #1 stated he was attempting to enter 104 w/b from 23 when is vehicle hydro planed striking the light post. no injuries reported. the light post was knocked off of the base. no citations issued due to inclement weather. no other property damage occurred. no follow up required.,20213236691,2021,O,8/1/2021 0:00,6,SFRAUS00023**C,S,FRA,7.968,39.916125,-82.99536,18000,19234.0,8/16/2021 0:00,17,2,N,2.0,Y,N,3.0,7,0,32100.0,359df3d1-aa53-4ead-8ddf-66229e37af32,38cef340-7593-4293-9f8d-d8460f33d36f,N,7.968,SFRAUS00023**C,N,1,210610901,4,8,N,1,0,1,COLUMBUS,1,N,N,N,4.0,N,0.004,RA,N,,N,COLUMBUS,N,,0,,,,23,US,,,N,,,,1,104,SR,,,N,N,N,0,0,N,2.0,0,2,4,,263296.0,N,86.288,26,Y,11,1,4,1,M,N,N,N,0,1,0,1,2,35,8,8,0,0,0,0,0,1,6,RT,4,35,,,,,,,,,,,,,,,,,,,,,,,,,,,,,,,,,,0,4,,driver unit1 stated attempting enter vehicle hydro planed striking light post . injuries reported . light post knocked base . citations issued due inclement weather . property damage occurred . follow required .,O,"[1.0, 1.925062598218119e-08, 1.7371368343788163e-08]",O,"[1.0, 1.618507758371912e-11, 5.168063107454865e-15]",O,"[1.0, 0.0, 0.0]"
1907,1907,213236759,"unit # 1 stated that he was traveling e/b ir 70 e/o n. wilson rd in the right lane. driver of unit # 1 stated; """" i hit some water in the roadway and hydro planed."""" driver of unit # 1 stated that he lost control, and ran off the roadway to the right; up an embankment and onto the on ramp lane to ir 70 e/b from n. wilson rd. driver of unit # 1 stated that he struck unit # 2 as unit # 2 was traveling on the on ramp lane. driver of unit # 2 stated that he was traveling e/b on the on ramp lane to ir 70 e/b from n. wilson rd. driver of unit # 2 stated that unit # 1 ran off the roadway ( ir 70 e/b) to the right traveling onto the on ramp lane striking unit # 2.",20213236759,2021,O,11/1/2021 0:00,6,SFRAIR00070**C,S,FRA,8.214,39.974225,-83.095778,18000,19234.0,11/18/2021 0:00,5,5,N,2.0,Y,Y,1.0,6,0,26000.0,b8f034bb-0048-4fb1-a0ed-a58fdcfc72ce,5fae6afc-a4c3-4a2a-b27d-8b79d01e5874,Y,8.214,SFRAIR00070**C,N,3,210875839,1,11,N,2,0,2,COLUMBUS,1,E,Y,N,8.0,Y,0.066,RA,Y,,N,COLUMBUS,N,,0,,I 70 E,,70,IR,,,N,,N,WILSON,1,,,,RD,N,N,N,0,0,N,1.0,0,2,1,,45243.0,N,94.241,25,Y,99,4,3,1,M,N,N,N,0,4,45,1,2,65,1,8,45,20,0,0,0,1,6,NT,1,50,21.0,1.0,4.0,3.0,1.0,M,,2.0,65.0,1.0,20.0,,,,,,1.0,6.0,NT,3.0,25.0,,,,,,,,,,,,,0,4,,"unit1 stated traveling e wilson . driver unit1 stated ; `` '' hit water roadway hydro planed . '' '' driver unit1 stated lost control , ran roadway ; embankment onto ramp wilson driver unit1 stated struck unit2 unit2 traveling ramp . driver unit2 stated traveling ramp wilson driver unit2 stated unit1 ran roadway traveling onto ramp striking unit2 .",O,"[0.9999994039535522, 4.6846810164424824e-07, 6.29295655585338e-08]",O,"[0.733640730381012, 0.2342715710401535, 0.032087698578834534]",O,"[1.0, 1.6689300537109375e-05, 4.172325134277344e-07]"
1908,1908,213236904,"units 1 and 2 were traveling on ir 77 s/b near the 154 mile post. unit 1 was in the left lane and unit 2 was in the right lane. unit 1 hydro planed, lost control and slid to the left, crossing all lanes of travel. unit 2 attempted to avoid the collision by changing into the right middle lane but was unsuccessful. unit 1 then struck unit 2, causing the listed damage.",20213236904,2021,O,11/1/2021 0:00,12,SCUYIR00077**N,S,CUY,6.946,41.375813,-81.652757,37240,17668.0,11/28/2021 0:00,5,1,N,2.0,N,Y,1.0,16,0,,,,Y,6.949,SCUYIR00077**C,N,3,20211059,1,11,N,2,0,2,INDEPENDENCE,1,,Y,N,8.0,Y,0.0,,Y,,N,INDEPENDENCE,N,,0,,,,77,IR,,154.0,N,,,154,2,,,,,N,N,Y,0,0,N,1.0,0,2,1,,91242.0,N,154.088,21,Y,5,1,2,1,M,N,N,N,0,4,0,1,2,60,1,6,20,0,0,0,0,1,6,NT,1,70,41.0,15.0,1.0,2.0,1.0,F,,2.0,60.0,1.0,20.0,,,,,,1.0,6.0,NT,1.0,67.0,,,,,,,,,,,,,0,6,,"unit1 unit2 traveling near mile post . unit1 left unit2 . unit1 hydro planed , lost control slid left , crossing lanes travel . unit2 attempted avoid collision changing middle unsuccessful . unit1 struck unit2 , causing listed damage .",O,"[0.9995972514152527, 0.00038452234002761543, 1.818142663978506e-05]",O,"[0.9999337196350098, 6.441695586545393e-05, 1.9500660073390463e-06]",O,"[0.9970703125, 0.0029811859130859375, 0.00019812583923339844]"
1909,1909,213240159,unit #1 was traveling eastbound on interstate 480 in the center left lane. the roadway was wet due to a rainstorm. unit #1 began to hydro plane and lost control. the vehicle spun out hitting the right concrete wall on its back side before coming to a final rest on the right shoulder. the vehicle sustained disabling damage.,20213240159,2021,C,12/1/2021 0:00,12,SCUYIR00480**C,S,CUY,23.862,41.424745,-81.537818,80990,17668.0,12/6/2021 0:00,17,2,N,2.0,Y,Y,1.0,3,0,20600.0,,,Y,23.862,SCUYIR00480**C,N,3,20213461,1,12,N,0,0,1,WARRENSVILLE HEIGHTS,1,S,Y,N,7.0,Y,0.057,,N,,N,WARRENSVILLE HEIGHTS,N,,0,,I 480 E,,480,IR,,,N,,,WARRENSVILLE CENTER,1,,,,RD,N,N,N,0,0,N,1.0,1,2,1,,54083.0,N,26.166,36,Y,11,4,3,1,F,N,N,N,0,4,0,1,2,60,1,8,0,0,0,0,0,1,6,NT,1,60,,,,,,,,,,,,,,,,,,,,,,,,,,,,,,,,,,0,4,,unit1 traveling interstate center left . roadway wet due rainstorm . unit1 began hydro plane lost control . vehicle spun hitting concrete wall back side coming final rest shoulder . vehicle sustained disabling damage .,O,"[0.999233603477478, 0.0007275359239429235, 3.882754754158668e-05]",O,"[0.9836934208869934, 0.016000881791114807, 0.00030575881828553975]",O,"[1.0, 5.7816505432128906e-05, 6.616115570068359e-06]"
1910,1910,213247466,"unit #1 was traveling ir 77sb just north of rt 21 exit ramp in the high speed lane(#3 lane). in lane #3 due to heavy rain, unit #1 encountered a large pool of standing water and hydro planed causing unit #1 to spin out and strike center wall median.",20213247466,2021,C,8/1/2021 0:00,12,,S,CUY,,41.425907,-81.644801,19806,,8/12/2021 0:00,13,5,N,1.0,Y,Y,1.0,9,0,,,,Y,,,N,1,202100155,1,8,N,0,0,1,CUYAHOGA HEIGHTS,1,S,Y,N,3.0,Y,0.17,SR,Y,,N,CUYAHOGA HEIGHTS,N,,0,,I 77 S,,77,IR,,,N,,,STATE ROUTE 21 S,1,21,SR,,,N,N,N,0,0,N,1.0,1,2,1,,,N,,23,Y,1,1,2,1,F,N,N,N,0,3,35,1,2,60,1,35,0,0,0,0,0,1,6,NT,3,35,,,,,,,,,,,,,,,,,,,,,,,,,,,,,,,,,,0,4,,"unit1 traveling 77sb exit ramp high speed . due heavy rain , unit1 encountered large pool standing water hydro planed causing unit1 spin strike center wall median .",O,"[0.9999960660934448, 3.7418985812109895e-06, 2.3511718438840035e-07]",O,"[0.998894989490509, 0.0010940805077552795, 1.0907820978900418e-05]",O,"[1.0, 6.502866744995117e-05, 3.516674041748047e-06]"
1911,1911,213251602,unit 1 was traveling northbound i75n near collingwood exit 201a when unit 1 hydro planed and lost control of his vehicle and crashed into the left median causing damage to his vehicle.,20213251602,2021,O,12/1/2021 0:00,2,MLUCMR01933**C,M,LUC,0.7,41.636675,-83.543952,77000,87868.0,12/18/2021 0:00,13,7,N,,Y,N,7.0,10,0,,81dcfc7d-262d-4aa8-8349-6558ce946d51,97e6220a-43c4-4b5c-8dee-e43d0dbab397,N,0.7,MLUCMR01933**C,N,1,2.11218E+13,4,12,,2,0,1,TOLEDO,1,E,N,N,2.0,N,0.019,MR,Y,,N,TOLEDO,N,N,0,,I 75,HWY,75,IR,,,N,,,SEGUR,1,,,,RD,N,N,Y,0,0,N,,0,2,1,,140527.0,N,0.7,20,Y,5,2,1,1,M,N,N,N,0,3,35,1,0,60,13,35,0,0,0,0,0,1,6,NT,1,0,,,,,,,,,,,,,,,,,,,,,,,,,,,,,,,,,,0,4,,unit1 traveling near collingwood exit 21a unit1 hydro planed lost control vehicle crashed left median causing damage vehicle .,O,"[0.7893255949020386, 0.20707952976226807, 0.003594854148104787]",O,"[0.9548900723457336, 0.04492055997252464, 0.0001893800508696586]",O,"[1.0, 1.1920928955078125e-06, 1.1920928955078125e-07]"
1912,1912,213254994,unit 1 was traveling west on lakeshore blvd negotiating a curve when it began to hydro plane. unit 1 traveled off the left side of the roadway where it struck a utility pole and came to a rest.,20213254994,2021,O,10/1/2021 0:00,12,SLAKSR00283**C,S,LAK,11.002,41.72138,-81.350813,49098,17668.0,10/27/2021 0:00,13,4,N,2.0,Y,N,4.0,0,0,,905c3152-2889-4845-b344-fd7b6110d406,4142a3f4-99f1-4eab-8cba-ad4e060d3d41,N,11.002,SLAKSR00283**C,N,3,21-005812,4,10,,1,0,1,MENTOR-ON-THE-LAKE,1,,N,N,2.0,N,0.0,,Y,8080,N,MENTOR-ON-THE-LAKE,N,,0,,LAKESHORE,BLVD,283,,,,N,,,,3,,,,,N,N,Y,0,0,N,3.0,0,2,4,,297913.0,N,23.223,18,Y,1,3,4,1,M,N,N,N,0,2,40,1,0,35,13,9,40,0,0,0,0,1,6,NT,4,40,,,,,,,,,,,,,,,,,,,,,,,,,,,,,,,,,,0,4,,unit1 traveling lakeshore negotiating curve began hydro plane . unit1 traveled left side roadway struck utility pole came rest .,O,"[0.9940259456634521, 0.005188065115362406, 0.0007859429460950196]",O,"[0.8239641189575195, 0.1551208198070526, 0.020915061235427856]",O,"[0.54736328125, 0.32373046875, 0.1287841796875]"