,id,OBJECTID,Narrative,DOCUMENT_NBR,CRASH_YR,CRASH_SEVERITY_CD,CRASH_MONTH_YEAR,DISTRICT_NBR,NLFID,NLF_JUR_CD,NLF_COUNTY_CD,COUNTY_LOG_NBR,ODOT_LATITUDE_NBR,ODOT_LONGITUDE_NBR,ODOT_FIPS_CD,AREA_CODE,CRASH_DATE,CRASH_TYPE_CD,DAY_IN_WEEK_CD,DISTRACTED_DRIVER_IND,FACILITY_TYPE_CD,FHWA_RDWY_DEPARTURE_IND,FREEWAY_IND,FUNCTIONAL_CLASS_CD,HOUR_OF_CRASH,INCAPAC_INJURIES_NBR,INTERCHANGE_ID,INTERSECTION_ID_CURRENT,INTERSECTION_LEG_ID,INTERSTATE_IND,INV_LOG_NBR,INV_NLFID,IS_COMMERCIAL_RELATED,LIGHT_COND_PRIMARY_CD,LOCAL_REPORT_NUMBER_ID,MAINTENANCE_AUTHORITY_CD,MONTH_OF_CRASH,NHS_CD,NO_INJURY_REPORTED_NBR,NON_INCAPAC_INJURIES_NBR,NUMBER_OF_UNITS_NBR,ODOT_CITY_VILLAGE_TWP_NME,ODOT_CRASH_LOCATION_CD,ODOT_DIR_FROM_REF_CD,ODOT_DIV_UNDIV_IND,ODOT_INTERSECTION_REL_IND,ODOT_LANES_NBR,ODOT_MAINTAINED_HWY_IND,ODOT_MILES_FROM_REF_NBR,ODOT_REF_ROUTE_PREFIX_CD,ODOT_YOUNG_DRIVER_IND,ODPS_ADDRESS_REFERENCE,ODPS_ALCOHOL_IND,ODPS_CITY_VILLAGE_TWP_NME,ODPS_DRUG_IND,ODPS_LOC_DIR_SUFFIX_CD,ODPS_LOC_IN_WORK_ZONE_CD,ODPS_LOC_ROAD_DIRECTION_CD,ODPS_LOC_ROAD_NME,ODPS_LOC_ROAD_SUFFIX_CD,ODPS_LOC_ROUTE_ID,ODPS_LOC_ROUTE_PREFIX_CD,ODPS_LOC_ROUTE_SUFFIX_CD,ODPS_MILEPOST_REFERENCE,ODPS_MOTORCYCLE_IND,ODPS_REF_DIR_SUFFIX_CD,ODPS_REF_DIRECTION_CD,ODPS_REF_GIVEN,ODPS_REF_POINT_USED_CD,ODPS_REF_ROUTE_ID,ODPS_REF_ROUTE_PREFIX_CD,ODPS_REF_ROUTE_SUFFIX_CD,ODPS_REF_SUFFIX_CD,ODPS_SCHOOL_ZONE_IND,ODPS_SENIOR_DRIVER_IND,ODPS_SPEED_IND,ODPS_TOTAL_FATALITIES_NBR,ODPS_TYPE_OF_WORK_ZONE_CD,ODPS_WORK_ZONE_IND,OPER_ACCESS_CONTROL_CD,POSSIBLE_INJURIES_NBR,ROAD_COND_PRIMARY_CD,ROAD_CONTOUR_CD,SA_RAMP_ID,SA_SEGMENT_ID,SECONDARY_CRASH,STATE_TRUE_LOG_NBR,U1_AGE_NBR,U1_AT_FAULT_IND,U1_CONT_CIR_PRIMARY_CD,U1_DIRECTION_FROM_CD,U1_DIRECTION_TO_CD,U1_DISTRACTED_BY_1_CD,U1_GENDER_CD,U1_IS_ALCOHOL_SUSPECTED,U1_IS_MARIJUANA_SUSPECTED,U1_IS_OTHER_DRUG_SUSPECTED,U1_NON_MOTORIST_LOC_CD,U1_NUMBER_OF_THRU_LANES,U1_OBJECT_STRUCK,U1_ODPS_UNIT_NBR,U1_OPERATINGIN_AUTONOMOUS_MODE,U1_POSTED_SPEED_NBR,U1_PRECRASH_ACTION_CD,U1_SEQ_OF_EVENTS_1_CD,U1_SEQ_OF_EVENTS_2_CD,U1_SEQ_OF_EVENTS_3_CD,U1_SEQ_OF_EVENTS_4_CD,U1_SEQ_OF_EVENTS_5_CD,U1_SEQ_OF_EVENTS_6_CD,U1_SPECIAL_FUNCTION_CD,U1_TRAFFIC_CONTROL_CD,U1_TURN_CD,U1_TYPE_OF_UNIT_CD,U1_UNIT_SPEED_NBR,U2_AGE_NBR,U2_CONT_CIR_PRIMARY_CD,U2_DIRECTION_FROM_CD,U2_DIRECTION_TO_CD,U2_DISTRACTED_BY_1_CD,U2_GENDER_CD,U2_NON_MOTORIST_LOC_CD,U2_ODPS_UNIT_NBR,U2_POSTED_SPEED_NBR,U2_PRECRASH_ACTION_CD,U2_SEQ_OF_EVENTS_1_CD,U2_SEQ_OF_EVENTS_2_CD,U2_SEQ_OF_EVENTS_3_CD,U2_SEQ_OF_EVENTS_4_CD,U2_SEQ_OF_EVENTS_5_CD,U2_SEQ_OF_EVENTS_6_CD,U2_SPECIAL_FUNCTION_CD,U2_TRAFFIC_CONTROL_CD,U2_TURN_CD,U2_TYPE_OF_UNIT_CD,U2_UNIT_SPEED_NBR,U3_CONT_CIR_PRIMARY_CD,U3_ODPS_UNIT_NBR,U3_PRECRASH_ACTION_CD,U3_SEQ_OF_EVENTS_1_CD,U3_SEQ_OF_EVENTS_2_CD,U3_SEQ_OF_EVENTS_3_CD,U3_SEQ_OF_EVENTS_4_CD,U3_SEQ_OF_EVENTS_5_CD,U3_SEQ_OF_EVENTS_6_CD,U3_SPECIAL_FUNCTION_CD,U3_TRAFFIC_CONTROL_CD,U3_TYPE_OF_UNIT_CD,UNRESTRAIN_OCCUPANTS,WEATHER_COND_CD,V1,clean_Narrative,BERT_predictions,BERT_prediction_probabilities,RoBERTa_predictions,RoBERTa_predictions_probabilities,distilBERT_predictions,distilBERT_predictions_probabilities
1913,1913,213262031,unit 1 had hydro planed and struck a tree stump before coming to rest in a field.,20213262031,2021,O,12/1/2021 0:00,5,CMUSCR00064**C,C,MUS,10.946,40.036903,-81.765768,35238,99999.0,12/27/2021 0:00,17,2,N,,N,N,6.0,13,0,,,,N,10.946,CMUSCR00064**C,N,1,2021-00036457,2,12,,1,0,1,HIGHLAND TOWNSHIP,1,E,N,N,2.0,N,0.028,,N,,N,HIGHLAND TOWNSHIP,N,,0,,NORFIELD,RD,,,,,N,,,MOOSE EYE,1,,,,RD,N,N,N,0,0,N,,0,2,1,,14662.0,N,10.946,34,Y,1,4,3,1,F,N,N,N,0,2,0,1,0,35,1,13,9,0,0,0,0,1,6,NT,4,30,,,,,,,,,,,,,,,,,,,,,,,,,,,,,,,,,,0,4,,unit1 hydro planed struck tree stump coming rest field .,O,"[0.9999998807907104, 8.531817030643651e-08, 1.4974940398815306e-08]",O,"[0.9992054104804993, 0.000785020412877202, 9.636680260882713e-06]",O,"[1.0, 0.0, 0.0]"
1914,1914,213268691,"the driver of unit #1 was approaching the red light at the intersection of north main street and bensman road when he was unable to stop in time before crashing into unit #2. the driver of unit #1 believes he hydro planed due to the wet, rainy conditions.",20213268691,2021,C,10/1/2021 0:00,7,CAUGCR00040**C,C,AUG,0.001,40.407639,-84.376628,50918,99795.0,10/25/2021 0:00,2,2,N,,N,N,6.0,15,0,,462da33e-dd5d-42d9-b642-062326da2956,dbb5a952-c9e4-4f3e-b156-01936dd73f7d,N,0.001,CAUGCR00040**C,N,1,21-022358,4,10,,1,0,2,MINSTER,2,S,N,Y,2.0,N,0.006,SR,Y,,N,MINSTER,N,,0,N,Main,ST,,,,,N,,,Bensman,1,,,,RD,N,N,N,0,0,N,,1,2,1,,16147.0,N,0.001,16,Y,8,2,1,1,M,N,N,N,0,2,0,1,0,45,11,20,0,0,0,0,0,1,2,NT,1,15,40.0,1.0,2.0,1.0,1.0,F,,2.0,45.0,11.0,20.0,,,,,,1.0,2.0,NT,3.0,,,,,,,,,,,,,,0,4,,"driver unit1 approaching red light intersection main bensman unable stop time crashing unit2 . driver unit1 believes hydro planed due wet , rainy conditions .",O,"[0.9999996423721313, 3.903291485585214e-07, 5.287469662107469e-08]",O,"[0.9897522926330566, 0.010107205249369144, 0.0001405586808687076]",O,"[0.9990234375, 0.0004169940948486328, 7.963180541992188e-05]"
1915,1915,213270254,"unit #01 was traveling west bound on west broad street approaching the red light on north front street. unit #02 was traveling north bound on north front street approaching the green light on west broad street. unit #01 driver attempted to stop for the red light, but admitted that he began to hydro plane due to the weather conditions.unit #01 struck unit #02 in the intersection. unit #01 suffered disabling damage and was towed away from scene through pro tow. unit #02 driver was injured and transported to ohio health grove city in stable condition by cfd medic 2 prior to officer arrival. responding cpd officers arrived on scene and determined unit #01 driver to be the at fault party. unit #01 driver was cited for failure to control and obedience to traffic control devices.",20213270254,2021,AB,12/1/2021 0:00,6,MFRAMR01774**C,M,FRA,1.89,39.961989,-83.002413,18000,19234.0,12/10/2021 0:00,6,6,N,,N,N,4.0,22,0,,81ec3141-1fa8-4a82-91d1-ef6395278a23,a65ed137-a33f-4f59-8ed9-56d02d69053f,N,1.89,MFRAMR01774**C,N,3,210934036,4,12,,1,1,2,COLUMBUS,6,W,N,Y,4.0,N,0.004,US,N,,N,COLUMBUS,N,,0,W,Broad,ST,,,,,N,,S,Front,1,,,,ST,N,N,N,0,0,N,,0,2,1,,111908.0,N,1.89,37,Y,3,3,4,1,M,N,N,N,0,6,0,1,2,35,11,20,0,0,0,0,0,1,2,NT,3,25,45.0,1.0,,,1.0,F,,2.0,,1.0,20.0,,,,,,1.0,3.0,NT,3.0,,,,,,,,,,,,,,0,4,,"unit1 traveling broad approaching red light front . unit2 traveling front approaching green light broad . unit1 driver attempted stop red light , admitted began hydro plane due weather conditions.unit1 struck unit2 intersection . unit1 suffered disabling damage towed away scene pro tow . unit2 driver injured transported ohio health grove city stable condition cfd medic prior officer arrival . responding cpd officers arrived scene determined unit1 driver fault party . unit1 driver cited failure control obedience traffic control devices .",AB,"[0.0009110930259339511, 0.06581011414527893, 0.9332787394523621]",C,"[4.952823019266361e-06, 0.9994065761566162, 0.0005884681595489383]",AB,"[0.0013599395751953125, 0.361572265625, 0.63671875]"
1916,1916,215066313,unit 1 was westbound on ir 80 ohio turnpike. unit 1 hydro planed and struck the concrete median barrier.,20215066313,2021,C,4/1/2021 0:00,12,SCUYIR00080*KN,S,CUY,9.435,41.329522,-81.804398,75098,17668.0,4/18/2021 0:00,13,1,N,2.0,Y,Y,1.0,14,0,,,,Y,9.43,SCUYIR00080*KC,N,1,91-0140-18,31,4,N,0,0,1,STRONGSVILLE,1,W,Y,N,6.0,N,0.3,,N,,N,NORTH ROYALTON,N,,0,,,,80,IR,K,163.0,N,,,163,2,,,,,N,N,Y,0,0,N,1.0,1,2,2,,34684.0,N,162.726,47,Y,5,3,4,1,F,N,N,N,0,3,35,1,0,70,1,9,35,0,0,0,0,1,6,NT,3,70,,,,,,,,,,,,,,,,,,,,,,,,,,,,,,,,,,0,5,,unit1 ohio turnpike . unit1 hydro planed struck concrete median barrier .,O,"[0.9659755229949951, 0.033421143889427185, 0.0006032322417013347]",O,"[0.6657395362854004, 0.33352768421173096, 0.0007327144267037511]",O,"[1.0, 0.00020194053649902344, 3.874301910400391e-06]"
1917,1917,215067124,unit 1 was traveling westbound on ir 80 ohio turnpike. unit 1 hydro planed from the middle lane to the left lane striking the concrete median barrier.,20215067124,2021,C,4/1/2021 0:00,12,SCUYIR00080*KN,S,CUY,9.635,41.328709,-81.800709,75098,17668.0,4/18/2021 0:00,13,1,N,2.0,Y,Y,1.0,14,0,,,,Y,9.63,SCUYIR00080*KC,N,1,91-0137-18,31,4,N,1,0,1,STRONGSVILLE,1,W,Y,N,6.0,N,0.1,,N,,N,NORTH ROYALTON,N,,0,,,,80,IR,K,163.0,N,,,163,2,,,,,N,N,Y,0,0,N,1.0,1,2,2,,34684.0,N,162.926,60,Y,5,3,4,1,M,N,N,N,0,3,35,1,0,70,3,9,35,0,0,0,0,1,6,NT,3,65,,,,,,,,,,,,,,,,,,,,,,,,,,,,,,,,,,0,5,,unit1 traveling ohio turnpike . unit1 hydro planed middle left striking concrete median barrier .,C,"[0.36054256558418274, 0.6234589219093323, 0.015998519957065582]",O,"[0.8425202965736389, 0.15654899179935455, 0.0009307700674980879]",O,"[1.0, 6.812810897827148e-05, 1.3113021850585938e-06]"
1918,1918,215096807,unit #1 was westbound on ir80 ohio turnpike. unit #1 failed to control his vehicle and hydro planed hit the concrete median barrier spun out of control and ran off the roadway into the ditch and over turned near the 206 mile post.,20215096807,2021,AB,5/1/2021 0:00,4,STRUIR00080*KN,S,TRU,0.543,41.240955,-80.99248,8056,99999.0,5/28/2021 0:00,13,6,N,2.0,Y,Y,1.0,14,0,,,,Y,0.54,STRUIR00080*KC,N,2,91-0251-78,31,5,N,0,1,1,BRACEVILLE TOWNSHIP,1,E,Y,N,6.0,N,0.6,,N,,N,BRACEVILLE TOWNSHIP,N,,0,,,,80,IR,K,206.0,N,,,206,2,,,,,N,N,N,0,0,N,1.0,0,2,1,,91340.0,N,206.576,28,Y,1,3,4,1,M,N,N,N,0,3,35,1,0,70,1,9,35,8,44,1,0,1,6,NT,1,65,,,,,,,,,,,,,,,,,,,,,,,,,,,,,,,,,,0,4,,unit1 ohio turnpike . unit1 failed control vehicle hydro planed hit concrete median barrier spun control ran roadway ditch turned near mile post .,O,"[0.6125407218933105, 0.34929248690605164, 0.0381668321788311]",O,"[0.9795109033584595, 0.020269157364964485, 0.0002199087175540626]",O,"[0.9541015625, 0.03448486328125, 0.01076507568359375]"
1919,1919,215111431,"unit # 1 was northbound on interstate route 71, hydro planed, traveled off the left side of the roadway and struck the ditch and multiple small trees.",20215111431,2021,O,6/1/2021 0:00,8,SWARIR00071**C,S,WAR,8.815,39.385232,-84.21308,78610,16885.0,6/19/2021 0:00,13,7,N,2.0,Y,Y,1.0,9,0,,,,Y,8.815,SWARIR00071**C,N,1,83-0488-83,1,6,N,1,0,1,UNION TOWNSHIP,1,S,Y,N,4.0,Y,0.34,,Y,,N,UNION TOWNSHIP,N,,0,,,,71,IR,,29.0,N,,,29,2,,,,,N,N,Y,0,0,N,1.0,0,2,1,,39506.0,N,28.715,21,Y,5,8,5,1,F,N,N,N,0,2,44,1,0,70,1,9,44,48,0,0,0,1,6,NT,1,65,,,,,,,,,,,,,,,,,,,,,,,,,,,,,,,,,,0,4,,"unit1 interstate , hydro planed , traveled left side roadway struck ditch multiple small trees .",O,"[0.9999054670333862, 8.993798110168427e-05, 4.555260602501221e-06]",O,"[0.9999920129776001, 7.895027010818012e-06, 1.651213494824333e-07]",O,"[1.0, 6.4373016357421875e-06, 2.980232238769531e-07]"
1920,1920,215142932,"unit #1 was west bound on ir-70. unit #1 hydro planed, drove off the left side of the road and struck the center concrete barrier.",20215142932,2021,O,8/1/2021 0:00,7,SMOTIR00070**N,S,MOT,12.316,39.863056,-84.262086,10618,22528.0,8/7/2021 0:00,13,7,N,2.0,Y,Y,1.0,18,0,,,,Y,12.322,SMOTIR00070**C,N,1,57-0722-57,1,8,N,1,0,1,BUTLER TOWNSHIP,1,,Y,N,6.0,Y,0.0,,Y,,N,BUTLER TOWNSHIP,N,,0,,,,70,IR,,30.0,N,,,,2,,,,,N,N,Y,0,0,N,1.0,0,2,1,,56607.0,N,29.976,21,Y,18,3,4,1,M,N,N,N,0,3,35,1,1,65,3,9,35,0,0,0,0,1,6,NT,1,78,,,,,,,,,,,,,,,,,,,,,,,,,,,,,,,,,,0,4,,"unit1 ir . unit1 hydro planed , drove left side struck center concrete barrier .",O,"[0.9993502497673035, 0.0006263281684368849, 2.3500793759012595e-05]",O,"[0.5058699250221252, 0.48986098170280457, 0.004269039258360863]",O,"[1.0, 9.715557098388672e-06, 1.7881393432617188e-07]"
1921,1921,215147266,unit 1 was eastbound on ir 80 ohio turnpike. unit 1 hydro planed and drove of the right side of the road striking the ditch.,20215147266,2021,O,8/1/2021 0:00,4,SSUMIR00080*KC,S,SUM,12.6,41.252727,-81.4117,36651,17668.0,8/7/2021 0:00,13,7,N,2.0,Y,Y,1.0,20,0,,,,Y,12.6,SSUMIR00080*KC,N,2,91-0476-77,31,8,N,2,0,1,HUDSON,1,E,Y,N,6.0,N,0.7,,N,,N,BOSTON TOWNSHIP,N,,0,,,,80,IR,K,184.0,N,,,,2,,,,,N,N,Y,0,0,N,1.0,0,2,2,,34749.0,N,184.635,37,Y,5,4,3,1,M,N,N,N,0,3,44,1,0,70,1,8,44,0,0,0,0,1,6,NT,1,70,,,,,,,,,,,,,,,,,,,,,,,,,,,,,,,,,,0,4,,unit1 ohio turnpike . unit1 hydro planed drove side striking ditch .,O,"[0.9999469518661499, 5.017615694669075e-05, 2.871453489206033e-06]",O,"[0.9999988079071045, 1.1902534424734768e-06, 4.975901912729341e-09]",O,"[0.99755859375, 0.0021495819091796875, 8.851289749145508e-05]"
1922,1922,215147274,unit 1 was eastbound on ir 80 ohio turnpike. unit 1 hydro planed and struck the concrete median barrier.,20215147274,2021,O,8/1/2021 0:00,4,SSUMIR00080*KC,S,SUM,12.7,41.252793,-81.409778,36651,17668.0,8/7/2021 0:00,13,7,N,2.0,Y,Y,1.0,20,0,,,,Y,12.7,SSUMIR00080*KC,N,2,91-0477-77,31,8,N,2,0,1,HUDSON,1,E,Y,N,6.0,N,0.8,,N,,N,HUDSON,N,,0,,,,80,IR,K,184.0,N,,,,2,,,,,N,N,Y,0,0,N,1.0,0,2,2,,34749.0,N,184.735,32,Y,5,4,3,1,F,N,N,N,0,3,35,1,0,70,3,35,9,0,0,0,0,1,6,NT,1,65,,,,,,,,,,,,,,,,,,,,,,,,,,,,,,,,,,0,4,,unit1 ohio turnpike . unit1 hydro planed struck concrete median barrier .,O,"[0.9658678770065308, 0.033527396619319916, 0.0006047028582543135]",O,"[0.6650503277778625, 0.3342142403125763, 0.0007353867404162884]",O,"[1.0, 0.00020182132720947266, 3.874301910400391e-06]"
1923,1923,215148965,"unit #1 was eastbound on ir80 ohio turnpike. unit #1 hit a puddle of water, hydro planed, hit the median concrete wall and spun out into the ditch.",20215148965,2021,AB,8/1/2021 0:00,4,SSUMIR00080*KC,S,SUM,11.0,41.25463,-81.442353,36651,17668.0,8/7/2021 0:00,13,7,N,2.0,Y,Y,1.0,19,0,,,,Y,11.0,SSUMIR00080*KC,N,1,91-0474-77,31,8,N,2,2,1,HUDSON,1,E,Y,N,6.0,N,0.1,,N,,N,HUDSON,N,,0,,,,80,IR,K,183.0,N,,,,2,,,,,N,N,Y,0,0,N,1.0,0,2,1,,47164.0,N,183.035,30,Y,5,4,3,1,F,N,N,N,0,3,44,1,0,70,1,35,44,9,8,0,0,1,6,NT,1,70,,,,,,,,,,,,,,,,,,,,,,,,,,,,,,,,,,0,4,,"unit1 ohio turnpike . unit1 hit puddle water , hydro planed , hit median concrete wall spun ditch .",C,"[0.12420586496591568, 0.8572057485580444, 0.01858830638229847]",O,"[0.5221924185752869, 0.47678449749946594, 0.0010230287443846464]",C,"[0.22900390625, 0.763671875, 0.00707244873046875]"
1924,1924,215148974,unit 1 was eastbound on ir 80 ohio turnpike. unit 1 hydro planed and struck the ditch.,20215148974,2021,O,8/1/2021 0:00,4,STRUIR00080*KC,S,TRU,0.331,41.241123,-80.996517,8056,99999.0,8/12/2021 0:00,13,5,N,2.0,Y,Y,1.0,15,0,,,,Y,0.331,STRUIR00080*KC,N,1,91-0491-78,31,8,N,1,0,1,BRACEVILLE TOWNSHIP,1,E,Y,N,6.0,N,0.4,,N,,N,BRACEVILLE TOWNSHIP,N,,0,,,,80,IR,K,206.0,N,,,,2,,,,,N,N,Y,0,0,N,1.0,0,2,2,,91340.0,N,206.364,53,Y,5,4,3,1,M,N,N,N,0,3,44,1,0,70,1,44,45,8,44,0,0,1,6,NT,2,70,,,,,,,,,,,,,,,,,,,,,,,,,,,,,,,,,,0,4,,unit1 ohio turnpike . unit1 hydro planed struck ditch .,O,"[0.9999865293502808, 1.2736602911900263e-05, 7.273543474184407e-07]",O,"[0.9999983310699463, 1.6422059161413927e-06, 7.98509791621882e-09]",O,"[0.994140625, 0.0054779052734375, 0.0001544952392578125]"
1925,1925,215149039,unit 1 was eastbound on ir 80 ohio turnpike. unit 1 hydro planed and struck the concrete median.,20215149039,2021,O,8/1/2021 0:00,4,SSUMIR00080*KC,S,SUM,12.4,41.252782,-81.415544,36651,17668.0,8/9/2021 0:00,13,2,N,2.0,Y,Y,1.0,19,0,,,,Y,12.4,SSUMIR00080*KC,N,1,91-0485-77,31,8,N,1,0,1,HUDSON,1,E,Y,N,6.0,N,0.5,,N,,N,HUDSON,N,,0,,,,80,IR,K,184.0,N,,,,2,,,,,N,Y,Y,0,0,N,1.0,0,2,2,,34749.0,N,184.435,71,Y,5,4,3,1,M,N,N,N,0,3,35,1,0,70,1,9,35,0,0,0,0,1,6,NT,4,70,,,,,,,,,,,,,,,,,,,,,,,,,,,,,,,,,,0,4,,unit1 ohio turnpike . unit1 hydro planed struck concrete median .,O,"[0.9878392219543457, 0.011857880279421806, 0.0003029098443221301]",O,"[0.9866489768028259, 0.013267762959003448, 8.32908262964338e-05]",O,"[1.0, 4.76837158203125e-07, 0.0]"
1926,1926,215150525,"unit #1 and unit #2 were westbound on ir-80 near mile marker 109. unit #1 hydro planed in the left lane and struck unit #2 in the center lane. unit #1 drove off the north side of the roadway, struck a ditch and a wire fence.",20215150525,2021,C,8/1/2021 0:00,3,SERIIR00080*KN,S,ERI,3.322,41.343814,-82.780906,32578,99999.0,8/13/2021 0:00,5,6,N,2.0,N,Y,1.0,18,0,,,,Y,3.318,SERIIR00080*KC,N,1,90-0506-22,31,8,N,3,0,2,GROTON TOWNSHIP,1,E,Y,N,6.0,N,0.4,,Y,,N,GROTON TOWNSHIP,N,,0,,,,80,IR,K,109.0,N,,,,2,,,,,N,N,Y,0,0,N,1.0,1,2,1,,56859.0,N,109.438,22,Y,5,3,4,1,M,N,N,N,0,3,44,1,0,70,1,20,46,44,8,0,0,1,6,NT,1,75,58.0,1.0,3.0,4.0,1.0,M,,2.0,70.0,1.0,20.0,,,,,,1.0,6.0,NT,3.0,50.0,,,,,,,,,,,,,0,4,,"unit1 unit2 ir near mile marker . unit1 hydro planed left struck unit2 center . unit1 drove side roadway , struck ditch wire fence .",C,"[0.37459519505500793, 0.6187337040901184, 0.006671114359050989]",C,"[0.26146724820137024, 0.7346709966659546, 0.003861699951812625]",O,"[0.95947265625, 0.03924560546875, 0.001483917236328125]"
1927,1927,215159728,unit 1 was west on us 30. unit 1 lost control on the wet roadway and hydro planed off the north side of the roadway. unit 1 struck the embankment and came to rest in the grass.,20215159728,2021,O,8/1/2021 0:00,3,SWAYUS00030**N,S,WAY,5.101,40.799302,-82.032517,62995,99999.0,8/29/2021 0:00,13,1,N,2.0,Y,N,3.0,13,0,,,,N,5.102,SWAYUS00030**C,N,1,85-0774-85,1,8,N,1,0,1,PLAIN TOWNSHIP,1,E,Y,N,4.0,Y,0.1,,Y,,N,PLAIN TOWNSHIP,N,,0,,,,30,US,,5.0,N,,,5,2,,,,,N,N,Y,0,0,N,3.0,0,2,1,,261873.0,N,156.28,20,Y,11,3,4,1,M,N,N,N,0,2,45,1,0,60,1,8,45,0,0,0,0,1,6,NT,1,70,,,,,,,,,,,,,,,,,,,,,,,,,,,,,,,,,,0,4,,unit1 us . unit1 lost control wet roadway hydro planed side roadway . unit1 struck embankment came rest grass .,O,"[0.9911817312240601, 0.00787867046892643, 0.0009395499364472926]",O,"[0.7130654454231262, 0.2759039103984833, 0.011030646972358227]",O,"[0.97998046875, 0.0192413330078125, 0.0007023811340332031]"
1928,1928,215163760,"unit 1 was traveling in the right lane when it hit some water and started to hydro plane. unit 1 hit the wall on the left side, spun, and flipped onto its top, it slid to the right side of the road and rolled onto its passenger side.",20215163760,2021,AB,8/1/2021 0:00,7,SMOTIR00070**C,S,MOT,14.946,39.864472,-84.212832,10618,22528.0,8/31/2021 0:00,16,3,N,2.0,Y,Y,1.0,6,0,69000.0,,,Y,14.946,SMOTIR00070**C,N,2,57-0828-57,1,8,N,0,1,1,BUTLER TOWNSHIP,1,E,Y,N,6.0,Y,0.6,,N,,N,BUTLER TOWNSHIP,N,,0,,,,70,IR,,32.0,N,,,32,2,,,,,N,N,Y,0,0,N,1.0,0,2,1,,39434.0,N,32.606,49,Y,5,4,3,1,F,N,N,N,0,3,0,1,1,65,1,8,1,0,0,0,0,1,6,NT,3,62,,,,,,,,,,,,,,,,,,,,,,,,,,,,,,,,,,0,4,,"unit1 traveling hit water started hydro plane . unit1 hit wall left side , spun , flipped onto top , slid side rolled onto passenger side .",C,"[0.2903578579425812, 0.6866316199302673, 0.023010587319731712]",O,"[0.919102668762207, 0.0788847953081131, 0.002012511482462287]",C,"[0.36865234375, 0.62109375, 0.01035308837890625]"
1929,1929,215198084,unit #1 and unit #2 were north bound on ir-75. unit #1 was in the left lane and unit #2 was in the right lane. unit #1 hydro planed and lost control of the vehicle. unit #2 struck the rear of unit #1. unit #1 and unit #2 drove off the right side of the road and came to final rest. crash supplemented with additional information on the oh-2.,20215198084,2021,AB,10/1/2021 0:00,7,SMOTIR00075**C,S,MOT,23.446,39.909558,-84.188116,10618,22528.0,10/16/2021 0:00,2,7,N,2.0,N,Y,1.0,0,0,,,,Y,23.446,SMOTIR00075**C,N,3,57-1003-57,1,10,N,1,2,2,BUTLER TOWNSHIP,1,N,Y,N,6.0,Y,0.4,,Y,,Y,VANDALIA,N,,0,,,,75,IR,,64.0,N,,,64,2,,,,,N,Y,Y,0,0,N,1.0,0,2,1,,56773.0,N,64.416,18,Y,5,2,1,9,M,Y,N,N,0,3,0,1,1,65,1,20,8,0,0,0,0,1,6,NT,3,0,74.0,1.0,2.0,1.0,1.0,M,,2.0,65.0,1.0,20.0,8.0,,,,,1.0,6.0,NT,1.0,65.0,,,,,,,,,,,,,0,4,,unit1 unit2 ir . unit1 left unit2 . unit1 hydro planed lost control vehicle . unit2 struck rear unit1 . unit1 unit2 drove side came final rest . crash supplemented additional information oh .,O,"[0.9743711948394775, 0.023734886199235916, 0.001893891952931881]",C,"[0.0067735170014202595, 0.925559937953949, 0.06766655296087265]",AB,"[0.0191497802734375, 0.0258331298828125, 0.955078125]"
1930,1930,215204433,"unit # 1 was driving south on interstate 77 near milepost 112. unit # 1 hydro planed in the rain, lost control and drove off the left side of the road striking the median cable barrier.",20215204433,2021,O,10/1/2021 0:00,4,SSTAIR00077**N,S,STA,17.289,40.888907,-81.432157,38094,13375.0,10/24/2021 0:00,13,1,N,2.0,Y,Y,1.0,17,0,,,,Y,17.29,SSTAIR00077**C,N,1,76-1350-76,1,10,N,1,0,1,JACKSON TOWNSHIP,1,N,Y,N,6.0,Y,0.2,,Y,,N,JACKSON TOWNSHIP,N,,0,,,,77,IR,,112.0,N,,,112,2,,,,,N,N,Y,0,0,N,1.0,0,2,1,,47069.0,N,112.271,19,Y,11,1,2,1,F,N,N,N,0,3,33,1,0,65,1,9,33,0,0,0,0,1,6,NT,1,69,,,,,,,,,,,,,,,,,,,,,,,,,,,,,,,,,,0,4,,"unit1 driving interstate near milepost . unit1 hydro planed rain , lost control drove left side striking median cable barrier .",O,"[0.9999667406082153, 3.1676732760388404e-05, 1.57089380081743e-06]",O,"[0.9999486207962036, 5.084037547931075e-05, 4.780764015777095e-07]",O,"[0.9970703125, 0.002895355224609375, 5.602836608886719e-05]"
1931,1931,215204975,"unit 1 was westbound on interstate 70. unit 1 hydro planed, drove off the left side of the roadway, and struck the concrete wall twice.",20215204975,2021,C,10/1/2021 0:00,5,SLICIR00070**N,S,LIC,24.456,39.938762,-82.313907,7944,99999.0,10/24/2021 0:00,13,1,N,2.0,Y,Y,1.0,17,0,,,,Y,24.47,SLICIR00070**C,N,1,45-0672-45,1,10,N,1,0,1,BOWLING GREEN TOWNSHIP,1,W,Y,N,4.0,Y,0.1,,Y,,N,BOWLING GREEN TOWNSHIP,N,,0,,,,70,IR,,138.0,N,,,138,2,,,,,N,N,Y,0,0,N,1.0,1,2,2,,56596.0,N,137.821,17,Y,5,3,4,1,M,N,N,N,0,2,35,1,0,70,1,9,35,35,0,0,0,1,6,NT,1,65,,,,,,,,,,,,,,,,,,,,,,,,,,,,,,,,,,0,4,,"unit1 interstate . unit1 hydro planed , drove left side roadway , struck concrete wall twice .",O,"[0.9998353719711304, 0.00015672118752263486, 7.833227755327243e-06]",O,"[0.6719040870666504, 0.3230697512626648, 0.00502614164724946]",O,"[0.9951171875, 0.00498199462890625, 0.00011920928955078125]"
1932,1932,215210040,"unit 1 was eastbound on interstate 70. unit 1 hydro planed, drove off the right side of the roadway, struck a guardrail, and a ditch.",20215210040,2021,O,10/1/2021 0:00,5,SLICIR00070**C,S,LIC,16.89,39.946739,-82.456579,43456,61705.0,10/29/2021 0:00,13,6,N,2.0,Y,Y,1.0,18,0,,,,Y,16.89,SLICIR00070**C,N,3,45-0691-45,1,10,N,1,0,1,LICKING TOWNSHIP,1,E,Y,N,6.0,Y,0.3,,N,,N,LICKING TOWNSHIP,N,,0,,,,70,IR,,130.0,N,,,130,2,,,,,N,N,Y,0,0,N,1.0,0,2,1,,107458.0,N,130.255,41,Y,5,4,3,1,M,N,N,N,0,3,30,1,0,70,1,8,30,44,0,0,0,1,6,NT,1,70,,,,,,,,,,,,,,,,,,,,,,,,,,,,,,,,,,0,4,,"unit1 interstate . unit1 hydro planed , drove side roadway , struck guardrail , ditch .",O,"[0.9999282360076904, 6.816940731368959e-05, 3.560047844075598e-06]",O,"[0.9999765157699585, 2.3107295419322327e-05, 3.028184494269226e-07]",O,"[0.99169921875, 0.0078582763671875, 0.0001863241195678711]"