,id,OBJECTID,Narrative,DOCUMENT_NBR,CRASH_YR,CRASH_SEVERITY_CD,CRASH_MONTH_YEAR,DISTRICT_NBR,NLFID,NLF_JUR_CD,NLF_COUNTY_CD,COUNTY_LOG_NBR,ODOT_LATITUDE_NBR,ODOT_LONGITUDE_NBR,ODOT_FIPS_CD,AREA_CODE,CRASH_DATE,CRASH_TYPE_CD,DAY_IN_WEEK_CD,DISTRACTED_DRIVER_IND,FACILITY_TYPE_CD,FHWA_RDWY_DEPARTURE_IND,FREEWAY_IND,FUNCTIONAL_CLASS_CD,HOUR_OF_CRASH,INCAPAC_INJURIES_NBR,INTERCHANGE_ID,INTERSECTION_ID_CURRENT,INTERSECTION_LEG_ID,INTERSTATE_IND,INV_LOG_NBR,INV_NLFID,IS_COMMERCIAL_RELATED,LIGHT_COND_PRIMARY_CD,LOCAL_REPORT_NUMBER_ID,MAINTENANCE_AUTHORITY_CD,MONTH_OF_CRASH,NHS_CD,NO_INJURY_REPORTED_NBR,NON_INCAPAC_INJURIES_NBR,NUMBER_OF_UNITS_NBR,ODOT_CITY_VILLAGE_TWP_NME,ODOT_CRASH_LOCATION_CD,ODOT_DIR_FROM_REF_CD,ODOT_DIV_UNDIV_IND,ODOT_INTERSECTION_REL_IND,ODOT_LANES_NBR,ODOT_MAINTAINED_HWY_IND,ODOT_MILES_FROM_REF_NBR,ODOT_REF_ROUTE_PREFIX_CD,ODOT_YOUNG_DRIVER_IND,ODPS_ADDRESS_REFERENCE,ODPS_ALCOHOL_IND,ODPS_CITY_VILLAGE_TWP_NME,ODPS_DRUG_IND,ODPS_LOC_DIR_SUFFIX_CD,ODPS_LOC_IN_WORK_ZONE_CD,ODPS_LOC_ROAD_DIRECTION_CD,ODPS_LOC_ROAD_NME,ODPS_LOC_ROAD_SUFFIX_CD,ODPS_LOC_ROUTE_ID,ODPS_LOC_ROUTE_PREFIX_CD,ODPS_LOC_ROUTE_SUFFIX_CD,ODPS_MILEPOST_REFERENCE,ODPS_MOTORCYCLE_IND,ODPS_REF_DIR_SUFFIX_CD,ODPS_REF_DIRECTION_CD,ODPS_REF_GIVEN,ODPS_REF_POINT_USED_CD,ODPS_REF_ROUTE_ID,ODPS_REF_ROUTE_PREFIX_CD,ODPS_REF_ROUTE_SUFFIX_CD,ODPS_REF_SUFFIX_CD,ODPS_SCHOOL_ZONE_IND,ODPS_SENIOR_DRIVER_IND,ODPS_SPEED_IND,ODPS_TOTAL_FATALITIES_NBR,ODPS_TYPE_OF_WORK_ZONE_CD,ODPS_WORK_ZONE_IND,OPER_ACCESS_CONTROL_CD,POSSIBLE_INJURIES_NBR,ROAD_COND_PRIMARY_CD,ROAD_CONTOUR_CD,SA_RAMP_ID,SA_SEGMENT_ID,SECONDARY_CRASH,STATE_TRUE_LOG_NBR,U1_AGE_NBR,U1_AT_FAULT_IND,U1_CONT_CIR_PRIMARY_CD,U1_DIRECTION_FROM_CD,U1_DIRECTION_TO_CD,U1_DISTRACTED_BY_1_CD,U1_GENDER_CD,U1_IS_ALCOHOL_SUSPECTED,U1_IS_MARIJUANA_SUSPECTED,U1_IS_OTHER_DRUG_SUSPECTED,U1_NON_MOTORIST_LOC_CD,U1_NUMBER_OF_THRU_LANES,U1_OBJECT_STRUCK,U1_ODPS_UNIT_NBR,U1_OPERATINGIN_AUTONOMOUS_MODE,U1_POSTED_SPEED_NBR,U1_PRECRASH_ACTION_CD,U1_SEQ_OF_EVENTS_1_CD,U1_SEQ_OF_EVENTS_2_CD,U1_SEQ_OF_EVENTS_3_CD,U1_SEQ_OF_EVENTS_4_CD,U1_SEQ_OF_EVENTS_5_CD,U1_SEQ_OF_EVENTS_6_CD,U1_SPECIAL_FUNCTION_CD,U1_TRAFFIC_CONTROL_CD,U1_TURN_CD,U1_TYPE_OF_UNIT_CD,U1_UNIT_SPEED_NBR,U2_AGE_NBR,U2_CONT_CIR_PRIMARY_CD,U2_DIRECTION_FROM_CD,U2_DIRECTION_TO_CD,U2_DISTRACTED_BY_1_CD,U2_GENDER_CD,U2_NON_MOTORIST_LOC_CD,U2_ODPS_UNIT_NBR,U2_POSTED_SPEED_NBR,U2_PRECRASH_ACTION_CD,U2_SEQ_OF_EVENTS_1_CD,U2_SEQ_OF_EVENTS_2_CD,U2_SEQ_OF_EVENTS_3_CD,U2_SEQ_OF_EVENTS_4_CD,U2_SEQ_OF_EVENTS_5_CD,U2_SEQ_OF_EVENTS_6_CD,U2_SPECIAL_FUNCTION_CD,U2_TRAFFIC_CONTROL_CD,U2_TURN_CD,U2_TYPE_OF_UNIT_CD,U2_UNIT_SPEED_NBR,U3_CONT_CIR_PRIMARY_CD,U3_ODPS_UNIT_NBR,U3_PRECRASH_ACTION_CD,U3_SEQ_OF_EVENTS_1_CD,U3_SEQ_OF_EVENTS_2_CD,U3_SEQ_OF_EVENTS_3_CD,U3_SEQ_OF_EVENTS_4_CD,U3_SEQ_OF_EVENTS_5_CD,U3_SEQ_OF_EVENTS_6_CD,U3_SPECIAL_FUNCTION_CD,U3_TRAFFIC_CONTROL_CD,U3_TYPE_OF_UNIT_CD,UNRESTRAIN_OCCUPANTS,WEATHER_COND_CD,V1,clean_Narrative,BERT_predictions,BERT_prediction_probabilities,RoBERTa_predictions,RoBERTa_predictions_probabilities,distilBERT_predictions,distilBERT_predictions_probabilities
1933,1933,215233042,"unit 1 was westbound on interstate route 70 when it hydro planed, ran off the road right and struck multiple trees.",20215233042,2021,O,11/1/2021 0:00,5,SLICIR00070**N,S,LIC,7.467,39.946515,-82.632531,25690,99999.0,11/25/2021 0:00,13,5,N,2.0,Y,Y,1.0,16,0,,,,Y,7.5,SLICIR00070**C,N,1,45-0762-45,1,11,N,1,0,1,ETNA TOWNSHIP,1,W,Y,N,4.0,Y,0.1,,N,,N,ETNA TOWNSHIP,N,,0,,,,70,IR,,121.0,N,,,121,2,,,,,N,Y,Y,0,0,N,1.0,0,2,1,,56441.0,N,120.832,75,Y,5,3,4,1,M,N,N,N,0,2,48,1,0,70,1,8,48,48,48,0,0,1,6,NT,4,70,,,,,,,,,,,,,,,,,,,,,,,,,,,,,,,,,,0,4,,"unit1 interstate hydro planed , ran struck multiple trees .",O,"[0.9999996423721313, 3.6091211086386465e-07, 3.926991354319398e-08]",O,"[0.8037373423576355, 0.19561779499053955, 0.0006449060747399926]",O,"[0.99658203125, 0.0033626556396484375, 0.00011622905731201172]"
1934,1934,216000950,"on 1/1/2021 at approximately 1932hrs, unit #1 was traveling south on i-75 at approximately 55mph in the left lane and attempted to merge into the right lane and when near mile marker 51, hydro planed and drove into unit #2 who was also traveling south on i-75 in the right lane at approximately 65mph.",20216000950,2021,O,1/1/2021 0:00,7,SMOTIR00075**N,S,MOT,9.572,39.718208,-84.215855,52010,22528.0,1/1/2021 0:00,5,6,N,2.0,N,Y,1.0,19,0,69800.0,,,Y,9.557,SMOTIR00075**C,N,3,21-0011,1,1,N,2,0,2,MORAINE,1,S,Y,N,6.0,Y,0.5,,Y,,N,MORAINE,N,,4,,,,75,IR,,51.0,N,,,51,2,,,,,N,N,Y,0,4,Y,1.0,0,2,1,,45381.0,N,50.542,19,Y,99,1,2,1,F,N,N,N,0,2,0,1,0,55,3,20,0,0,0,0,0,1,6,NT,1,55,50.0,1.0,1.0,2.0,1.0,M,,2.0,55.0,1.0,20.0,,,,,,1.0,6.0,NT,3.0,65.0,,,,,,,,,,,,,0,4,,"approximately 1932hrs , unit1 traveling approximately 55mph left attempted merge near mile marker , hydro planed drove unit2 also traveling approximately 65mph .",O,"[0.9999995231628418, 4.692685422469367e-07, 4.492829219771011e-08]",O,"[0.9999998807907104, 1.0829050012262087e-07, 6.610713088051057e-10]",O,"[1.0, 0.0, 0.0]"
1935,1935,216042777,"dispatched by 911 to 393 high street for a one vehicle crash with no reported injury. arrived on scene to find driver sitting in the crashed vehicle o her cell phone.driver denied injury. driver claimed she was driving between 35 and 38 m.p.h in the 35 m.p.h. zone when she """"hydro planed"""". driver denied speeding, or any distractions. driver struck and damaged a phone pole, 393 's mailbox and yard grass. the telephone pole# was 430000-634.the crashed doge nitro had disabling damage to right front wheel and fender. the vehicle was later moved by the driver's relatives.photos of damage to vehicle and area were taken.",20216042777,2021,O,3/1/2021 0:00,11,SBELSR00149**C,S,BEL,32.195,40.150569,-81.054438,27552,99999.0,3/18/2021 0:00,13,5,N,2.0,N,N,5.0,17,0,,cdce175f-bff0-4da0-95a9-8f54c3e33570,384ca3df-ef84-4517-bf0c-908a86baa392,N,32.195,SBELSR00149**C,N,2,58-2021-0002,4,3,,1,0,1,FLUSHING,3,E,N,Y,2.0,N,0.013,,Y,393,N,FLUSHING,N,,0,,HIGH,ST,,,,,N,,,,3,,,,,N,N,Y,0,0,N,3.0,0,2,2,,156088.0,N,32.195,25,Y,5,4,3,1,F,N,N,N,0,3,40,1,0,35,1,13,8,40,47,0,0,1,4,NT,1,35,,,,,,,,,,,,,,,,,,,,,,,,,,,,,,,,,,0,4,,"dispatched high one vehicle crash reported injury . arrived scene find driver sitting crashed vehicle cell phone.driver denied injury . driver claimed driving m.p.h m.p.h . zone `` '' hydro planed '' '' . driver denied speeding , distractions . driver struck damaged phone pole , 's mailbox yard grass . telephone pole .the crashed doge nitro disabling damage front wheel fender . vehicle later moved driver 's relatives.photos damage vehicle area taken .",O,"[0.9999998807907104, 1.1480639017236172e-07, 2.401790588635322e-08]",O,"[1.0, 8.659114314468752e-09, 1.3832843290956243e-12]",O,"[1.0, 0.0, 0.0]"
1936,1936,216043813,unit 1 was traveling north on state route 7 when unit 1 hydro planed striking the median,20216043813,2021,O,3/1/2021 0:00,11,SJEFSR00007**C,S,JEF,4.978,40.219321,-80.666409,82698,99999.0,3/18/2021 0:00,13,5,N,2.0,Y,Y,2.0,6,0,,1b8cbcdd-6106-44b4-aebf-bd7837ace40c,4252c5e9-5ed0-41ed-b2f6-d7c03eee5625,N,4.978,SJEFSR00007**C,N,2,216MVA,1,3,N,1,0,1,WELLS TOWNSHIP,1,N,Y,N,4.0,Y,0.039,CR,Y,,N,WELLS TOWNSHIP,N,,0,,STATE ROUTE 7 N,,7,SR,,,N,,,CR 17 N,1,17,CR,,,N,N,N,0,0,N,3.0,0,2,1,,177820.0,N,201.08,22,Y,1,2,1,9,M,N,N,N,0,2,35,1,0,55,1,9,35,0,0,0,0,1,6,NT,1,0,,,,,,,,,,,,,,,,,,,,,,,,,,,,,,,,,,0,4,,unit1 traveling state unit1 hydro planed striking median,O,"[0.999968409538269, 2.994114220200572e-05, 1.7217453205375932e-06]",O,"[0.9999879598617554, 1.1777506188082043e-05, 1.9506840942540293e-07]",O,"[1.0, 2.2649765014648438e-06, 5.960464477539063e-08]"
1937,1937,216074597,unit 1 and unit 2 were traveling eastbound on bethel rd. at sr315. the driver of unit 1 stated he attempted to stop in traffic but hydro planed causing him to strike the center rear of unit 2 with the center front of unit 1. the driver of unit 1 was issued a citation for assured clear distance ahead. both parties declined medical attention.,20216074597,2021,O,4/1/2021 0:00,6,CFRACR00067**C,C,FRA,3.863,40.06305,-83.032028,16112,19234.0,4/24/2021 0:00,2,7,N,,N,N,3.0,16,0,34600.0,,,N,3.863,CFRACR00067**C,N,1,04-21-039A,2,4,,3,0,2,CLINTON TOWNSHIP,1,W,Y,N,4.0,N,0.017,RA,Y,,N,CLINTON TOWNSHIP,N,,0,,BETHEL,RD,,,,,N,,,STATE ROUTE 315 E,1,315,SR,,,N,N,N,0,0,N,,0,2,2,,12675.0,N,3.863,21,Y,8,4,3,1,M,N,N,N,0,2,0,1,0,40,1,20,0,0,0,0,0,1,6,NT,1,40,20.0,1.0,4.0,3.0,1.0,F,,2.0,40.0,11.0,20.0,,,,,,1.0,6.0,NT,3.0,0.0,,,,,,,,,,,,,0,4,,unit1 unit2 traveling bethel . driver unit1 stated attempted stop traffic hydro planed causing strike center rear unit2 center front unit1 . driver unit1 issued citation assured clear distance ahead . parties declined medical attention .,O,"[0.9999998807907104, 8.128765216497413e-08, 1.9031428877269718e-08]",O,"[1.0, 5.303545935753107e-10, 2.8640905294120833e-13]",O,"[1.0, 0.0, 0.0]"
1938,1938,216078288,"both unit #1 and #2 where e/b on court st approaching the intersection at walnut st, unit #2 stops for an emergency vehicle that was crossing thru the intersection with its lights and siren on. unit # 1 could not stop in time, hydro planing on the wet roadway. unit #1 struck unit#2 in the rear end. at the start of the investigation a passenger in unit #2 was transported by pov to wilson hospital before crash investigator could speak to them to obtain information as to what had happened to them. a follow up with the passenger was conducted at wilson hospital to obtain there information for the report. a witness from the sidney fire dept advised that unit #1 did hydro plane and he witness the accident.",20216078288,2021,C,5/1/2021 0:00,7,SSHESR00047**C,S,SHE,15.266,40.28434,-84.16017,72424,99769.0,5/9/2021 0:00,2,1,N,2.0,N,N,4.0,14,0,,c926398c-8eaf-4d59-9500-6539823e46c1,a79f4048-4c74-4cef-9152-5d4bb8b4b782,N,15.266,SSHESR00047**C,N,1,2112893,4,5,,2,0,2,SIDNEY,2,,Y,Y,4.0,N,0.0,SR,Y,,N,SIDNEY,N,,0,,STATE ROUTE 29 E,,29,SR,,,N,,S,WALNUT,1,,,,AVE,N,N,N,0,0,N,3.0,1,2,1,,327527.0,N,39.076,64,Y,8,4,3,1,M,N,N,N,0,2,0,1,0,35,1,20,0,0,0,0,0,1,6,NT,4,25,20.0,1.0,4.0,3.0,1.0,M,,2.0,35.0,11.0,20.0,,,,,,1.0,2.0,NT,1.0,0.0,,,,,,,,,,,,,0,4,,"unit1 approaching intersection walnut , unit2 stops emergency vehicle crossing thru intersection lights siren . unit1 could stop time , hydro planing wet roadway . unit1 struck unit2 rear end . start investigation passenger unit2 transported pov wilson hospital crash investigator could speak obtain information happened . follow passenger conducted wilson hospital obtain information report . witness sidney fire advised unit1 hydro plane witness accident .",AB,"[1.928865511757749e-09, 9.501440700887542e-08, 0.9999998807907104]",AB,"[6.244567885005381e-06, 0.037369634956121445, 0.9626241326332092]",C,"[0.0018215179443359375, 0.98486328125, 0.0131988525390625]"
1939,1939,216078940,unit # 1 was traveling southbound on ir-75 near mile marker 47. unit # 1 hydro planed and lost control and went off the roadway into the center median and traveled approximately 210 feet before striking the guard rail on e. dixie dr.,20216078940,2021,O,5/1/2021 0:00,7,CMOTCR00099**C,C,MOT,8.061,39.681214,-84.230133,83111,22528.0,5/9/2021 0:00,13,1,N,,Y,N,3.0,15,0,69700.0,,,N,8.061,CMOTCR00099**C,N,1,21-012491,4,5,N,5,0,1,WEST CARROLLTON,1,E,Y,N,2.0,N,0.1,,Y,,N,WEST CARROLLTON,N,,0,,,,75,IR,,,N,,E,Dixie,1,,,,DR,N,N,N,0,0,N,,0,2,1,,20124.0,N,8.061,25,Y,22,1,2,1,F,N,N,N,0,3,30,1,0,65,1,9,48,30,0,0,0,1,6,NT,3,60,,,,,,,,,,,,,,,,,,,,,,,,,,,,,,,,,,0,4,,unit1 traveling ir near mile marker . unit1 hydro planed lost control went roadway center median traveled approximately feet striking guard rail dixie .,O,"[0.9976261258125305, 0.002273312071338296, 0.0001005554004223086]",C,"[0.051466554403305054, 0.9450101852416992, 0.0035232994705438614]",O,"[1.0, 0.00018453598022460938, 1.329183578491211e-05]"
1940,1940,216106648,"on 6-18-21 at approximately 2105 hours, unit#1 was traveling on i-75 northbound in the left hand lane at approximant 60mph and when near mile marker 56 hydro planned due to the heavy storm conditions and struck the median.",20216106648,2021,AB,6/1/2021 0:00,7,SMOTIR00075**C,S,MOT,14.847,39.786041,-84.184272,21000,22528.0,6/18/2021 0:00,13,6,N,2.0,Y,Y,1.0,21,0,,,,Y,14.847,SMOTIR00075**C,N,3,2106180062,1,6,N,0,1,1,DAYTON,1,,Y,N,6.0,Y,0.0,,N,,N,DAYTON,N,,0,,,,75,IR,,56.0,N,,,56,2,,,,,N,N,Y,0,0,N,1.0,0,2,1,,39552.0,N,55.817,35,Y,1,2,1,1,F,N,N,N,0,3,35,1,0,55,1,9,35,0,0,0,0,1,6,NT,1,60,,,,,,,,,,,,,,,,,,,,,,,,,,,,,,,,,,0,4,,"approximately , unit1 traveling left approximant 6mph near mile marker hydro planned due heavy storm conditions struck median .",O,"[0.956089198589325, 0.04137735813856125, 0.002533400896936655]",O,"[0.9145774841308594, 0.08515852689743042, 0.00026394682936370373]",O,"[0.9775390625, 0.02044677734375, 0.0021514892578125]"
1941,1941,216123203,"unit 2 was stopped on us route 20 near dyke rd at a traffic light that was put up by a construction company. unit 1 was stopped behind unit 2 at the same traffic light. the traffic light turned green and both units proceeded forward. unit 2 came to a stop, unit 1 attempted to stop but advised due to the weather conditions (rain) she hydro planed and rear ended unit 2. construction repairs are being completed on the turnpike (i- 80), so traffic on us 20 is only using one lane, which is controlled by the traffic light while driving under the bridge.",20216123203,2021,O,7/1/2021 0:00,3,SLORUS00020**C,S,LOR,19.94,41.380779,-82.066082,56966,17668.0,7/12/2021 0:00,2,2,N,2.0,N,N,3.0,16,0,,,,N,19.94,SLORUS00020**C,N,1,2021-12123,4,7,N,3,0,2,NORTH RIDGEVILLE,3,,N,Y,2.0,N,0.0,,Y,,N,NORTH RIDGEVILLE,N,,3,,,,20,US,,,N,,,DYKE,1,,,,RD,N,N,N,0,1,Y,3.0,0,2,1,,260699.0,N,165.799,21,Y,8,3,4,1,F,N,N,N,0,2,0,1,0,40,1,20,0,0,0,0,0,1,2,NT,3,15,36.0,1.0,3.0,4.0,1.0,M,,2.0,40.0,11.0,20.0,,,,,,1.0,2.0,NT,3.0,0.0,,,,,,,,,,,,,0,4,,"unit2 stopped us near dyke traffic light put construction company . unit1 stopped behind unit2 traffic light . traffic light turned green units proceeded forward . unit2 came stop , unit1 attempted stop advised due weather conditions hydro planed rear ended unit2 . construction repairs completed turnpike , traffic us using one , controlled traffic light driving bridge .",O,"[0.9999535083770752, 4.4365257053868845e-05, 2.1985288185533136e-06]",O,"[0.9999957084655762, 4.2740534809126984e-06, 4.282854249026968e-08]",O,"[1.0, 1.4126300811767578e-05, 3.5762786865234375e-07]"
1942,1942,216126678,unit #1 was traveling west on state route 73 when unit#1 went off the south side of the roadway and struck a culvert/ditch. the operator reported she hydro planed due to the heavy rain.,20216126678,2021,O,7/1/2021 0:00,8,CBUTCR00065**C,C,BUT,0.328,39.524083,-84.60866,50162,99999.0,7/16/2021 0:00,13,6,N,,Y,N,7.0,20,0,,,,N,0.328,CBUTCR00065**C,N,4,2021070278,2,7,,1,0,1,MILFORD TOWNSHIP,1,,N,N,2.0,N,0.0,,Y,1713,N,MILFORD TOWNSHIP,N,,0,,,,73,SR,,,N,,,1713TH,3,,,,,N,N,N,0,0,N,,0,2,2,,15911.0,N,0.328,18,Y,1,4,3,1,F,N,N,N,0,2,42,1,0,55,1,8,44,42,0,0,0,1,6,NT,1,55,,,,,,,,,,,,,,,,,,,,,,,,,,,,,,,,,,0,4,,unit1 traveling state unit1 went side roadway struck culvert ditch . operator reported hydro planed due heavy rain .,O,"[0.999735414981842, 0.00024368248705286533, 2.0807112377951853e-05]",O,"[0.9999711513519287, 2.7427153327153064e-05, 1.3947093293609214e-06]",O,"[1.0, 4.279613494873047e-05, 3.874301910400391e-06]"
1943,1943,216160497,unit 1 was traveling on the on ramp to us rt 6 eastbound from scott st in napoleon. unit 1 hydro planed causing the vehicle to spin as it entered the traffic for us rt 6. unit 1 did two to three rotations before getting struck in the driver side by unit 2 in the left hand lane. unit 1 went into the median and unit 2 went off the right side of the roadway into a ditch.,20216160497,2021,AB,8/1/2021 0:00,2,SHENUS00006**C,S,HEN,15.847,41.416543,-84.069306,43176,99999.0,8/11/2021 0:00,5,4,N,2.0,N,Y,2.0,1,0,,,,N,15.847,SHENUS00006**C,Y,4,21-02009,1,8,H,1,1,2,LIBERTY TOWNSHIP,1,E,Y,N,4.0,Y,0.1,,Y,,N,NAPOLEON TOWNSHIP,N,,0,,,,6,US,,40.0,N,,,40,2,,,,,N,N,N,0,0,N,2.0,0,2,1,,315906.0,N,40.1,18,Y,9,4,3,1,F,N,N,N,0,2,44,1,0,70,8,20,44,0,0,0,0,1,6,NT,1,60,52.0,1.0,4.0,3.0,1.0,M,,2.0,70.0,1.0,20.0,44.0,,,,,1.0,6.0,NT,14.0,65.0,,,,,,,,,,,,,0,4,,unit1 traveling ramp us scott napoleon . unit1 hydro planed causing vehicle spin entered traffic us . unit1 two three rotations getting struck driver side unit2 left . unit1 went median unit2 went side roadway ditch .,C,"[0.19343531131744385, 0.7616450786590576, 0.04491962119936943]",AB,"[0.01090012863278389, 0.2562452256679535, 0.7328546047210693]",O,"[0.9599609375, 0.037689208984375, 0.0024242401123046875]"
1944,1944,216163725,"on 9-1-2021 at approximately 0339 hrs., unit #1 was traveling northbound on interstate 75 at approximately 65 mph, when the driver hydro planed, due to heavy rain, causing his vehicle to run off the right side of the highway at approximately the 49.2 mile marker.",20216163725,2021,O,9/1/2021 0:00,7,SMOTIR00075**C,S,MOT,8.261,39.704027,-84.228806,52010,22528.0,9/1/2021 0:00,17,4,N,2.0,Y,Y,1.0,3,0,,,,Y,8.261,SMOTIR00075**C,N,3,21-3099,1,9,N,1,0,1,MORAINE,1,N,Y,N,6.0,Y,0.0,,Y,,N,MORAINE,N,,0,,,,75,IR,,49.2,N,,,49 2,2,,,,,N,N,N,0,0,N,1.0,0,2,1,,39549.0,N,49.231,17,Y,11,2,1,1,M,N,N,N,0,3,0,1,0,65,9,8,0,0,0,0,0,1,6,NT,1,65,,,,,,,,,,,,,,,,,,,,,,,,,,,,,,,,,,0,4,,"approximately . , unit1 traveling interstate approximately mph , driver hydro planed , due heavy rain , causing vehicle run side approximately . mile marker .",C,"[0.030704865232110023, 0.9665983319282532, 0.002696829382330179]",O,"[0.9999992847442627, 7.528626042585529e-07, 1.3526309239342282e-10]",O,"[0.84375, 0.1502685546875, 0.005828857421875]"
1945,1945,216176186,"at about 0515 hours on 9/22/2021 unit #1 was traveling south on i-75 at approximately 60 mph and when at mile post 50, apparently lost control due to hydro planing and collided with the rear of unit #2 then hitting the guard rail.",20216176186,2021,O,9/1/2021 0:00,7,SMOTIR00075**N,S,MOT,9.081,39.714216,-84.223452,52010,22528.0,9/22/2021 0:00,5,4,N,2.0,N,Y,1.0,5,0,,,,Y,9.064,SMOTIR00075**C,Y,3,21-3378,1,9,N,2,0,2,MORAINE,1,S,Y,N,6.0,Y,0.0,,N,,N,MORAINE,N,,0,,,,75,IR,,50.0,N,,,50,2,,,,,N,Y,Y,0,0,N,1.0,0,2,1,,39550.0,N,50.051,64,Y,1,1,2,1,M,N,N,N,0,3,0,1,0,55,1,20,0,0,0,0,0,1,6,NT,1,60,67.0,1.0,1.0,2.0,1.0,M,,2.0,55.0,1.0,20.0,,,,,,1.0,6.0,NT,5.0,55.0,,,,,,,,,,,,,0,4,,"unit1 traveling approximately mph mile post , apparently lost control due hydro planing collided rear unit2 hitting guard rail .",O,"[0.9994516968727112, 0.000521449779625982, 2.684283026610501e-05]",O,"[0.9427186250686646, 0.056362565606832504, 0.0009188544354401529]",O,"[0.9912109375, 0.0085601806640625, 0.00029921531677246094]"
1946,1946,216205885,at about 1450 hours on 10/24/21 unit number one was traveling west on us35 at approximately 50 mph and when at steve whalen boulevard apparently lost control after hydro planing and the vehicle spun around several times or went off the right side of the roadway and collided with the guard rail at the beginning of the ramp to steve whalen boulevard.,20216205885,2021,AB,10/1/2021 0:00,7,SMOTUS00035**N,S,MOT,18.116,39.75439,-84.1548,21000,22528.0,10/24/2021 0:00,13,1,N,2.0,Y,Y,2.0,14,0,,,,N,18.143,SMOTUS00035**C,N,1,2110240045,4,10,N,1,1,1,DAYTON,1,E,Y,N,6.0,N,0.057,,N,,N,DAYTON,N,,0,,US ROUTE 35 W,,35,US,,,N,,,STEVE WHALEN,1,,,,BLVD,N,N,Y,0,0,N,1.0,0,2,1,,271612.0,N,38.039,28,Y,5,3,4,1,M,N,N,N,0,3,31,1,0,55,1,31,0,0,0,0,0,1,6,NT,1,50,,,,,,,,,,,,,,,,,,,,,,,,,,,,,,,,,,0,4,,unit number one traveling approximately mph steve whalen apparently lost control hydro planing vehicle spun around several times went side roadway collided guard rail beginning ramp steve whalen .,O,"[0.9998175501823425, 0.00017213656974490732, 1.0401866347820032e-05]",O,"[0.7598408460617065, 0.23742331564426422, 0.0027359172236174345]",O,"[0.8564453125, 0.1259765625, 0.0173492431640625]"
1947,1947,216209481,"unit#1 was traveling east on st. rt. 16. it was raining and unit#1 began to hydro plane and loose control of her vehicle. unit#1 struck the center divide, and then spun out causing unit#1 to leave the roadway and enter the grass on the south south of the highway. there were no other vehicles involved.",20216209481,2021,O,10/1/2021 0:00,5,SLICSR00016**C,S,LIC,23.34,40.062807,-82.363309,54040,61705.0,10/30/2021 0:00,13,7,N,2.0,Y,Y,2.0,16,0,,,,N,23.34,SLICSR00016**C,N,1,21-32299,4,10,N,1,0,1,NEWARK,1,E,Y,N,4.0,N,0.076,,N,,N,NEWARK,N,,0,,STATE ROUTE 16 E,,16,SR,,,N,,E,OBANNON,1,,,,ST,N,N,Y,0,0,N,3.0,0,2,1,,183181.0,N,35.75,28,Y,5,4,3,1,F,N,N,N,0,4,35,1,0,55,1,35,8,44,0,0,0,1,6,NT,1,55,,,,,,,,,,,,,,,,,,,,,,,,,,,,,,,,,,0,4,,"unit1 traveling . . raining unit1 began hydro plane loose control vehicle . unit1 struck center divide , spun causing unit1 leave roadway enter grass . vehicles involved .",O,"[0.9999996423721313, 3.090423774665396e-07, 3.1419975954349866e-08]",O,"[0.9999902248382568, 9.378278264193796e-06, 3.3528229437251866e-07]",O,"[1.0, 2.372264862060547e-05, 3.0994415283203125e-06]"
1948,1948,216210163,unit 01 was traveling wb when it hydro planed due to the weather and struck a median. unit 01 was facing eb in the wb lane. unit 01 suffered disabling damage and reported no injuries.,20216210163,2021,O,10/1/2021 0:00,5,SLICSR00016**N,S,LIC,22.58,40.063549,-82.377363,54040,61705.0,10/30/2021 0:00,13,7,N,2.0,Y,Y,2.0,18,0,,,,N,22.603,SLICSR00016**C,N,1,21-32303,4,10,N,4,0,1,NEWARK,1,W,Y,N,4.0,N,1.0,,Y,,N,NEWARK,N,,0,,STATE ROUTE 16 W,,16,SR,,,N,,,OBANNON,1,,,,AVE,N,N,N,0,0,N,1.0,0,2,1,,167773.0,N,34.99,16,Y,99,3,4,1,F,N,N,N,0,2,35,1,0,55,1,8,35,0,0,0,0,1,6,NT,1,45,,,,,,,,,,,,,,,,,,,,,,,,,,,,,,,,,,0,4,,unit1 traveling hydro planed due weather struck median . unit1 facing . unit1 suffered disabling damage reported injuries .,O,"[1.0, 5.552606552328143e-08, 1.1813165556873173e-08]",O,"[1.0, 1.82274625948331e-10, 8.400912073196903e-14]",O,"[1.0, 5.960464477539063e-08, 0.0]"
1949,1949,216257109,unit 1 was stopped at the traffic signal when unit 2 struck unit 1 in the rear. unit 2 stated that they hydro planed due to road conditions being wet.,20216257109,2021,O,12/1/2021 0:00,2,SWOOUS00020**N,S,WOO,2.798,41.550615,-83.604076,62148,87868.0,12/27/2021 0:00,2,2,N,2.0,N,N,3.0,14,0,98400.0,77922c8a-34fb-423b-8a6b-4fc2efa541c5,59f9a2bf-e01a-4b3b-85c3-89ea09b6fc19,N,2.797,SWOOUS00020**C,N,1,2021-16807,4,12,N,5,0,2,PERRYSBURG,6,S,Y,Y,5.0,N,0.03,RA,N,,N,PERRYSBURG,N,,0,,US ROUTE 20 W,,20,US,,,N,,,I 75 W,1,75,IR,,,N,N,N,0,0,N,3.0,0,2,1,,345766.0,N,72.311,41,Y,8,3,4,1,F,N,N,N,0,1,0,2,0,40,11,20,0,0,0,0,0,1,2,NT,2,5,53.0,1.0,3.0,4.0,1.0,M,,1.0,40.0,11.0,20.0,,,,,,1.0,2.0,NT,3.0,0.0,,,,,,,,,,,,,0,3,,unit1 stopped traffic signal unit2 struck unit1 rear . unit2 stated hydro planed due conditions wet .,O,"[0.9999998807907104, 9.006410550682631e-08, 1.7246112093971533e-08]",O,"[0.9644665718078613, 0.03431692719459534, 0.0012165571097284555]",O,"[0.99951171875, 0.0003314018249511719, 5.900859832763672e-06]"